id_frequencia,id_aluno,competencia,percentual_frequencia
FREQ00000001,ALU00001,2026-01-01,89.02
FREQ00000002,ALU00001,2026-02-01,94.28
FREQ00000003,ALU00001,2026-03-01,92.14
FREQ00000004,ALU00001,2026-04-01,91.22
FREQ00000005,ALU00001,2026-05-01,97.19
FREQ00000006,ALU00001,2026-06-01,95.3
FREQ00000007,ALU00001,2026-07-01,97.23
FREQ00000008,ALU00001,2026-08-01,89.27
FREQ00000009,ALU00001,2026-09-01,90.21
FREQ00000010,ALU00001,2026-10-01,91.2
FREQ00000011,ALU00001,2026-11-01,93.7
FREQ00000012,ALU00001,2026-12-01,92.45
FREQ00000013,ALU00002,2026-01-01,94.06
FREQ00000014,ALU00002,2026-02-01,98.05
FREQ00000015,ALU00002,2026-03-01,95.56
FREQ00000016,ALU00002,2026-04-01,89.98
FREQ00000017,ALU00002,2026-05-01,90.13
FREQ00000018,ALU00002,2026-06-01,87.11
FREQ00000019,ALU00002,2026-07-01,93.25
FREQ00000020,ALU00002,2026-08-01,96.25
FREQ00000021,ALU00002,2026-09-01,87.29
FREQ00000022,ALU00002,2026-10-01,94.12
FREQ00000023,ALU00002,2026-11-01,88.05
FREQ00000024,ALU00002,2026-12-01,92.24
FREQ00000025,ALU00003,2026-01-01,91.63
FREQ00000026,ALU00003,2026-02-01,98.88
FREQ00000027,ALU00003,2026-03-01,95.55
FREQ00000028,ALU00003,2026-04-01,87.96
FREQ00000029,ALU00003,2026-05-01,92.74
FREQ00000030,ALU00003,2026-06-01,88.27
FREQ00000031,ALU00003,2026-07-01,95.71
FREQ00000032,ALU00003,2026-08-01,87.05
FREQ00000033,ALU00003,2026-09-01,92.04
FREQ00000034,ALU00003,2026-10-01,91.09
FREQ00000035,ALU00003,2026-11-01,93.11
FREQ00000036,ALU00003,2026-12-01,88.3
FREQ00000037,ALU00004,2026-01-01,90.47
FREQ00000038,ALU00004,2026-02-01,95.18
FREQ00000039,ALU00004,2026-03-01,93.83
FREQ00000040,ALU00004,2026-04-01,93.53
FREQ00000041,ALU00004,2026-05-01,91.22
FREQ00000042,ALU00004,2026-06-01,89.88
FREQ00000043,ALU00004,2026-07-01,93.18
FREQ00000044,ALU00004,2026-08-01,98.7
FREQ00000045,ALU00004,2026-09-01,96.8
FREQ00000046,ALU00004,2026-10-01,94.68
FREQ00000047,ALU00004,2026-11-01,89.41
FREQ00000048,ALU00004,2026-12-01,94.79
FREQ00000049,ALU00005,2026-01-01,97.01
FREQ00000050,ALU00005,2026-02-01,91.65
FREQ00000051,ALU00005,2026-03-01,90.14
FREQ00000052,ALU00005,2026-04-01,88.43
FREQ00000053,ALU00005,2026-05-01,94.65
FREQ00000054,ALU00005,2026-06-01,90.03
FREQ00000055,ALU00005,2026-07-01,92.64
FREQ00000056,ALU00005,2026-08-01,94.35
FREQ00000057,ALU00005,2026-09-01,97.33
FREQ00000058,ALU00005,2026-10-01,95.95
FREQ00000059,ALU00005,2026-11-01,92.0
FREQ00000060,ALU00005,2026-12-01,97.32
FREQ00000061,ALU00006,2026-01-01,88.51
FREQ00000062,ALU00006,2026-02-01,96.26
FREQ00000063,ALU00006,2026-03-01,91.76
FREQ00000064,ALU00006,2026-04-01,94.05
FREQ00000065,ALU00006,2026-05-01,92.16
FREQ00000066,ALU00006,2026-06-01,92.41
FREQ00000067,ALU00006,2026-07-01,95.29
FREQ00000068,ALU00006,2026-08-01,92.24
FREQ00000069,ALU00006,2026-09-01,87.7
FREQ00000070,ALU00006,2026-10-01,97.6
FREQ00000071,ALU00006,2026-11-01,95.11
FREQ00000072,ALU00006,2026-12-01,94.09
FREQ00000073,ALU00007,2026-01-01,89.32
FREQ00000074,ALU00007,2026-02-01,91.13
FREQ00000075,ALU00007,2026-03-01,97.03
FREQ00000076,ALU00007,2026-04-01,88.64
FREQ00000077,ALU00007,2026-05-01,98.93
FREQ00000078,ALU00007,2026-06-01,98.3
FREQ00000079,ALU00007,2026-07-01,88.01
FREQ00000080,ALU00007,2026-08-01,92.32
FREQ00000081,ALU00007,2026-09-01,91.05
FREQ00000082,ALU00007,2026-10-01,92.66
FREQ00000083,ALU00007,2026-11-01,92.86
FREQ00000084,ALU00007,2026-12-01,93.76
FREQ00000085,ALU00008,2026-01-01,88.77
FREQ00000086,ALU00008,2026-02-01,91.06
FREQ00000087,ALU00008,2026-03-01,98.8
FREQ00000088,ALU00008,2026-04-01,96.17
FREQ00000089,ALU00008,2026-05-01,90.03
FREQ00000090,ALU00008,2026-06-01,89.62
FREQ00000091,ALU00008,2026-07-01,96.96
FREQ00000092,ALU00008,2026-08-01,95.68
FREQ00000093,ALU00008,2026-09-01,98.56
FREQ00000094,ALU00008,2026-10-01,92.06
FREQ00000095,ALU00008,2026-11-01,90.72
FREQ00000096,ALU00008,2026-12-01,95.06
FREQ00000097,ALU00009,2026-01-01,92.14
FREQ00000098,ALU00009,2026-02-01,97.4
FREQ00000099,ALU00009,2026-03-01,91.85
FREQ00000100,ALU00009,2026-04-01,88.93
FREQ00000101,ALU00009,2026-05-01,88.29
FREQ00000102,ALU00009,2026-06-01,89.0
FREQ00000103,ALU00009,2026-07-01,90.6
FREQ00000104,ALU00009,2026-08-01,97.93
FREQ00000105,ALU00009,2026-09-01,88.61
FREQ00000106,ALU00009,2026-10-01,92.51
FREQ00000107,ALU00009,2026-11-01,92.6
FREQ00000108,ALU00009,2026-12-01,91.33
FREQ00000109,ALU00010,2026-01-01,92.74
FREQ00000110,ALU00010,2026-02-01,92.32
FREQ00000111,ALU00010,2026-03-01,88.22
FREQ00000112,ALU00010,2026-04-01,95.31
FREQ00000113,ALU00010,2026-05-01,93.57
FREQ00000114,ALU00010,2026-06-01,96.52
FREQ00000115,ALU00010,2026-07-01,88.46
FREQ00000116,ALU00010,2026-08-01,93.29
FREQ00000117,ALU00010,2026-09-01,88.43
FREQ00000118,ALU00010,2026-10-01,95.73
FREQ00000119,ALU00010,2026-11-01,95.36
FREQ00000120,ALU00010,2026-12-01,87.3
FREQ00000121,ALU00011,2026-01-01,91.28
FREQ00000122,ALU00011,2026-02-01,89.21
FREQ00000123,ALU00011,2026-03-01,91.67
FREQ00000124,ALU00011,2026-04-01,94.48
FREQ00000125,ALU00011,2026-05-01,93.34
FREQ00000126,ALU00011,2026-06-01,97.68
FREQ00000127,ALU00011,2026-07-01,96.65
FREQ00000128,ALU00011,2026-08-01,93.64
FREQ00000129,ALU00011,2026-09-01,94.54
FREQ00000130,ALU00011,2026-10-01,92.17
FREQ00000131,ALU00011,2026-11-01,94.93
FREQ00000132,ALU00011,2026-12-01,95.74
FREQ00000133,ALU00012,2026-01-01,87.15
FREQ00000134,ALU00012,2026-02-01,90.0
FREQ00000135,ALU00012,2026-03-01,92.93
FREQ00000136,ALU00012,2026-04-01,88.49
FREQ00000137,ALU00012,2026-05-01,91.24
FREQ00000138,ALU00012,2026-06-01,92.62
FREQ00000139,ALU00012,2026-07-01,98.98
FREQ00000140,ALU00012,2026-08-01,94.94
FREQ00000141,ALU00012,2026-09-01,98.18
FREQ00000142,ALU00012,2026-10-01,95.34
FREQ00000143,ALU00012,2026-11-01,90.88
FREQ00000144,ALU00012,2026-12-01,95.78
FREQ00000145,ALU00013,2026-01-01,93.28
FREQ00000146,ALU00013,2026-02-01,98.97
FREQ00000147,ALU00013,2026-03-01,96.69
FREQ00000148,ALU00013,2026-04-01,96.73
FREQ00000149,ALU00013,2026-05-01,92.02
FREQ00000150,ALU00013,2026-06-01,97.97
FREQ00000151,ALU00013,2026-07-01,91.96
FREQ00000152,ALU00013,2026-08-01,90.94
FREQ00000153,ALU00013,2026-09-01,98.76
FREQ00000154,ALU00013,2026-10-01,97.07
FREQ00000155,ALU00013,2026-11-01,98.22
FREQ00000156,ALU00013,2026-12-01,90.33
FREQ00000157,ALU00014,2026-01-01,95.61
FREQ00000158,ALU00014,2026-02-01,95.0
FREQ00000159,ALU00014,2026-03-01,96.58
FREQ00000160,ALU00014,2026-04-01,95.15
FREQ00000161,ALU00014,2026-05-01,92.56
FREQ00000162,ALU00014,2026-06-01,93.63
FREQ00000163,ALU00014,2026-07-01,97.98
FREQ00000164,ALU00014,2026-08-01,89.88
FREQ00000165,ALU00014,2026-09-01,97.02
FREQ00000166,ALU00014,2026-10-01,98.97
FREQ00000167,ALU00014,2026-11-01,91.76
FREQ00000168,ALU00014,2026-12-01,88.59
FREQ00000169,ALU00015,2026-01-01,88.52
FREQ00000170,ALU00015,2026-02-01,89.59
FREQ00000171,ALU00015,2026-03-01,89.26
FREQ00000172,ALU00015,2026-04-01,96.99
FREQ00000173,ALU00015,2026-05-01,91.67
FREQ00000174,ALU00015,2026-06-01,93.68
FREQ00000175,ALU00015,2026-07-01,93.62
FREQ00000176,ALU00015,2026-08-01,92.43
FREQ00000177,ALU00015,2026-09-01,98.57
FREQ00000178,ALU00015,2026-10-01,94.93
FREQ00000179,ALU00015,2026-11-01,95.07
FREQ00000180,ALU00015,2026-12-01,93.79
FREQ00000181,ALU00016,2026-01-01,90.58
FREQ00000182,ALU00016,2026-02-01,94.96
FREQ00000183,ALU00016,2026-03-01,95.68
FREQ00000184,ALU00016,2026-04-01,88.91
FREQ00000185,ALU00016,2026-05-01,93.44
FREQ00000186,ALU00016,2026-06-01,90.11
FREQ00000187,ALU00016,2026-07-01,95.47
FREQ00000188,ALU00016,2026-08-01,94.02
FREQ00000189,ALU00016,2026-09-01,97.43
FREQ00000190,ALU00016,2026-10-01,97.93
FREQ00000191,ALU00016,2026-11-01,96.23
FREQ00000192,ALU00016,2026-12-01,92.99
FREQ00000193,ALU00017,2026-01-01,92.96
FREQ00000194,ALU00017,2026-02-01,92.96
FREQ00000195,ALU00017,2026-03-01,96.26
FREQ00000196,ALU00017,2026-04-01,91.15
FREQ00000197,ALU00017,2026-05-01,98.32
FREQ00000198,ALU00017,2026-06-01,97.25
FREQ00000199,ALU00017,2026-07-01,94.23
FREQ00000200,ALU00017,2026-08-01,95.01
FREQ00000201,ALU00017,2026-09-01,94.15
FREQ00000202,ALU00017,2026-10-01,97.52
FREQ00000203,ALU00017,2026-11-01,96.61
FREQ00000204,ALU00017,2026-12-01,90.9
FREQ00000205,ALU00018,2026-01-01,94.24
FREQ00000206,ALU00018,2026-02-01,96.1
FREQ00000207,ALU00018,2026-03-01,95.87
FREQ00000208,ALU00018,2026-04-01,93.06
FREQ00000209,ALU00018,2026-05-01,89.69
FREQ00000210,ALU00018,2026-06-01,89.43
FREQ00000211,ALU00018,2026-07-01,96.45
FREQ00000212,ALU00018,2026-08-01,91.58
FREQ00000213,ALU00018,2026-09-01,92.05
FREQ00000214,ALU00018,2026-10-01,95.72
FREQ00000215,ALU00018,2026-11-01,87.95
FREQ00000216,ALU00018,2026-12-01,91.59
FREQ00000217,ALU00019,2026-01-01,95.46
FREQ00000218,ALU00019,2026-02-01,94.86
FREQ00000219,ALU00019,2026-03-01,98.46
FREQ00000220,ALU00019,2026-04-01,90.23
FREQ00000221,ALU00019,2026-05-01,91.1
FREQ00000222,ALU00019,2026-06-01,88.74
FREQ00000223,ALU00019,2026-07-01,91.36
FREQ00000224,ALU00019,2026-08-01,95.71
FREQ00000225,ALU00019,2026-09-01,95.44
FREQ00000226,ALU00019,2026-10-01,90.86
FREQ00000227,ALU00019,2026-11-01,98.9
FREQ00000228,ALU00019,2026-12-01,94.66
FREQ00000229,ALU00020,2026-01-01,90.0
FREQ00000230,ALU00020,2026-02-01,94.48
FREQ00000231,ALU00020,2026-03-01,97.23
FREQ00000232,ALU00020,2026-04-01,96.78
FREQ00000233,ALU00020,2026-05-01,89.36
FREQ00000234,ALU00020,2026-06-01,97.25
FREQ00000235,ALU00020,2026-07-01,91.49
FREQ00000236,ALU00020,2026-08-01,90.02
FREQ00000237,ALU00020,2026-09-01,94.19
FREQ00000238,ALU00020,2026-10-01,93.51
FREQ00000239,ALU00020,2026-11-01,95.06
FREQ00000240,ALU00020,2026-12-01,97.94
FREQ00000241,ALU00021,2026-01-01,88.39
FREQ00000242,ALU00021,2026-02-01,87.82
FREQ00000243,ALU00021,2026-03-01,89.75
FREQ00000244,ALU00021,2026-04-01,91.24
FREQ00000245,ALU00021,2026-05-01,92.81
FREQ00000246,ALU00021,2026-06-01,92.7
FREQ00000247,ALU00021,2026-07-01,88.6
FREQ00000248,ALU00021,2026-08-01,93.59
FREQ00000249,ALU00021,2026-09-01,90.53
FREQ00000250,ALU00021,2026-10-01,89.61
FREQ00000251,ALU00021,2026-11-01,91.84
FREQ00000252,ALU00021,2026-12-01,91.13
FREQ00000253,ALU00022,2026-01-01,98.84
FREQ00000254,ALU00022,2026-02-01,94.76
FREQ00000255,ALU00022,2026-03-01,98.59
FREQ00000256,ALU00022,2026-04-01,93.04
FREQ00000257,ALU00022,2026-05-01,88.6
FREQ00000258,ALU00022,2026-06-01,90.14
FREQ00000259,ALU00022,2026-07-01,96.45
FREQ00000260,ALU00022,2026-08-01,96.61
FREQ00000261,ALU00022,2026-09-01,95.19
FREQ00000262,ALU00022,2026-10-01,89.78
FREQ00000263,ALU00022,2026-11-01,95.77
FREQ00000264,ALU00022,2026-12-01,93.54
FREQ00000265,ALU00023,2026-01-01,92.12
FREQ00000266,ALU00023,2026-02-01,94.78
FREQ00000267,ALU00023,2026-03-01,94.15
FREQ00000268,ALU00023,2026-04-01,90.51
FREQ00000269,ALU00023,2026-05-01,93.46
FREQ00000270,ALU00023,2026-06-01,94.62
FREQ00000271,ALU00023,2026-07-01,94.75
FREQ00000272,ALU00023,2026-08-01,89.48
FREQ00000273,ALU00023,2026-09-01,87.07
FREQ00000274,ALU00023,2026-10-01,90.83
FREQ00000275,ALU00023,2026-11-01,87.69
FREQ00000276,ALU00023,2026-12-01,90.09
FREQ00000277,ALU00024,2026-01-01,90.06
FREQ00000278,ALU00024,2026-02-01,94.26
FREQ00000279,ALU00024,2026-03-01,93.86
FREQ00000280,ALU00024,2026-04-01,98.84
FREQ00000281,ALU00024,2026-05-01,90.93
FREQ00000282,ALU00024,2026-06-01,97.07
FREQ00000283,ALU00024,2026-07-01,95.3
FREQ00000284,ALU00024,2026-08-01,93.69
FREQ00000285,ALU00024,2026-09-01,87.07
FREQ00000286,ALU00024,2026-10-01,95.22
FREQ00000287,ALU00024,2026-11-01,87.32
FREQ00000288,ALU00024,2026-12-01,98.45
FREQ00000289,ALU00025,2026-01-01,87.92
FREQ00000290,ALU00025,2026-02-01,97.76
FREQ00000291,ALU00025,2026-03-01,97.68
FREQ00000292,ALU00025,2026-04-01,87.57
FREQ00000293,ALU00025,2026-05-01,92.29
FREQ00000294,ALU00025,2026-06-01,88.5
FREQ00000295,ALU00025,2026-07-01,96.31
FREQ00000296,ALU00025,2026-08-01,88.79
FREQ00000297,ALU00025,2026-09-01,87.8
FREQ00000298,ALU00025,2026-10-01,97.38
FREQ00000299,ALU00025,2026-11-01,94.68
FREQ00000300,ALU00025,2026-12-01,88.42
FREQ00000301,ALU00026,2026-01-01,98.2
FREQ00000302,ALU00026,2026-02-01,98.26
FREQ00000303,ALU00026,2026-03-01,95.82
FREQ00000304,ALU00026,2026-04-01,87.89
FREQ00000305,ALU00026,2026-05-01,93.16
FREQ00000306,ALU00026,2026-06-01,89.54
FREQ00000307,ALU00026,2026-07-01,94.09
FREQ00000308,ALU00026,2026-08-01,87.62
FREQ00000309,ALU00026,2026-09-01,92.37
FREQ00000310,ALU00026,2026-10-01,93.91
FREQ00000311,ALU00026,2026-11-01,93.1
FREQ00000312,ALU00026,2026-12-01,91.59
FREQ00000313,ALU00027,2026-01-01,89.0
FREQ00000314,ALU00027,2026-02-01,96.28
FREQ00000315,ALU00027,2026-03-01,96.29
FREQ00000316,ALU00027,2026-04-01,89.97
FREQ00000317,ALU00027,2026-05-01,94.65
FREQ00000318,ALU00027,2026-06-01,88.4
FREQ00000319,ALU00027,2026-07-01,87.22
FREQ00000320,ALU00027,2026-08-01,96.8
FREQ00000321,ALU00027,2026-09-01,92.52
FREQ00000322,ALU00027,2026-10-01,96.05
FREQ00000323,ALU00027,2026-11-01,96.56
FREQ00000324,ALU00027,2026-12-01,95.31
FREQ00000325,ALU00028,2026-01-01,88.82
FREQ00000326,ALU00028,2026-02-01,97.16
FREQ00000327,ALU00028,2026-03-01,90.37
FREQ00000328,ALU00028,2026-04-01,97.73
FREQ00000329,ALU00028,2026-05-01,87.07
FREQ00000330,ALU00028,2026-06-01,97.42
FREQ00000331,ALU00028,2026-07-01,89.57
FREQ00000332,ALU00028,2026-08-01,92.59
FREQ00000333,ALU00028,2026-09-01,91.93
FREQ00000334,ALU00028,2026-10-01,96.82
FREQ00000335,ALU00028,2026-11-01,89.6
FREQ00000336,ALU00028,2026-12-01,97.55
FREQ00000337,ALU00029,2026-01-01,92.25
FREQ00000338,ALU00029,2026-02-01,87.05
FREQ00000339,ALU00029,2026-03-01,95.7
FREQ00000340,ALU00029,2026-04-01,94.47
FREQ00000341,ALU00029,2026-05-01,92.78
FREQ00000342,ALU00029,2026-06-01,95.35
FREQ00000343,ALU00029,2026-07-01,98.87
FREQ00000344,ALU00029,2026-08-01,98.66
FREQ00000345,ALU00029,2026-09-01,93.84
FREQ00000346,ALU00029,2026-10-01,96.79
FREQ00000347,ALU00029,2026-11-01,97.44
FREQ00000348,ALU00029,2026-12-01,90.02
FREQ00000349,ALU00030,2026-01-01,93.45
FREQ00000350,ALU00030,2026-02-01,98.09
FREQ00000351,ALU00030,2026-03-01,93.92
FREQ00000352,ALU00030,2026-04-01,93.87
FREQ00000353,ALU00030,2026-05-01,92.67
FREQ00000354,ALU00030,2026-06-01,97.5
FREQ00000355,ALU00030,2026-07-01,93.62
FREQ00000356,ALU00030,2026-08-01,96.04
FREQ00000357,ALU00030,2026-09-01,87.91
FREQ00000358,ALU00030,2026-10-01,91.39
FREQ00000359,ALU00030,2026-11-01,98.61
FREQ00000360,ALU00030,2026-12-01,93.8
FREQ00000361,ALU00031,2026-01-01,94.94
FREQ00000362,ALU00031,2026-02-01,94.22
FREQ00000363,ALU00031,2026-03-01,98.72
FREQ00000364,ALU00031,2026-04-01,96.8
FREQ00000365,ALU00031,2026-05-01,96.95
FREQ00000366,ALU00031,2026-06-01,91.78
FREQ00000367,ALU00031,2026-07-01,90.27
FREQ00000368,ALU00031,2026-08-01,87.08
FREQ00000369,ALU00031,2026-09-01,92.0
FREQ00000370,ALU00031,2026-10-01,93.29
FREQ00000371,ALU00031,2026-11-01,91.11
FREQ00000372,ALU00031,2026-12-01,87.78
FREQ00000373,ALU00032,2026-01-01,88.85
FREQ00000374,ALU00032,2026-02-01,97.36
FREQ00000375,ALU00032,2026-03-01,88.39
FREQ00000376,ALU00032,2026-04-01,91.66
FREQ00000377,ALU00032,2026-05-01,97.04
FREQ00000378,ALU00032,2026-06-01,92.54
FREQ00000379,ALU00032,2026-07-01,97.46
FREQ00000380,ALU00032,2026-08-01,91.23
FREQ00000381,ALU00032,2026-09-01,97.02
FREQ00000382,ALU00032,2026-10-01,88.66
FREQ00000383,ALU00032,2026-11-01,93.93
FREQ00000384,ALU00032,2026-12-01,88.59
FREQ00000385,ALU00033,2026-01-01,96.9
FREQ00000386,ALU00033,2026-02-01,95.33
FREQ00000387,ALU00033,2026-03-01,95.6
FREQ00000388,ALU00033,2026-04-01,92.83
FREQ00000389,ALU00033,2026-05-01,90.86
FREQ00000390,ALU00033,2026-06-01,91.46
FREQ00000391,ALU00033,2026-07-01,89.25
FREQ00000392,ALU00033,2026-08-01,95.14
FREQ00000393,ALU00033,2026-09-01,93.59
FREQ00000394,ALU00033,2026-10-01,98.83
FREQ00000395,ALU00033,2026-11-01,87.03
FREQ00000396,ALU00033,2026-12-01,95.2
FREQ00000397,ALU00034,2026-01-01,94.56
FREQ00000398,ALU00034,2026-02-01,98.81
FREQ00000399,ALU00034,2026-03-01,98.99
FREQ00000400,ALU00034,2026-04-01,87.76
FREQ00000401,ALU00034,2026-05-01,91.19
FREQ00000402,ALU00034,2026-06-01,90.08
FREQ00000403,ALU00034,2026-07-01,91.01
FREQ00000404,ALU00034,2026-08-01,94.09
FREQ00000405,ALU00034,2026-09-01,93.46
FREQ00000406,ALU00034,2026-10-01,91.38
FREQ00000407,ALU00034,2026-11-01,90.32
FREQ00000408,ALU00034,2026-12-01,92.38
FREQ00000409,ALU00035,2026-01-01,94.95
FREQ00000410,ALU00035,2026-02-01,96.39
FREQ00000411,ALU00035,2026-03-01,90.24
FREQ00000412,ALU00035,2026-04-01,91.65
FREQ00000413,ALU00035,2026-05-01,92.04
FREQ00000414,ALU00035,2026-06-01,98.59
FREQ00000415,ALU00035,2026-07-01,91.06
FREQ00000416,ALU00035,2026-08-01,97.19
FREQ00000417,ALU00035,2026-09-01,87.5
FREQ00000418,ALU00035,2026-10-01,97.54
FREQ00000419,ALU00035,2026-11-01,91.78
FREQ00000420,ALU00035,2026-12-01,98.21
FREQ00000421,ALU00036,2026-01-01,94.8
FREQ00000422,ALU00036,2026-02-01,92.18
FREQ00000423,ALU00036,2026-03-01,91.44
FREQ00000424,ALU00036,2026-04-01,98.55
FREQ00000425,ALU00036,2026-05-01,94.74
FREQ00000426,ALU00036,2026-06-01,88.86
FREQ00000427,ALU00036,2026-07-01,88.08
FREQ00000428,ALU00036,2026-08-01,94.41
FREQ00000429,ALU00036,2026-09-01,95.4
FREQ00000430,ALU00036,2026-10-01,97.98
FREQ00000431,ALU00036,2026-11-01,92.39
FREQ00000432,ALU00036,2026-12-01,91.2
FREQ00000433,ALU00037,2026-01-01,94.35
FREQ00000434,ALU00037,2026-02-01,91.45
FREQ00000435,ALU00037,2026-03-01,97.65
FREQ00000436,ALU00037,2026-04-01,88.03
FREQ00000437,ALU00037,2026-05-01,94.14
FREQ00000438,ALU00037,2026-06-01,90.39
FREQ00000439,ALU00037,2026-07-01,90.63
FREQ00000440,ALU00037,2026-08-01,98.01
FREQ00000441,ALU00037,2026-09-01,92.59
FREQ00000442,ALU00037,2026-10-01,88.16
FREQ00000443,ALU00037,2026-11-01,96.4
FREQ00000444,ALU00037,2026-12-01,93.64
FREQ00000445,ALU00038,2026-01-01,93.71
FREQ00000446,ALU00038,2026-02-01,95.82
FREQ00000447,ALU00038,2026-03-01,89.66
FREQ00000448,ALU00038,2026-04-01,89.41
FREQ00000449,ALU00038,2026-05-01,87.98
FREQ00000450,ALU00038,2026-06-01,94.99
FREQ00000451,ALU00038,2026-07-01,93.19
FREQ00000452,ALU00038,2026-08-01,91.08
FREQ00000453,ALU00038,2026-09-01,91.14
FREQ00000454,ALU00038,2026-10-01,88.87
FREQ00000455,ALU00038,2026-11-01,97.44
FREQ00000456,ALU00038,2026-12-01,91.9
FREQ00000457,ALU00039,2026-01-01,91.62
FREQ00000458,ALU00039,2026-02-01,88.71
FREQ00000459,ALU00039,2026-03-01,92.1
FREQ00000460,ALU00039,2026-04-01,89.33
FREQ00000461,ALU00039,2026-05-01,90.4
FREQ00000462,ALU00039,2026-06-01,93.16
FREQ00000463,ALU00039,2026-07-01,95.1
FREQ00000464,ALU00039,2026-08-01,87.96
FREQ00000465,ALU00039,2026-09-01,91.38
FREQ00000466,ALU00039,2026-10-01,88.99
FREQ00000467,ALU00039,2026-11-01,89.33
FREQ00000468,ALU00039,2026-12-01,87.96
FREQ00000469,ALU00040,2026-01-01,88.11
FREQ00000470,ALU00040,2026-02-01,89.6
FREQ00000471,ALU00040,2026-03-01,92.43
FREQ00000472,ALU00040,2026-04-01,95.72
FREQ00000473,ALU00040,2026-05-01,92.11
FREQ00000474,ALU00040,2026-06-01,97.73
FREQ00000475,ALU00040,2026-07-01,94.88
FREQ00000476,ALU00040,2026-08-01,98.28
FREQ00000477,ALU00040,2026-09-01,97.44
FREQ00000478,ALU00040,2026-10-01,93.35
FREQ00000479,ALU00040,2026-11-01,98.41
FREQ00000480,ALU00040,2026-12-01,93.47
FREQ00000481,ALU00041,2026-01-01,91.6
FREQ00000482,ALU00041,2026-02-01,88.69
FREQ00000483,ALU00041,2026-03-01,91.57
FREQ00000484,ALU00041,2026-04-01,98.27
FREQ00000485,ALU00041,2026-05-01,96.4
FREQ00000486,ALU00041,2026-06-01,91.11
FREQ00000487,ALU00041,2026-07-01,95.42
FREQ00000488,ALU00041,2026-08-01,89.57
FREQ00000489,ALU00041,2026-09-01,93.59
FREQ00000490,ALU00041,2026-10-01,97.05
FREQ00000491,ALU00041,2026-11-01,97.35
FREQ00000492,ALU00041,2026-12-01,96.32
FREQ00000493,ALU00042,2026-01-01,98.97
FREQ00000494,ALU00042,2026-02-01,98.66
FREQ00000495,ALU00042,2026-03-01,91.02
FREQ00000496,ALU00042,2026-04-01,96.02
FREQ00000497,ALU00042,2026-05-01,91.19
FREQ00000498,ALU00042,2026-06-01,87.86
FREQ00000499,ALU00042,2026-07-01,93.57
FREQ00000500,ALU00042,2026-08-01,87.58
FREQ00000501,ALU00042,2026-09-01,96.81
FREQ00000502,ALU00042,2026-10-01,89.03
FREQ00000503,ALU00042,2026-11-01,87.11
FREQ00000504,ALU00042,2026-12-01,91.22
FREQ00000505,ALU00043,2026-01-01,96.99
FREQ00000506,ALU00043,2026-02-01,93.42
FREQ00000507,ALU00043,2026-03-01,91.29
FREQ00000508,ALU00043,2026-04-01,89.35
FREQ00000509,ALU00043,2026-05-01,97.39
FREQ00000510,ALU00043,2026-06-01,93.68
FREQ00000511,ALU00043,2026-07-01,88.95
FREQ00000512,ALU00043,2026-08-01,90.39
FREQ00000513,ALU00043,2026-09-01,98.82
FREQ00000514,ALU00043,2026-10-01,90.71
FREQ00000515,ALU00043,2026-11-01,89.58
FREQ00000516,ALU00043,2026-12-01,95.22
FREQ00000517,ALU00044,2026-01-01,87.04
FREQ00000518,ALU00044,2026-02-01,98.53
FREQ00000519,ALU00044,2026-03-01,90.47
FREQ00000520,ALU00044,2026-04-01,97.69
FREQ00000521,ALU00044,2026-05-01,91.99
FREQ00000522,ALU00044,2026-06-01,97.07
FREQ00000523,ALU00044,2026-07-01,97.3
FREQ00000524,ALU00044,2026-08-01,95.78
FREQ00000525,ALU00044,2026-09-01,89.52
FREQ00000526,ALU00044,2026-10-01,92.21
FREQ00000527,ALU00044,2026-11-01,91.93
FREQ00000528,ALU00044,2026-12-01,98.13
FREQ00000529,ALU00045,2026-01-01,90.52
FREQ00000530,ALU00045,2026-02-01,93.59
FREQ00000531,ALU00045,2026-03-01,91.62
FREQ00000532,ALU00045,2026-04-01,95.14
FREQ00000533,ALU00045,2026-05-01,96.65
FREQ00000534,ALU00045,2026-06-01,89.69
FREQ00000535,ALU00045,2026-07-01,88.86
FREQ00000536,ALU00045,2026-08-01,91.8
FREQ00000537,ALU00045,2026-09-01,94.08
FREQ00000538,ALU00045,2026-10-01,88.16
FREQ00000539,ALU00045,2026-11-01,88.12
FREQ00000540,ALU00045,2026-12-01,94.76
FREQ00000541,ALU00046,2026-01-01,93.82
FREQ00000542,ALU00046,2026-02-01,98.4
FREQ00000543,ALU00046,2026-03-01,96.61
FREQ00000544,ALU00046,2026-04-01,90.55
FREQ00000545,ALU00046,2026-05-01,95.88
FREQ00000546,ALU00046,2026-06-01,98.18
FREQ00000547,ALU00046,2026-07-01,96.27
FREQ00000548,ALU00046,2026-08-01,96.48
FREQ00000549,ALU00046,2026-09-01,95.19
FREQ00000550,ALU00046,2026-10-01,95.75
FREQ00000551,ALU00046,2026-11-01,89.71
FREQ00000552,ALU00046,2026-12-01,98.39
FREQ00000553,ALU00047,2026-01-01,90.34
FREQ00000554,ALU00047,2026-02-01,91.48
FREQ00000555,ALU00047,2026-03-01,87.39
FREQ00000556,ALU00047,2026-04-01,98.7
FREQ00000557,ALU00047,2026-05-01,93.61
FREQ00000558,ALU00047,2026-06-01,98.62
FREQ00000559,ALU00047,2026-07-01,96.22
FREQ00000560,ALU00047,2026-08-01,97.76
FREQ00000561,ALU00047,2026-09-01,98.22
FREQ00000562,ALU00047,2026-10-01,90.25
FREQ00000563,ALU00047,2026-11-01,98.32
FREQ00000564,ALU00047,2026-12-01,93.68
FREQ00000565,ALU00048,2026-01-01,89.0
FREQ00000566,ALU00048,2026-02-01,91.56
FREQ00000567,ALU00048,2026-03-01,95.18
FREQ00000568,ALU00048,2026-04-01,89.74
FREQ00000569,ALU00048,2026-05-01,91.52
FREQ00000570,ALU00048,2026-06-01,87.75
FREQ00000571,ALU00048,2026-07-01,92.07
FREQ00000572,ALU00048,2026-08-01,88.96
FREQ00000573,ALU00048,2026-09-01,89.09
FREQ00000574,ALU00048,2026-10-01,93.93
FREQ00000575,ALU00048,2026-11-01,91.5
FREQ00000576,ALU00048,2026-12-01,91.77
FREQ00000577,ALU00049,2026-01-01,98.19
FREQ00000578,ALU00049,2026-02-01,92.46
FREQ00000579,ALU00049,2026-03-01,89.25
FREQ00000580,ALU00049,2026-04-01,91.66
FREQ00000581,ALU00049,2026-05-01,98.61
FREQ00000582,ALU00049,2026-06-01,95.19
FREQ00000583,ALU00049,2026-07-01,87.01
FREQ00000584,ALU00049,2026-08-01,91.46
FREQ00000585,ALU00049,2026-09-01,89.68
FREQ00000586,ALU00049,2026-10-01,90.33
FREQ00000587,ALU00049,2026-11-01,90.57
FREQ00000588,ALU00049,2026-12-01,96.69
FREQ00000589,ALU00050,2026-01-01,88.06
FREQ00000590,ALU00050,2026-02-01,87.5
FREQ00000591,ALU00050,2026-03-01,90.16
FREQ00000592,ALU00050,2026-04-01,92.84
FREQ00000593,ALU00050,2026-05-01,95.53
FREQ00000594,ALU00050,2026-06-01,92.05
FREQ00000595,ALU00050,2026-07-01,98.87
FREQ00000596,ALU00050,2026-08-01,89.76
FREQ00000597,ALU00050,2026-09-01,88.76
FREQ00000598,ALU00050,2026-10-01,88.21
FREQ00000599,ALU00050,2026-11-01,87.53
FREQ00000600,ALU00050,2026-12-01,94.31
FREQ00000601,ALU00051,2026-01-01,97.42
FREQ00000602,ALU00051,2026-02-01,91.19
FREQ00000603,ALU00051,2026-03-01,91.93
FREQ00000604,ALU00051,2026-04-01,88.22
FREQ00000605,ALU00051,2026-05-01,92.59
FREQ00000606,ALU00051,2026-06-01,92.12
FREQ00000607,ALU00051,2026-07-01,89.41
FREQ00000608,ALU00051,2026-08-01,92.05
FREQ00000609,ALU00051,2026-09-01,92.54
FREQ00000610,ALU00051,2026-10-01,97.36
FREQ00000611,ALU00051,2026-11-01,90.37
FREQ00000612,ALU00051,2026-12-01,92.99
FREQ00000613,ALU00052,2026-01-01,94.96
FREQ00000614,ALU00052,2026-02-01,90.12
FREQ00000615,ALU00052,2026-03-01,97.92
FREQ00000616,ALU00052,2026-04-01,95.08
FREQ00000617,ALU00052,2026-05-01,96.33
FREQ00000618,ALU00052,2026-06-01,93.18
FREQ00000619,ALU00052,2026-07-01,95.56
FREQ00000620,ALU00052,2026-08-01,94.41
FREQ00000621,ALU00052,2026-09-01,87.22
FREQ00000622,ALU00052,2026-10-01,96.81
FREQ00000623,ALU00052,2026-11-01,97.57
FREQ00000624,ALU00052,2026-12-01,97.24
FREQ00000625,ALU00053,2026-01-01,92.85
FREQ00000626,ALU00053,2026-02-01,89.78
FREQ00000627,ALU00053,2026-03-01,91.1
FREQ00000628,ALU00053,2026-04-01,98.3
FREQ00000629,ALU00053,2026-05-01,94.45
FREQ00000630,ALU00053,2026-06-01,89.79
FREQ00000631,ALU00053,2026-07-01,89.48
FREQ00000632,ALU00053,2026-08-01,88.17
FREQ00000633,ALU00053,2026-09-01,94.38
FREQ00000634,ALU00053,2026-10-01,92.66
FREQ00000635,ALU00053,2026-11-01,88.92
FREQ00000636,ALU00053,2026-12-01,94.52
FREQ00000637,ALU00054,2026-01-01,91.68
FREQ00000638,ALU00054,2026-02-01,97.22
FREQ00000639,ALU00054,2026-03-01,97.38
FREQ00000640,ALU00054,2026-04-01,97.98
FREQ00000641,ALU00054,2026-05-01,97.57
FREQ00000642,ALU00054,2026-06-01,92.36
FREQ00000643,ALU00054,2026-07-01,92.62
FREQ00000644,ALU00054,2026-08-01,91.82
FREQ00000645,ALU00054,2026-09-01,91.5
FREQ00000646,ALU00054,2026-10-01,96.14
FREQ00000647,ALU00054,2026-11-01,98.32
FREQ00000648,ALU00054,2026-12-01,90.05
FREQ00000649,ALU00055,2026-01-01,88.56
FREQ00000650,ALU00055,2026-02-01,93.53
FREQ00000651,ALU00055,2026-03-01,98.27
FREQ00000652,ALU00055,2026-04-01,93.78
FREQ00000653,ALU00055,2026-05-01,97.88
FREQ00000654,ALU00055,2026-06-01,95.07
FREQ00000655,ALU00055,2026-07-01,87.35
FREQ00000656,ALU00055,2026-08-01,90.19
FREQ00000657,ALU00055,2026-09-01,97.22
FREQ00000658,ALU00055,2026-10-01,90.15
FREQ00000659,ALU00055,2026-11-01,92.51
FREQ00000660,ALU00055,2026-12-01,95.79
FREQ00000661,ALU00056,2026-01-01,97.49
FREQ00000662,ALU00056,2026-02-01,92.17
FREQ00000663,ALU00056,2026-03-01,90.24
FREQ00000664,ALU00056,2026-04-01,90.8
FREQ00000665,ALU00056,2026-05-01,92.1
FREQ00000666,ALU00056,2026-06-01,95.2
FREQ00000667,ALU00056,2026-07-01,88.83
FREQ00000668,ALU00056,2026-08-01,93.12
FREQ00000669,ALU00056,2026-09-01,92.68
FREQ00000670,ALU00056,2026-10-01,97.56
FREQ00000671,ALU00056,2026-11-01,98.85
FREQ00000672,ALU00056,2026-12-01,98.13
FREQ00000673,ALU00057,2026-01-01,93.8
FREQ00000674,ALU00057,2026-02-01,92.46
FREQ00000675,ALU00057,2026-03-01,94.51
FREQ00000676,ALU00057,2026-04-01,91.38
FREQ00000677,ALU00057,2026-05-01,89.24
FREQ00000678,ALU00057,2026-06-01,98.7
FREQ00000679,ALU00057,2026-07-01,89.27
FREQ00000680,ALU00057,2026-08-01,92.93
FREQ00000681,ALU00057,2026-09-01,92.02
FREQ00000682,ALU00057,2026-10-01,93.36
FREQ00000683,ALU00057,2026-11-01,98.4
FREQ00000684,ALU00057,2026-12-01,90.6
FREQ00000685,ALU00058,2026-01-01,87.26
FREQ00000686,ALU00058,2026-02-01,88.49
FREQ00000687,ALU00058,2026-03-01,94.03
FREQ00000688,ALU00058,2026-04-01,88.32
FREQ00000689,ALU00058,2026-05-01,88.37
FREQ00000690,ALU00058,2026-06-01,92.72
FREQ00000691,ALU00058,2026-07-01,91.09
FREQ00000692,ALU00058,2026-08-01,92.91
FREQ00000693,ALU00058,2026-09-01,97.94
FREQ00000694,ALU00058,2026-10-01,90.1
FREQ00000695,ALU00058,2026-11-01,93.49
FREQ00000696,ALU00058,2026-12-01,98.79
FREQ00000697,ALU00059,2026-01-01,93.52
FREQ00000698,ALU00059,2026-02-01,90.89
FREQ00000699,ALU00059,2026-03-01,96.52
FREQ00000700,ALU00059,2026-04-01,88.25
FREQ00000701,ALU00059,2026-05-01,91.64
FREQ00000702,ALU00059,2026-06-01,88.37
FREQ00000703,ALU00059,2026-07-01,97.37
FREQ00000704,ALU00059,2026-08-01,89.94
FREQ00000705,ALU00059,2026-09-01,95.44
FREQ00000706,ALU00059,2026-10-01,89.89
FREQ00000707,ALU00059,2026-11-01,93.74
FREQ00000708,ALU00059,2026-12-01,89.32
FREQ00000709,ALU00060,2026-01-01,89.13
FREQ00000710,ALU00060,2026-02-01,90.24
FREQ00000711,ALU00060,2026-03-01,90.98
FREQ00000712,ALU00060,2026-04-01,97.74
FREQ00000713,ALU00060,2026-05-01,90.15
FREQ00000714,ALU00060,2026-06-01,90.55
FREQ00000715,ALU00060,2026-07-01,96.59
FREQ00000716,ALU00060,2026-08-01,89.51
FREQ00000717,ALU00060,2026-09-01,93.86
FREQ00000718,ALU00060,2026-10-01,89.62
FREQ00000719,ALU00060,2026-11-01,91.17
FREQ00000720,ALU00060,2026-12-01,93.44
FREQ00000721,ALU00061,2026-01-01,93.45
FREQ00000722,ALU00061,2026-02-01,87.03
FREQ00000723,ALU00061,2026-03-01,98.75
FREQ00000724,ALU00061,2026-04-01,98.94
FREQ00000725,ALU00061,2026-05-01,92.73
FREQ00000726,ALU00061,2026-06-01,95.61
FREQ00000727,ALU00061,2026-07-01,88.84
FREQ00000728,ALU00061,2026-08-01,88.02
FREQ00000729,ALU00061,2026-09-01,95.46
FREQ00000730,ALU00061,2026-10-01,87.15
FREQ00000731,ALU00061,2026-11-01,93.95
FREQ00000732,ALU00061,2026-12-01,98.92
FREQ00000733,ALU00062,2026-01-01,89.45
FREQ00000734,ALU00062,2026-02-01,98.72
FREQ00000735,ALU00062,2026-03-01,95.72
FREQ00000736,ALU00062,2026-04-01,88.42
FREQ00000737,ALU00062,2026-05-01,90.06
FREQ00000738,ALU00062,2026-06-01,89.7
FREQ00000739,ALU00062,2026-07-01,96.37
FREQ00000740,ALU00062,2026-08-01,92.6
FREQ00000741,ALU00062,2026-09-01,87.15
FREQ00000742,ALU00062,2026-10-01,95.87
FREQ00000743,ALU00062,2026-11-01,88.13
FREQ00000744,ALU00062,2026-12-01,98.81
FREQ00000745,ALU00063,2026-01-01,87.15
FREQ00000746,ALU00063,2026-02-01,91.54
FREQ00000747,ALU00063,2026-03-01,92.94
FREQ00000748,ALU00063,2026-04-01,96.24
FREQ00000749,ALU00063,2026-05-01,93.15
FREQ00000750,ALU00063,2026-06-01,89.72
FREQ00000751,ALU00063,2026-07-01,91.93
FREQ00000752,ALU00063,2026-08-01,89.76
FREQ00000753,ALU00063,2026-09-01,90.39
FREQ00000754,ALU00063,2026-10-01,92.6
FREQ00000755,ALU00063,2026-11-01,96.55
FREQ00000756,ALU00063,2026-12-01,90.0
FREQ00000757,ALU00064,2026-01-01,88.13
FREQ00000758,ALU00064,2026-02-01,89.43
FREQ00000759,ALU00064,2026-03-01,97.15
FREQ00000760,ALU00064,2026-04-01,89.19
FREQ00000761,ALU00064,2026-05-01,90.84
FREQ00000762,ALU00064,2026-06-01,93.79
FREQ00000763,ALU00064,2026-07-01,91.79
FREQ00000764,ALU00064,2026-08-01,98.95
FREQ00000765,ALU00064,2026-09-01,89.09
FREQ00000766,ALU00064,2026-10-01,97.52
FREQ00000767,ALU00064,2026-11-01,89.6
FREQ00000768,ALU00064,2026-12-01,91.64
FREQ00000769,ALU00065,2026-01-01,91.44
FREQ00000770,ALU00065,2026-02-01,93.32
FREQ00000771,ALU00065,2026-03-01,89.66
FREQ00000772,ALU00065,2026-04-01,96.55
FREQ00000773,ALU00065,2026-05-01,98.79
FREQ00000774,ALU00065,2026-06-01,91.75
FREQ00000775,ALU00065,2026-07-01,91.66
FREQ00000776,ALU00065,2026-08-01,92.65
FREQ00000777,ALU00065,2026-09-01,89.03
FREQ00000778,ALU00065,2026-10-01,98.46
FREQ00000779,ALU00065,2026-11-01,95.82
FREQ00000780,ALU00065,2026-12-01,94.38
FREQ00000781,ALU00066,2026-01-01,92.55
FREQ00000782,ALU00066,2026-02-01,90.17
FREQ00000783,ALU00066,2026-03-01,88.73
FREQ00000784,ALU00066,2026-04-01,88.77
FREQ00000785,ALU00066,2026-05-01,97.81
FREQ00000786,ALU00066,2026-06-01,95.65
FREQ00000787,ALU00066,2026-07-01,93.1
FREQ00000788,ALU00066,2026-08-01,97.52
FREQ00000789,ALU00066,2026-09-01,93.31
FREQ00000790,ALU00066,2026-10-01,92.53
FREQ00000791,ALU00066,2026-11-01,97.93
FREQ00000792,ALU00066,2026-12-01,98.69
FREQ00000793,ALU00067,2026-01-01,91.43
FREQ00000794,ALU00067,2026-02-01,88.77
FREQ00000795,ALU00067,2026-03-01,89.45
FREQ00000796,ALU00067,2026-04-01,87.21
FREQ00000797,ALU00067,2026-05-01,92.07
FREQ00000798,ALU00067,2026-06-01,88.18
FREQ00000799,ALU00067,2026-07-01,96.99
FREQ00000800,ALU00067,2026-08-01,98.16
FREQ00000801,ALU00067,2026-09-01,97.85
FREQ00000802,ALU00067,2026-10-01,95.45
FREQ00000803,ALU00067,2026-11-01,93.89
FREQ00000804,ALU00067,2026-12-01,94.68
FREQ00000805,ALU00068,2026-01-01,92.85
FREQ00000806,ALU00068,2026-02-01,90.76
FREQ00000807,ALU00068,2026-03-01,87.31
FREQ00000808,ALU00068,2026-04-01,91.23
FREQ00000809,ALU00068,2026-05-01,88.58
FREQ00000810,ALU00068,2026-06-01,93.46
FREQ00000811,ALU00068,2026-07-01,90.23
FREQ00000812,ALU00068,2026-08-01,97.84
FREQ00000813,ALU00068,2026-09-01,89.7
FREQ00000814,ALU00068,2026-10-01,98.61
FREQ00000815,ALU00068,2026-11-01,94.8
FREQ00000816,ALU00068,2026-12-01,89.24
FREQ00000817,ALU00069,2026-01-01,90.11
FREQ00000818,ALU00069,2026-02-01,88.3
FREQ00000819,ALU00069,2026-03-01,98.51
FREQ00000820,ALU00069,2026-04-01,93.5
FREQ00000821,ALU00069,2026-05-01,94.98
FREQ00000822,ALU00069,2026-06-01,93.45
FREQ00000823,ALU00069,2026-07-01,95.15
FREQ00000824,ALU00069,2026-08-01,91.89
FREQ00000825,ALU00069,2026-09-01,91.91
FREQ00000826,ALU00069,2026-10-01,87.28
FREQ00000827,ALU00069,2026-11-01,96.01
FREQ00000828,ALU00069,2026-12-01,94.12
FREQ00000829,ALU00070,2026-01-01,98.22
FREQ00000830,ALU00070,2026-02-01,90.39
FREQ00000831,ALU00070,2026-03-01,96.21
FREQ00000832,ALU00070,2026-04-01,96.56
FREQ00000833,ALU00070,2026-05-01,94.06
FREQ00000834,ALU00070,2026-06-01,96.12
FREQ00000835,ALU00070,2026-07-01,98.72
FREQ00000836,ALU00070,2026-08-01,95.0
FREQ00000837,ALU00070,2026-09-01,97.47
FREQ00000838,ALU00070,2026-10-01,93.63
FREQ00000839,ALU00070,2026-11-01,98.87
FREQ00000840,ALU00070,2026-12-01,89.39
FREQ00000841,ALU00071,2026-01-01,89.02
FREQ00000842,ALU00071,2026-02-01,98.14
FREQ00000843,ALU00071,2026-03-01,95.84
FREQ00000844,ALU00071,2026-04-01,94.57
FREQ00000845,ALU00071,2026-05-01,93.49
FREQ00000846,ALU00071,2026-06-01,93.74
FREQ00000847,ALU00071,2026-07-01,91.14
FREQ00000848,ALU00071,2026-08-01,96.01
FREQ00000849,ALU00071,2026-09-01,93.33
FREQ00000850,ALU00071,2026-10-01,90.07
FREQ00000851,ALU00071,2026-11-01,93.73
FREQ00000852,ALU00071,2026-12-01,98.52
FREQ00000853,ALU00072,2026-01-01,97.03
FREQ00000854,ALU00072,2026-02-01,88.46
FREQ00000855,ALU00072,2026-03-01,92.83
FREQ00000856,ALU00072,2026-04-01,96.56
FREQ00000857,ALU00072,2026-05-01,98.16
FREQ00000858,ALU00072,2026-06-01,96.83
FREQ00000859,ALU00072,2026-07-01,95.36
FREQ00000860,ALU00072,2026-08-01,92.08
FREQ00000861,ALU00072,2026-09-01,93.97
FREQ00000862,ALU00072,2026-10-01,90.38
FREQ00000863,ALU00072,2026-11-01,90.82
FREQ00000864,ALU00072,2026-12-01,96.93
FREQ00000865,ALU00073,2026-01-01,91.57
FREQ00000866,ALU00073,2026-02-01,87.59
FREQ00000867,ALU00073,2026-03-01,87.23
FREQ00000868,ALU00073,2026-04-01,90.56
FREQ00000869,ALU00073,2026-05-01,91.13
FREQ00000870,ALU00073,2026-06-01,88.56
FREQ00000871,ALU00073,2026-07-01,92.42
FREQ00000872,ALU00073,2026-08-01,87.36
FREQ00000873,ALU00073,2026-09-01,94.19
FREQ00000874,ALU00073,2026-10-01,91.49
FREQ00000875,ALU00073,2026-11-01,97.81
FREQ00000876,ALU00073,2026-12-01,95.76
FREQ00000877,ALU00074,2026-01-01,91.12
FREQ00000878,ALU00074,2026-02-01,89.39
FREQ00000879,ALU00074,2026-03-01,90.08
FREQ00000880,ALU00074,2026-04-01,88.48
FREQ00000881,ALU00074,2026-05-01,90.27
FREQ00000882,ALU00074,2026-06-01,98.08
FREQ00000883,ALU00074,2026-07-01,92.21
FREQ00000884,ALU00074,2026-08-01,89.07
FREQ00000885,ALU00074,2026-09-01,90.22
FREQ00000886,ALU00074,2026-10-01,93.48
FREQ00000887,ALU00074,2026-11-01,94.8
FREQ00000888,ALU00074,2026-12-01,90.46
FREQ00000889,ALU00075,2026-01-01,91.57
FREQ00000890,ALU00075,2026-02-01,94.32
FREQ00000891,ALU00075,2026-03-01,95.2
FREQ00000892,ALU00075,2026-04-01,98.35
FREQ00000893,ALU00075,2026-05-01,89.66
FREQ00000894,ALU00075,2026-06-01,98.0
FREQ00000895,ALU00075,2026-07-01,98.91
FREQ00000896,ALU00075,2026-08-01,94.55
FREQ00000897,ALU00075,2026-09-01,89.57
FREQ00000898,ALU00075,2026-10-01,88.42
FREQ00000899,ALU00075,2026-11-01,89.82
FREQ00000900,ALU00075,2026-12-01,93.02
FREQ00000901,ALU00076,2026-01-01,89.97
FREQ00000902,ALU00076,2026-02-01,87.43
FREQ00000903,ALU00076,2026-03-01,89.24
FREQ00000904,ALU00076,2026-04-01,87.57
FREQ00000905,ALU00076,2026-05-01,98.59
FREQ00000906,ALU00076,2026-06-01,92.84
FREQ00000907,ALU00076,2026-07-01,96.11
FREQ00000908,ALU00076,2026-08-01,97.6
FREQ00000909,ALU00076,2026-09-01,98.47
FREQ00000910,ALU00076,2026-10-01,97.91
FREQ00000911,ALU00076,2026-11-01,92.78
FREQ00000912,ALU00076,2026-12-01,94.24
FREQ00000913,ALU00077,2026-01-01,92.83
FREQ00000914,ALU00077,2026-02-01,89.45
FREQ00000915,ALU00077,2026-03-01,93.48
FREQ00000916,ALU00077,2026-04-01,94.29
FREQ00000917,ALU00077,2026-05-01,91.83
FREQ00000918,ALU00077,2026-06-01,97.94
FREQ00000919,ALU00077,2026-07-01,96.33
FREQ00000920,ALU00077,2026-08-01,96.08
FREQ00000921,ALU00077,2026-09-01,91.01
FREQ00000922,ALU00077,2026-10-01,96.55
FREQ00000923,ALU00077,2026-11-01,93.23
FREQ00000924,ALU00077,2026-12-01,87.44
FREQ00000925,ALU00078,2026-01-01,91.39
FREQ00000926,ALU00078,2026-02-01,90.71
FREQ00000927,ALU00078,2026-03-01,88.9
FREQ00000928,ALU00078,2026-04-01,94.07
FREQ00000929,ALU00078,2026-05-01,94.88
FREQ00000930,ALU00078,2026-06-01,94.0
FREQ00000931,ALU00078,2026-07-01,93.59
FREQ00000932,ALU00078,2026-08-01,93.4
FREQ00000933,ALU00078,2026-09-01,96.78
FREQ00000934,ALU00078,2026-10-01,88.43
FREQ00000935,ALU00078,2026-11-01,90.08
FREQ00000936,ALU00078,2026-12-01,92.82
FREQ00000937,ALU00079,2026-01-01,87.17
FREQ00000938,ALU00079,2026-02-01,92.35
FREQ00000939,ALU00079,2026-03-01,98.37
FREQ00000940,ALU00079,2026-04-01,95.08
FREQ00000941,ALU00079,2026-05-01,98.53
FREQ00000942,ALU00079,2026-06-01,95.25
FREQ00000943,ALU00079,2026-07-01,90.68
FREQ00000944,ALU00079,2026-08-01,88.83
FREQ00000945,ALU00079,2026-09-01,89.03
FREQ00000946,ALU00079,2026-10-01,98.33
FREQ00000947,ALU00079,2026-11-01,97.62
FREQ00000948,ALU00079,2026-12-01,94.01
FREQ00000949,ALU00080,2026-01-01,97.54
FREQ00000950,ALU00080,2026-02-01,89.12
FREQ00000951,ALU00080,2026-03-01,98.31
FREQ00000952,ALU00080,2026-04-01,92.08
FREQ00000953,ALU00080,2026-05-01,91.65
FREQ00000954,ALU00080,2026-06-01,89.99
FREQ00000955,ALU00080,2026-07-01,89.62
FREQ00000956,ALU00080,2026-08-01,96.82
FREQ00000957,ALU00080,2026-09-01,98.15
FREQ00000958,ALU00080,2026-10-01,87.98
FREQ00000959,ALU00080,2026-11-01,94.29
FREQ00000960,ALU00080,2026-12-01,89.25
FREQ00000961,ALU00081,2026-01-01,88.46
FREQ00000962,ALU00081,2026-02-01,95.77
FREQ00000963,ALU00081,2026-03-01,97.81
FREQ00000964,ALU00081,2026-04-01,90.28
FREQ00000965,ALU00081,2026-05-01,87.95
FREQ00000966,ALU00081,2026-06-01,92.22
FREQ00000967,ALU00081,2026-07-01,87.45
FREQ00000968,ALU00081,2026-08-01,98.1
FREQ00000969,ALU00081,2026-09-01,96.92
FREQ00000970,ALU00081,2026-10-01,96.3
FREQ00000971,ALU00081,2026-11-01,90.87
FREQ00000972,ALU00081,2026-12-01,88.75
FREQ00000973,ALU00082,2026-01-01,92.76
FREQ00000974,ALU00082,2026-02-01,98.91
FREQ00000975,ALU00082,2026-03-01,95.85
FREQ00000976,ALU00082,2026-04-01,89.96
FREQ00000977,ALU00082,2026-05-01,92.21
FREQ00000978,ALU00082,2026-06-01,94.04
FREQ00000979,ALU00082,2026-07-01,96.33
FREQ00000980,ALU00082,2026-08-01,92.69
FREQ00000981,ALU00082,2026-09-01,91.91
FREQ00000982,ALU00082,2026-10-01,89.52
FREQ00000983,ALU00082,2026-11-01,89.55
FREQ00000984,ALU00082,2026-12-01,98.36
FREQ00000985,ALU00083,2026-01-01,87.48
FREQ00000986,ALU00083,2026-02-01,95.92
FREQ00000987,ALU00083,2026-03-01,94.3
FREQ00000988,ALU00083,2026-04-01,92.0
FREQ00000989,ALU00083,2026-05-01,90.67
FREQ00000990,ALU00083,2026-06-01,90.35
FREQ00000991,ALU00083,2026-07-01,93.99
FREQ00000992,ALU00083,2026-08-01,87.74
FREQ00000993,ALU00083,2026-09-01,95.21
FREQ00000994,ALU00083,2026-10-01,92.22
FREQ00000995,ALU00083,2026-11-01,91.79
FREQ00000996,ALU00083,2026-12-01,89.52
FREQ00000997,ALU00084,2026-01-01,98.79
FREQ00000998,ALU00084,2026-02-01,87.89
FREQ00000999,ALU00084,2026-03-01,93.16
FREQ00001000,ALU00084,2026-04-01,91.7
FREQ00001001,ALU00084,2026-05-01,95.81
FREQ00001002,ALU00084,2026-06-01,98.3
FREQ00001003,ALU00084,2026-07-01,91.42
FREQ00001004,ALU00084,2026-08-01,88.35
FREQ00001005,ALU00084,2026-09-01,95.41
FREQ00001006,ALU00084,2026-10-01,94.44
FREQ00001007,ALU00084,2026-11-01,92.13
FREQ00001008,ALU00084,2026-12-01,97.2
FREQ00001009,ALU00085,2026-01-01,87.73
FREQ00001010,ALU00085,2026-02-01,89.03
FREQ00001011,ALU00085,2026-03-01,92.6
FREQ00001012,ALU00085,2026-04-01,88.99
FREQ00001013,ALU00085,2026-05-01,94.87
FREQ00001014,ALU00085,2026-06-01,94.84
FREQ00001015,ALU00085,2026-07-01,92.61
FREQ00001016,ALU00085,2026-08-01,93.05
FREQ00001017,ALU00085,2026-09-01,95.24
FREQ00001018,ALU00085,2026-10-01,94.82
FREQ00001019,ALU00085,2026-11-01,97.94
FREQ00001020,ALU00085,2026-12-01,98.44
FREQ00001021,ALU00086,2026-01-01,96.62
FREQ00001022,ALU00086,2026-02-01,89.63
FREQ00001023,ALU00086,2026-03-01,97.77
FREQ00001024,ALU00086,2026-04-01,94.31
FREQ00001025,ALU00086,2026-05-01,90.41
FREQ00001026,ALU00086,2026-06-01,90.26
FREQ00001027,ALU00086,2026-07-01,94.57
FREQ00001028,ALU00086,2026-08-01,90.47
FREQ00001029,ALU00086,2026-09-01,92.0
FREQ00001030,ALU00086,2026-10-01,91.92
FREQ00001031,ALU00086,2026-11-01,97.12
FREQ00001032,ALU00086,2026-12-01,89.82
FREQ00001033,ALU00087,2026-01-01,93.78
FREQ00001034,ALU00087,2026-02-01,89.78
FREQ00001035,ALU00087,2026-03-01,89.19
FREQ00001036,ALU00087,2026-04-01,90.63
FREQ00001037,ALU00087,2026-05-01,90.44
FREQ00001038,ALU00087,2026-06-01,91.82
FREQ00001039,ALU00087,2026-07-01,98.0
FREQ00001040,ALU00087,2026-08-01,96.62
FREQ00001041,ALU00087,2026-09-01,97.3
FREQ00001042,ALU00087,2026-10-01,97.55
FREQ00001043,ALU00087,2026-11-01,94.7
FREQ00001044,ALU00087,2026-12-01,89.58
FREQ00001045,ALU00088,2026-01-01,88.28
FREQ00001046,ALU00088,2026-02-01,98.74
FREQ00001047,ALU00088,2026-03-01,91.83
FREQ00001048,ALU00088,2026-04-01,97.03
FREQ00001049,ALU00088,2026-05-01,97.78
FREQ00001050,ALU00088,2026-06-01,90.43
FREQ00001051,ALU00088,2026-07-01,96.85
FREQ00001052,ALU00088,2026-08-01,87.49
FREQ00001053,ALU00088,2026-09-01,89.24
FREQ00001054,ALU00088,2026-10-01,90.05
FREQ00001055,ALU00088,2026-11-01,96.86
FREQ00001056,ALU00088,2026-12-01,88.13
FREQ00001057,ALU00089,2026-01-01,87.25
FREQ00001058,ALU00089,2026-02-01,87.75
FREQ00001059,ALU00089,2026-03-01,98.15
FREQ00001060,ALU00089,2026-04-01,91.26
FREQ00001061,ALU00089,2026-05-01,89.08
FREQ00001062,ALU00089,2026-06-01,97.61
FREQ00001063,ALU00089,2026-07-01,87.71
FREQ00001064,ALU00089,2026-08-01,92.72
FREQ00001065,ALU00089,2026-09-01,87.53
FREQ00001066,ALU00089,2026-10-01,92.85
FREQ00001067,ALU00089,2026-11-01,90.59
FREQ00001068,ALU00089,2026-12-01,87.45
FREQ00001069,ALU00090,2026-01-01,91.47
FREQ00001070,ALU00090,2026-02-01,92.22
FREQ00001071,ALU00090,2026-03-01,88.49
FREQ00001072,ALU00090,2026-04-01,88.44
FREQ00001073,ALU00090,2026-05-01,88.09
FREQ00001074,ALU00090,2026-06-01,92.82
FREQ00001075,ALU00090,2026-07-01,91.14
FREQ00001076,ALU00090,2026-08-01,88.9
FREQ00001077,ALU00090,2026-09-01,96.46
FREQ00001078,ALU00090,2026-10-01,98.18
FREQ00001079,ALU00090,2026-11-01,97.47
FREQ00001080,ALU00090,2026-12-01,88.21
FREQ00001081,ALU00091,2026-01-01,98.22
FREQ00001082,ALU00091,2026-02-01,87.91
FREQ00001083,ALU00091,2026-03-01,98.16
FREQ00001084,ALU00091,2026-04-01,95.76
FREQ00001085,ALU00091,2026-05-01,98.71
FREQ00001086,ALU00091,2026-06-01,97.74
FREQ00001087,ALU00091,2026-07-01,90.45
FREQ00001088,ALU00091,2026-08-01,92.13
FREQ00001089,ALU00091,2026-09-01,88.0
FREQ00001090,ALU00091,2026-10-01,92.9
FREQ00001091,ALU00091,2026-11-01,96.62
FREQ00001092,ALU00091,2026-12-01,94.44
FREQ00001093,ALU00092,2026-01-01,88.69
FREQ00001094,ALU00092,2026-02-01,89.15
FREQ00001095,ALU00092,2026-03-01,94.22
FREQ00001096,ALU00092,2026-04-01,94.49
FREQ00001097,ALU00092,2026-05-01,96.95
FREQ00001098,ALU00092,2026-06-01,89.25
FREQ00001099,ALU00092,2026-07-01,95.54
FREQ00001100,ALU00092,2026-08-01,94.99
FREQ00001101,ALU00092,2026-09-01,90.44
FREQ00001102,ALU00092,2026-10-01,89.08
FREQ00001103,ALU00092,2026-11-01,93.15
FREQ00001104,ALU00092,2026-12-01,90.1
FREQ00001105,ALU00093,2026-01-01,98.26
FREQ00001106,ALU00093,2026-02-01,95.83
FREQ00001107,ALU00093,2026-03-01,87.43
FREQ00001108,ALU00093,2026-04-01,89.43
FREQ00001109,ALU00093,2026-05-01,94.96
FREQ00001110,ALU00093,2026-06-01,89.06
FREQ00001111,ALU00093,2026-07-01,94.73
FREQ00001112,ALU00093,2026-08-01,96.52
FREQ00001113,ALU00093,2026-09-01,96.46
FREQ00001114,ALU00093,2026-10-01,95.96
FREQ00001115,ALU00093,2026-11-01,89.31
FREQ00001116,ALU00093,2026-12-01,95.57
FREQ00001117,ALU00094,2026-01-01,93.0
FREQ00001118,ALU00094,2026-02-01,97.27
FREQ00001119,ALU00094,2026-03-01,89.37
FREQ00001120,ALU00094,2026-04-01,87.71
FREQ00001121,ALU00094,2026-05-01,93.29
FREQ00001122,ALU00094,2026-06-01,91.73
FREQ00001123,ALU00094,2026-07-01,92.46
FREQ00001124,ALU00094,2026-08-01,87.33
FREQ00001125,ALU00094,2026-09-01,92.37
FREQ00001126,ALU00094,2026-10-01,90.32
FREQ00001127,ALU00094,2026-11-01,96.37
FREQ00001128,ALU00094,2026-12-01,94.54
FREQ00001129,ALU00095,2026-01-01,90.22
FREQ00001130,ALU00095,2026-02-01,90.68
FREQ00001131,ALU00095,2026-03-01,95.19
FREQ00001132,ALU00095,2026-04-01,98.98
FREQ00001133,ALU00095,2026-05-01,95.25
FREQ00001134,ALU00095,2026-06-01,93.0
FREQ00001135,ALU00095,2026-07-01,96.42
FREQ00001136,ALU00095,2026-08-01,95.74
FREQ00001137,ALU00095,2026-09-01,95.88
FREQ00001138,ALU00095,2026-10-01,93.64
FREQ00001139,ALU00095,2026-11-01,87.15
FREQ00001140,ALU00095,2026-12-01,89.84
FREQ00001141,ALU00096,2026-01-01,89.87
FREQ00001142,ALU00096,2026-02-01,88.94
FREQ00001143,ALU00096,2026-03-01,96.76
FREQ00001144,ALU00096,2026-04-01,95.48
FREQ00001145,ALU00096,2026-05-01,92.66
FREQ00001146,ALU00096,2026-06-01,89.75
FREQ00001147,ALU00096,2026-07-01,98.34
FREQ00001148,ALU00096,2026-08-01,89.45
FREQ00001149,ALU00096,2026-09-01,95.98
FREQ00001150,ALU00096,2026-10-01,96.22
FREQ00001151,ALU00096,2026-11-01,90.72
FREQ00001152,ALU00096,2026-12-01,89.55
FREQ00001153,ALU00097,2026-01-01,94.42
FREQ00001154,ALU00097,2026-02-01,96.65
FREQ00001155,ALU00097,2026-03-01,92.57
FREQ00001156,ALU00097,2026-04-01,90.56
FREQ00001157,ALU00097,2026-05-01,91.71
FREQ00001158,ALU00097,2026-06-01,92.84
FREQ00001159,ALU00097,2026-07-01,89.68
FREQ00001160,ALU00097,2026-08-01,94.46
FREQ00001161,ALU00097,2026-09-01,96.27
FREQ00001162,ALU00097,2026-10-01,93.64
FREQ00001163,ALU00097,2026-11-01,94.92
FREQ00001164,ALU00097,2026-12-01,96.65
FREQ00001165,ALU00098,2026-01-01,90.68
FREQ00001166,ALU00098,2026-02-01,89.81
FREQ00001167,ALU00098,2026-03-01,93.63
FREQ00001168,ALU00098,2026-04-01,97.38
FREQ00001169,ALU00098,2026-05-01,89.4
FREQ00001170,ALU00098,2026-06-01,87.68
FREQ00001171,ALU00098,2026-07-01,88.05
FREQ00001172,ALU00098,2026-08-01,93.44
FREQ00001173,ALU00098,2026-09-01,88.91
FREQ00001174,ALU00098,2026-10-01,92.18
FREQ00001175,ALU00098,2026-11-01,87.22
FREQ00001176,ALU00098,2026-12-01,96.51
FREQ00001177,ALU00099,2026-01-01,89.96
FREQ00001178,ALU00099,2026-02-01,97.65
FREQ00001179,ALU00099,2026-03-01,90.49
FREQ00001180,ALU00099,2026-04-01,97.17
FREQ00001181,ALU00099,2026-05-01,88.56
FREQ00001182,ALU00099,2026-06-01,96.88
FREQ00001183,ALU00099,2026-07-01,94.89
FREQ00001184,ALU00099,2026-08-01,89.11
FREQ00001185,ALU00099,2026-09-01,93.61
FREQ00001186,ALU00099,2026-10-01,90.18
FREQ00001187,ALU00099,2026-11-01,88.01
FREQ00001188,ALU00099,2026-12-01,87.57
FREQ00001189,ALU00100,2026-01-01,96.36
FREQ00001190,ALU00100,2026-02-01,91.56
FREQ00001191,ALU00100,2026-03-01,97.94
FREQ00001192,ALU00100,2026-04-01,96.24
FREQ00001193,ALU00100,2026-05-01,89.14
FREQ00001194,ALU00100,2026-06-01,98.77
FREQ00001195,ALU00100,2026-07-01,96.9
FREQ00001196,ALU00100,2026-08-01,98.77
FREQ00001197,ALU00100,2026-09-01,89.1
FREQ00001198,ALU00100,2026-10-01,97.44
FREQ00001199,ALU00100,2026-11-01,87.16
FREQ00001200,ALU00100,2026-12-01,88.65
FREQ00001201,ALU00101,2026-01-01,89.22
FREQ00001202,ALU00101,2026-02-01,89.22
FREQ00001203,ALU00101,2026-03-01,94.94
FREQ00001204,ALU00101,2026-04-01,96.46
FREQ00001205,ALU00101,2026-05-01,92.34
FREQ00001206,ALU00101,2026-06-01,92.32
FREQ00001207,ALU00101,2026-07-01,96.15
FREQ00001208,ALU00101,2026-08-01,91.23
FREQ00001209,ALU00101,2026-09-01,89.88
FREQ00001210,ALU00101,2026-10-01,96.34
FREQ00001211,ALU00101,2026-11-01,87.29
FREQ00001212,ALU00101,2026-12-01,88.87
FREQ00001213,ALU00102,2026-01-01,92.59
FREQ00001214,ALU00102,2026-02-01,88.56
FREQ00001215,ALU00102,2026-03-01,95.24
FREQ00001216,ALU00102,2026-04-01,87.85
FREQ00001217,ALU00102,2026-05-01,94.37
FREQ00001218,ALU00102,2026-06-01,92.48
FREQ00001219,ALU00102,2026-07-01,96.64
FREQ00001220,ALU00102,2026-08-01,92.17
FREQ00001221,ALU00102,2026-09-01,94.95
FREQ00001222,ALU00102,2026-10-01,90.04
FREQ00001223,ALU00102,2026-11-01,94.96
FREQ00001224,ALU00102,2026-12-01,93.0
FREQ00001225,ALU00103,2026-01-01,97.6
FREQ00001226,ALU00103,2026-02-01,96.09
FREQ00001227,ALU00103,2026-03-01,87.51
FREQ00001228,ALU00103,2026-04-01,93.99
FREQ00001229,ALU00103,2026-05-01,97.81
FREQ00001230,ALU00103,2026-06-01,90.11
FREQ00001231,ALU00103,2026-07-01,97.62
FREQ00001232,ALU00103,2026-08-01,89.68
FREQ00001233,ALU00103,2026-09-01,90.12
FREQ00001234,ALU00103,2026-10-01,88.71
FREQ00001235,ALU00103,2026-11-01,87.62
FREQ00001236,ALU00103,2026-12-01,94.17
FREQ00001237,ALU00104,2026-01-01,97.33
FREQ00001238,ALU00104,2026-02-01,92.37
FREQ00001239,ALU00104,2026-03-01,96.48
FREQ00001240,ALU00104,2026-04-01,92.65
FREQ00001241,ALU00104,2026-05-01,91.51
FREQ00001242,ALU00104,2026-06-01,94.79
FREQ00001243,ALU00104,2026-07-01,95.94
FREQ00001244,ALU00104,2026-08-01,95.61
FREQ00001245,ALU00104,2026-09-01,90.91
FREQ00001246,ALU00104,2026-10-01,91.4
FREQ00001247,ALU00104,2026-11-01,88.53
FREQ00001248,ALU00104,2026-12-01,92.72
FREQ00001249,ALU00105,2026-01-01,95.18
FREQ00001250,ALU00105,2026-02-01,97.07
FREQ00001251,ALU00105,2026-03-01,95.84
FREQ00001252,ALU00105,2026-04-01,91.58
FREQ00001253,ALU00105,2026-05-01,90.33
FREQ00001254,ALU00105,2026-06-01,93.71
FREQ00001255,ALU00105,2026-07-01,95.33
FREQ00001256,ALU00105,2026-08-01,95.87
FREQ00001257,ALU00105,2026-09-01,87.21
FREQ00001258,ALU00105,2026-10-01,97.01
FREQ00001259,ALU00105,2026-11-01,98.66
FREQ00001260,ALU00105,2026-12-01,90.87
FREQ00001261,ALU00106,2026-01-01,91.84
FREQ00001262,ALU00106,2026-02-01,91.77
FREQ00001263,ALU00106,2026-03-01,88.12
FREQ00001264,ALU00106,2026-04-01,88.84
FREQ00001265,ALU00106,2026-05-01,94.5
FREQ00001266,ALU00106,2026-06-01,94.97
FREQ00001267,ALU00106,2026-07-01,92.68
FREQ00001268,ALU00106,2026-08-01,97.54
FREQ00001269,ALU00106,2026-09-01,88.88
FREQ00001270,ALU00106,2026-10-01,96.51
FREQ00001271,ALU00106,2026-11-01,96.66
FREQ00001272,ALU00106,2026-12-01,97.71
FREQ00001273,ALU00107,2026-01-01,97.54
FREQ00001274,ALU00107,2026-02-01,94.35
FREQ00001275,ALU00107,2026-03-01,94.13
FREQ00001276,ALU00107,2026-04-01,89.38
FREQ00001277,ALU00107,2026-05-01,90.03
FREQ00001278,ALU00107,2026-06-01,97.82
FREQ00001279,ALU00107,2026-07-01,90.38
FREQ00001280,ALU00107,2026-08-01,95.54
FREQ00001281,ALU00107,2026-09-01,88.64
FREQ00001282,ALU00107,2026-10-01,87.7
FREQ00001283,ALU00107,2026-11-01,87.92
FREQ00001284,ALU00107,2026-12-01,87.54
FREQ00001285,ALU00108,2026-01-01,97.66
FREQ00001286,ALU00108,2026-02-01,95.27
FREQ00001287,ALU00108,2026-03-01,90.08
FREQ00001288,ALU00108,2026-04-01,95.98
FREQ00001289,ALU00108,2026-05-01,89.61
FREQ00001290,ALU00108,2026-06-01,97.11
FREQ00001291,ALU00108,2026-07-01,90.22
FREQ00001292,ALU00108,2026-08-01,87.69
FREQ00001293,ALU00108,2026-09-01,97.02
FREQ00001294,ALU00108,2026-10-01,87.86
FREQ00001295,ALU00108,2026-11-01,88.7
FREQ00001296,ALU00108,2026-12-01,97.25
FREQ00001297,ALU00109,2026-01-01,97.45
FREQ00001298,ALU00109,2026-02-01,88.08
FREQ00001299,ALU00109,2026-03-01,91.05
FREQ00001300,ALU00109,2026-04-01,94.1
FREQ00001301,ALU00109,2026-05-01,91.73
FREQ00001302,ALU00109,2026-06-01,98.8
FREQ00001303,ALU00109,2026-07-01,95.21
FREQ00001304,ALU00109,2026-08-01,91.9
FREQ00001305,ALU00109,2026-09-01,91.85
FREQ00001306,ALU00109,2026-10-01,89.94
FREQ00001307,ALU00109,2026-11-01,98.84
FREQ00001308,ALU00109,2026-12-01,96.07
FREQ00001309,ALU00110,2026-01-01,94.82
FREQ00001310,ALU00110,2026-02-01,93.68
FREQ00001311,ALU00110,2026-03-01,91.58
FREQ00001312,ALU00110,2026-04-01,95.9
FREQ00001313,ALU00110,2026-05-01,89.69
FREQ00001314,ALU00110,2026-06-01,90.54
FREQ00001315,ALU00110,2026-07-01,94.8
FREQ00001316,ALU00110,2026-08-01,91.56
FREQ00001317,ALU00110,2026-09-01,93.33
FREQ00001318,ALU00110,2026-10-01,94.52
FREQ00001319,ALU00110,2026-11-01,92.57
FREQ00001320,ALU00110,2026-12-01,92.81
FREQ00001321,ALU00111,2026-01-01,91.12
FREQ00001322,ALU00111,2026-02-01,97.22
FREQ00001323,ALU00111,2026-03-01,93.68
FREQ00001324,ALU00111,2026-04-01,91.28
FREQ00001325,ALU00111,2026-05-01,90.5
FREQ00001326,ALU00111,2026-06-01,98.94
FREQ00001327,ALU00111,2026-07-01,92.5
FREQ00001328,ALU00111,2026-08-01,97.59
FREQ00001329,ALU00111,2026-09-01,92.4
FREQ00001330,ALU00111,2026-10-01,92.11
FREQ00001331,ALU00111,2026-11-01,88.1
FREQ00001332,ALU00111,2026-12-01,92.8
FREQ00001333,ALU00112,2026-01-01,87.61
FREQ00001334,ALU00112,2026-02-01,87.37
FREQ00001335,ALU00112,2026-03-01,88.34
FREQ00001336,ALU00112,2026-04-01,98.26
FREQ00001337,ALU00112,2026-05-01,98.9
FREQ00001338,ALU00112,2026-06-01,89.79
FREQ00001339,ALU00112,2026-07-01,90.96
FREQ00001340,ALU00112,2026-08-01,98.6
FREQ00001341,ALU00112,2026-09-01,98.25
FREQ00001342,ALU00112,2026-10-01,94.86
FREQ00001343,ALU00112,2026-11-01,88.44
FREQ00001344,ALU00112,2026-12-01,91.01
FREQ00001345,ALU00113,2026-01-01,89.71
FREQ00001346,ALU00113,2026-02-01,97.09
FREQ00001347,ALU00113,2026-03-01,92.18
FREQ00001348,ALU00113,2026-04-01,93.8
FREQ00001349,ALU00113,2026-05-01,98.61
FREQ00001350,ALU00113,2026-06-01,90.73
FREQ00001351,ALU00113,2026-07-01,90.18
FREQ00001352,ALU00113,2026-08-01,93.82
FREQ00001353,ALU00113,2026-09-01,92.92
FREQ00001354,ALU00113,2026-10-01,94.01
FREQ00001355,ALU00113,2026-11-01,95.86
FREQ00001356,ALU00113,2026-12-01,88.77
FREQ00001357,ALU00114,2026-01-01,95.67
FREQ00001358,ALU00114,2026-02-01,91.09
FREQ00001359,ALU00114,2026-03-01,91.01
FREQ00001360,ALU00114,2026-04-01,96.21
FREQ00001361,ALU00114,2026-05-01,91.2
FREQ00001362,ALU00114,2026-06-01,87.36
FREQ00001363,ALU00114,2026-07-01,92.76
FREQ00001364,ALU00114,2026-08-01,87.65
FREQ00001365,ALU00114,2026-09-01,87.02
FREQ00001366,ALU00114,2026-10-01,97.3
FREQ00001367,ALU00114,2026-11-01,90.18
FREQ00001368,ALU00114,2026-12-01,97.69
FREQ00001369,ALU00115,2026-01-01,94.71
FREQ00001370,ALU00115,2026-02-01,94.75
FREQ00001371,ALU00115,2026-03-01,89.34
FREQ00001372,ALU00115,2026-04-01,97.7
FREQ00001373,ALU00115,2026-05-01,95.09
FREQ00001374,ALU00115,2026-06-01,97.09
FREQ00001375,ALU00115,2026-07-01,88.45
FREQ00001376,ALU00115,2026-08-01,96.71
FREQ00001377,ALU00115,2026-09-01,87.03
FREQ00001378,ALU00115,2026-10-01,94.39
FREQ00001379,ALU00115,2026-11-01,95.15
FREQ00001380,ALU00115,2026-12-01,95.76
FREQ00001381,ALU00116,2026-01-01,95.38
FREQ00001382,ALU00116,2026-02-01,97.41
FREQ00001383,ALU00116,2026-03-01,92.93
FREQ00001384,ALU00116,2026-04-01,96.2
FREQ00001385,ALU00116,2026-05-01,97.76
FREQ00001386,ALU00116,2026-06-01,96.1
FREQ00001387,ALU00116,2026-07-01,92.75
FREQ00001388,ALU00116,2026-08-01,88.51
FREQ00001389,ALU00116,2026-09-01,92.02
FREQ00001390,ALU00116,2026-10-01,88.7
FREQ00001391,ALU00116,2026-11-01,89.83
FREQ00001392,ALU00116,2026-12-01,88.57
FREQ00001393,ALU00117,2026-01-01,90.21
FREQ00001394,ALU00117,2026-02-01,93.37
FREQ00001395,ALU00117,2026-03-01,87.29
FREQ00001396,ALU00117,2026-04-01,94.03
FREQ00001397,ALU00117,2026-05-01,98.15
FREQ00001398,ALU00117,2026-06-01,97.25
FREQ00001399,ALU00117,2026-07-01,89.46
FREQ00001400,ALU00117,2026-08-01,92.18
FREQ00001401,ALU00117,2026-09-01,92.78
FREQ00001402,ALU00117,2026-10-01,95.61
FREQ00001403,ALU00117,2026-11-01,98.98
FREQ00001404,ALU00117,2026-12-01,89.1
FREQ00001405,ALU00118,2026-01-01,95.04
FREQ00001406,ALU00118,2026-02-01,95.71
FREQ00001407,ALU00118,2026-03-01,91.92
FREQ00001408,ALU00118,2026-04-01,95.35
FREQ00001409,ALU00118,2026-05-01,95.55
FREQ00001410,ALU00118,2026-06-01,91.72
FREQ00001411,ALU00118,2026-07-01,91.17
FREQ00001412,ALU00118,2026-08-01,96.7
FREQ00001413,ALU00118,2026-09-01,96.28
FREQ00001414,ALU00118,2026-10-01,91.01
FREQ00001415,ALU00118,2026-11-01,91.36
FREQ00001416,ALU00118,2026-12-01,95.79
FREQ00001417,ALU00119,2026-01-01,94.29
FREQ00001418,ALU00119,2026-02-01,87.55
FREQ00001419,ALU00119,2026-03-01,87.69
FREQ00001420,ALU00119,2026-04-01,93.51
FREQ00001421,ALU00119,2026-05-01,98.14
FREQ00001422,ALU00119,2026-06-01,97.34
FREQ00001423,ALU00119,2026-07-01,87.83
FREQ00001424,ALU00119,2026-08-01,89.18
FREQ00001425,ALU00119,2026-09-01,91.02
FREQ00001426,ALU00119,2026-10-01,87.16
FREQ00001427,ALU00119,2026-11-01,87.51
FREQ00001428,ALU00119,2026-12-01,94.73
FREQ00001429,ALU00120,2026-01-01,98.94
FREQ00001430,ALU00120,2026-02-01,88.19
FREQ00001431,ALU00120,2026-03-01,91.7
FREQ00001432,ALU00120,2026-04-01,88.14
FREQ00001433,ALU00120,2026-05-01,95.55
FREQ00001434,ALU00120,2026-06-01,90.45
FREQ00001435,ALU00120,2026-07-01,93.1
FREQ00001436,ALU00120,2026-08-01,98.08
FREQ00001437,ALU00120,2026-09-01,93.58
FREQ00001438,ALU00120,2026-10-01,92.57
FREQ00001439,ALU00120,2026-11-01,94.76
FREQ00001440,ALU00120,2026-12-01,96.07
FREQ00001441,ALU00121,2026-01-01,91.85
FREQ00001442,ALU00121,2026-02-01,95.15
FREQ00001443,ALU00121,2026-03-01,88.21
FREQ00001444,ALU00121,2026-04-01,87.8
FREQ00001445,ALU00121,2026-05-01,91.07
FREQ00001446,ALU00121,2026-06-01,96.26
FREQ00001447,ALU00121,2026-07-01,95.35
FREQ00001448,ALU00121,2026-08-01,98.07
FREQ00001449,ALU00121,2026-09-01,89.81
FREQ00001450,ALU00121,2026-10-01,87.77
FREQ00001451,ALU00121,2026-11-01,89.06
FREQ00001452,ALU00121,2026-12-01,91.42
FREQ00001453,ALU00122,2026-01-01,94.09
FREQ00001454,ALU00122,2026-02-01,97.74
FREQ00001455,ALU00122,2026-03-01,87.78
FREQ00001456,ALU00122,2026-04-01,87.12
FREQ00001457,ALU00122,2026-05-01,94.07
FREQ00001458,ALU00122,2026-06-01,93.63
FREQ00001459,ALU00122,2026-07-01,87.16
FREQ00001460,ALU00122,2026-08-01,87.29
FREQ00001461,ALU00122,2026-09-01,98.67
FREQ00001462,ALU00122,2026-10-01,97.18
FREQ00001463,ALU00122,2026-11-01,94.31
FREQ00001464,ALU00122,2026-12-01,96.26
FREQ00001465,ALU00123,2026-01-01,92.43
FREQ00001466,ALU00123,2026-02-01,96.71
FREQ00001467,ALU00123,2026-03-01,87.02
FREQ00001468,ALU00123,2026-04-01,87.05
FREQ00001469,ALU00123,2026-05-01,96.31
FREQ00001470,ALU00123,2026-06-01,97.82
FREQ00001471,ALU00123,2026-07-01,89.88
FREQ00001472,ALU00123,2026-08-01,95.95
FREQ00001473,ALU00123,2026-09-01,95.72
FREQ00001474,ALU00123,2026-10-01,87.45
FREQ00001475,ALU00123,2026-11-01,94.81
FREQ00001476,ALU00123,2026-12-01,90.51
FREQ00001477,ALU00124,2026-01-01,87.8
FREQ00001478,ALU00124,2026-02-01,87.23
FREQ00001479,ALU00124,2026-03-01,90.61
FREQ00001480,ALU00124,2026-04-01,90.44
FREQ00001481,ALU00124,2026-05-01,94.62
FREQ00001482,ALU00124,2026-06-01,87.32
FREQ00001483,ALU00124,2026-07-01,94.68
FREQ00001484,ALU00124,2026-08-01,93.74
FREQ00001485,ALU00124,2026-09-01,97.15
FREQ00001486,ALU00124,2026-10-01,93.94
FREQ00001487,ALU00124,2026-11-01,88.98
FREQ00001488,ALU00124,2026-12-01,90.85
FREQ00001489,ALU00125,2026-01-01,89.39
FREQ00001490,ALU00125,2026-02-01,98.56
FREQ00001491,ALU00125,2026-03-01,92.04
FREQ00001492,ALU00125,2026-04-01,87.99
FREQ00001493,ALU00125,2026-05-01,95.14
FREQ00001494,ALU00125,2026-06-01,93.79
FREQ00001495,ALU00125,2026-07-01,93.83
FREQ00001496,ALU00125,2026-08-01,98.37
FREQ00001497,ALU00125,2026-09-01,94.78
FREQ00001498,ALU00125,2026-10-01,89.59
FREQ00001499,ALU00125,2026-11-01,90.42
FREQ00001500,ALU00125,2026-12-01,88.57
FREQ00001501,ALU00126,2026-01-01,98.55
FREQ00001502,ALU00126,2026-02-01,91.69
FREQ00001503,ALU00126,2026-03-01,95.17
FREQ00001504,ALU00126,2026-04-01,94.93
FREQ00001505,ALU00126,2026-05-01,88.56
FREQ00001506,ALU00126,2026-06-01,89.37
FREQ00001507,ALU00126,2026-07-01,87.5
FREQ00001508,ALU00126,2026-08-01,89.45
FREQ00001509,ALU00126,2026-09-01,89.08
FREQ00001510,ALU00126,2026-10-01,96.03
FREQ00001511,ALU00126,2026-11-01,87.59
FREQ00001512,ALU00126,2026-12-01,95.83
FREQ00001513,ALU00127,2026-01-01,92.41
FREQ00001514,ALU00127,2026-02-01,91.41
FREQ00001515,ALU00127,2026-03-01,95.59
FREQ00001516,ALU00127,2026-04-01,96.28
FREQ00001517,ALU00127,2026-05-01,94.5
FREQ00001518,ALU00127,2026-06-01,89.28
FREQ00001519,ALU00127,2026-07-01,96.9
FREQ00001520,ALU00127,2026-08-01,94.37
FREQ00001521,ALU00127,2026-09-01,88.01
FREQ00001522,ALU00127,2026-10-01,89.32
FREQ00001523,ALU00127,2026-11-01,90.24
FREQ00001524,ALU00127,2026-12-01,91.38
FREQ00001525,ALU00128,2026-01-01,89.04
FREQ00001526,ALU00128,2026-02-01,87.92
FREQ00001527,ALU00128,2026-03-01,97.82
FREQ00001528,ALU00128,2026-04-01,93.54
FREQ00001529,ALU00128,2026-05-01,96.77
FREQ00001530,ALU00128,2026-06-01,87.88
FREQ00001531,ALU00128,2026-07-01,92.85
FREQ00001532,ALU00128,2026-08-01,88.33
FREQ00001533,ALU00128,2026-09-01,95.38
FREQ00001534,ALU00128,2026-10-01,87.24
FREQ00001535,ALU00128,2026-11-01,97.62
FREQ00001536,ALU00128,2026-12-01,90.34
FREQ00001537,ALU00129,2026-01-01,91.84
FREQ00001538,ALU00129,2026-02-01,97.19
FREQ00001539,ALU00129,2026-03-01,87.15
FREQ00001540,ALU00129,2026-04-01,97.81
FREQ00001541,ALU00129,2026-05-01,87.48
FREQ00001542,ALU00129,2026-06-01,92.83
FREQ00001543,ALU00129,2026-07-01,88.12
FREQ00001544,ALU00129,2026-08-01,88.68
FREQ00001545,ALU00129,2026-09-01,90.58
FREQ00001546,ALU00129,2026-10-01,93.33
FREQ00001547,ALU00129,2026-11-01,93.62
FREQ00001548,ALU00129,2026-12-01,90.81
FREQ00001549,ALU00130,2026-01-01,93.05
FREQ00001550,ALU00130,2026-02-01,94.96
FREQ00001551,ALU00130,2026-03-01,88.17
FREQ00001552,ALU00130,2026-04-01,97.9
FREQ00001553,ALU00130,2026-05-01,87.98
FREQ00001554,ALU00130,2026-06-01,88.21
FREQ00001555,ALU00130,2026-07-01,98.16
FREQ00001556,ALU00130,2026-08-01,92.58
FREQ00001557,ALU00130,2026-09-01,95.24
FREQ00001558,ALU00130,2026-10-01,98.94
FREQ00001559,ALU00130,2026-11-01,93.09
FREQ00001560,ALU00130,2026-12-01,95.64
FREQ00001561,ALU00131,2026-01-01,94.7
FREQ00001562,ALU00131,2026-02-01,89.7
FREQ00001563,ALU00131,2026-03-01,91.52
FREQ00001564,ALU00131,2026-04-01,91.0
FREQ00001565,ALU00131,2026-05-01,97.63
FREQ00001566,ALU00131,2026-06-01,93.97
FREQ00001567,ALU00131,2026-07-01,95.37
FREQ00001568,ALU00131,2026-08-01,88.09
FREQ00001569,ALU00131,2026-09-01,94.06
FREQ00001570,ALU00131,2026-10-01,93.11
FREQ00001571,ALU00131,2026-11-01,95.38
FREQ00001572,ALU00131,2026-12-01,97.77
FREQ00001573,ALU00132,2026-01-01,91.26
FREQ00001574,ALU00132,2026-02-01,97.27
FREQ00001575,ALU00132,2026-03-01,97.05
FREQ00001576,ALU00132,2026-04-01,97.54
FREQ00001577,ALU00132,2026-05-01,94.4
FREQ00001578,ALU00132,2026-06-01,87.14
FREQ00001579,ALU00132,2026-07-01,91.07
FREQ00001580,ALU00132,2026-08-01,89.48
FREQ00001581,ALU00132,2026-09-01,94.88
FREQ00001582,ALU00132,2026-10-01,93.87
FREQ00001583,ALU00132,2026-11-01,94.21
FREQ00001584,ALU00132,2026-12-01,92.02
FREQ00001585,ALU00133,2026-01-01,91.14
FREQ00001586,ALU00133,2026-02-01,94.01
FREQ00001587,ALU00133,2026-03-01,96.71
FREQ00001588,ALU00133,2026-04-01,89.72
FREQ00001589,ALU00133,2026-05-01,98.52
FREQ00001590,ALU00133,2026-06-01,92.8
FREQ00001591,ALU00133,2026-07-01,93.62
FREQ00001592,ALU00133,2026-08-01,97.59
FREQ00001593,ALU00133,2026-09-01,98.78
FREQ00001594,ALU00133,2026-10-01,94.08
FREQ00001595,ALU00133,2026-11-01,90.95
FREQ00001596,ALU00133,2026-12-01,92.46
FREQ00001597,ALU00134,2026-01-01,87.43
FREQ00001598,ALU00134,2026-02-01,97.55
FREQ00001599,ALU00134,2026-03-01,90.98
FREQ00001600,ALU00134,2026-04-01,92.83
FREQ00001601,ALU00134,2026-05-01,98.85
FREQ00001602,ALU00134,2026-06-01,95.67
FREQ00001603,ALU00134,2026-07-01,89.01
FREQ00001604,ALU00134,2026-08-01,96.34
FREQ00001605,ALU00134,2026-09-01,91.77
FREQ00001606,ALU00134,2026-10-01,90.47
FREQ00001607,ALU00134,2026-11-01,96.09
FREQ00001608,ALU00134,2026-12-01,93.98
FREQ00001609,ALU00135,2026-01-01,93.81
FREQ00001610,ALU00135,2026-02-01,93.93
FREQ00001611,ALU00135,2026-03-01,95.0
FREQ00001612,ALU00135,2026-04-01,87.04
FREQ00001613,ALU00135,2026-05-01,96.34
FREQ00001614,ALU00135,2026-06-01,95.58
FREQ00001615,ALU00135,2026-07-01,91.05
FREQ00001616,ALU00135,2026-08-01,97.43
FREQ00001617,ALU00135,2026-09-01,91.01
FREQ00001618,ALU00135,2026-10-01,87.29
FREQ00001619,ALU00135,2026-11-01,90.22
FREQ00001620,ALU00135,2026-12-01,91.43
FREQ00001621,ALU00136,2026-01-01,93.87
FREQ00001622,ALU00136,2026-02-01,94.76
FREQ00001623,ALU00136,2026-03-01,97.34
FREQ00001624,ALU00136,2026-04-01,91.12
FREQ00001625,ALU00136,2026-05-01,92.82
FREQ00001626,ALU00136,2026-06-01,94.53
FREQ00001627,ALU00136,2026-07-01,95.12
FREQ00001628,ALU00136,2026-08-01,88.64
FREQ00001629,ALU00136,2026-09-01,94.17
FREQ00001630,ALU00136,2026-10-01,98.12
FREQ00001631,ALU00136,2026-11-01,90.29
FREQ00001632,ALU00136,2026-12-01,91.1
FREQ00001633,ALU00137,2026-01-01,95.68
FREQ00001634,ALU00137,2026-02-01,87.88
FREQ00001635,ALU00137,2026-03-01,93.12
FREQ00001636,ALU00137,2026-04-01,89.23
FREQ00001637,ALU00137,2026-05-01,92.9
FREQ00001638,ALU00137,2026-06-01,94.76
FREQ00001639,ALU00137,2026-07-01,87.13
FREQ00001640,ALU00137,2026-08-01,90.44
FREQ00001641,ALU00137,2026-09-01,95.05
FREQ00001642,ALU00137,2026-10-01,97.78
FREQ00001643,ALU00137,2026-11-01,94.25
FREQ00001644,ALU00137,2026-12-01,89.89
FREQ00001645,ALU00138,2026-01-01,93.04
FREQ00001646,ALU00138,2026-02-01,95.48
FREQ00001647,ALU00138,2026-03-01,98.87
FREQ00001648,ALU00138,2026-04-01,97.03
FREQ00001649,ALU00138,2026-05-01,94.33
FREQ00001650,ALU00138,2026-06-01,90.91
FREQ00001651,ALU00138,2026-07-01,90.57
FREQ00001652,ALU00138,2026-08-01,89.91
FREQ00001653,ALU00138,2026-09-01,93.38
FREQ00001654,ALU00138,2026-10-01,90.54
FREQ00001655,ALU00138,2026-11-01,89.65
FREQ00001656,ALU00138,2026-12-01,90.11
FREQ00001657,ALU00139,2026-01-01,90.07
FREQ00001658,ALU00139,2026-02-01,92.48
FREQ00001659,ALU00139,2026-03-01,90.77
FREQ00001660,ALU00139,2026-04-01,93.6
FREQ00001661,ALU00139,2026-05-01,94.26
FREQ00001662,ALU00139,2026-06-01,94.51
FREQ00001663,ALU00139,2026-07-01,89.09
FREQ00001664,ALU00139,2026-08-01,95.0
FREQ00001665,ALU00139,2026-09-01,96.71
FREQ00001666,ALU00139,2026-10-01,90.75
FREQ00001667,ALU00139,2026-11-01,89.53
FREQ00001668,ALU00139,2026-12-01,91.21
FREQ00001669,ALU00140,2026-01-01,89.32
FREQ00001670,ALU00140,2026-02-01,97.64
FREQ00001671,ALU00140,2026-03-01,91.17
FREQ00001672,ALU00140,2026-04-01,94.43
FREQ00001673,ALU00140,2026-05-01,97.79
FREQ00001674,ALU00140,2026-06-01,95.19
FREQ00001675,ALU00140,2026-07-01,92.21
FREQ00001676,ALU00140,2026-08-01,89.86
FREQ00001677,ALU00140,2026-09-01,96.66
FREQ00001678,ALU00140,2026-10-01,89.91
FREQ00001679,ALU00140,2026-11-01,95.77
FREQ00001680,ALU00140,2026-12-01,93.63
FREQ00001681,ALU00141,2026-01-01,94.48
FREQ00001682,ALU00141,2026-02-01,87.8
FREQ00001683,ALU00141,2026-03-01,94.23
FREQ00001684,ALU00141,2026-04-01,90.03
FREQ00001685,ALU00141,2026-05-01,96.98
FREQ00001686,ALU00141,2026-06-01,89.85
FREQ00001687,ALU00141,2026-07-01,93.55
FREQ00001688,ALU00141,2026-08-01,90.5
FREQ00001689,ALU00141,2026-09-01,90.77
FREQ00001690,ALU00141,2026-10-01,93.53
FREQ00001691,ALU00141,2026-11-01,92.71
FREQ00001692,ALU00141,2026-12-01,92.27
FREQ00001693,ALU00142,2026-01-01,91.91
FREQ00001694,ALU00142,2026-02-01,94.51
FREQ00001695,ALU00142,2026-03-01,95.62
FREQ00001696,ALU00142,2026-04-01,95.25
FREQ00001697,ALU00142,2026-05-01,95.8
FREQ00001698,ALU00142,2026-06-01,88.29
FREQ00001699,ALU00142,2026-07-01,95.2
FREQ00001700,ALU00142,2026-08-01,94.93
FREQ00001701,ALU00142,2026-09-01,91.42
FREQ00001702,ALU00142,2026-10-01,94.95
FREQ00001703,ALU00142,2026-11-01,98.35
FREQ00001704,ALU00142,2026-12-01,94.34
FREQ00001705,ALU00143,2026-01-01,90.79
FREQ00001706,ALU00143,2026-02-01,87.62
FREQ00001707,ALU00143,2026-03-01,97.82
FREQ00001708,ALU00143,2026-04-01,89.71
FREQ00001709,ALU00143,2026-05-01,90.63
FREQ00001710,ALU00143,2026-06-01,88.91
FREQ00001711,ALU00143,2026-07-01,92.79
FREQ00001712,ALU00143,2026-08-01,89.42
FREQ00001713,ALU00143,2026-09-01,94.47
FREQ00001714,ALU00143,2026-10-01,93.79
FREQ00001715,ALU00143,2026-11-01,87.16
FREQ00001716,ALU00143,2026-12-01,91.99
FREQ00001717,ALU00144,2026-01-01,90.28
FREQ00001718,ALU00144,2026-02-01,88.25
FREQ00001719,ALU00144,2026-03-01,97.96
FREQ00001720,ALU00144,2026-04-01,97.99
FREQ00001721,ALU00144,2026-05-01,91.99
FREQ00001722,ALU00144,2026-06-01,98.22
FREQ00001723,ALU00144,2026-07-01,93.43
FREQ00001724,ALU00144,2026-08-01,97.12
FREQ00001725,ALU00144,2026-09-01,97.2
FREQ00001726,ALU00144,2026-10-01,92.14
FREQ00001727,ALU00144,2026-11-01,92.61
FREQ00001728,ALU00144,2026-12-01,91.22
FREQ00001729,ALU00145,2026-01-01,98.59
FREQ00001730,ALU00145,2026-02-01,91.77
FREQ00001731,ALU00145,2026-03-01,91.22
FREQ00001732,ALU00145,2026-04-01,87.31
FREQ00001733,ALU00145,2026-05-01,93.05
FREQ00001734,ALU00145,2026-06-01,93.51
FREQ00001735,ALU00145,2026-07-01,97.48
FREQ00001736,ALU00145,2026-08-01,87.71
FREQ00001737,ALU00145,2026-09-01,89.5
FREQ00001738,ALU00145,2026-10-01,91.24
FREQ00001739,ALU00145,2026-11-01,97.49
FREQ00001740,ALU00145,2026-12-01,89.46
FREQ00001741,ALU00146,2026-01-01,93.09
FREQ00001742,ALU00146,2026-02-01,92.12
FREQ00001743,ALU00146,2026-03-01,95.09
FREQ00001744,ALU00146,2026-04-01,89.48
FREQ00001745,ALU00146,2026-05-01,92.57
FREQ00001746,ALU00146,2026-06-01,95.11
FREQ00001747,ALU00146,2026-07-01,97.15
FREQ00001748,ALU00146,2026-08-01,92.02
FREQ00001749,ALU00146,2026-09-01,94.37
FREQ00001750,ALU00146,2026-10-01,90.37
FREQ00001751,ALU00146,2026-11-01,91.28
FREQ00001752,ALU00146,2026-12-01,93.37
FREQ00001753,ALU00147,2026-01-01,91.73
FREQ00001754,ALU00147,2026-02-01,87.81
FREQ00001755,ALU00147,2026-03-01,90.72
FREQ00001756,ALU00147,2026-04-01,96.04
FREQ00001757,ALU00147,2026-05-01,89.82
FREQ00001758,ALU00147,2026-06-01,90.08
FREQ00001759,ALU00147,2026-07-01,91.73
FREQ00001760,ALU00147,2026-08-01,98.94
FREQ00001761,ALU00147,2026-09-01,96.14
FREQ00001762,ALU00147,2026-10-01,94.44
FREQ00001763,ALU00147,2026-11-01,89.39
FREQ00001764,ALU00147,2026-12-01,90.11
FREQ00001765,ALU00148,2026-01-01,98.28
FREQ00001766,ALU00148,2026-02-01,89.92
FREQ00001767,ALU00148,2026-03-01,90.48
FREQ00001768,ALU00148,2026-04-01,93.62
FREQ00001769,ALU00148,2026-05-01,95.62
FREQ00001770,ALU00148,2026-06-01,91.12
FREQ00001771,ALU00148,2026-07-01,96.65
FREQ00001772,ALU00148,2026-08-01,93.19
FREQ00001773,ALU00148,2026-09-01,92.74
FREQ00001774,ALU00148,2026-10-01,96.95
FREQ00001775,ALU00148,2026-11-01,89.86
FREQ00001776,ALU00148,2026-12-01,98.75
FREQ00001777,ALU00149,2026-01-01,90.63
FREQ00001778,ALU00149,2026-02-01,93.29
FREQ00001779,ALU00149,2026-03-01,97.84
FREQ00001780,ALU00149,2026-04-01,90.53
FREQ00001781,ALU00149,2026-05-01,91.12
FREQ00001782,ALU00149,2026-06-01,88.81
FREQ00001783,ALU00149,2026-07-01,95.22
FREQ00001784,ALU00149,2026-08-01,87.86
FREQ00001785,ALU00149,2026-09-01,96.11
FREQ00001786,ALU00149,2026-10-01,91.53
FREQ00001787,ALU00149,2026-11-01,91.71
FREQ00001788,ALU00149,2026-12-01,87.81
FREQ00001789,ALU00150,2026-01-01,90.84
FREQ00001790,ALU00150,2026-02-01,90.89
FREQ00001791,ALU00150,2026-03-01,97.34
FREQ00001792,ALU00150,2026-04-01,90.49
FREQ00001793,ALU00150,2026-05-01,94.38
FREQ00001794,ALU00150,2026-06-01,98.05
FREQ00001795,ALU00150,2026-07-01,95.44
FREQ00001796,ALU00150,2026-08-01,98.47
FREQ00001797,ALU00150,2026-09-01,89.62
FREQ00001798,ALU00150,2026-10-01,97.32
FREQ00001799,ALU00150,2026-11-01,98.24
FREQ00001800,ALU00150,2026-12-01,94.12
FREQ00001801,ALU00151,2026-01-01,95.76
FREQ00001802,ALU00151,2026-02-01,98.24
FREQ00001803,ALU00151,2026-03-01,92.99
FREQ00001804,ALU00151,2026-04-01,90.18
FREQ00001805,ALU00151,2026-05-01,94.71
FREQ00001806,ALU00151,2026-06-01,94.43
FREQ00001807,ALU00151,2026-07-01,93.24
FREQ00001808,ALU00151,2026-08-01,95.82
FREQ00001809,ALU00151,2026-09-01,91.6
FREQ00001810,ALU00151,2026-10-01,91.4
FREQ00001811,ALU00151,2026-11-01,92.84
FREQ00001812,ALU00151,2026-12-01,92.05
FREQ00001813,ALU00152,2026-01-01,93.93
FREQ00001814,ALU00152,2026-02-01,97.83
FREQ00001815,ALU00152,2026-03-01,94.75
FREQ00001816,ALU00152,2026-04-01,87.81
FREQ00001817,ALU00152,2026-05-01,96.12
FREQ00001818,ALU00152,2026-06-01,97.98
FREQ00001819,ALU00152,2026-07-01,91.5
FREQ00001820,ALU00152,2026-08-01,92.0
FREQ00001821,ALU00152,2026-09-01,91.56
FREQ00001822,ALU00152,2026-10-01,98.15
FREQ00001823,ALU00152,2026-11-01,88.66
FREQ00001824,ALU00152,2026-12-01,87.06
FREQ00001825,ALU00153,2026-01-01,94.27
FREQ00001826,ALU00153,2026-02-01,94.14
FREQ00001827,ALU00153,2026-03-01,90.35
FREQ00001828,ALU00153,2026-04-01,94.78
FREQ00001829,ALU00153,2026-05-01,87.55
FREQ00001830,ALU00153,2026-06-01,93.99
FREQ00001831,ALU00153,2026-07-01,90.72
FREQ00001832,ALU00153,2026-08-01,94.94
FREQ00001833,ALU00153,2026-09-01,97.6
FREQ00001834,ALU00153,2026-10-01,90.7
FREQ00001835,ALU00153,2026-11-01,89.76
FREQ00001836,ALU00153,2026-12-01,90.28
FREQ00001837,ALU00154,2026-01-01,91.51
FREQ00001838,ALU00154,2026-02-01,94.61
FREQ00001839,ALU00154,2026-03-01,92.75
FREQ00001840,ALU00154,2026-04-01,91.72
FREQ00001841,ALU00154,2026-05-01,96.37
FREQ00001842,ALU00154,2026-06-01,94.14
FREQ00001843,ALU00154,2026-07-01,92.29
FREQ00001844,ALU00154,2026-08-01,97.34
FREQ00001845,ALU00154,2026-09-01,93.26
FREQ00001846,ALU00154,2026-10-01,92.29
FREQ00001847,ALU00154,2026-11-01,91.51
FREQ00001848,ALU00154,2026-12-01,92.01
FREQ00001849,ALU00155,2026-01-01,92.82
FREQ00001850,ALU00155,2026-02-01,93.96
FREQ00001851,ALU00155,2026-03-01,93.75
FREQ00001852,ALU00155,2026-04-01,89.43
FREQ00001853,ALU00155,2026-05-01,93.13
FREQ00001854,ALU00155,2026-06-01,89.11
FREQ00001855,ALU00155,2026-07-01,91.91
FREQ00001856,ALU00155,2026-08-01,91.84
FREQ00001857,ALU00155,2026-09-01,89.56
FREQ00001858,ALU00155,2026-10-01,95.53
FREQ00001859,ALU00155,2026-11-01,90.19
FREQ00001860,ALU00155,2026-12-01,98.04
FREQ00001861,ALU00156,2026-01-01,91.06
FREQ00001862,ALU00156,2026-02-01,95.41
FREQ00001863,ALU00156,2026-03-01,89.41
FREQ00001864,ALU00156,2026-04-01,98.37
FREQ00001865,ALU00156,2026-05-01,94.22
FREQ00001866,ALU00156,2026-06-01,89.71
FREQ00001867,ALU00156,2026-07-01,87.03
FREQ00001868,ALU00156,2026-08-01,95.38
FREQ00001869,ALU00156,2026-09-01,98.45
FREQ00001870,ALU00156,2026-10-01,90.79
FREQ00001871,ALU00156,2026-11-01,97.73
FREQ00001872,ALU00156,2026-12-01,87.06
FREQ00001873,ALU00157,2026-01-01,92.6
FREQ00001874,ALU00157,2026-02-01,90.96
FREQ00001875,ALU00157,2026-03-01,98.8
FREQ00001876,ALU00157,2026-04-01,98.63
FREQ00001877,ALU00157,2026-05-01,92.48
FREQ00001878,ALU00157,2026-06-01,94.87
FREQ00001879,ALU00157,2026-07-01,87.24
FREQ00001880,ALU00157,2026-08-01,93.35
FREQ00001881,ALU00157,2026-09-01,98.13
FREQ00001882,ALU00157,2026-10-01,97.88
FREQ00001883,ALU00157,2026-11-01,95.05
FREQ00001884,ALU00157,2026-12-01,89.24
FREQ00001885,ALU00158,2026-01-01,89.65
FREQ00001886,ALU00158,2026-02-01,97.07
FREQ00001887,ALU00158,2026-03-01,96.19
FREQ00001888,ALU00158,2026-04-01,95.42
FREQ00001889,ALU00158,2026-05-01,95.56
FREQ00001890,ALU00158,2026-06-01,88.65
FREQ00001891,ALU00158,2026-07-01,91.08
FREQ00001892,ALU00158,2026-08-01,96.24
FREQ00001893,ALU00158,2026-09-01,88.64
FREQ00001894,ALU00158,2026-10-01,93.71
FREQ00001895,ALU00158,2026-11-01,87.05
FREQ00001896,ALU00158,2026-12-01,94.69
FREQ00001897,ALU00159,2026-01-01,91.67
FREQ00001898,ALU00159,2026-02-01,88.25
FREQ00001899,ALU00159,2026-03-01,87.08
FREQ00001900,ALU00159,2026-04-01,94.36
FREQ00001901,ALU00159,2026-05-01,96.44
FREQ00001902,ALU00159,2026-06-01,98.75
FREQ00001903,ALU00159,2026-07-01,96.74
FREQ00001904,ALU00159,2026-08-01,92.57
FREQ00001905,ALU00159,2026-09-01,94.89
FREQ00001906,ALU00159,2026-10-01,96.95
FREQ00001907,ALU00159,2026-11-01,90.97
FREQ00001908,ALU00159,2026-12-01,97.36
FREQ00001909,ALU00160,2026-01-01,97.65
FREQ00001910,ALU00160,2026-02-01,93.11
FREQ00001911,ALU00160,2026-03-01,91.83
FREQ00001912,ALU00160,2026-04-01,97.17
FREQ00001913,ALU00160,2026-05-01,94.22
FREQ00001914,ALU00160,2026-06-01,95.52
FREQ00001915,ALU00160,2026-07-01,89.73
FREQ00001916,ALU00160,2026-08-01,87.85
FREQ00001917,ALU00160,2026-09-01,91.94
FREQ00001918,ALU00160,2026-10-01,88.52
FREQ00001919,ALU00160,2026-11-01,97.42
FREQ00001920,ALU00160,2026-12-01,93.25
FREQ00001921,ALU00161,2026-01-01,97.12
FREQ00001922,ALU00161,2026-02-01,92.55
FREQ00001923,ALU00161,2026-03-01,88.9
FREQ00001924,ALU00161,2026-04-01,91.45
FREQ00001925,ALU00161,2026-05-01,90.26
FREQ00001926,ALU00161,2026-06-01,95.27
FREQ00001927,ALU00161,2026-07-01,88.6
FREQ00001928,ALU00161,2026-08-01,91.66
FREQ00001929,ALU00161,2026-09-01,96.25
FREQ00001930,ALU00161,2026-10-01,93.89
FREQ00001931,ALU00161,2026-11-01,87.39
FREQ00001932,ALU00161,2026-12-01,90.7
FREQ00001933,ALU00162,2026-01-01,96.63
FREQ00001934,ALU00162,2026-02-01,88.88
FREQ00001935,ALU00162,2026-03-01,92.82
FREQ00001936,ALU00162,2026-04-01,91.23
FREQ00001937,ALU00162,2026-05-01,95.02
FREQ00001938,ALU00162,2026-06-01,96.76
FREQ00001939,ALU00162,2026-07-01,92.37
FREQ00001940,ALU00162,2026-08-01,91.78
FREQ00001941,ALU00162,2026-09-01,95.94
FREQ00001942,ALU00162,2026-10-01,96.84
FREQ00001943,ALU00162,2026-11-01,91.02
FREQ00001944,ALU00162,2026-12-01,98.59
FREQ00001945,ALU00163,2026-01-01,96.19
FREQ00001946,ALU00163,2026-02-01,94.45
FREQ00001947,ALU00163,2026-03-01,93.52
FREQ00001948,ALU00163,2026-04-01,95.56
FREQ00001949,ALU00163,2026-05-01,92.13
FREQ00001950,ALU00163,2026-06-01,96.9
FREQ00001951,ALU00163,2026-07-01,90.22
FREQ00001952,ALU00163,2026-08-01,98.78
FREQ00001953,ALU00163,2026-09-01,91.6
FREQ00001954,ALU00163,2026-10-01,94.69
FREQ00001955,ALU00163,2026-11-01,90.42
FREQ00001956,ALU00163,2026-12-01,92.47
FREQ00001957,ALU00164,2026-01-01,91.2
FREQ00001958,ALU00164,2026-02-01,96.98
FREQ00001959,ALU00164,2026-03-01,93.91
FREQ00001960,ALU00164,2026-04-01,88.71
FREQ00001961,ALU00164,2026-05-01,96.08
FREQ00001962,ALU00164,2026-06-01,95.6
FREQ00001963,ALU00164,2026-07-01,95.08
FREQ00001964,ALU00164,2026-08-01,92.78
FREQ00001965,ALU00164,2026-09-01,94.36
FREQ00001966,ALU00164,2026-10-01,92.98
FREQ00001967,ALU00164,2026-11-01,91.72
FREQ00001968,ALU00164,2026-12-01,93.32
FREQ00001969,ALU00165,2026-01-01,93.08
FREQ00001970,ALU00165,2026-02-01,91.26
FREQ00001971,ALU00165,2026-03-01,93.5
FREQ00001972,ALU00165,2026-04-01,91.64
FREQ00001973,ALU00165,2026-05-01,91.71
FREQ00001974,ALU00165,2026-06-01,96.32
FREQ00001975,ALU00165,2026-07-01,96.23
FREQ00001976,ALU00165,2026-08-01,96.07
FREQ00001977,ALU00165,2026-09-01,96.38
FREQ00001978,ALU00165,2026-10-01,87.54
FREQ00001979,ALU00165,2026-11-01,95.78
FREQ00001980,ALU00165,2026-12-01,92.25
FREQ00001981,ALU00166,2026-01-01,96.14
FREQ00001982,ALU00166,2026-02-01,91.4
FREQ00001983,ALU00166,2026-03-01,96.02
FREQ00001984,ALU00166,2026-04-01,88.2
FREQ00001985,ALU00166,2026-05-01,95.98
FREQ00001986,ALU00166,2026-06-01,89.87
FREQ00001987,ALU00166,2026-07-01,93.37
FREQ00001988,ALU00166,2026-08-01,89.62
FREQ00001989,ALU00166,2026-09-01,92.02
FREQ00001990,ALU00166,2026-10-01,93.48
FREQ00001991,ALU00166,2026-11-01,97.12
FREQ00001992,ALU00166,2026-12-01,92.85
FREQ00001993,ALU00167,2026-01-01,90.3
FREQ00001994,ALU00167,2026-02-01,92.48
FREQ00001995,ALU00167,2026-03-01,90.18
FREQ00001996,ALU00167,2026-04-01,93.56
FREQ00001997,ALU00167,2026-05-01,92.91
FREQ00001998,ALU00167,2026-06-01,91.24
FREQ00001999,ALU00167,2026-07-01,90.94
FREQ00002000,ALU00167,2026-08-01,88.74
FREQ00002001,ALU00167,2026-09-01,89.36
FREQ00002002,ALU00167,2026-10-01,95.25
FREQ00002003,ALU00167,2026-11-01,90.58
FREQ00002004,ALU00167,2026-12-01,88.16
FREQ00002005,ALU00168,2026-01-01,95.76
FREQ00002006,ALU00168,2026-02-01,89.52
FREQ00002007,ALU00168,2026-03-01,89.66
FREQ00002008,ALU00168,2026-04-01,93.52
FREQ00002009,ALU00168,2026-05-01,98.29
FREQ00002010,ALU00168,2026-06-01,91.47
FREQ00002011,ALU00168,2026-07-01,93.37
FREQ00002012,ALU00168,2026-08-01,91.89
FREQ00002013,ALU00168,2026-09-01,89.08
FREQ00002014,ALU00168,2026-10-01,98.24
FREQ00002015,ALU00168,2026-11-01,87.79
FREQ00002016,ALU00168,2026-12-01,89.22
FREQ00002017,ALU00169,2026-01-01,87.06
FREQ00002018,ALU00169,2026-02-01,90.22
FREQ00002019,ALU00169,2026-03-01,98.3
FREQ00002020,ALU00169,2026-04-01,94.95
FREQ00002021,ALU00169,2026-05-01,87.05
FREQ00002022,ALU00169,2026-06-01,92.23
FREQ00002023,ALU00169,2026-07-01,90.22
FREQ00002024,ALU00169,2026-08-01,94.79
FREQ00002025,ALU00169,2026-09-01,96.54
FREQ00002026,ALU00169,2026-10-01,98.9
FREQ00002027,ALU00169,2026-11-01,96.16
FREQ00002028,ALU00169,2026-12-01,91.86
FREQ00002029,ALU00170,2026-01-01,93.87
FREQ00002030,ALU00170,2026-02-01,88.46
FREQ00002031,ALU00170,2026-03-01,87.74
FREQ00002032,ALU00170,2026-04-01,88.67
FREQ00002033,ALU00170,2026-05-01,88.15
FREQ00002034,ALU00170,2026-06-01,98.41
FREQ00002035,ALU00170,2026-07-01,95.32
FREQ00002036,ALU00170,2026-08-01,93.57
FREQ00002037,ALU00170,2026-09-01,91.88
FREQ00002038,ALU00170,2026-10-01,90.25
FREQ00002039,ALU00170,2026-11-01,92.48
FREQ00002040,ALU00170,2026-12-01,97.58
FREQ00002041,ALU00171,2026-01-01,95.85
FREQ00002042,ALU00171,2026-02-01,93.93
FREQ00002043,ALU00171,2026-03-01,91.15
FREQ00002044,ALU00171,2026-04-01,90.79
FREQ00002045,ALU00171,2026-05-01,98.59
FREQ00002046,ALU00171,2026-06-01,96.49
FREQ00002047,ALU00171,2026-07-01,93.2
FREQ00002048,ALU00171,2026-08-01,90.49
FREQ00002049,ALU00171,2026-09-01,96.65
FREQ00002050,ALU00171,2026-10-01,91.15
FREQ00002051,ALU00171,2026-11-01,92.41
FREQ00002052,ALU00171,2026-12-01,97.27
FREQ00002053,ALU00172,2026-01-01,94.37
FREQ00002054,ALU00172,2026-02-01,97.39
FREQ00002055,ALU00172,2026-03-01,96.15
FREQ00002056,ALU00172,2026-04-01,96.1
FREQ00002057,ALU00172,2026-05-01,92.79
FREQ00002058,ALU00172,2026-06-01,96.01
FREQ00002059,ALU00172,2026-07-01,97.34
FREQ00002060,ALU00172,2026-08-01,95.32
FREQ00002061,ALU00172,2026-09-01,90.81
FREQ00002062,ALU00172,2026-10-01,90.76
FREQ00002063,ALU00172,2026-11-01,95.34
FREQ00002064,ALU00172,2026-12-01,88.56
FREQ00002065,ALU00173,2026-01-01,93.97
FREQ00002066,ALU00173,2026-02-01,97.72
FREQ00002067,ALU00173,2026-03-01,89.7
FREQ00002068,ALU00173,2026-04-01,94.4
FREQ00002069,ALU00173,2026-05-01,92.19
FREQ00002070,ALU00173,2026-06-01,95.05
FREQ00002071,ALU00173,2026-07-01,90.17
FREQ00002072,ALU00173,2026-08-01,93.72
FREQ00002073,ALU00173,2026-09-01,88.75
FREQ00002074,ALU00173,2026-10-01,88.02
FREQ00002075,ALU00173,2026-11-01,96.39
FREQ00002076,ALU00173,2026-12-01,98.88
FREQ00002077,ALU00174,2026-01-01,88.51
FREQ00002078,ALU00174,2026-02-01,88.69
FREQ00002079,ALU00174,2026-03-01,90.36
FREQ00002080,ALU00174,2026-04-01,90.34
FREQ00002081,ALU00174,2026-05-01,97.23
FREQ00002082,ALU00174,2026-06-01,90.86
FREQ00002083,ALU00174,2026-07-01,87.96
FREQ00002084,ALU00174,2026-08-01,98.01
FREQ00002085,ALU00174,2026-09-01,93.18
FREQ00002086,ALU00174,2026-10-01,87.04
FREQ00002087,ALU00174,2026-11-01,95.25
FREQ00002088,ALU00174,2026-12-01,88.0
FREQ00002089,ALU00175,2026-01-01,97.31
FREQ00002090,ALU00175,2026-02-01,89.81
FREQ00002091,ALU00175,2026-03-01,98.85
FREQ00002092,ALU00175,2026-04-01,87.54
FREQ00002093,ALU00175,2026-05-01,87.47
FREQ00002094,ALU00175,2026-06-01,92.35
FREQ00002095,ALU00175,2026-07-01,96.02
FREQ00002096,ALU00175,2026-08-01,97.01
FREQ00002097,ALU00175,2026-09-01,90.16
FREQ00002098,ALU00175,2026-10-01,90.52
FREQ00002099,ALU00175,2026-11-01,97.52
FREQ00002100,ALU00175,2026-12-01,98.6
FREQ00002101,ALU00176,2026-01-01,94.42
FREQ00002102,ALU00176,2026-02-01,88.23
FREQ00002103,ALU00176,2026-03-01,93.58
FREQ00002104,ALU00176,2026-04-01,94.41
FREQ00002105,ALU00176,2026-05-01,94.43
FREQ00002106,ALU00176,2026-06-01,90.45
FREQ00002107,ALU00176,2026-07-01,87.79
FREQ00002108,ALU00176,2026-08-01,94.45
FREQ00002109,ALU00176,2026-09-01,95.23
FREQ00002110,ALU00176,2026-10-01,91.62
FREQ00002111,ALU00176,2026-11-01,98.46
FREQ00002112,ALU00176,2026-12-01,88.5
FREQ00002113,ALU00177,2026-01-01,87.17
FREQ00002114,ALU00177,2026-02-01,91.58
FREQ00002115,ALU00177,2026-03-01,92.24
FREQ00002116,ALU00177,2026-04-01,91.22
FREQ00002117,ALU00177,2026-05-01,88.18
FREQ00002118,ALU00177,2026-06-01,92.23
FREQ00002119,ALU00177,2026-07-01,96.74
FREQ00002120,ALU00177,2026-08-01,92.85
FREQ00002121,ALU00177,2026-09-01,89.27
FREQ00002122,ALU00177,2026-10-01,87.71
FREQ00002123,ALU00177,2026-11-01,88.65
FREQ00002124,ALU00177,2026-12-01,98.84
FREQ00002125,ALU00178,2026-01-01,87.47
FREQ00002126,ALU00178,2026-02-01,92.79
FREQ00002127,ALU00178,2026-03-01,95.57
FREQ00002128,ALU00178,2026-04-01,87.66
FREQ00002129,ALU00178,2026-05-01,88.76
FREQ00002130,ALU00178,2026-06-01,87.7
FREQ00002131,ALU00178,2026-07-01,90.87
FREQ00002132,ALU00178,2026-08-01,91.96
FREQ00002133,ALU00178,2026-09-01,87.52
FREQ00002134,ALU00178,2026-10-01,94.37
FREQ00002135,ALU00178,2026-11-01,94.83
FREQ00002136,ALU00178,2026-12-01,98.63
FREQ00002137,ALU00179,2026-01-01,91.17
FREQ00002138,ALU00179,2026-02-01,95.99
FREQ00002139,ALU00179,2026-03-01,95.72
FREQ00002140,ALU00179,2026-04-01,95.41
FREQ00002141,ALU00179,2026-05-01,88.79
FREQ00002142,ALU00179,2026-06-01,95.7
FREQ00002143,ALU00179,2026-07-01,92.07
FREQ00002144,ALU00179,2026-08-01,87.98
FREQ00002145,ALU00179,2026-09-01,88.02
FREQ00002146,ALU00179,2026-10-01,98.88
FREQ00002147,ALU00179,2026-11-01,92.34
FREQ00002148,ALU00179,2026-12-01,93.52
FREQ00002149,ALU00180,2026-01-01,93.87
FREQ00002150,ALU00180,2026-02-01,93.68
FREQ00002151,ALU00180,2026-03-01,91.32
FREQ00002152,ALU00180,2026-04-01,97.0
FREQ00002153,ALU00180,2026-05-01,87.2
FREQ00002154,ALU00180,2026-06-01,90.11
FREQ00002155,ALU00180,2026-07-01,97.05
FREQ00002156,ALU00180,2026-08-01,91.54
FREQ00002157,ALU00180,2026-09-01,88.32
FREQ00002158,ALU00180,2026-10-01,87.35
FREQ00002159,ALU00180,2026-11-01,96.73
FREQ00002160,ALU00180,2026-12-01,90.8
FREQ00002161,ALU00181,2026-01-01,98.01
FREQ00002162,ALU00181,2026-02-01,91.32
FREQ00002163,ALU00181,2026-03-01,97.69
FREQ00002164,ALU00181,2026-04-01,97.71
FREQ00002165,ALU00181,2026-05-01,93.17
FREQ00002166,ALU00181,2026-06-01,94.52
FREQ00002167,ALU00181,2026-07-01,88.69
FREQ00002168,ALU00181,2026-08-01,90.88
FREQ00002169,ALU00181,2026-09-01,88.51
FREQ00002170,ALU00181,2026-10-01,87.94
FREQ00002171,ALU00181,2026-11-01,93.86
FREQ00002172,ALU00181,2026-12-01,94.68
FREQ00002173,ALU00182,2026-01-01,99.0
FREQ00002174,ALU00182,2026-02-01,90.06
FREQ00002175,ALU00182,2026-03-01,87.75
FREQ00002176,ALU00182,2026-04-01,91.77
FREQ00002177,ALU00182,2026-05-01,92.75
FREQ00002178,ALU00182,2026-06-01,96.14
FREQ00002179,ALU00182,2026-07-01,95.79
FREQ00002180,ALU00182,2026-08-01,94.52
FREQ00002181,ALU00182,2026-09-01,91.42
FREQ00002182,ALU00182,2026-10-01,96.95
FREQ00002183,ALU00182,2026-11-01,94.9
FREQ00002184,ALU00182,2026-12-01,95.15
FREQ00002185,ALU00183,2026-01-01,94.56
FREQ00002186,ALU00183,2026-02-01,96.44
FREQ00002187,ALU00183,2026-03-01,94.34
FREQ00002188,ALU00183,2026-04-01,98.2
FREQ00002189,ALU00183,2026-05-01,90.09
FREQ00002190,ALU00183,2026-06-01,97.65
FREQ00002191,ALU00183,2026-07-01,87.37
FREQ00002192,ALU00183,2026-08-01,89.31
FREQ00002193,ALU00183,2026-09-01,97.18
FREQ00002194,ALU00183,2026-10-01,88.16
FREQ00002195,ALU00183,2026-11-01,90.98
FREQ00002196,ALU00183,2026-12-01,96.06
FREQ00002197,ALU00184,2026-01-01,89.05
FREQ00002198,ALU00184,2026-02-01,98.86
FREQ00002199,ALU00184,2026-03-01,89.26
FREQ00002200,ALU00184,2026-04-01,89.2
FREQ00002201,ALU00184,2026-05-01,97.21
FREQ00002202,ALU00184,2026-06-01,87.5
FREQ00002203,ALU00184,2026-07-01,92.67
FREQ00002204,ALU00184,2026-08-01,91.34
FREQ00002205,ALU00184,2026-09-01,90.45
FREQ00002206,ALU00184,2026-10-01,89.4
FREQ00002207,ALU00184,2026-11-01,96.23
FREQ00002208,ALU00184,2026-12-01,96.72
FREQ00002209,ALU00185,2026-01-01,92.46
FREQ00002210,ALU00185,2026-02-01,90.66
FREQ00002211,ALU00185,2026-03-01,96.14
FREQ00002212,ALU00185,2026-04-01,90.06
FREQ00002213,ALU00185,2026-05-01,88.37
FREQ00002214,ALU00185,2026-06-01,93.98
FREQ00002215,ALU00185,2026-07-01,88.31
FREQ00002216,ALU00185,2026-08-01,91.15
FREQ00002217,ALU00185,2026-09-01,98.48
FREQ00002218,ALU00185,2026-10-01,95.65
FREQ00002219,ALU00185,2026-11-01,91.97
FREQ00002220,ALU00185,2026-12-01,96.47
FREQ00002221,ALU00186,2026-01-01,88.03
FREQ00002222,ALU00186,2026-02-01,95.18
FREQ00002223,ALU00186,2026-03-01,96.42
FREQ00002224,ALU00186,2026-04-01,92.82
FREQ00002225,ALU00186,2026-05-01,95.93
FREQ00002226,ALU00186,2026-06-01,88.58
FREQ00002227,ALU00186,2026-07-01,91.96
FREQ00002228,ALU00186,2026-08-01,95.19
FREQ00002229,ALU00186,2026-09-01,95.27
FREQ00002230,ALU00186,2026-10-01,91.58
FREQ00002231,ALU00186,2026-11-01,93.97
FREQ00002232,ALU00186,2026-12-01,87.94
FREQ00002233,ALU00187,2026-01-01,93.23
FREQ00002234,ALU00187,2026-02-01,95.2
FREQ00002235,ALU00187,2026-03-01,98.69
FREQ00002236,ALU00187,2026-04-01,91.55
FREQ00002237,ALU00187,2026-05-01,89.36
FREQ00002238,ALU00187,2026-06-01,92.38
FREQ00002239,ALU00187,2026-07-01,91.51
FREQ00002240,ALU00187,2026-08-01,97.17
FREQ00002241,ALU00187,2026-09-01,96.78
FREQ00002242,ALU00187,2026-10-01,98.4
FREQ00002243,ALU00187,2026-11-01,97.48
FREQ00002244,ALU00187,2026-12-01,95.99
FREQ00002245,ALU00188,2026-01-01,90.97
FREQ00002246,ALU00188,2026-02-01,88.3
FREQ00002247,ALU00188,2026-03-01,90.22
FREQ00002248,ALU00188,2026-04-01,94.38
FREQ00002249,ALU00188,2026-05-01,98.75
FREQ00002250,ALU00188,2026-06-01,88.68
FREQ00002251,ALU00188,2026-07-01,97.94
FREQ00002252,ALU00188,2026-08-01,95.37
FREQ00002253,ALU00188,2026-09-01,89.98
FREQ00002254,ALU00188,2026-10-01,93.92
FREQ00002255,ALU00188,2026-11-01,92.21
FREQ00002256,ALU00188,2026-12-01,91.15
FREQ00002257,ALU00189,2026-01-01,97.19
FREQ00002258,ALU00189,2026-02-01,94.53
FREQ00002259,ALU00189,2026-03-01,93.91
FREQ00002260,ALU00189,2026-04-01,95.46
FREQ00002261,ALU00189,2026-05-01,96.25
FREQ00002262,ALU00189,2026-06-01,87.74
FREQ00002263,ALU00189,2026-07-01,92.82
FREQ00002264,ALU00189,2026-08-01,98.28
FREQ00002265,ALU00189,2026-09-01,96.68
FREQ00002266,ALU00189,2026-10-01,95.3
FREQ00002267,ALU00189,2026-11-01,95.88
FREQ00002268,ALU00189,2026-12-01,96.36
FREQ00002269,ALU00190,2026-01-01,96.58
FREQ00002270,ALU00190,2026-02-01,90.99
FREQ00002271,ALU00190,2026-03-01,91.71
FREQ00002272,ALU00190,2026-04-01,94.24
FREQ00002273,ALU00190,2026-05-01,88.39
FREQ00002274,ALU00190,2026-06-01,97.48
FREQ00002275,ALU00190,2026-07-01,88.87
FREQ00002276,ALU00190,2026-08-01,89.27
FREQ00002277,ALU00190,2026-09-01,98.11
FREQ00002278,ALU00190,2026-10-01,92.93
FREQ00002279,ALU00190,2026-11-01,88.99
FREQ00002280,ALU00190,2026-12-01,92.29
FREQ00002281,ALU00191,2026-01-01,89.86
FREQ00002282,ALU00191,2026-02-01,98.47
FREQ00002283,ALU00191,2026-03-01,98.29
FREQ00002284,ALU00191,2026-04-01,87.79
FREQ00002285,ALU00191,2026-05-01,87.13
FREQ00002286,ALU00191,2026-06-01,96.79
FREQ00002287,ALU00191,2026-07-01,92.62
FREQ00002288,ALU00191,2026-08-01,94.39
FREQ00002289,ALU00191,2026-09-01,95.71
FREQ00002290,ALU00191,2026-10-01,93.4
FREQ00002291,ALU00191,2026-11-01,96.84
FREQ00002292,ALU00191,2026-12-01,88.05
FREQ00002293,ALU00192,2026-01-01,93.75
FREQ00002294,ALU00192,2026-02-01,93.12
FREQ00002295,ALU00192,2026-03-01,94.37
FREQ00002296,ALU00192,2026-04-01,87.54
FREQ00002297,ALU00192,2026-05-01,88.58
FREQ00002298,ALU00192,2026-06-01,97.99
FREQ00002299,ALU00192,2026-07-01,92.85
FREQ00002300,ALU00192,2026-08-01,89.09
FREQ00002301,ALU00192,2026-09-01,87.18
FREQ00002302,ALU00192,2026-10-01,94.77
FREQ00002303,ALU00192,2026-11-01,97.04
FREQ00002304,ALU00192,2026-12-01,92.36
FREQ00002305,ALU00193,2026-01-01,87.96
FREQ00002306,ALU00193,2026-02-01,95.1
FREQ00002307,ALU00193,2026-03-01,88.45
FREQ00002308,ALU00193,2026-04-01,91.54
FREQ00002309,ALU00193,2026-05-01,98.82
FREQ00002310,ALU00193,2026-06-01,89.69
FREQ00002311,ALU00193,2026-07-01,94.92
FREQ00002312,ALU00193,2026-08-01,91.53
FREQ00002313,ALU00193,2026-09-01,98.22
FREQ00002314,ALU00193,2026-10-01,92.72
FREQ00002315,ALU00193,2026-11-01,89.79
FREQ00002316,ALU00193,2026-12-01,93.5
FREQ00002317,ALU00194,2026-01-01,96.49
FREQ00002318,ALU00194,2026-02-01,90.83
FREQ00002319,ALU00194,2026-03-01,88.68
FREQ00002320,ALU00194,2026-04-01,98.32
FREQ00002321,ALU00194,2026-05-01,94.77
FREQ00002322,ALU00194,2026-06-01,89.2
FREQ00002323,ALU00194,2026-07-01,89.13
FREQ00002324,ALU00194,2026-08-01,91.96
FREQ00002325,ALU00194,2026-09-01,93.61
FREQ00002326,ALU00194,2026-10-01,95.61
FREQ00002327,ALU00194,2026-11-01,91.73
FREQ00002328,ALU00194,2026-12-01,93.17
FREQ00002329,ALU00195,2026-01-01,87.42
FREQ00002330,ALU00195,2026-02-01,90.33
FREQ00002331,ALU00195,2026-03-01,95.54
FREQ00002332,ALU00195,2026-04-01,93.86
FREQ00002333,ALU00195,2026-05-01,98.99
FREQ00002334,ALU00195,2026-06-01,95.64
FREQ00002335,ALU00195,2026-07-01,88.08
FREQ00002336,ALU00195,2026-08-01,92.46
FREQ00002337,ALU00195,2026-09-01,92.4
FREQ00002338,ALU00195,2026-10-01,93.96
FREQ00002339,ALU00195,2026-11-01,88.49
FREQ00002340,ALU00195,2026-12-01,92.22
FREQ00002341,ALU00196,2026-01-01,98.1
FREQ00002342,ALU00196,2026-02-01,97.28
FREQ00002343,ALU00196,2026-03-01,90.24
FREQ00002344,ALU00196,2026-04-01,93.62
FREQ00002345,ALU00196,2026-05-01,97.0
FREQ00002346,ALU00196,2026-06-01,90.36
FREQ00002347,ALU00196,2026-07-01,87.15
FREQ00002348,ALU00196,2026-08-01,93.06
FREQ00002349,ALU00196,2026-09-01,87.13
FREQ00002350,ALU00196,2026-10-01,91.18
FREQ00002351,ALU00196,2026-11-01,93.5
FREQ00002352,ALU00196,2026-12-01,98.19
FREQ00002353,ALU00197,2026-01-01,90.35
FREQ00002354,ALU00197,2026-02-01,89.89
FREQ00002355,ALU00197,2026-03-01,93.05
FREQ00002356,ALU00197,2026-04-01,87.87
FREQ00002357,ALU00197,2026-05-01,87.56
FREQ00002358,ALU00197,2026-06-01,97.63
FREQ00002359,ALU00197,2026-07-01,89.51
FREQ00002360,ALU00197,2026-08-01,98.3
FREQ00002361,ALU00197,2026-09-01,94.3
FREQ00002362,ALU00197,2026-10-01,87.32
FREQ00002363,ALU00197,2026-11-01,96.39
FREQ00002364,ALU00197,2026-12-01,95.67
FREQ00002365,ALU00198,2026-01-01,91.02
FREQ00002366,ALU00198,2026-02-01,95.8
FREQ00002367,ALU00198,2026-03-01,91.52
FREQ00002368,ALU00198,2026-04-01,97.85
FREQ00002369,ALU00198,2026-05-01,88.81
FREQ00002370,ALU00198,2026-06-01,90.43
FREQ00002371,ALU00198,2026-07-01,94.78
FREQ00002372,ALU00198,2026-08-01,92.84
FREQ00002373,ALU00198,2026-09-01,88.61
FREQ00002374,ALU00198,2026-10-01,98.58
FREQ00002375,ALU00198,2026-11-01,89.71
FREQ00002376,ALU00198,2026-12-01,94.66
FREQ00002377,ALU00199,2026-01-01,98.73
FREQ00002378,ALU00199,2026-02-01,87.12
FREQ00002379,ALU00199,2026-03-01,98.74
FREQ00002380,ALU00199,2026-04-01,94.75
FREQ00002381,ALU00199,2026-05-01,96.29
FREQ00002382,ALU00199,2026-06-01,96.55
FREQ00002383,ALU00199,2026-07-01,91.97
FREQ00002384,ALU00199,2026-08-01,94.94
FREQ00002385,ALU00199,2026-09-01,97.27
FREQ00002386,ALU00199,2026-10-01,97.73
FREQ00002387,ALU00199,2026-11-01,90.72
FREQ00002388,ALU00199,2026-12-01,96.76
FREQ00002389,ALU00200,2026-01-01,89.15
FREQ00002390,ALU00200,2026-02-01,87.23
FREQ00002391,ALU00200,2026-03-01,88.0
FREQ00002392,ALU00200,2026-04-01,88.96
FREQ00002393,ALU00200,2026-05-01,98.44
FREQ00002394,ALU00200,2026-06-01,94.66
FREQ00002395,ALU00200,2026-07-01,94.3
FREQ00002396,ALU00200,2026-08-01,88.04
FREQ00002397,ALU00200,2026-09-01,93.5
FREQ00002398,ALU00200,2026-10-01,95.35
FREQ00002399,ALU00200,2026-11-01,92.64
FREQ00002400,ALU00200,2026-12-01,95.02
FREQ00002401,ALU00201,2026-01-01,94.0
FREQ00002402,ALU00201,2026-02-01,90.97
FREQ00002403,ALU00201,2026-03-01,98.11
FREQ00002404,ALU00201,2026-04-01,90.38
FREQ00002405,ALU00201,2026-05-01,88.75
FREQ00002406,ALU00201,2026-06-01,91.64
FREQ00002407,ALU00201,2026-07-01,97.6
FREQ00002408,ALU00201,2026-08-01,88.68
FREQ00002409,ALU00201,2026-09-01,91.36
FREQ00002410,ALU00201,2026-10-01,89.76
FREQ00002411,ALU00201,2026-11-01,88.7
FREQ00002412,ALU00201,2026-12-01,97.02
FREQ00002413,ALU00202,2026-01-01,96.33
FREQ00002414,ALU00202,2026-02-01,87.69
FREQ00002415,ALU00202,2026-03-01,93.43
FREQ00002416,ALU00202,2026-04-01,90.7
FREQ00002417,ALU00202,2026-05-01,91.36
FREQ00002418,ALU00202,2026-06-01,87.83
FREQ00002419,ALU00202,2026-07-01,88.38
FREQ00002420,ALU00202,2026-08-01,97.24
FREQ00002421,ALU00202,2026-09-01,87.89
FREQ00002422,ALU00202,2026-10-01,93.28
FREQ00002423,ALU00202,2026-11-01,93.58
FREQ00002424,ALU00202,2026-12-01,91.18
FREQ00002425,ALU00203,2026-01-01,89.66
FREQ00002426,ALU00203,2026-02-01,92.76
FREQ00002427,ALU00203,2026-03-01,87.66
FREQ00002428,ALU00203,2026-04-01,96.37
FREQ00002429,ALU00203,2026-05-01,95.91
FREQ00002430,ALU00203,2026-06-01,95.68
FREQ00002431,ALU00203,2026-07-01,91.76
FREQ00002432,ALU00203,2026-08-01,88.15
FREQ00002433,ALU00203,2026-09-01,95.53
FREQ00002434,ALU00203,2026-10-01,92.94
FREQ00002435,ALU00203,2026-11-01,98.46
FREQ00002436,ALU00203,2026-12-01,87.27
FREQ00002437,ALU00204,2026-01-01,90.11
FREQ00002438,ALU00204,2026-02-01,91.03
FREQ00002439,ALU00204,2026-03-01,91.68
FREQ00002440,ALU00204,2026-04-01,95.71
FREQ00002441,ALU00204,2026-05-01,92.13
FREQ00002442,ALU00204,2026-06-01,95.13
FREQ00002443,ALU00204,2026-07-01,89.39
FREQ00002444,ALU00204,2026-08-01,89.1
FREQ00002445,ALU00204,2026-09-01,98.17
FREQ00002446,ALU00204,2026-10-01,94.52
FREQ00002447,ALU00204,2026-11-01,95.06
FREQ00002448,ALU00204,2026-12-01,94.12
FREQ00002449,ALU00205,2026-01-01,91.35
FREQ00002450,ALU00205,2026-02-01,92.34
FREQ00002451,ALU00205,2026-03-01,90.13
FREQ00002452,ALU00205,2026-04-01,89.67
FREQ00002453,ALU00205,2026-05-01,97.96
FREQ00002454,ALU00205,2026-06-01,87.69
FREQ00002455,ALU00205,2026-07-01,89.46
FREQ00002456,ALU00205,2026-08-01,94.74
FREQ00002457,ALU00205,2026-09-01,92.44
FREQ00002458,ALU00205,2026-10-01,94.69
FREQ00002459,ALU00205,2026-11-01,87.16
FREQ00002460,ALU00205,2026-12-01,90.39
FREQ00002461,ALU00206,2026-01-01,95.63
FREQ00002462,ALU00206,2026-02-01,95.48
FREQ00002463,ALU00206,2026-03-01,94.95
FREQ00002464,ALU00206,2026-04-01,88.69
FREQ00002465,ALU00206,2026-05-01,96.87
FREQ00002466,ALU00206,2026-06-01,90.42
FREQ00002467,ALU00206,2026-07-01,87.59
FREQ00002468,ALU00206,2026-08-01,96.64
FREQ00002469,ALU00206,2026-09-01,89.54
FREQ00002470,ALU00206,2026-10-01,98.78
FREQ00002471,ALU00206,2026-11-01,95.0
FREQ00002472,ALU00206,2026-12-01,95.03
FREQ00002473,ALU00207,2026-01-01,95.12
FREQ00002474,ALU00207,2026-02-01,91.75
FREQ00002475,ALU00207,2026-03-01,89.01
FREQ00002476,ALU00207,2026-04-01,92.96
FREQ00002477,ALU00207,2026-05-01,94.91
FREQ00002478,ALU00207,2026-06-01,93.88
FREQ00002479,ALU00207,2026-07-01,98.59
FREQ00002480,ALU00207,2026-08-01,90.69
FREQ00002481,ALU00207,2026-09-01,94.76
FREQ00002482,ALU00207,2026-10-01,98.2
FREQ00002483,ALU00207,2026-11-01,93.37
FREQ00002484,ALU00207,2026-12-01,95.83
FREQ00002485,ALU00208,2026-01-01,92.28
FREQ00002486,ALU00208,2026-02-01,96.06
FREQ00002487,ALU00208,2026-03-01,97.89
FREQ00002488,ALU00208,2026-04-01,90.69
FREQ00002489,ALU00208,2026-05-01,92.09
FREQ00002490,ALU00208,2026-06-01,87.01
FREQ00002491,ALU00208,2026-07-01,97.51
FREQ00002492,ALU00208,2026-08-01,91.75
FREQ00002493,ALU00208,2026-09-01,92.88
FREQ00002494,ALU00208,2026-10-01,92.42
FREQ00002495,ALU00208,2026-11-01,96.04
FREQ00002496,ALU00208,2026-12-01,87.29
FREQ00002497,ALU00209,2026-01-01,96.49
FREQ00002498,ALU00209,2026-02-01,90.01
FREQ00002499,ALU00209,2026-03-01,95.6
FREQ00002500,ALU00209,2026-04-01,97.36
FREQ00002501,ALU00209,2026-05-01,91.66
FREQ00002502,ALU00209,2026-06-01,97.95
FREQ00002503,ALU00209,2026-07-01,91.02
FREQ00002504,ALU00209,2026-08-01,90.59
FREQ00002505,ALU00209,2026-09-01,92.07
FREQ00002506,ALU00209,2026-10-01,90.92
FREQ00002507,ALU00209,2026-11-01,97.29
FREQ00002508,ALU00209,2026-12-01,98.74
FREQ00002509,ALU00210,2026-01-01,90.78
FREQ00002510,ALU00210,2026-02-01,88.25
FREQ00002511,ALU00210,2026-03-01,87.19
FREQ00002512,ALU00210,2026-04-01,92.29
FREQ00002513,ALU00210,2026-05-01,97.83
FREQ00002514,ALU00210,2026-06-01,98.46
FREQ00002515,ALU00210,2026-07-01,94.89
FREQ00002516,ALU00210,2026-08-01,88.98
FREQ00002517,ALU00210,2026-09-01,93.23
FREQ00002518,ALU00210,2026-10-01,97.2
FREQ00002519,ALU00210,2026-11-01,97.66
FREQ00002520,ALU00210,2026-12-01,89.4
FREQ00002521,ALU00211,2026-01-01,98.81
FREQ00002522,ALU00211,2026-02-01,95.37
FREQ00002523,ALU00211,2026-03-01,89.3
FREQ00002524,ALU00211,2026-04-01,91.2
FREQ00002525,ALU00211,2026-05-01,87.45
FREQ00002526,ALU00211,2026-06-01,91.47
FREQ00002527,ALU00211,2026-07-01,91.68
FREQ00002528,ALU00211,2026-08-01,95.44
FREQ00002529,ALU00211,2026-09-01,87.12
FREQ00002530,ALU00211,2026-10-01,87.43
FREQ00002531,ALU00211,2026-11-01,92.14
FREQ00002532,ALU00211,2026-12-01,98.06
FREQ00002533,ALU00212,2026-01-01,93.36
FREQ00002534,ALU00212,2026-02-01,88.26
FREQ00002535,ALU00212,2026-03-01,93.45
FREQ00002536,ALU00212,2026-04-01,89.39
FREQ00002537,ALU00212,2026-05-01,95.7
FREQ00002538,ALU00212,2026-06-01,89.56
FREQ00002539,ALU00212,2026-07-01,98.29
FREQ00002540,ALU00212,2026-08-01,97.06
FREQ00002541,ALU00212,2026-09-01,93.47
FREQ00002542,ALU00212,2026-10-01,97.4
FREQ00002543,ALU00212,2026-11-01,97.28
FREQ00002544,ALU00212,2026-12-01,91.27
FREQ00002545,ALU00213,2026-01-01,88.81
FREQ00002546,ALU00213,2026-02-01,95.14
FREQ00002547,ALU00213,2026-03-01,94.01
FREQ00002548,ALU00213,2026-04-01,95.9
FREQ00002549,ALU00213,2026-05-01,92.88
FREQ00002550,ALU00213,2026-06-01,96.74
FREQ00002551,ALU00213,2026-07-01,95.05
FREQ00002552,ALU00213,2026-08-01,98.09
FREQ00002553,ALU00213,2026-09-01,95.95
FREQ00002554,ALU00213,2026-10-01,93.83
FREQ00002555,ALU00213,2026-11-01,90.74
FREQ00002556,ALU00213,2026-12-01,98.0
FREQ00002557,ALU00214,2026-01-01,96.61
FREQ00002558,ALU00214,2026-02-01,88.45
FREQ00002559,ALU00214,2026-03-01,95.71
FREQ00002560,ALU00214,2026-04-01,96.63
FREQ00002561,ALU00214,2026-05-01,98.99
FREQ00002562,ALU00214,2026-06-01,89.01
FREQ00002563,ALU00214,2026-07-01,91.77
FREQ00002564,ALU00214,2026-08-01,96.42
FREQ00002565,ALU00214,2026-09-01,94.26
FREQ00002566,ALU00214,2026-10-01,96.54
FREQ00002567,ALU00214,2026-11-01,90.88
FREQ00002568,ALU00214,2026-12-01,91.89
FREQ00002569,ALU00215,2026-01-01,90.82
FREQ00002570,ALU00215,2026-02-01,88.69
FREQ00002571,ALU00215,2026-03-01,94.4
FREQ00002572,ALU00215,2026-04-01,90.56
FREQ00002573,ALU00215,2026-05-01,97.56
FREQ00002574,ALU00215,2026-06-01,97.53
FREQ00002575,ALU00215,2026-07-01,95.97
FREQ00002576,ALU00215,2026-08-01,94.85
FREQ00002577,ALU00215,2026-09-01,95.62
FREQ00002578,ALU00215,2026-10-01,89.92
FREQ00002579,ALU00215,2026-11-01,87.24
FREQ00002580,ALU00215,2026-12-01,89.35
FREQ00002581,ALU00216,2026-01-01,87.06
FREQ00002582,ALU00216,2026-02-01,88.88
FREQ00002583,ALU00216,2026-03-01,95.77
FREQ00002584,ALU00216,2026-04-01,98.19
FREQ00002585,ALU00216,2026-05-01,88.78
FREQ00002586,ALU00216,2026-06-01,97.52
FREQ00002587,ALU00216,2026-07-01,98.34
FREQ00002588,ALU00216,2026-08-01,96.41
FREQ00002589,ALU00216,2026-09-01,93.68
FREQ00002590,ALU00216,2026-10-01,92.82
FREQ00002591,ALU00216,2026-11-01,94.83
FREQ00002592,ALU00216,2026-12-01,93.15
FREQ00002593,ALU00217,2026-01-01,87.85
FREQ00002594,ALU00217,2026-02-01,87.19
FREQ00002595,ALU00217,2026-03-01,94.04
FREQ00002596,ALU00217,2026-04-01,93.06
FREQ00002597,ALU00217,2026-05-01,94.3
FREQ00002598,ALU00217,2026-06-01,93.64
FREQ00002599,ALU00217,2026-07-01,87.15
FREQ00002600,ALU00217,2026-08-01,97.17
FREQ00002601,ALU00217,2026-09-01,92.19
FREQ00002602,ALU00217,2026-10-01,98.89
FREQ00002603,ALU00217,2026-11-01,92.22
FREQ00002604,ALU00217,2026-12-01,88.07
FREQ00002605,ALU00218,2026-01-01,89.2
FREQ00002606,ALU00218,2026-02-01,97.21
FREQ00002607,ALU00218,2026-03-01,89.06
FREQ00002608,ALU00218,2026-04-01,93.68
FREQ00002609,ALU00218,2026-05-01,96.59
FREQ00002610,ALU00218,2026-06-01,94.27
FREQ00002611,ALU00218,2026-07-01,97.45
FREQ00002612,ALU00218,2026-08-01,87.37
FREQ00002613,ALU00218,2026-09-01,90.56
FREQ00002614,ALU00218,2026-10-01,96.8
FREQ00002615,ALU00218,2026-11-01,94.2
FREQ00002616,ALU00218,2026-12-01,92.75
FREQ00002617,ALU00219,2026-01-01,90.68
FREQ00002618,ALU00219,2026-02-01,94.1
FREQ00002619,ALU00219,2026-03-01,89.02
FREQ00002620,ALU00219,2026-04-01,95.65
FREQ00002621,ALU00219,2026-05-01,90.64
FREQ00002622,ALU00219,2026-06-01,89.13
FREQ00002623,ALU00219,2026-07-01,87.0
FREQ00002624,ALU00219,2026-08-01,96.34
FREQ00002625,ALU00219,2026-09-01,89.64
FREQ00002626,ALU00219,2026-10-01,95.34
FREQ00002627,ALU00219,2026-11-01,94.66
FREQ00002628,ALU00219,2026-12-01,91.2
FREQ00002629,ALU00220,2026-01-01,88.11
FREQ00002630,ALU00220,2026-02-01,89.02
FREQ00002631,ALU00220,2026-03-01,95.78
FREQ00002632,ALU00220,2026-04-01,96.63
FREQ00002633,ALU00220,2026-05-01,98.93
FREQ00002634,ALU00220,2026-06-01,91.06
FREQ00002635,ALU00220,2026-07-01,93.11
FREQ00002636,ALU00220,2026-08-01,91.56
FREQ00002637,ALU00220,2026-09-01,90.08
FREQ00002638,ALU00220,2026-10-01,88.09
FREQ00002639,ALU00220,2026-11-01,87.88
FREQ00002640,ALU00220,2026-12-01,98.26
FREQ00002641,ALU00221,2026-01-01,89.8
FREQ00002642,ALU00221,2026-02-01,93.9
FREQ00002643,ALU00221,2026-03-01,89.79
FREQ00002644,ALU00221,2026-04-01,98.79
FREQ00002645,ALU00221,2026-05-01,88.28
FREQ00002646,ALU00221,2026-06-01,90.11
FREQ00002647,ALU00221,2026-07-01,89.53
FREQ00002648,ALU00221,2026-08-01,95.47
FREQ00002649,ALU00221,2026-09-01,94.17
FREQ00002650,ALU00221,2026-10-01,95.13
FREQ00002651,ALU00221,2026-11-01,96.16
FREQ00002652,ALU00221,2026-12-01,93.27
FREQ00002653,ALU00222,2026-01-01,87.52
FREQ00002654,ALU00222,2026-02-01,92.05
FREQ00002655,ALU00222,2026-03-01,88.15
FREQ00002656,ALU00222,2026-04-01,87.08
FREQ00002657,ALU00222,2026-05-01,98.94
FREQ00002658,ALU00222,2026-06-01,89.12
FREQ00002659,ALU00222,2026-07-01,89.8
FREQ00002660,ALU00222,2026-08-01,88.44
FREQ00002661,ALU00222,2026-09-01,90.61
FREQ00002662,ALU00222,2026-10-01,97.45
FREQ00002663,ALU00222,2026-11-01,93.22
FREQ00002664,ALU00222,2026-12-01,90.73
FREQ00002665,ALU00223,2026-01-01,91.74
FREQ00002666,ALU00223,2026-02-01,96.26
FREQ00002667,ALU00223,2026-03-01,93.5
FREQ00002668,ALU00223,2026-04-01,98.05
FREQ00002669,ALU00223,2026-05-01,90.27
FREQ00002670,ALU00223,2026-06-01,91.48
FREQ00002671,ALU00223,2026-07-01,94.79
FREQ00002672,ALU00223,2026-08-01,93.02
FREQ00002673,ALU00223,2026-09-01,91.77
FREQ00002674,ALU00223,2026-10-01,94.69
FREQ00002675,ALU00223,2026-11-01,88.1
FREQ00002676,ALU00223,2026-12-01,88.45
FREQ00002677,ALU00224,2026-01-01,96.69
FREQ00002678,ALU00224,2026-02-01,95.77
FREQ00002679,ALU00224,2026-03-01,97.21
FREQ00002680,ALU00224,2026-04-01,92.93
FREQ00002681,ALU00224,2026-05-01,98.42
FREQ00002682,ALU00224,2026-06-01,98.59
FREQ00002683,ALU00224,2026-07-01,92.35
FREQ00002684,ALU00224,2026-08-01,90.25
FREQ00002685,ALU00224,2026-09-01,87.65
FREQ00002686,ALU00224,2026-10-01,95.15
FREQ00002687,ALU00224,2026-11-01,95.98
FREQ00002688,ALU00224,2026-12-01,87.07
FREQ00002689,ALU00225,2026-01-01,92.41
FREQ00002690,ALU00225,2026-02-01,98.04
FREQ00002691,ALU00225,2026-03-01,89.26
FREQ00002692,ALU00225,2026-04-01,88.96
FREQ00002693,ALU00225,2026-05-01,94.96
FREQ00002694,ALU00225,2026-06-01,90.8
FREQ00002695,ALU00225,2026-07-01,88.16
FREQ00002696,ALU00225,2026-08-01,89.73
FREQ00002697,ALU00225,2026-09-01,88.86
FREQ00002698,ALU00225,2026-10-01,87.45
FREQ00002699,ALU00225,2026-11-01,87.83
FREQ00002700,ALU00225,2026-12-01,93.61
FREQ00002701,ALU00226,2026-01-01,88.58
FREQ00002702,ALU00226,2026-02-01,99.0
FREQ00002703,ALU00226,2026-03-01,93.88
FREQ00002704,ALU00226,2026-04-01,92.4
FREQ00002705,ALU00226,2026-05-01,97.32
FREQ00002706,ALU00226,2026-06-01,96.94
FREQ00002707,ALU00226,2026-07-01,98.85
FREQ00002708,ALU00226,2026-08-01,88.84
FREQ00002709,ALU00226,2026-09-01,89.61
FREQ00002710,ALU00226,2026-10-01,93.66
FREQ00002711,ALU00226,2026-11-01,89.93
FREQ00002712,ALU00226,2026-12-01,93.96
FREQ00002713,ALU00227,2026-01-01,88.1
FREQ00002714,ALU00227,2026-02-01,90.94
FREQ00002715,ALU00227,2026-03-01,96.0
FREQ00002716,ALU00227,2026-04-01,91.03
FREQ00002717,ALU00227,2026-05-01,97.14
FREQ00002718,ALU00227,2026-06-01,97.98
FREQ00002719,ALU00227,2026-07-01,98.75
FREQ00002720,ALU00227,2026-08-01,93.6
FREQ00002721,ALU00227,2026-09-01,92.51
FREQ00002722,ALU00227,2026-10-01,93.56
FREQ00002723,ALU00227,2026-11-01,98.44
FREQ00002724,ALU00227,2026-12-01,93.03
FREQ00002725,ALU00228,2026-01-01,87.62
FREQ00002726,ALU00228,2026-02-01,92.61
FREQ00002727,ALU00228,2026-03-01,91.8
FREQ00002728,ALU00228,2026-04-01,93.48
FREQ00002729,ALU00228,2026-05-01,98.46
FREQ00002730,ALU00228,2026-06-01,92.84
FREQ00002731,ALU00228,2026-07-01,91.67
FREQ00002732,ALU00228,2026-08-01,94.47
FREQ00002733,ALU00228,2026-09-01,92.85
FREQ00002734,ALU00228,2026-10-01,90.4
FREQ00002735,ALU00228,2026-11-01,97.03
FREQ00002736,ALU00228,2026-12-01,90.02
FREQ00002737,ALU00229,2026-01-01,92.78
FREQ00002738,ALU00229,2026-02-01,93.56
FREQ00002739,ALU00229,2026-03-01,88.71
FREQ00002740,ALU00229,2026-04-01,98.35
FREQ00002741,ALU00229,2026-05-01,87.7
FREQ00002742,ALU00229,2026-06-01,93.21
FREQ00002743,ALU00229,2026-07-01,95.83
FREQ00002744,ALU00229,2026-08-01,92.91
FREQ00002745,ALU00229,2026-09-01,98.55
FREQ00002746,ALU00229,2026-10-01,96.01
FREQ00002747,ALU00229,2026-11-01,92.82
FREQ00002748,ALU00229,2026-12-01,95.18
FREQ00002749,ALU00230,2026-01-01,92.73
FREQ00002750,ALU00230,2026-02-01,91.75
FREQ00002751,ALU00230,2026-03-01,98.05
FREQ00002752,ALU00230,2026-04-01,91.94
FREQ00002753,ALU00230,2026-05-01,88.26
FREQ00002754,ALU00230,2026-06-01,90.84
FREQ00002755,ALU00230,2026-07-01,95.32
FREQ00002756,ALU00230,2026-08-01,89.68
FREQ00002757,ALU00230,2026-09-01,88.54
FREQ00002758,ALU00230,2026-10-01,95.35
FREQ00002759,ALU00230,2026-11-01,95.24
FREQ00002760,ALU00230,2026-12-01,98.15
FREQ00002761,ALU00231,2026-01-01,87.67
FREQ00002762,ALU00231,2026-02-01,98.04
FREQ00002763,ALU00231,2026-03-01,91.12
FREQ00002764,ALU00231,2026-04-01,89.16
FREQ00002765,ALU00231,2026-05-01,93.22
FREQ00002766,ALU00231,2026-06-01,87.23
FREQ00002767,ALU00231,2026-07-01,95.32
FREQ00002768,ALU00231,2026-08-01,88.1
FREQ00002769,ALU00231,2026-09-01,96.96
FREQ00002770,ALU00231,2026-10-01,95.63
FREQ00002771,ALU00231,2026-11-01,87.08
FREQ00002772,ALU00231,2026-12-01,89.91
FREQ00002773,ALU00232,2026-01-01,94.3
FREQ00002774,ALU00232,2026-02-01,95.53
FREQ00002775,ALU00232,2026-03-01,98.96
FREQ00002776,ALU00232,2026-04-01,88.03
FREQ00002777,ALU00232,2026-05-01,89.47
FREQ00002778,ALU00232,2026-06-01,98.7
FREQ00002779,ALU00232,2026-07-01,98.77
FREQ00002780,ALU00232,2026-08-01,98.84
FREQ00002781,ALU00232,2026-09-01,98.68
FREQ00002782,ALU00232,2026-10-01,87.96
FREQ00002783,ALU00232,2026-11-01,93.99
FREQ00002784,ALU00232,2026-12-01,93.33
FREQ00002785,ALU00233,2026-01-01,92.82
FREQ00002786,ALU00233,2026-02-01,89.11
FREQ00002787,ALU00233,2026-03-01,96.44
FREQ00002788,ALU00233,2026-04-01,87.48
FREQ00002789,ALU00233,2026-05-01,98.16
FREQ00002790,ALU00233,2026-06-01,89.2
FREQ00002791,ALU00233,2026-07-01,92.99
FREQ00002792,ALU00233,2026-08-01,97.53
FREQ00002793,ALU00233,2026-09-01,93.86
FREQ00002794,ALU00233,2026-10-01,90.52
FREQ00002795,ALU00233,2026-11-01,93.25
FREQ00002796,ALU00233,2026-12-01,94.35
FREQ00002797,ALU00234,2026-01-01,87.03
FREQ00002798,ALU00234,2026-02-01,93.12
FREQ00002799,ALU00234,2026-03-01,93.83
FREQ00002800,ALU00234,2026-04-01,92.41
FREQ00002801,ALU00234,2026-05-01,94.16
FREQ00002802,ALU00234,2026-06-01,98.54
FREQ00002803,ALU00234,2026-07-01,97.73
FREQ00002804,ALU00234,2026-08-01,98.22
FREQ00002805,ALU00234,2026-09-01,96.56
FREQ00002806,ALU00234,2026-10-01,92.22
FREQ00002807,ALU00234,2026-11-01,95.83
FREQ00002808,ALU00234,2026-12-01,90.26
FREQ00002809,ALU00235,2026-01-01,93.69
FREQ00002810,ALU00235,2026-02-01,90.08
FREQ00002811,ALU00235,2026-03-01,88.93
FREQ00002812,ALU00235,2026-04-01,90.25
FREQ00002813,ALU00235,2026-05-01,91.11
FREQ00002814,ALU00235,2026-06-01,91.76
FREQ00002815,ALU00235,2026-07-01,93.67
FREQ00002816,ALU00235,2026-08-01,91.49
FREQ00002817,ALU00235,2026-09-01,96.76
FREQ00002818,ALU00235,2026-10-01,97.98
FREQ00002819,ALU00235,2026-11-01,95.43
FREQ00002820,ALU00235,2026-12-01,93.38
FREQ00002821,ALU00236,2026-01-01,93.47
FREQ00002822,ALU00236,2026-02-01,95.76
FREQ00002823,ALU00236,2026-03-01,91.5
FREQ00002824,ALU00236,2026-04-01,98.82
FREQ00002825,ALU00236,2026-05-01,92.56
FREQ00002826,ALU00236,2026-06-01,89.57
FREQ00002827,ALU00236,2026-07-01,88.02
FREQ00002828,ALU00236,2026-08-01,87.87
FREQ00002829,ALU00236,2026-09-01,91.32
FREQ00002830,ALU00236,2026-10-01,93.07
FREQ00002831,ALU00236,2026-11-01,88.66
FREQ00002832,ALU00236,2026-12-01,88.98
FREQ00002833,ALU00237,2026-01-01,91.67
FREQ00002834,ALU00237,2026-02-01,96.88
FREQ00002835,ALU00237,2026-03-01,91.25
FREQ00002836,ALU00237,2026-04-01,95.42
FREQ00002837,ALU00237,2026-05-01,91.31
FREQ00002838,ALU00237,2026-06-01,95.48
FREQ00002839,ALU00237,2026-07-01,88.82
FREQ00002840,ALU00237,2026-08-01,95.07
FREQ00002841,ALU00237,2026-09-01,93.52
FREQ00002842,ALU00237,2026-10-01,95.8
FREQ00002843,ALU00237,2026-11-01,93.28
FREQ00002844,ALU00237,2026-12-01,97.21
FREQ00002845,ALU00238,2026-01-01,98.65
FREQ00002846,ALU00238,2026-02-01,88.75
FREQ00002847,ALU00238,2026-03-01,98.33
FREQ00002848,ALU00238,2026-04-01,93.45
FREQ00002849,ALU00238,2026-05-01,93.04
FREQ00002850,ALU00238,2026-06-01,92.37
FREQ00002851,ALU00238,2026-07-01,90.12
FREQ00002852,ALU00238,2026-08-01,93.52
FREQ00002853,ALU00238,2026-09-01,96.01
FREQ00002854,ALU00238,2026-10-01,94.82
FREQ00002855,ALU00238,2026-11-01,95.24
FREQ00002856,ALU00238,2026-12-01,97.45
FREQ00002857,ALU00239,2026-01-01,98.84
FREQ00002858,ALU00239,2026-02-01,89.8
FREQ00002859,ALU00239,2026-03-01,88.46
FREQ00002860,ALU00239,2026-04-01,97.33
FREQ00002861,ALU00239,2026-05-01,97.84
FREQ00002862,ALU00239,2026-06-01,93.58
FREQ00002863,ALU00239,2026-07-01,95.64
FREQ00002864,ALU00239,2026-08-01,94.23
FREQ00002865,ALU00239,2026-09-01,87.11
FREQ00002866,ALU00239,2026-10-01,98.52
FREQ00002867,ALU00239,2026-11-01,93.1
FREQ00002868,ALU00239,2026-12-01,92.05
FREQ00002869,ALU00240,2026-01-01,98.55
FREQ00002870,ALU00240,2026-02-01,92.97
FREQ00002871,ALU00240,2026-03-01,97.88
FREQ00002872,ALU00240,2026-04-01,97.45
FREQ00002873,ALU00240,2026-05-01,95.45
FREQ00002874,ALU00240,2026-06-01,91.74
FREQ00002875,ALU00240,2026-07-01,93.17
FREQ00002876,ALU00240,2026-08-01,90.66
FREQ00002877,ALU00240,2026-09-01,97.13
FREQ00002878,ALU00240,2026-10-01,92.15
FREQ00002879,ALU00240,2026-11-01,92.15
FREQ00002880,ALU00240,2026-12-01,97.56
FREQ00002881,ALU00241,2026-01-01,88.74
FREQ00002882,ALU00241,2026-02-01,96.77
FREQ00002883,ALU00241,2026-03-01,94.46
FREQ00002884,ALU00241,2026-04-01,92.55
FREQ00002885,ALU00241,2026-05-01,94.48
FREQ00002886,ALU00241,2026-06-01,87.47
FREQ00002887,ALU00241,2026-07-01,98.16
FREQ00002888,ALU00241,2026-08-01,90.29
FREQ00002889,ALU00241,2026-09-01,97.0
FREQ00002890,ALU00241,2026-10-01,88.12
FREQ00002891,ALU00241,2026-11-01,88.59
FREQ00002892,ALU00241,2026-12-01,88.56
FREQ00002893,ALU00242,2026-01-01,96.09
FREQ00002894,ALU00242,2026-02-01,95.83
FREQ00002895,ALU00242,2026-03-01,90.56
FREQ00002896,ALU00242,2026-04-01,93.79
FREQ00002897,ALU00242,2026-05-01,90.26
FREQ00002898,ALU00242,2026-06-01,87.74
FREQ00002899,ALU00242,2026-07-01,89.66
FREQ00002900,ALU00242,2026-08-01,92.24
FREQ00002901,ALU00242,2026-09-01,98.87
FREQ00002902,ALU00242,2026-10-01,92.12
FREQ00002903,ALU00242,2026-11-01,90.14
FREQ00002904,ALU00242,2026-12-01,92.04
FREQ00002905,ALU00243,2026-01-01,98.03
FREQ00002906,ALU00243,2026-02-01,98.9
FREQ00002907,ALU00243,2026-03-01,87.43
FREQ00002908,ALU00243,2026-04-01,87.96
FREQ00002909,ALU00243,2026-05-01,89.61
FREQ00002910,ALU00243,2026-06-01,91.27
FREQ00002911,ALU00243,2026-07-01,88.63
FREQ00002912,ALU00243,2026-08-01,96.39
FREQ00002913,ALU00243,2026-09-01,94.76
FREQ00002914,ALU00243,2026-10-01,87.5
FREQ00002915,ALU00243,2026-11-01,88.49
FREQ00002916,ALU00243,2026-12-01,97.48
FREQ00002917,ALU00244,2026-01-01,87.74
FREQ00002918,ALU00244,2026-02-01,93.45
FREQ00002919,ALU00244,2026-03-01,95.95
FREQ00002920,ALU00244,2026-04-01,91.49
FREQ00002921,ALU00244,2026-05-01,90.02
FREQ00002922,ALU00244,2026-06-01,96.99
FREQ00002923,ALU00244,2026-07-01,94.34
FREQ00002924,ALU00244,2026-08-01,90.57
FREQ00002925,ALU00244,2026-09-01,89.05
FREQ00002926,ALU00244,2026-10-01,95.95
FREQ00002927,ALU00244,2026-11-01,93.37
FREQ00002928,ALU00244,2026-12-01,98.32
FREQ00002929,ALU00245,2026-01-01,98.01
FREQ00002930,ALU00245,2026-02-01,87.5
FREQ00002931,ALU00245,2026-03-01,89.41
FREQ00002932,ALU00245,2026-04-01,91.13
FREQ00002933,ALU00245,2026-05-01,94.81
FREQ00002934,ALU00245,2026-06-01,88.21
FREQ00002935,ALU00245,2026-07-01,93.8
FREQ00002936,ALU00245,2026-08-01,90.79
FREQ00002937,ALU00245,2026-09-01,92.49
FREQ00002938,ALU00245,2026-10-01,93.95
FREQ00002939,ALU00245,2026-11-01,91.35
FREQ00002940,ALU00245,2026-12-01,93.35
FREQ00002941,ALU00246,2026-01-01,88.16
FREQ00002942,ALU00246,2026-02-01,97.85
FREQ00002943,ALU00246,2026-03-01,92.71
FREQ00002944,ALU00246,2026-04-01,94.95
FREQ00002945,ALU00246,2026-05-01,94.49
FREQ00002946,ALU00246,2026-06-01,94.28
FREQ00002947,ALU00246,2026-07-01,94.71
FREQ00002948,ALU00246,2026-08-01,89.69
FREQ00002949,ALU00246,2026-09-01,95.8
FREQ00002950,ALU00246,2026-10-01,97.75
FREQ00002951,ALU00246,2026-11-01,87.4
FREQ00002952,ALU00246,2026-12-01,88.02
FREQ00002953,ALU00247,2026-01-01,88.93
FREQ00002954,ALU00247,2026-02-01,92.62
FREQ00002955,ALU00247,2026-03-01,94.51
FREQ00002956,ALU00247,2026-04-01,89.36
FREQ00002957,ALU00247,2026-05-01,96.25
FREQ00002958,ALU00247,2026-06-01,93.53
FREQ00002959,ALU00247,2026-07-01,96.84
FREQ00002960,ALU00247,2026-08-01,98.71
FREQ00002961,ALU00247,2026-09-01,95.83
FREQ00002962,ALU00247,2026-10-01,97.31
FREQ00002963,ALU00247,2026-11-01,96.09
FREQ00002964,ALU00247,2026-12-01,88.23
FREQ00002965,ALU00248,2026-01-01,91.45
FREQ00002966,ALU00248,2026-02-01,87.36
FREQ00002967,ALU00248,2026-03-01,97.73
FREQ00002968,ALU00248,2026-04-01,87.22
FREQ00002969,ALU00248,2026-05-01,94.66
FREQ00002970,ALU00248,2026-06-01,91.32
FREQ00002971,ALU00248,2026-07-01,95.49
FREQ00002972,ALU00248,2026-08-01,90.76
FREQ00002973,ALU00248,2026-09-01,88.15
FREQ00002974,ALU00248,2026-10-01,94.26
FREQ00002975,ALU00248,2026-11-01,89.06
FREQ00002976,ALU00248,2026-12-01,92.49
FREQ00002977,ALU00249,2026-01-01,93.17
FREQ00002978,ALU00249,2026-02-01,98.81
FREQ00002979,ALU00249,2026-03-01,89.03
FREQ00002980,ALU00249,2026-04-01,87.41
FREQ00002981,ALU00249,2026-05-01,89.28
FREQ00002982,ALU00249,2026-06-01,91.58
FREQ00002983,ALU00249,2026-07-01,87.22
FREQ00002984,ALU00249,2026-08-01,92.43
FREQ00002985,ALU00249,2026-09-01,88.0
FREQ00002986,ALU00249,2026-10-01,88.47
FREQ00002987,ALU00249,2026-11-01,87.29
FREQ00002988,ALU00249,2026-12-01,96.98
FREQ00002989,ALU00250,2026-01-01,93.22
FREQ00002990,ALU00250,2026-02-01,91.94
FREQ00002991,ALU00250,2026-03-01,95.4
FREQ00002992,ALU00250,2026-04-01,87.07
FREQ00002993,ALU00250,2026-05-01,88.72
FREQ00002994,ALU00250,2026-06-01,95.92
FREQ00002995,ALU00250,2026-07-01,93.93
FREQ00002996,ALU00250,2026-08-01,92.36
FREQ00002997,ALU00250,2026-09-01,93.57
FREQ00002998,ALU00250,2026-10-01,93.3
FREQ00002999,ALU00250,2026-11-01,92.61
FREQ00003000,ALU00250,2026-12-01,97.33
FREQ00003001,ALU00251,2026-01-01,91.99
FREQ00003002,ALU00251,2026-02-01,97.8
FREQ00003003,ALU00251,2026-03-01,97.37
FREQ00003004,ALU00251,2026-04-01,96.12
FREQ00003005,ALU00251,2026-05-01,95.17
FREQ00003006,ALU00251,2026-06-01,92.57
FREQ00003007,ALU00251,2026-07-01,87.4
FREQ00003008,ALU00251,2026-08-01,92.72
FREQ00003009,ALU00251,2026-09-01,95.29
FREQ00003010,ALU00251,2026-10-01,89.15
FREQ00003011,ALU00251,2026-11-01,88.5
FREQ00003012,ALU00251,2026-12-01,92.44
FREQ00003013,ALU00252,2026-01-01,96.11
FREQ00003014,ALU00252,2026-02-01,97.53
FREQ00003015,ALU00252,2026-03-01,96.67
FREQ00003016,ALU00252,2026-04-01,89.46
FREQ00003017,ALU00252,2026-05-01,93.82
FREQ00003018,ALU00252,2026-06-01,98.59
FREQ00003019,ALU00252,2026-07-01,96.91
FREQ00003020,ALU00252,2026-08-01,93.98
FREQ00003021,ALU00252,2026-09-01,92.5
FREQ00003022,ALU00252,2026-10-01,94.9
FREQ00003023,ALU00252,2026-11-01,87.48
FREQ00003024,ALU00252,2026-12-01,92.25
FREQ00003025,ALU00253,2026-01-01,98.74
FREQ00003026,ALU00253,2026-02-01,95.08
FREQ00003027,ALU00253,2026-03-01,93.2
FREQ00003028,ALU00253,2026-04-01,95.2
FREQ00003029,ALU00253,2026-05-01,97.53
FREQ00003030,ALU00253,2026-06-01,96.29
FREQ00003031,ALU00253,2026-07-01,89.77
FREQ00003032,ALU00253,2026-08-01,96.55
FREQ00003033,ALU00253,2026-09-01,95.56
FREQ00003034,ALU00253,2026-10-01,88.98
FREQ00003035,ALU00253,2026-11-01,87.56
FREQ00003036,ALU00253,2026-12-01,97.22
FREQ00003037,ALU00254,2026-01-01,98.0
FREQ00003038,ALU00254,2026-02-01,90.87
FREQ00003039,ALU00254,2026-03-01,95.42
FREQ00003040,ALU00254,2026-04-01,88.93
FREQ00003041,ALU00254,2026-05-01,94.88
FREQ00003042,ALU00254,2026-06-01,91.6
FREQ00003043,ALU00254,2026-07-01,92.0
FREQ00003044,ALU00254,2026-08-01,91.29
FREQ00003045,ALU00254,2026-09-01,87.16
FREQ00003046,ALU00254,2026-10-01,90.19
FREQ00003047,ALU00254,2026-11-01,98.32
FREQ00003048,ALU00254,2026-12-01,98.09
FREQ00003049,ALU00255,2026-01-01,98.49
FREQ00003050,ALU00255,2026-02-01,98.79
FREQ00003051,ALU00255,2026-03-01,87.37
FREQ00003052,ALU00255,2026-04-01,87.63
FREQ00003053,ALU00255,2026-05-01,94.59
FREQ00003054,ALU00255,2026-06-01,96.23
FREQ00003055,ALU00255,2026-07-01,98.53
FREQ00003056,ALU00255,2026-08-01,94.09
FREQ00003057,ALU00255,2026-09-01,97.29
FREQ00003058,ALU00255,2026-10-01,95.37
FREQ00003059,ALU00255,2026-11-01,98.96
FREQ00003060,ALU00255,2026-12-01,88.9
FREQ00003061,ALU00256,2026-01-01,92.19
FREQ00003062,ALU00256,2026-02-01,98.72
FREQ00003063,ALU00256,2026-03-01,89.96
FREQ00003064,ALU00256,2026-04-01,92.64
FREQ00003065,ALU00256,2026-05-01,98.65
FREQ00003066,ALU00256,2026-06-01,89.9
FREQ00003067,ALU00256,2026-07-01,98.45
FREQ00003068,ALU00256,2026-08-01,87.13
FREQ00003069,ALU00256,2026-09-01,88.84
FREQ00003070,ALU00256,2026-10-01,98.53
FREQ00003071,ALU00256,2026-11-01,93.23
FREQ00003072,ALU00256,2026-12-01,93.81
FREQ00003073,ALU00257,2026-01-01,97.84
FREQ00003074,ALU00257,2026-02-01,94.56
FREQ00003075,ALU00257,2026-03-01,92.85
FREQ00003076,ALU00257,2026-04-01,88.63
FREQ00003077,ALU00257,2026-05-01,87.17
FREQ00003078,ALU00257,2026-06-01,91.67
FREQ00003079,ALU00257,2026-07-01,92.88
FREQ00003080,ALU00257,2026-08-01,95.98
FREQ00003081,ALU00257,2026-09-01,98.21
FREQ00003082,ALU00257,2026-10-01,88.05
FREQ00003083,ALU00257,2026-11-01,98.84
FREQ00003084,ALU00257,2026-12-01,89.17
FREQ00003085,ALU00258,2026-01-01,98.34
FREQ00003086,ALU00258,2026-02-01,98.64
FREQ00003087,ALU00258,2026-03-01,91.8
FREQ00003088,ALU00258,2026-04-01,93.2
FREQ00003089,ALU00258,2026-05-01,98.07
FREQ00003090,ALU00258,2026-06-01,90.14
FREQ00003091,ALU00258,2026-07-01,93.86
FREQ00003092,ALU00258,2026-08-01,89.31
FREQ00003093,ALU00258,2026-09-01,95.86
FREQ00003094,ALU00258,2026-10-01,90.14
FREQ00003095,ALU00258,2026-11-01,87.25
FREQ00003096,ALU00258,2026-12-01,89.17
FREQ00003097,ALU00259,2026-01-01,92.11
FREQ00003098,ALU00259,2026-02-01,96.47
FREQ00003099,ALU00259,2026-03-01,92.68
FREQ00003100,ALU00259,2026-04-01,91.9
FREQ00003101,ALU00259,2026-05-01,95.96
FREQ00003102,ALU00259,2026-06-01,98.48
FREQ00003103,ALU00259,2026-07-01,92.31
FREQ00003104,ALU00259,2026-08-01,87.48
FREQ00003105,ALU00259,2026-09-01,91.4
FREQ00003106,ALU00259,2026-10-01,96.13
FREQ00003107,ALU00259,2026-11-01,92.96
FREQ00003108,ALU00259,2026-12-01,97.47
FREQ00003109,ALU00260,2026-01-01,92.94
FREQ00003110,ALU00260,2026-02-01,89.32
FREQ00003111,ALU00260,2026-03-01,92.23
FREQ00003112,ALU00260,2026-04-01,91.14
FREQ00003113,ALU00260,2026-05-01,87.62
FREQ00003114,ALU00260,2026-06-01,93.84
FREQ00003115,ALU00260,2026-07-01,91.69
FREQ00003116,ALU00260,2026-08-01,92.88
FREQ00003117,ALU00260,2026-09-01,91.38
FREQ00003118,ALU00260,2026-10-01,88.59
FREQ00003119,ALU00260,2026-11-01,96.39
FREQ00003120,ALU00260,2026-12-01,96.85
FREQ00003121,ALU00261,2026-01-01,95.6
FREQ00003122,ALU00261,2026-02-01,96.62
FREQ00003123,ALU00261,2026-03-01,94.54
FREQ00003124,ALU00261,2026-04-01,90.44
FREQ00003125,ALU00261,2026-05-01,87.34
FREQ00003126,ALU00261,2026-06-01,97.2
FREQ00003127,ALU00261,2026-07-01,90.19
FREQ00003128,ALU00261,2026-08-01,87.95
FREQ00003129,ALU00261,2026-09-01,92.03
FREQ00003130,ALU00261,2026-10-01,94.92
FREQ00003131,ALU00261,2026-11-01,88.82
FREQ00003132,ALU00261,2026-12-01,97.85
FREQ00003133,ALU00262,2026-01-01,96.76
FREQ00003134,ALU00262,2026-02-01,97.64
FREQ00003135,ALU00262,2026-03-01,97.6
FREQ00003136,ALU00262,2026-04-01,91.53
FREQ00003137,ALU00262,2026-05-01,95.5
FREQ00003138,ALU00262,2026-06-01,90.16
FREQ00003139,ALU00262,2026-07-01,93.62
FREQ00003140,ALU00262,2026-08-01,94.61
FREQ00003141,ALU00262,2026-09-01,98.47
FREQ00003142,ALU00262,2026-10-01,95.2
FREQ00003143,ALU00262,2026-11-01,93.85
FREQ00003144,ALU00262,2026-12-01,89.12
FREQ00003145,ALU00263,2026-01-01,98.47
FREQ00003146,ALU00263,2026-02-01,98.99
FREQ00003147,ALU00263,2026-03-01,93.03
FREQ00003148,ALU00263,2026-04-01,91.24
FREQ00003149,ALU00263,2026-05-01,93.0
FREQ00003150,ALU00263,2026-06-01,96.46
FREQ00003151,ALU00263,2026-07-01,95.86
FREQ00003152,ALU00263,2026-08-01,97.45
FREQ00003153,ALU00263,2026-09-01,95.36
FREQ00003154,ALU00263,2026-10-01,90.02
FREQ00003155,ALU00263,2026-11-01,93.06
FREQ00003156,ALU00263,2026-12-01,93.34
FREQ00003157,ALU00264,2026-01-01,91.04
FREQ00003158,ALU00264,2026-02-01,95.21
FREQ00003159,ALU00264,2026-03-01,96.08
FREQ00003160,ALU00264,2026-04-01,92.95
FREQ00003161,ALU00264,2026-05-01,93.63
FREQ00003162,ALU00264,2026-06-01,94.1
FREQ00003163,ALU00264,2026-07-01,87.58
FREQ00003164,ALU00264,2026-08-01,98.33
FREQ00003165,ALU00264,2026-09-01,94.63
FREQ00003166,ALU00264,2026-10-01,92.52
FREQ00003167,ALU00264,2026-11-01,89.78
FREQ00003168,ALU00264,2026-12-01,95.02
FREQ00003169,ALU00265,2026-01-01,97.69
FREQ00003170,ALU00265,2026-02-01,98.32
FREQ00003171,ALU00265,2026-03-01,94.94
FREQ00003172,ALU00265,2026-04-01,92.3
FREQ00003173,ALU00265,2026-05-01,90.16
FREQ00003174,ALU00265,2026-06-01,98.57
FREQ00003175,ALU00265,2026-07-01,90.0
FREQ00003176,ALU00265,2026-08-01,97.14
FREQ00003177,ALU00265,2026-09-01,93.01
FREQ00003178,ALU00265,2026-10-01,88.47
FREQ00003179,ALU00265,2026-11-01,94.42
FREQ00003180,ALU00265,2026-12-01,95.98
FREQ00003181,ALU00266,2026-01-01,95.84
FREQ00003182,ALU00266,2026-02-01,95.93
FREQ00003183,ALU00266,2026-03-01,90.02
FREQ00003184,ALU00266,2026-04-01,87.01
FREQ00003185,ALU00266,2026-05-01,96.49
FREQ00003186,ALU00266,2026-06-01,92.33
FREQ00003187,ALU00266,2026-07-01,98.22
FREQ00003188,ALU00266,2026-08-01,95.49
FREQ00003189,ALU00266,2026-09-01,98.32
FREQ00003190,ALU00266,2026-10-01,94.24
FREQ00003191,ALU00266,2026-11-01,87.82
FREQ00003192,ALU00266,2026-12-01,92.42
FREQ00003193,ALU00267,2026-01-01,87.14
FREQ00003194,ALU00267,2026-02-01,87.74
FREQ00003195,ALU00267,2026-03-01,95.52
FREQ00003196,ALU00267,2026-04-01,93.63
FREQ00003197,ALU00267,2026-05-01,97.98
FREQ00003198,ALU00267,2026-06-01,98.78
FREQ00003199,ALU00267,2026-07-01,93.33
FREQ00003200,ALU00267,2026-08-01,88.47
FREQ00003201,ALU00267,2026-09-01,94.36
FREQ00003202,ALU00267,2026-10-01,90.17
FREQ00003203,ALU00267,2026-11-01,88.56
FREQ00003204,ALU00267,2026-12-01,88.93
FREQ00003205,ALU00268,2026-01-01,95.81
FREQ00003206,ALU00268,2026-02-01,94.62
FREQ00003207,ALU00268,2026-03-01,92.5
FREQ00003208,ALU00268,2026-04-01,93.66
FREQ00003209,ALU00268,2026-05-01,98.91
FREQ00003210,ALU00268,2026-06-01,94.79
FREQ00003211,ALU00268,2026-07-01,88.93
FREQ00003212,ALU00268,2026-08-01,95.0
FREQ00003213,ALU00268,2026-09-01,90.51
FREQ00003214,ALU00268,2026-10-01,97.01
FREQ00003215,ALU00268,2026-11-01,88.17
FREQ00003216,ALU00268,2026-12-01,93.83
FREQ00003217,ALU00269,2026-01-01,97.69
FREQ00003218,ALU00269,2026-02-01,93.93
FREQ00003219,ALU00269,2026-03-01,90.95
FREQ00003220,ALU00269,2026-04-01,92.03
FREQ00003221,ALU00269,2026-05-01,96.11
FREQ00003222,ALU00269,2026-06-01,96.97
FREQ00003223,ALU00269,2026-07-01,98.3
FREQ00003224,ALU00269,2026-08-01,95.57
FREQ00003225,ALU00269,2026-09-01,91.09
FREQ00003226,ALU00269,2026-10-01,91.22
FREQ00003227,ALU00269,2026-11-01,88.85
FREQ00003228,ALU00269,2026-12-01,97.61
FREQ00003229,ALU00270,2026-01-01,92.55
FREQ00003230,ALU00270,2026-02-01,89.59
FREQ00003231,ALU00270,2026-03-01,91.78
FREQ00003232,ALU00270,2026-04-01,96.76
FREQ00003233,ALU00270,2026-05-01,95.08
FREQ00003234,ALU00270,2026-06-01,98.49
FREQ00003235,ALU00270,2026-07-01,93.9
FREQ00003236,ALU00270,2026-08-01,94.75
FREQ00003237,ALU00270,2026-09-01,92.48
FREQ00003238,ALU00270,2026-10-01,89.22
FREQ00003239,ALU00270,2026-11-01,88.17
FREQ00003240,ALU00270,2026-12-01,90.61
FREQ00003241,ALU00271,2026-01-01,87.67
FREQ00003242,ALU00271,2026-02-01,87.31
FREQ00003243,ALU00271,2026-03-01,87.37
FREQ00003244,ALU00271,2026-04-01,96.41
FREQ00003245,ALU00271,2026-05-01,91.12
FREQ00003246,ALU00271,2026-06-01,89.82
FREQ00003247,ALU00271,2026-07-01,89.55
FREQ00003248,ALU00271,2026-08-01,89.83
FREQ00003249,ALU00271,2026-09-01,94.17
FREQ00003250,ALU00271,2026-10-01,96.07
FREQ00003251,ALU00271,2026-11-01,96.47
FREQ00003252,ALU00271,2026-12-01,88.05
FREQ00003253,ALU00272,2026-01-01,88.9
FREQ00003254,ALU00272,2026-02-01,97.9
FREQ00003255,ALU00272,2026-03-01,96.59
FREQ00003256,ALU00272,2026-04-01,87.6
FREQ00003257,ALU00272,2026-05-01,95.29
FREQ00003258,ALU00272,2026-06-01,87.03
FREQ00003259,ALU00272,2026-07-01,88.19
FREQ00003260,ALU00272,2026-08-01,90.81
FREQ00003261,ALU00272,2026-09-01,95.8
FREQ00003262,ALU00272,2026-10-01,87.73
FREQ00003263,ALU00272,2026-11-01,95.56
FREQ00003264,ALU00272,2026-12-01,93.29
FREQ00003265,ALU00273,2026-01-01,92.75
FREQ00003266,ALU00273,2026-02-01,93.5
FREQ00003267,ALU00273,2026-03-01,92.52
FREQ00003268,ALU00273,2026-04-01,92.08
FREQ00003269,ALU00273,2026-05-01,89.31
FREQ00003270,ALU00273,2026-06-01,93.44
FREQ00003271,ALU00273,2026-07-01,93.95
FREQ00003272,ALU00273,2026-08-01,92.06
FREQ00003273,ALU00273,2026-09-01,98.39
FREQ00003274,ALU00273,2026-10-01,96.73
FREQ00003275,ALU00273,2026-11-01,88.35
FREQ00003276,ALU00273,2026-12-01,96.82
FREQ00003277,ALU00274,2026-01-01,89.49
FREQ00003278,ALU00274,2026-02-01,96.97
FREQ00003279,ALU00274,2026-03-01,93.58
FREQ00003280,ALU00274,2026-04-01,94.08
FREQ00003281,ALU00274,2026-05-01,95.43
FREQ00003282,ALU00274,2026-06-01,87.29
FREQ00003283,ALU00274,2026-07-01,93.57
FREQ00003284,ALU00274,2026-08-01,87.55
FREQ00003285,ALU00274,2026-09-01,93.62
FREQ00003286,ALU00274,2026-10-01,97.58
FREQ00003287,ALU00274,2026-11-01,94.36
FREQ00003288,ALU00274,2026-12-01,91.43
FREQ00003289,ALU00275,2026-01-01,95.6
FREQ00003290,ALU00275,2026-02-01,87.89
FREQ00003291,ALU00275,2026-03-01,95.5
FREQ00003292,ALU00275,2026-04-01,92.72
FREQ00003293,ALU00275,2026-05-01,94.79
FREQ00003294,ALU00275,2026-06-01,98.66
FREQ00003295,ALU00275,2026-07-01,98.92
FREQ00003296,ALU00275,2026-08-01,93.76
FREQ00003297,ALU00275,2026-09-01,94.75
FREQ00003298,ALU00275,2026-10-01,89.56
FREQ00003299,ALU00275,2026-11-01,91.35
FREQ00003300,ALU00275,2026-12-01,91.71
FREQ00003301,ALU00276,2026-01-01,93.34
FREQ00003302,ALU00276,2026-02-01,95.31
FREQ00003303,ALU00276,2026-03-01,91.48
FREQ00003304,ALU00276,2026-04-01,88.45
FREQ00003305,ALU00276,2026-05-01,98.98
FREQ00003306,ALU00276,2026-06-01,90.73
FREQ00003307,ALU00276,2026-07-01,91.98
FREQ00003308,ALU00276,2026-08-01,87.41
FREQ00003309,ALU00276,2026-09-01,93.51
FREQ00003310,ALU00276,2026-10-01,87.33
FREQ00003311,ALU00276,2026-11-01,96.48
FREQ00003312,ALU00276,2026-12-01,92.23
FREQ00003313,ALU00277,2026-01-01,93.72
FREQ00003314,ALU00277,2026-02-01,88.88
FREQ00003315,ALU00277,2026-03-01,93.74
FREQ00003316,ALU00277,2026-04-01,95.44
FREQ00003317,ALU00277,2026-05-01,90.23
FREQ00003318,ALU00277,2026-06-01,96.84
FREQ00003319,ALU00277,2026-07-01,94.34
FREQ00003320,ALU00277,2026-08-01,94.83
FREQ00003321,ALU00277,2026-09-01,87.9
FREQ00003322,ALU00277,2026-10-01,98.16
FREQ00003323,ALU00277,2026-11-01,94.76
FREQ00003324,ALU00277,2026-12-01,93.87
FREQ00003325,ALU00278,2026-01-01,97.97
FREQ00003326,ALU00278,2026-02-01,89.5
FREQ00003327,ALU00278,2026-03-01,94.82
FREQ00003328,ALU00278,2026-04-01,94.06
FREQ00003329,ALU00278,2026-05-01,96.38
FREQ00003330,ALU00278,2026-06-01,95.15
FREQ00003331,ALU00278,2026-07-01,87.74
FREQ00003332,ALU00278,2026-08-01,89.48
FREQ00003333,ALU00278,2026-09-01,89.35
FREQ00003334,ALU00278,2026-10-01,95.36
FREQ00003335,ALU00278,2026-11-01,98.6
FREQ00003336,ALU00278,2026-12-01,96.53
FREQ00003337,ALU00279,2026-01-01,88.98
FREQ00003338,ALU00279,2026-02-01,87.1
FREQ00003339,ALU00279,2026-03-01,98.1
FREQ00003340,ALU00279,2026-04-01,97.09
FREQ00003341,ALU00279,2026-05-01,93.54
FREQ00003342,ALU00279,2026-06-01,90.0
FREQ00003343,ALU00279,2026-07-01,97.29
FREQ00003344,ALU00279,2026-08-01,92.31
FREQ00003345,ALU00279,2026-09-01,91.95
FREQ00003346,ALU00279,2026-10-01,96.7
FREQ00003347,ALU00279,2026-11-01,98.18
FREQ00003348,ALU00279,2026-12-01,90.38
FREQ00003349,ALU00280,2026-01-01,96.61
FREQ00003350,ALU00280,2026-02-01,89.4
FREQ00003351,ALU00280,2026-03-01,95.85
FREQ00003352,ALU00280,2026-04-01,87.49
FREQ00003353,ALU00280,2026-05-01,90.43
FREQ00003354,ALU00280,2026-06-01,91.3
FREQ00003355,ALU00280,2026-07-01,88.45
FREQ00003356,ALU00280,2026-08-01,93.96
FREQ00003357,ALU00280,2026-09-01,95.07
FREQ00003358,ALU00280,2026-10-01,94.74
FREQ00003359,ALU00280,2026-11-01,93.53
FREQ00003360,ALU00280,2026-12-01,90.83
FREQ00003361,ALU00281,2026-01-01,97.09
FREQ00003362,ALU00281,2026-02-01,97.91
FREQ00003363,ALU00281,2026-03-01,92.22
FREQ00003364,ALU00281,2026-04-01,93.91
FREQ00003365,ALU00281,2026-05-01,98.49
FREQ00003366,ALU00281,2026-06-01,95.11
FREQ00003367,ALU00281,2026-07-01,89.98
FREQ00003368,ALU00281,2026-08-01,97.62
FREQ00003369,ALU00281,2026-09-01,92.81
FREQ00003370,ALU00281,2026-10-01,98.78
FREQ00003371,ALU00281,2026-11-01,96.04
FREQ00003372,ALU00281,2026-12-01,95.63
FREQ00003373,ALU00282,2026-01-01,97.73
FREQ00003374,ALU00282,2026-02-01,89.79
FREQ00003375,ALU00282,2026-03-01,91.66
FREQ00003376,ALU00282,2026-04-01,98.55
FREQ00003377,ALU00282,2026-05-01,90.05
FREQ00003378,ALU00282,2026-06-01,97.85
FREQ00003379,ALU00282,2026-07-01,93.67
FREQ00003380,ALU00282,2026-08-01,95.14
FREQ00003381,ALU00282,2026-09-01,98.55
FREQ00003382,ALU00282,2026-10-01,95.68
FREQ00003383,ALU00282,2026-11-01,95.17
FREQ00003384,ALU00282,2026-12-01,94.83
FREQ00003385,ALU00283,2026-01-01,89.91
FREQ00003386,ALU00283,2026-02-01,93.9
FREQ00003387,ALU00283,2026-03-01,97.33
FREQ00003388,ALU00283,2026-04-01,96.36
FREQ00003389,ALU00283,2026-05-01,88.35
FREQ00003390,ALU00283,2026-06-01,87.91
FREQ00003391,ALU00283,2026-07-01,92.13
FREQ00003392,ALU00283,2026-08-01,95.7
FREQ00003393,ALU00283,2026-09-01,88.23
FREQ00003394,ALU00283,2026-10-01,89.74
FREQ00003395,ALU00283,2026-11-01,89.81
FREQ00003396,ALU00283,2026-12-01,98.65
FREQ00003397,ALU00284,2026-01-01,97.56
FREQ00003398,ALU00284,2026-02-01,88.98
FREQ00003399,ALU00284,2026-03-01,91.24
FREQ00003400,ALU00284,2026-04-01,93.75
FREQ00003401,ALU00284,2026-05-01,95.28
FREQ00003402,ALU00284,2026-06-01,91.33
FREQ00003403,ALU00284,2026-07-01,95.29
FREQ00003404,ALU00284,2026-08-01,95.07
FREQ00003405,ALU00284,2026-09-01,93.2
FREQ00003406,ALU00284,2026-10-01,96.87
FREQ00003407,ALU00284,2026-11-01,93.63
FREQ00003408,ALU00284,2026-12-01,90.72
FREQ00003409,ALU00285,2026-01-01,95.83
FREQ00003410,ALU00285,2026-02-01,91.85
FREQ00003411,ALU00285,2026-03-01,87.27
FREQ00003412,ALU00285,2026-04-01,95.67
FREQ00003413,ALU00285,2026-05-01,95.61
FREQ00003414,ALU00285,2026-06-01,91.68
FREQ00003415,ALU00285,2026-07-01,91.96
FREQ00003416,ALU00285,2026-08-01,87.09
FREQ00003417,ALU00285,2026-09-01,92.99
FREQ00003418,ALU00285,2026-10-01,92.62
FREQ00003419,ALU00285,2026-11-01,88.93
FREQ00003420,ALU00285,2026-12-01,90.05
FREQ00003421,ALU00286,2026-01-01,87.59
FREQ00003422,ALU00286,2026-02-01,93.53
FREQ00003423,ALU00286,2026-03-01,96.81
FREQ00003424,ALU00286,2026-04-01,95.95
FREQ00003425,ALU00286,2026-05-01,88.02
FREQ00003426,ALU00286,2026-06-01,93.58
FREQ00003427,ALU00286,2026-07-01,88.01
FREQ00003428,ALU00286,2026-08-01,89.4
FREQ00003429,ALU00286,2026-09-01,92.32
FREQ00003430,ALU00286,2026-10-01,95.22
FREQ00003431,ALU00286,2026-11-01,87.54
FREQ00003432,ALU00286,2026-12-01,95.87
FREQ00003433,ALU00287,2026-01-01,89.4
FREQ00003434,ALU00287,2026-02-01,96.98
FREQ00003435,ALU00287,2026-03-01,95.71
FREQ00003436,ALU00287,2026-04-01,87.77
FREQ00003437,ALU00287,2026-05-01,96.12
FREQ00003438,ALU00287,2026-06-01,95.03
FREQ00003439,ALU00287,2026-07-01,87.63
FREQ00003440,ALU00287,2026-08-01,96.87
FREQ00003441,ALU00287,2026-09-01,87.59
FREQ00003442,ALU00287,2026-10-01,98.01
FREQ00003443,ALU00287,2026-11-01,95.25
FREQ00003444,ALU00287,2026-12-01,98.73
FREQ00003445,ALU00288,2026-01-01,96.0
FREQ00003446,ALU00288,2026-02-01,97.77
FREQ00003447,ALU00288,2026-03-01,97.02
FREQ00003448,ALU00288,2026-04-01,88.8
FREQ00003449,ALU00288,2026-05-01,89.65
FREQ00003450,ALU00288,2026-06-01,89.19
FREQ00003451,ALU00288,2026-07-01,96.39
FREQ00003452,ALU00288,2026-08-01,91.68
FREQ00003453,ALU00288,2026-09-01,92.85
FREQ00003454,ALU00288,2026-10-01,87.47
FREQ00003455,ALU00288,2026-11-01,97.25
FREQ00003456,ALU00288,2026-12-01,98.66
FREQ00003457,ALU00289,2026-01-01,96.57
FREQ00003458,ALU00289,2026-02-01,96.96
FREQ00003459,ALU00289,2026-03-01,93.47
FREQ00003460,ALU00289,2026-04-01,94.98
FREQ00003461,ALU00289,2026-05-01,94.02
FREQ00003462,ALU00289,2026-06-01,91.81
FREQ00003463,ALU00289,2026-07-01,91.02
FREQ00003464,ALU00289,2026-08-01,94.0
FREQ00003465,ALU00289,2026-09-01,96.25
FREQ00003466,ALU00289,2026-10-01,87.7
FREQ00003467,ALU00289,2026-11-01,94.68
FREQ00003468,ALU00289,2026-12-01,95.53
FREQ00003469,ALU00290,2026-01-01,91.15
FREQ00003470,ALU00290,2026-02-01,98.71
FREQ00003471,ALU00290,2026-03-01,97.69
FREQ00003472,ALU00290,2026-04-01,88.0
FREQ00003473,ALU00290,2026-05-01,98.3
FREQ00003474,ALU00290,2026-06-01,89.63
FREQ00003475,ALU00290,2026-07-01,93.14
FREQ00003476,ALU00290,2026-08-01,95.2
FREQ00003477,ALU00290,2026-09-01,90.67
FREQ00003478,ALU00290,2026-10-01,94.55
FREQ00003479,ALU00290,2026-11-01,95.15
FREQ00003480,ALU00290,2026-12-01,96.93
FREQ00003481,ALU00291,2026-01-01,88.77
FREQ00003482,ALU00291,2026-02-01,88.94
FREQ00003483,ALU00291,2026-03-01,88.21
FREQ00003484,ALU00291,2026-04-01,90.88
FREQ00003485,ALU00291,2026-05-01,90.04
FREQ00003486,ALU00291,2026-06-01,98.47
FREQ00003487,ALU00291,2026-07-01,91.94
FREQ00003488,ALU00291,2026-08-01,95.41
FREQ00003489,ALU00291,2026-09-01,89.83
FREQ00003490,ALU00291,2026-10-01,89.86
FREQ00003491,ALU00291,2026-11-01,90.68
FREQ00003492,ALU00291,2026-12-01,87.96
FREQ00003493,ALU00292,2026-01-01,92.73
FREQ00003494,ALU00292,2026-02-01,97.77
FREQ00003495,ALU00292,2026-03-01,91.88
FREQ00003496,ALU00292,2026-04-01,88.09
FREQ00003497,ALU00292,2026-05-01,87.94
FREQ00003498,ALU00292,2026-06-01,96.18
FREQ00003499,ALU00292,2026-07-01,98.53
FREQ00003500,ALU00292,2026-08-01,91.08
FREQ00003501,ALU00292,2026-09-01,94.13
FREQ00003502,ALU00292,2026-10-01,87.46
FREQ00003503,ALU00292,2026-11-01,98.06
FREQ00003504,ALU00292,2026-12-01,91.92
FREQ00003505,ALU00293,2026-01-01,92.77
FREQ00003506,ALU00293,2026-02-01,89.54
FREQ00003507,ALU00293,2026-03-01,90.52
FREQ00003508,ALU00293,2026-04-01,88.68
FREQ00003509,ALU00293,2026-05-01,89.47
FREQ00003510,ALU00293,2026-06-01,95.3
FREQ00003511,ALU00293,2026-07-01,91.7
FREQ00003512,ALU00293,2026-08-01,96.38
FREQ00003513,ALU00293,2026-09-01,92.58
FREQ00003514,ALU00293,2026-10-01,93.37
FREQ00003515,ALU00293,2026-11-01,88.42
FREQ00003516,ALU00293,2026-12-01,90.27
FREQ00003517,ALU00294,2026-01-01,96.97
FREQ00003518,ALU00294,2026-02-01,91.46
FREQ00003519,ALU00294,2026-03-01,91.3
FREQ00003520,ALU00294,2026-04-01,89.03
FREQ00003521,ALU00294,2026-05-01,94.62
FREQ00003522,ALU00294,2026-06-01,97.75
FREQ00003523,ALU00294,2026-07-01,98.18
FREQ00003524,ALU00294,2026-08-01,87.4
FREQ00003525,ALU00294,2026-09-01,92.12
FREQ00003526,ALU00294,2026-10-01,98.0
FREQ00003527,ALU00294,2026-11-01,90.19
FREQ00003528,ALU00294,2026-12-01,96.1
FREQ00003529,ALU00295,2026-01-01,94.78
FREQ00003530,ALU00295,2026-02-01,92.14
FREQ00003531,ALU00295,2026-03-01,95.76
FREQ00003532,ALU00295,2026-04-01,93.27
FREQ00003533,ALU00295,2026-05-01,93.36
FREQ00003534,ALU00295,2026-06-01,91.75
FREQ00003535,ALU00295,2026-07-01,97.75
FREQ00003536,ALU00295,2026-08-01,92.83
FREQ00003537,ALU00295,2026-09-01,95.65
FREQ00003538,ALU00295,2026-10-01,88.81
FREQ00003539,ALU00295,2026-11-01,93.92
FREQ00003540,ALU00295,2026-12-01,92.8
FREQ00003541,ALU00296,2026-01-01,96.32
FREQ00003542,ALU00296,2026-02-01,96.52
FREQ00003543,ALU00296,2026-03-01,87.1
FREQ00003544,ALU00296,2026-04-01,93.77
FREQ00003545,ALU00296,2026-05-01,87.79
FREQ00003546,ALU00296,2026-06-01,95.05
FREQ00003547,ALU00296,2026-07-01,92.07
FREQ00003548,ALU00296,2026-08-01,89.51
FREQ00003549,ALU00296,2026-09-01,95.7
FREQ00003550,ALU00296,2026-10-01,89.84
FREQ00003551,ALU00296,2026-11-01,95.95
FREQ00003552,ALU00296,2026-12-01,97.84
FREQ00003553,ALU00297,2026-01-01,88.2
FREQ00003554,ALU00297,2026-02-01,92.34
FREQ00003555,ALU00297,2026-03-01,97.28
FREQ00003556,ALU00297,2026-04-01,97.38
FREQ00003557,ALU00297,2026-05-01,88.96
FREQ00003558,ALU00297,2026-06-01,88.46
FREQ00003559,ALU00297,2026-07-01,95.87
FREQ00003560,ALU00297,2026-08-01,89.26
FREQ00003561,ALU00297,2026-09-01,89.39
FREQ00003562,ALU00297,2026-10-01,88.03
FREQ00003563,ALU00297,2026-11-01,93.64
FREQ00003564,ALU00297,2026-12-01,88.01
FREQ00003565,ALU00298,2026-01-01,87.05
FREQ00003566,ALU00298,2026-02-01,96.75
FREQ00003567,ALU00298,2026-03-01,88.36
FREQ00003568,ALU00298,2026-04-01,88.88
FREQ00003569,ALU00298,2026-05-01,90.79
FREQ00003570,ALU00298,2026-06-01,93.18
FREQ00003571,ALU00298,2026-07-01,96.74
FREQ00003572,ALU00298,2026-08-01,94.79
FREQ00003573,ALU00298,2026-09-01,89.57
FREQ00003574,ALU00298,2026-10-01,89.59
FREQ00003575,ALU00298,2026-11-01,89.38
FREQ00003576,ALU00298,2026-12-01,94.89
FREQ00003577,ALU00299,2026-01-01,98.7
FREQ00003578,ALU00299,2026-02-01,92.97
FREQ00003579,ALU00299,2026-03-01,95.12
FREQ00003580,ALU00299,2026-04-01,90.51
FREQ00003581,ALU00299,2026-05-01,91.66
FREQ00003582,ALU00299,2026-06-01,95.11
FREQ00003583,ALU00299,2026-07-01,90.09
FREQ00003584,ALU00299,2026-08-01,98.18
FREQ00003585,ALU00299,2026-09-01,94.75
FREQ00003586,ALU00299,2026-10-01,96.71
FREQ00003587,ALU00299,2026-11-01,94.75
FREQ00003588,ALU00299,2026-12-01,96.67
FREQ00003589,ALU00300,2026-01-01,94.66
FREQ00003590,ALU00300,2026-02-01,88.72
FREQ00003591,ALU00300,2026-03-01,92.0
FREQ00003592,ALU00300,2026-04-01,89.0
FREQ00003593,ALU00300,2026-05-01,92.7
FREQ00003594,ALU00300,2026-06-01,88.36
FREQ00003595,ALU00300,2026-07-01,97.33
FREQ00003596,ALU00300,2026-08-01,87.76
FREQ00003597,ALU00300,2026-09-01,93.05
FREQ00003598,ALU00300,2026-10-01,95.46
FREQ00003599,ALU00300,2026-11-01,92.51
FREQ00003600,ALU00300,2026-12-01,95.78
FREQ00003601,ALU00301,2026-01-01,93.83
FREQ00003602,ALU00301,2026-02-01,88.84
FREQ00003603,ALU00301,2026-03-01,96.88
FREQ00003604,ALU00301,2026-04-01,91.5
FREQ00003605,ALU00301,2026-05-01,92.49
FREQ00003606,ALU00301,2026-06-01,95.86
FREQ00003607,ALU00301,2026-07-01,93.32
FREQ00003608,ALU00301,2026-08-01,97.83
FREQ00003609,ALU00301,2026-09-01,89.28
FREQ00003610,ALU00301,2026-10-01,96.88
FREQ00003611,ALU00301,2026-11-01,89.9
FREQ00003612,ALU00301,2026-12-01,89.36
FREQ00003613,ALU00302,2026-01-01,88.23
FREQ00003614,ALU00302,2026-02-01,95.86
FREQ00003615,ALU00302,2026-03-01,94.98
FREQ00003616,ALU00302,2026-04-01,93.2
FREQ00003617,ALU00302,2026-05-01,94.8
FREQ00003618,ALU00302,2026-06-01,94.51
FREQ00003619,ALU00302,2026-07-01,93.37
FREQ00003620,ALU00302,2026-08-01,98.87
FREQ00003621,ALU00302,2026-09-01,98.4
FREQ00003622,ALU00302,2026-10-01,93.3
FREQ00003623,ALU00302,2026-11-01,90.17
FREQ00003624,ALU00302,2026-12-01,93.06
FREQ00003625,ALU00303,2026-01-01,96.05
FREQ00003626,ALU00303,2026-02-01,92.46
FREQ00003627,ALU00303,2026-03-01,93.71
FREQ00003628,ALU00303,2026-04-01,88.79
FREQ00003629,ALU00303,2026-05-01,96.8
FREQ00003630,ALU00303,2026-06-01,91.59
FREQ00003631,ALU00303,2026-07-01,90.94
FREQ00003632,ALU00303,2026-08-01,98.17
FREQ00003633,ALU00303,2026-09-01,97.55
FREQ00003634,ALU00303,2026-10-01,87.44
FREQ00003635,ALU00303,2026-11-01,92.98
FREQ00003636,ALU00303,2026-12-01,87.53
FREQ00003637,ALU00304,2026-01-01,93.87
FREQ00003638,ALU00304,2026-02-01,88.85
FREQ00003639,ALU00304,2026-03-01,87.87
FREQ00003640,ALU00304,2026-04-01,91.7
FREQ00003641,ALU00304,2026-05-01,97.59
FREQ00003642,ALU00304,2026-06-01,93.49
FREQ00003643,ALU00304,2026-07-01,88.69
FREQ00003644,ALU00304,2026-08-01,94.41
FREQ00003645,ALU00304,2026-09-01,89.29
FREQ00003646,ALU00304,2026-10-01,94.32
FREQ00003647,ALU00304,2026-11-01,96.73
FREQ00003648,ALU00304,2026-12-01,88.03
FREQ00003649,ALU00305,2026-01-01,93.93
FREQ00003650,ALU00305,2026-02-01,95.06
FREQ00003651,ALU00305,2026-03-01,96.02
FREQ00003652,ALU00305,2026-04-01,96.13
FREQ00003653,ALU00305,2026-05-01,98.48
FREQ00003654,ALU00305,2026-06-01,96.77
FREQ00003655,ALU00305,2026-07-01,94.66
FREQ00003656,ALU00305,2026-08-01,93.73
FREQ00003657,ALU00305,2026-09-01,91.28
FREQ00003658,ALU00305,2026-10-01,91.13
FREQ00003659,ALU00305,2026-11-01,90.84
FREQ00003660,ALU00305,2026-12-01,90.29
FREQ00003661,ALU00306,2026-01-01,95.49
FREQ00003662,ALU00306,2026-02-01,95.96
FREQ00003663,ALU00306,2026-03-01,96.42
FREQ00003664,ALU00306,2026-04-01,96.98
FREQ00003665,ALU00306,2026-05-01,92.73
FREQ00003666,ALU00306,2026-06-01,97.18
FREQ00003667,ALU00306,2026-07-01,93.69
FREQ00003668,ALU00306,2026-08-01,87.93
FREQ00003669,ALU00306,2026-09-01,93.5
FREQ00003670,ALU00306,2026-10-01,94.91
FREQ00003671,ALU00306,2026-11-01,98.01
FREQ00003672,ALU00306,2026-12-01,98.93
FREQ00003673,ALU00307,2026-01-01,90.15
FREQ00003674,ALU00307,2026-02-01,96.48
FREQ00003675,ALU00307,2026-03-01,91.03
FREQ00003676,ALU00307,2026-04-01,93.65
FREQ00003677,ALU00307,2026-05-01,94.72
FREQ00003678,ALU00307,2026-06-01,91.8
FREQ00003679,ALU00307,2026-07-01,98.83
FREQ00003680,ALU00307,2026-08-01,97.99
FREQ00003681,ALU00307,2026-09-01,87.57
FREQ00003682,ALU00307,2026-10-01,92.52
FREQ00003683,ALU00307,2026-11-01,93.58
FREQ00003684,ALU00307,2026-12-01,92.15
FREQ00003685,ALU00308,2026-01-01,95.05
FREQ00003686,ALU00308,2026-02-01,98.59
FREQ00003687,ALU00308,2026-03-01,96.54
FREQ00003688,ALU00308,2026-04-01,87.42
FREQ00003689,ALU00308,2026-05-01,88.9
FREQ00003690,ALU00308,2026-06-01,92.9
FREQ00003691,ALU00308,2026-07-01,89.82
FREQ00003692,ALU00308,2026-08-01,96.76
FREQ00003693,ALU00308,2026-09-01,92.02
FREQ00003694,ALU00308,2026-10-01,96.36
FREQ00003695,ALU00308,2026-11-01,91.07
FREQ00003696,ALU00308,2026-12-01,94.47
FREQ00003697,ALU00309,2026-01-01,93.55
FREQ00003698,ALU00309,2026-02-01,91.52
FREQ00003699,ALU00309,2026-03-01,94.58
FREQ00003700,ALU00309,2026-04-01,89.97
FREQ00003701,ALU00309,2026-05-01,89.49
FREQ00003702,ALU00309,2026-06-01,94.48
FREQ00003703,ALU00309,2026-07-01,93.28
FREQ00003704,ALU00309,2026-08-01,91.04
FREQ00003705,ALU00309,2026-09-01,92.88
FREQ00003706,ALU00309,2026-10-01,95.71
FREQ00003707,ALU00309,2026-11-01,87.29
FREQ00003708,ALU00309,2026-12-01,97.16
FREQ00003709,ALU00310,2026-01-01,91.91
FREQ00003710,ALU00310,2026-02-01,96.27
FREQ00003711,ALU00310,2026-03-01,97.3
FREQ00003712,ALU00310,2026-04-01,92.68
FREQ00003713,ALU00310,2026-05-01,93.72
FREQ00003714,ALU00310,2026-06-01,98.64
FREQ00003715,ALU00310,2026-07-01,87.56
FREQ00003716,ALU00310,2026-08-01,92.12
FREQ00003717,ALU00310,2026-09-01,96.12
FREQ00003718,ALU00310,2026-10-01,91.29
FREQ00003719,ALU00310,2026-11-01,89.01
FREQ00003720,ALU00310,2026-12-01,97.01
FREQ00003721,ALU00311,2026-01-01,95.65
FREQ00003722,ALU00311,2026-02-01,95.95
FREQ00003723,ALU00311,2026-03-01,98.63
FREQ00003724,ALU00311,2026-04-01,92.49
FREQ00003725,ALU00311,2026-05-01,93.81
FREQ00003726,ALU00311,2026-06-01,93.35
FREQ00003727,ALU00311,2026-07-01,87.53
FREQ00003728,ALU00311,2026-08-01,92.14
FREQ00003729,ALU00311,2026-09-01,98.77
FREQ00003730,ALU00311,2026-10-01,89.23
FREQ00003731,ALU00311,2026-11-01,96.94
FREQ00003732,ALU00311,2026-12-01,94.95
FREQ00003733,ALU00312,2026-01-01,95.58
FREQ00003734,ALU00312,2026-02-01,87.53
FREQ00003735,ALU00312,2026-03-01,92.42
FREQ00003736,ALU00312,2026-04-01,93.52
FREQ00003737,ALU00312,2026-05-01,90.38
FREQ00003738,ALU00312,2026-06-01,94.34
FREQ00003739,ALU00312,2026-07-01,98.57
FREQ00003740,ALU00312,2026-08-01,97.54
FREQ00003741,ALU00312,2026-09-01,93.35
FREQ00003742,ALU00312,2026-10-01,87.42
FREQ00003743,ALU00312,2026-11-01,91.72
FREQ00003744,ALU00312,2026-12-01,90.09
FREQ00003745,ALU00313,2026-01-01,95.97
FREQ00003746,ALU00313,2026-02-01,90.46
FREQ00003747,ALU00313,2026-03-01,91.75
FREQ00003748,ALU00313,2026-04-01,98.65
FREQ00003749,ALU00313,2026-05-01,92.29
FREQ00003750,ALU00313,2026-06-01,90.3
FREQ00003751,ALU00313,2026-07-01,93.25
FREQ00003752,ALU00313,2026-08-01,92.85
FREQ00003753,ALU00313,2026-09-01,97.85
FREQ00003754,ALU00313,2026-10-01,96.7
FREQ00003755,ALU00313,2026-11-01,91.19
FREQ00003756,ALU00313,2026-12-01,95.12
FREQ00003757,ALU00314,2026-01-01,98.76
FREQ00003758,ALU00314,2026-02-01,93.73
FREQ00003759,ALU00314,2026-03-01,94.93
FREQ00003760,ALU00314,2026-04-01,87.02
FREQ00003761,ALU00314,2026-05-01,87.25
FREQ00003762,ALU00314,2026-06-01,89.85
FREQ00003763,ALU00314,2026-07-01,98.71
FREQ00003764,ALU00314,2026-08-01,92.95
FREQ00003765,ALU00314,2026-09-01,89.24
FREQ00003766,ALU00314,2026-10-01,94.64
FREQ00003767,ALU00314,2026-11-01,96.34
FREQ00003768,ALU00314,2026-12-01,97.57
FREQ00003769,ALU00315,2026-01-01,90.6
FREQ00003770,ALU00315,2026-02-01,90.93
FREQ00003771,ALU00315,2026-03-01,92.53
FREQ00003772,ALU00315,2026-04-01,91.41
FREQ00003773,ALU00315,2026-05-01,93.6
FREQ00003774,ALU00315,2026-06-01,87.49
FREQ00003775,ALU00315,2026-07-01,87.74
FREQ00003776,ALU00315,2026-08-01,88.99
FREQ00003777,ALU00315,2026-09-01,93.12
FREQ00003778,ALU00315,2026-10-01,97.82
FREQ00003779,ALU00315,2026-11-01,96.29
FREQ00003780,ALU00315,2026-12-01,91.79
FREQ00003781,ALU00316,2026-01-01,89.85
FREQ00003782,ALU00316,2026-02-01,96.68
FREQ00003783,ALU00316,2026-03-01,88.35
FREQ00003784,ALU00316,2026-04-01,98.28
FREQ00003785,ALU00316,2026-05-01,91.21
FREQ00003786,ALU00316,2026-06-01,94.16
FREQ00003787,ALU00316,2026-07-01,92.54
FREQ00003788,ALU00316,2026-08-01,96.55
FREQ00003789,ALU00316,2026-09-01,88.78
FREQ00003790,ALU00316,2026-10-01,89.31
FREQ00003791,ALU00316,2026-11-01,96.43
FREQ00003792,ALU00316,2026-12-01,91.58
FREQ00003793,ALU00317,2026-01-01,88.93
FREQ00003794,ALU00317,2026-02-01,92.93
FREQ00003795,ALU00317,2026-03-01,93.95
FREQ00003796,ALU00317,2026-04-01,96.5
FREQ00003797,ALU00317,2026-05-01,95.79
FREQ00003798,ALU00317,2026-06-01,94.09
FREQ00003799,ALU00317,2026-07-01,95.62
FREQ00003800,ALU00317,2026-08-01,98.98
FREQ00003801,ALU00317,2026-09-01,87.78
FREQ00003802,ALU00317,2026-10-01,88.87
FREQ00003803,ALU00317,2026-11-01,93.56
FREQ00003804,ALU00317,2026-12-01,93.7
FREQ00003805,ALU00318,2026-01-01,91.37
FREQ00003806,ALU00318,2026-02-01,88.84
FREQ00003807,ALU00318,2026-03-01,93.48
FREQ00003808,ALU00318,2026-04-01,88.06
FREQ00003809,ALU00318,2026-05-01,90.12
FREQ00003810,ALU00318,2026-06-01,95.6
FREQ00003811,ALU00318,2026-07-01,91.79
FREQ00003812,ALU00318,2026-08-01,95.27
FREQ00003813,ALU00318,2026-09-01,98.68
FREQ00003814,ALU00318,2026-10-01,87.98
FREQ00003815,ALU00318,2026-11-01,94.16
FREQ00003816,ALU00318,2026-12-01,97.45
FREQ00003817,ALU00319,2026-01-01,87.57
FREQ00003818,ALU00319,2026-02-01,98.75
FREQ00003819,ALU00319,2026-03-01,89.94
FREQ00003820,ALU00319,2026-04-01,98.08
FREQ00003821,ALU00319,2026-05-01,98.6
FREQ00003822,ALU00319,2026-06-01,93.77
FREQ00003823,ALU00319,2026-07-01,96.99
FREQ00003824,ALU00319,2026-08-01,97.24
FREQ00003825,ALU00319,2026-09-01,94.29
FREQ00003826,ALU00319,2026-10-01,97.36
FREQ00003827,ALU00319,2026-11-01,94.65
FREQ00003828,ALU00319,2026-12-01,88.56
FREQ00003829,ALU00320,2026-01-01,93.11
FREQ00003830,ALU00320,2026-02-01,89.5
FREQ00003831,ALU00320,2026-03-01,97.6
FREQ00003832,ALU00320,2026-04-01,88.34
FREQ00003833,ALU00320,2026-05-01,92.96
FREQ00003834,ALU00320,2026-06-01,94.24
FREQ00003835,ALU00320,2026-07-01,95.37
FREQ00003836,ALU00320,2026-08-01,94.67
FREQ00003837,ALU00320,2026-09-01,94.65
FREQ00003838,ALU00320,2026-10-01,91.22
FREQ00003839,ALU00320,2026-11-01,96.14
FREQ00003840,ALU00320,2026-12-01,89.01
FREQ00003841,ALU00321,2026-01-01,96.94
FREQ00003842,ALU00321,2026-02-01,89.9
FREQ00003843,ALU00321,2026-03-01,91.07
FREQ00003844,ALU00321,2026-04-01,89.17
FREQ00003845,ALU00321,2026-05-01,90.94
FREQ00003846,ALU00321,2026-06-01,98.19
FREQ00003847,ALU00321,2026-07-01,90.91
FREQ00003848,ALU00321,2026-08-01,90.79
FREQ00003849,ALU00321,2026-09-01,91.59
FREQ00003850,ALU00321,2026-10-01,89.88
FREQ00003851,ALU00321,2026-11-01,95.86
FREQ00003852,ALU00321,2026-12-01,98.1
FREQ00003853,ALU00322,2026-01-01,93.4
FREQ00003854,ALU00322,2026-02-01,90.32
FREQ00003855,ALU00322,2026-03-01,98.76
FREQ00003856,ALU00322,2026-04-01,98.68
FREQ00003857,ALU00322,2026-05-01,89.13
FREQ00003858,ALU00322,2026-06-01,96.48
FREQ00003859,ALU00322,2026-07-01,98.44
FREQ00003860,ALU00322,2026-08-01,87.94
FREQ00003861,ALU00322,2026-09-01,88.95
FREQ00003862,ALU00322,2026-10-01,90.61
FREQ00003863,ALU00322,2026-11-01,96.59
FREQ00003864,ALU00322,2026-12-01,92.23
FREQ00003865,ALU00323,2026-01-01,96.95
FREQ00003866,ALU00323,2026-02-01,88.88
FREQ00003867,ALU00323,2026-03-01,87.64
FREQ00003868,ALU00323,2026-04-01,87.95
FREQ00003869,ALU00323,2026-05-01,94.94
FREQ00003870,ALU00323,2026-06-01,96.19
FREQ00003871,ALU00323,2026-07-01,97.34
FREQ00003872,ALU00323,2026-08-01,98.71
FREQ00003873,ALU00323,2026-09-01,98.53
FREQ00003874,ALU00323,2026-10-01,98.38
FREQ00003875,ALU00323,2026-11-01,97.05
FREQ00003876,ALU00323,2026-12-01,89.97
FREQ00003877,ALU00324,2026-01-01,94.57
FREQ00003878,ALU00324,2026-02-01,91.23
FREQ00003879,ALU00324,2026-03-01,96.55
FREQ00003880,ALU00324,2026-04-01,94.35
FREQ00003881,ALU00324,2026-05-01,89.65
FREQ00003882,ALU00324,2026-06-01,89.76
FREQ00003883,ALU00324,2026-07-01,87.11
FREQ00003884,ALU00324,2026-08-01,93.98
FREQ00003885,ALU00324,2026-09-01,91.32
FREQ00003886,ALU00324,2026-10-01,92.2
FREQ00003887,ALU00324,2026-11-01,90.11
FREQ00003888,ALU00324,2026-12-01,93.58
FREQ00003889,ALU00325,2026-01-01,93.89
FREQ00003890,ALU00325,2026-02-01,87.92
FREQ00003891,ALU00325,2026-03-01,91.61
FREQ00003892,ALU00325,2026-04-01,91.75
FREQ00003893,ALU00325,2026-05-01,90.6
FREQ00003894,ALU00325,2026-06-01,96.97
FREQ00003895,ALU00325,2026-07-01,87.0
FREQ00003896,ALU00325,2026-08-01,87.0
FREQ00003897,ALU00325,2026-09-01,95.07
FREQ00003898,ALU00325,2026-10-01,92.84
FREQ00003899,ALU00325,2026-11-01,87.37
FREQ00003900,ALU00325,2026-12-01,92.15
FREQ00003901,ALU00326,2026-01-01,90.23
FREQ00003902,ALU00326,2026-02-01,96.49
FREQ00003903,ALU00326,2026-03-01,90.23
FREQ00003904,ALU00326,2026-04-01,94.47
FREQ00003905,ALU00326,2026-05-01,90.77
FREQ00003906,ALU00326,2026-06-01,98.92
FREQ00003907,ALU00326,2026-07-01,97.67
FREQ00003908,ALU00326,2026-08-01,88.92
FREQ00003909,ALU00326,2026-09-01,97.62
FREQ00003910,ALU00326,2026-10-01,87.85
FREQ00003911,ALU00326,2026-11-01,90.33
FREQ00003912,ALU00326,2026-12-01,98.3
FREQ00003913,ALU00327,2026-01-01,96.99
FREQ00003914,ALU00327,2026-02-01,98.37
FREQ00003915,ALU00327,2026-03-01,87.67
FREQ00003916,ALU00327,2026-04-01,93.69
FREQ00003917,ALU00327,2026-05-01,94.34
FREQ00003918,ALU00327,2026-06-01,91.28
FREQ00003919,ALU00327,2026-07-01,93.86
FREQ00003920,ALU00327,2026-08-01,88.59
FREQ00003921,ALU00327,2026-09-01,92.28
FREQ00003922,ALU00327,2026-10-01,95.05
FREQ00003923,ALU00327,2026-11-01,90.32
FREQ00003924,ALU00327,2026-12-01,98.47
FREQ00003925,ALU00328,2026-01-01,91.73
FREQ00003926,ALU00328,2026-02-01,87.85
FREQ00003927,ALU00328,2026-03-01,94.57
FREQ00003928,ALU00328,2026-04-01,92.66
FREQ00003929,ALU00328,2026-05-01,93.34
FREQ00003930,ALU00328,2026-06-01,97.5
FREQ00003931,ALU00328,2026-07-01,96.21
FREQ00003932,ALU00328,2026-08-01,93.07
FREQ00003933,ALU00328,2026-09-01,93.19
FREQ00003934,ALU00328,2026-10-01,91.27
FREQ00003935,ALU00328,2026-11-01,96.82
FREQ00003936,ALU00328,2026-12-01,97.63
FREQ00003937,ALU00329,2026-01-01,93.22
FREQ00003938,ALU00329,2026-02-01,88.7
FREQ00003939,ALU00329,2026-03-01,95.82
FREQ00003940,ALU00329,2026-04-01,98.3
FREQ00003941,ALU00329,2026-05-01,94.68
FREQ00003942,ALU00329,2026-06-01,89.75
FREQ00003943,ALU00329,2026-07-01,92.92
FREQ00003944,ALU00329,2026-08-01,89.82
FREQ00003945,ALU00329,2026-09-01,89.28
FREQ00003946,ALU00329,2026-10-01,98.15
FREQ00003947,ALU00329,2026-11-01,93.69
FREQ00003948,ALU00329,2026-12-01,94.69
FREQ00003949,ALU00330,2026-01-01,93.58
FREQ00003950,ALU00330,2026-02-01,96.85
FREQ00003951,ALU00330,2026-03-01,97.25
FREQ00003952,ALU00330,2026-04-01,94.26
FREQ00003953,ALU00330,2026-05-01,91.26
FREQ00003954,ALU00330,2026-06-01,88.23
FREQ00003955,ALU00330,2026-07-01,91.91
FREQ00003956,ALU00330,2026-08-01,89.04
FREQ00003957,ALU00330,2026-09-01,87.27
FREQ00003958,ALU00330,2026-10-01,89.66
FREQ00003959,ALU00330,2026-11-01,96.24
FREQ00003960,ALU00330,2026-12-01,96.43
FREQ00003961,ALU00331,2026-01-01,95.78
FREQ00003962,ALU00331,2026-02-01,89.41
FREQ00003963,ALU00331,2026-03-01,90.67
FREQ00003964,ALU00331,2026-04-01,92.18
FREQ00003965,ALU00331,2026-05-01,96.15
FREQ00003966,ALU00331,2026-06-01,98.05
FREQ00003967,ALU00331,2026-07-01,97.17
FREQ00003968,ALU00331,2026-08-01,97.28
FREQ00003969,ALU00331,2026-09-01,95.09
FREQ00003970,ALU00331,2026-10-01,98.86
FREQ00003971,ALU00331,2026-11-01,98.12
FREQ00003972,ALU00331,2026-12-01,96.65
FREQ00003973,ALU00332,2026-01-01,92.06
FREQ00003974,ALU00332,2026-02-01,98.96
FREQ00003975,ALU00332,2026-03-01,92.84
FREQ00003976,ALU00332,2026-04-01,95.43
FREQ00003977,ALU00332,2026-05-01,92.57
FREQ00003978,ALU00332,2026-06-01,93.31
FREQ00003979,ALU00332,2026-07-01,91.3
FREQ00003980,ALU00332,2026-08-01,95.28
FREQ00003981,ALU00332,2026-09-01,93.67
FREQ00003982,ALU00332,2026-10-01,90.18
FREQ00003983,ALU00332,2026-11-01,94.38
FREQ00003984,ALU00332,2026-12-01,88.43
FREQ00003985,ALU00333,2026-01-01,95.5
FREQ00003986,ALU00333,2026-02-01,89.22
FREQ00003987,ALU00333,2026-03-01,94.02
FREQ00003988,ALU00333,2026-04-01,92.09
FREQ00003989,ALU00333,2026-05-01,90.37
FREQ00003990,ALU00333,2026-06-01,92.21
FREQ00003991,ALU00333,2026-07-01,98.43
FREQ00003992,ALU00333,2026-08-01,97.94
FREQ00003993,ALU00333,2026-09-01,95.05
FREQ00003994,ALU00333,2026-10-01,95.72
FREQ00003995,ALU00333,2026-11-01,89.08
FREQ00003996,ALU00333,2026-12-01,90.32
FREQ00003997,ALU00334,2026-01-01,90.52
FREQ00003998,ALU00334,2026-02-01,92.51
FREQ00003999,ALU00334,2026-03-01,97.62
FREQ00004000,ALU00334,2026-04-01,93.68
FREQ00004001,ALU00334,2026-05-01,93.53
FREQ00004002,ALU00334,2026-06-01,98.76
FREQ00004003,ALU00334,2026-07-01,88.87
FREQ00004004,ALU00334,2026-08-01,91.84
FREQ00004005,ALU00334,2026-09-01,92.69
FREQ00004006,ALU00334,2026-10-01,87.42
FREQ00004007,ALU00334,2026-11-01,88.77
FREQ00004008,ALU00334,2026-12-01,87.31
FREQ00004009,ALU00335,2026-01-01,90.8
FREQ00004010,ALU00335,2026-02-01,88.59
FREQ00004011,ALU00335,2026-03-01,96.88
FREQ00004012,ALU00335,2026-04-01,92.58
FREQ00004013,ALU00335,2026-05-01,90.11
FREQ00004014,ALU00335,2026-06-01,94.54
FREQ00004015,ALU00335,2026-07-01,94.5
FREQ00004016,ALU00335,2026-08-01,92.31
FREQ00004017,ALU00335,2026-09-01,93.63
FREQ00004018,ALU00335,2026-10-01,92.48
FREQ00004019,ALU00335,2026-11-01,92.2
FREQ00004020,ALU00335,2026-12-01,97.93
FREQ00004021,ALU00336,2026-01-01,98.8
FREQ00004022,ALU00336,2026-02-01,96.94
FREQ00004023,ALU00336,2026-03-01,88.14
FREQ00004024,ALU00336,2026-04-01,95.4
FREQ00004025,ALU00336,2026-05-01,98.42
FREQ00004026,ALU00336,2026-06-01,95.77
FREQ00004027,ALU00336,2026-07-01,96.74
FREQ00004028,ALU00336,2026-08-01,87.09
FREQ00004029,ALU00336,2026-09-01,98.74
FREQ00004030,ALU00336,2026-10-01,90.46
FREQ00004031,ALU00336,2026-11-01,96.71
FREQ00004032,ALU00336,2026-12-01,98.38
FREQ00004033,ALU00337,2026-01-01,91.23
FREQ00004034,ALU00337,2026-02-01,92.36
FREQ00004035,ALU00337,2026-03-01,88.47
FREQ00004036,ALU00337,2026-04-01,88.25
FREQ00004037,ALU00337,2026-05-01,87.87
FREQ00004038,ALU00337,2026-06-01,96.3
FREQ00004039,ALU00337,2026-07-01,90.12
FREQ00004040,ALU00337,2026-08-01,92.29
FREQ00004041,ALU00337,2026-09-01,87.52
FREQ00004042,ALU00337,2026-10-01,96.2
FREQ00004043,ALU00337,2026-11-01,95.51
FREQ00004044,ALU00337,2026-12-01,87.89
FREQ00004045,ALU00338,2026-01-01,96.77
FREQ00004046,ALU00338,2026-02-01,98.05
FREQ00004047,ALU00338,2026-03-01,97.18
FREQ00004048,ALU00338,2026-04-01,93.21
FREQ00004049,ALU00338,2026-05-01,87.62
FREQ00004050,ALU00338,2026-06-01,98.05
FREQ00004051,ALU00338,2026-07-01,90.18
FREQ00004052,ALU00338,2026-08-01,89.5
FREQ00004053,ALU00338,2026-09-01,89.21
FREQ00004054,ALU00338,2026-10-01,98.35
FREQ00004055,ALU00338,2026-11-01,89.49
FREQ00004056,ALU00338,2026-12-01,96.95
FREQ00004057,ALU00339,2026-01-01,98.03
FREQ00004058,ALU00339,2026-02-01,91.56
FREQ00004059,ALU00339,2026-03-01,95.41
FREQ00004060,ALU00339,2026-04-01,98.35
FREQ00004061,ALU00339,2026-05-01,91.9
FREQ00004062,ALU00339,2026-06-01,92.66
FREQ00004063,ALU00339,2026-07-01,90.68
FREQ00004064,ALU00339,2026-08-01,90.68
FREQ00004065,ALU00339,2026-09-01,97.88
FREQ00004066,ALU00339,2026-10-01,94.03
FREQ00004067,ALU00339,2026-11-01,87.51
FREQ00004068,ALU00339,2026-12-01,87.75
FREQ00004069,ALU00340,2026-01-01,92.74
FREQ00004070,ALU00340,2026-02-01,95.56
FREQ00004071,ALU00340,2026-03-01,93.31
FREQ00004072,ALU00340,2026-04-01,94.45
FREQ00004073,ALU00340,2026-05-01,89.06
FREQ00004074,ALU00340,2026-06-01,96.39
FREQ00004075,ALU00340,2026-07-01,91.82
FREQ00004076,ALU00340,2026-08-01,91.42
FREQ00004077,ALU00340,2026-09-01,96.09
FREQ00004078,ALU00340,2026-10-01,95.79
FREQ00004079,ALU00340,2026-11-01,94.95
FREQ00004080,ALU00340,2026-12-01,98.52
FREQ00004081,ALU00341,2026-01-01,87.09
FREQ00004082,ALU00341,2026-02-01,92.71
FREQ00004083,ALU00341,2026-03-01,88.72
FREQ00004084,ALU00341,2026-04-01,96.86
FREQ00004085,ALU00341,2026-05-01,93.79
FREQ00004086,ALU00341,2026-06-01,87.38
FREQ00004087,ALU00341,2026-07-01,96.51
FREQ00004088,ALU00341,2026-08-01,96.74
FREQ00004089,ALU00341,2026-09-01,89.1
FREQ00004090,ALU00341,2026-10-01,93.28
FREQ00004091,ALU00341,2026-11-01,97.12
FREQ00004092,ALU00341,2026-12-01,94.07
FREQ00004093,ALU00342,2026-01-01,89.6
FREQ00004094,ALU00342,2026-02-01,97.54
FREQ00004095,ALU00342,2026-03-01,98.77
FREQ00004096,ALU00342,2026-04-01,97.22
FREQ00004097,ALU00342,2026-05-01,93.63
FREQ00004098,ALU00342,2026-06-01,95.81
FREQ00004099,ALU00342,2026-07-01,91.66
FREQ00004100,ALU00342,2026-08-01,93.57
FREQ00004101,ALU00342,2026-09-01,90.72
FREQ00004102,ALU00342,2026-10-01,92.61
FREQ00004103,ALU00342,2026-11-01,95.61
FREQ00004104,ALU00342,2026-12-01,91.23
FREQ00004105,ALU00343,2026-01-01,87.17
FREQ00004106,ALU00343,2026-02-01,98.2
FREQ00004107,ALU00343,2026-03-01,94.86
FREQ00004108,ALU00343,2026-04-01,97.41
FREQ00004109,ALU00343,2026-05-01,95.22
FREQ00004110,ALU00343,2026-06-01,95.33
FREQ00004111,ALU00343,2026-07-01,93.76
FREQ00004112,ALU00343,2026-08-01,96.06
FREQ00004113,ALU00343,2026-09-01,95.32
FREQ00004114,ALU00343,2026-10-01,93.35
FREQ00004115,ALU00343,2026-11-01,90.83
FREQ00004116,ALU00343,2026-12-01,87.46
FREQ00004117,ALU00344,2026-01-01,90.64
FREQ00004118,ALU00344,2026-02-01,90.27
FREQ00004119,ALU00344,2026-03-01,93.23
FREQ00004120,ALU00344,2026-04-01,87.03
FREQ00004121,ALU00344,2026-05-01,89.62
FREQ00004122,ALU00344,2026-06-01,95.39
FREQ00004123,ALU00344,2026-07-01,98.06
FREQ00004124,ALU00344,2026-08-01,91.05
FREQ00004125,ALU00344,2026-09-01,93.41
FREQ00004126,ALU00344,2026-10-01,94.23
FREQ00004127,ALU00344,2026-11-01,96.5
FREQ00004128,ALU00344,2026-12-01,87.95
FREQ00004129,ALU00345,2026-01-01,92.47
FREQ00004130,ALU00345,2026-02-01,89.68
FREQ00004131,ALU00345,2026-03-01,93.25
FREQ00004132,ALU00345,2026-04-01,93.56
FREQ00004133,ALU00345,2026-05-01,91.99
FREQ00004134,ALU00345,2026-06-01,92.31
FREQ00004135,ALU00345,2026-07-01,98.16
FREQ00004136,ALU00345,2026-08-01,97.16
FREQ00004137,ALU00345,2026-09-01,96.8
FREQ00004138,ALU00345,2026-10-01,92.55
FREQ00004139,ALU00345,2026-11-01,88.12
FREQ00004140,ALU00345,2026-12-01,89.34
FREQ00004141,ALU00346,2026-01-01,97.98
FREQ00004142,ALU00346,2026-02-01,89.3
FREQ00004143,ALU00346,2026-03-01,97.81
FREQ00004144,ALU00346,2026-04-01,88.28
FREQ00004145,ALU00346,2026-05-01,90.4
FREQ00004146,ALU00346,2026-06-01,87.93
FREQ00004147,ALU00346,2026-07-01,92.12
FREQ00004148,ALU00346,2026-08-01,92.53
FREQ00004149,ALU00346,2026-09-01,88.37
FREQ00004150,ALU00346,2026-10-01,95.5
FREQ00004151,ALU00346,2026-11-01,91.8
FREQ00004152,ALU00346,2026-12-01,94.42
FREQ00004153,ALU00347,2026-01-01,97.39
FREQ00004154,ALU00347,2026-02-01,90.59
FREQ00004155,ALU00347,2026-03-01,89.34
FREQ00004156,ALU00347,2026-04-01,98.62
FREQ00004157,ALU00347,2026-05-01,90.81
FREQ00004158,ALU00347,2026-06-01,87.96
FREQ00004159,ALU00347,2026-07-01,89.55
FREQ00004160,ALU00347,2026-08-01,97.31
FREQ00004161,ALU00347,2026-09-01,89.37
FREQ00004162,ALU00347,2026-10-01,95.57
FREQ00004163,ALU00347,2026-11-01,88.28
FREQ00004164,ALU00347,2026-12-01,92.48
FREQ00004165,ALU00348,2026-01-01,97.47
FREQ00004166,ALU00348,2026-02-01,91.54
FREQ00004167,ALU00348,2026-03-01,96.28
FREQ00004168,ALU00348,2026-04-01,97.24
FREQ00004169,ALU00348,2026-05-01,87.72
FREQ00004170,ALU00348,2026-06-01,91.66
FREQ00004171,ALU00348,2026-07-01,93.59
FREQ00004172,ALU00348,2026-08-01,90.14
FREQ00004173,ALU00348,2026-09-01,87.95
FREQ00004174,ALU00348,2026-10-01,95.83
FREQ00004175,ALU00348,2026-11-01,98.72
FREQ00004176,ALU00348,2026-12-01,91.69
FREQ00004177,ALU00349,2026-01-01,94.79
FREQ00004178,ALU00349,2026-02-01,94.56
FREQ00004179,ALU00349,2026-03-01,96.62
FREQ00004180,ALU00349,2026-04-01,94.53
FREQ00004181,ALU00349,2026-05-01,87.58
FREQ00004182,ALU00349,2026-06-01,90.56
FREQ00004183,ALU00349,2026-07-01,87.43
FREQ00004184,ALU00349,2026-08-01,89.29
FREQ00004185,ALU00349,2026-09-01,91.75
FREQ00004186,ALU00349,2026-10-01,94.88
FREQ00004187,ALU00349,2026-11-01,95.17
FREQ00004188,ALU00349,2026-12-01,87.27
FREQ00004189,ALU00350,2026-01-01,94.36
FREQ00004190,ALU00350,2026-02-01,88.61
FREQ00004191,ALU00350,2026-03-01,88.74
FREQ00004192,ALU00350,2026-04-01,92.91
FREQ00004193,ALU00350,2026-05-01,87.48
FREQ00004194,ALU00350,2026-06-01,88.79
FREQ00004195,ALU00350,2026-07-01,93.92
FREQ00004196,ALU00350,2026-08-01,90.45
FREQ00004197,ALU00350,2026-09-01,91.98
FREQ00004198,ALU00350,2026-10-01,88.02
FREQ00004199,ALU00350,2026-11-01,89.24
FREQ00004200,ALU00350,2026-12-01,94.92
FREQ00004201,ALU00351,2026-01-01,87.99
FREQ00004202,ALU00351,2026-02-01,97.94
FREQ00004203,ALU00351,2026-03-01,88.25
FREQ00004204,ALU00351,2026-04-01,95.57
FREQ00004205,ALU00351,2026-05-01,89.0
FREQ00004206,ALU00351,2026-06-01,94.27
FREQ00004207,ALU00351,2026-07-01,91.12
FREQ00004208,ALU00351,2026-08-01,90.43
FREQ00004209,ALU00351,2026-09-01,87.96
FREQ00004210,ALU00351,2026-10-01,97.17
FREQ00004211,ALU00351,2026-11-01,98.68
FREQ00004212,ALU00351,2026-12-01,89.21
FREQ00004213,ALU00352,2026-01-01,90.05
FREQ00004214,ALU00352,2026-02-01,98.92
FREQ00004215,ALU00352,2026-03-01,92.02
FREQ00004216,ALU00352,2026-04-01,98.2
FREQ00004217,ALU00352,2026-05-01,87.45
FREQ00004218,ALU00352,2026-06-01,94.92
FREQ00004219,ALU00352,2026-07-01,88.69
FREQ00004220,ALU00352,2026-08-01,87.52
FREQ00004221,ALU00352,2026-09-01,92.95
FREQ00004222,ALU00352,2026-10-01,97.17
FREQ00004223,ALU00352,2026-11-01,95.51
FREQ00004224,ALU00352,2026-12-01,88.52
FREQ00004225,ALU00353,2026-01-01,87.62
FREQ00004226,ALU00353,2026-02-01,96.76
FREQ00004227,ALU00353,2026-03-01,94.19
FREQ00004228,ALU00353,2026-04-01,95.72
FREQ00004229,ALU00353,2026-05-01,96.49
FREQ00004230,ALU00353,2026-06-01,88.26
FREQ00004231,ALU00353,2026-07-01,93.43
FREQ00004232,ALU00353,2026-08-01,97.78
FREQ00004233,ALU00353,2026-09-01,88.69
FREQ00004234,ALU00353,2026-10-01,96.94
FREQ00004235,ALU00353,2026-11-01,97.66
FREQ00004236,ALU00353,2026-12-01,87.16
FREQ00004237,ALU00354,2026-01-01,93.22
FREQ00004238,ALU00354,2026-02-01,94.28
FREQ00004239,ALU00354,2026-03-01,98.6
FREQ00004240,ALU00354,2026-04-01,94.28
FREQ00004241,ALU00354,2026-05-01,94.03
FREQ00004242,ALU00354,2026-06-01,90.52
FREQ00004243,ALU00354,2026-07-01,95.04
FREQ00004244,ALU00354,2026-08-01,93.81
FREQ00004245,ALU00354,2026-09-01,88.81
FREQ00004246,ALU00354,2026-10-01,97.4
FREQ00004247,ALU00354,2026-11-01,88.57
FREQ00004248,ALU00354,2026-12-01,90.7
FREQ00004249,ALU00355,2026-01-01,92.49
FREQ00004250,ALU00355,2026-02-01,93.42
FREQ00004251,ALU00355,2026-03-01,92.63
FREQ00004252,ALU00355,2026-04-01,87.39
FREQ00004253,ALU00355,2026-05-01,94.46
FREQ00004254,ALU00355,2026-06-01,98.13
FREQ00004255,ALU00355,2026-07-01,98.79
FREQ00004256,ALU00355,2026-08-01,93.11
FREQ00004257,ALU00355,2026-09-01,88.68
FREQ00004258,ALU00355,2026-10-01,91.52
FREQ00004259,ALU00355,2026-11-01,94.37
FREQ00004260,ALU00355,2026-12-01,93.34
FREQ00004261,ALU00356,2026-01-01,87.36
FREQ00004262,ALU00356,2026-02-01,94.42
FREQ00004263,ALU00356,2026-03-01,89.26
FREQ00004264,ALU00356,2026-04-01,97.41
FREQ00004265,ALU00356,2026-05-01,87.45
FREQ00004266,ALU00356,2026-06-01,90.71
FREQ00004267,ALU00356,2026-07-01,98.29
FREQ00004268,ALU00356,2026-08-01,91.84
FREQ00004269,ALU00356,2026-09-01,89.76
FREQ00004270,ALU00356,2026-10-01,91.62
FREQ00004271,ALU00356,2026-11-01,91.76
FREQ00004272,ALU00356,2026-12-01,88.99
FREQ00004273,ALU00357,2026-01-01,91.53
FREQ00004274,ALU00357,2026-02-01,92.23
FREQ00004275,ALU00357,2026-03-01,92.72
FREQ00004276,ALU00357,2026-04-01,87.97
FREQ00004277,ALU00357,2026-05-01,91.17
FREQ00004278,ALU00357,2026-06-01,91.76
FREQ00004279,ALU00357,2026-07-01,93.19
FREQ00004280,ALU00357,2026-08-01,97.22
FREQ00004281,ALU00357,2026-09-01,91.46
FREQ00004282,ALU00357,2026-10-01,96.81
FREQ00004283,ALU00357,2026-11-01,97.83
FREQ00004284,ALU00357,2026-12-01,95.71
FREQ00004285,ALU00358,2026-01-01,95.22
FREQ00004286,ALU00358,2026-02-01,91.03
FREQ00004287,ALU00358,2026-03-01,90.31
FREQ00004288,ALU00358,2026-04-01,93.33
FREQ00004289,ALU00358,2026-05-01,87.85
FREQ00004290,ALU00358,2026-06-01,93.85
FREQ00004291,ALU00358,2026-07-01,93.69
FREQ00004292,ALU00358,2026-08-01,92.94
FREQ00004293,ALU00358,2026-09-01,87.33
FREQ00004294,ALU00358,2026-10-01,96.75
FREQ00004295,ALU00358,2026-11-01,94.8
FREQ00004296,ALU00358,2026-12-01,93.34
FREQ00004297,ALU00359,2026-01-01,98.19
FREQ00004298,ALU00359,2026-02-01,88.55
FREQ00004299,ALU00359,2026-03-01,92.22
FREQ00004300,ALU00359,2026-04-01,89.34
FREQ00004301,ALU00359,2026-05-01,87.7
FREQ00004302,ALU00359,2026-06-01,89.6
FREQ00004303,ALU00359,2026-07-01,88.14
FREQ00004304,ALU00359,2026-08-01,89.64
FREQ00004305,ALU00359,2026-09-01,95.44
FREQ00004306,ALU00359,2026-10-01,89.37
FREQ00004307,ALU00359,2026-11-01,89.29
FREQ00004308,ALU00359,2026-12-01,98.5
FREQ00004309,ALU00360,2026-01-01,92.15
FREQ00004310,ALU00360,2026-02-01,87.26
FREQ00004311,ALU00360,2026-03-01,98.94
FREQ00004312,ALU00360,2026-04-01,89.7
FREQ00004313,ALU00360,2026-05-01,87.68
FREQ00004314,ALU00360,2026-06-01,87.35
FREQ00004315,ALU00360,2026-07-01,93.72
FREQ00004316,ALU00360,2026-08-01,97.87
FREQ00004317,ALU00360,2026-09-01,98.48
FREQ00004318,ALU00360,2026-10-01,87.43
FREQ00004319,ALU00360,2026-11-01,91.87
FREQ00004320,ALU00360,2026-12-01,88.83
FREQ00004321,ALU00361,2026-01-01,91.44
FREQ00004322,ALU00361,2026-02-01,91.23
FREQ00004323,ALU00361,2026-03-01,97.67
FREQ00004324,ALU00361,2026-04-01,92.94
FREQ00004325,ALU00361,2026-05-01,89.09
FREQ00004326,ALU00361,2026-06-01,88.7
FREQ00004327,ALU00361,2026-07-01,94.83
FREQ00004328,ALU00361,2026-08-01,87.43
FREQ00004329,ALU00361,2026-09-01,90.93
FREQ00004330,ALU00361,2026-10-01,88.12
FREQ00004331,ALU00361,2026-11-01,92.63
FREQ00004332,ALU00361,2026-12-01,91.11
FREQ00004333,ALU00362,2026-01-01,98.54
FREQ00004334,ALU00362,2026-02-01,91.88
FREQ00004335,ALU00362,2026-03-01,94.0
FREQ00004336,ALU00362,2026-04-01,94.77
FREQ00004337,ALU00362,2026-05-01,93.99
FREQ00004338,ALU00362,2026-06-01,92.94
FREQ00004339,ALU00362,2026-07-01,92.82
FREQ00004340,ALU00362,2026-08-01,90.86
FREQ00004341,ALU00362,2026-09-01,93.17
FREQ00004342,ALU00362,2026-10-01,96.32
FREQ00004343,ALU00362,2026-11-01,96.45
FREQ00004344,ALU00362,2026-12-01,88.76
FREQ00004345,ALU00363,2026-01-01,98.03
FREQ00004346,ALU00363,2026-02-01,97.19
FREQ00004347,ALU00363,2026-03-01,95.37
FREQ00004348,ALU00363,2026-04-01,94.12
FREQ00004349,ALU00363,2026-05-01,97.29
FREQ00004350,ALU00363,2026-06-01,96.93
FREQ00004351,ALU00363,2026-07-01,95.61
FREQ00004352,ALU00363,2026-08-01,92.24
FREQ00004353,ALU00363,2026-09-01,97.42
FREQ00004354,ALU00363,2026-10-01,88.29
FREQ00004355,ALU00363,2026-11-01,97.98
FREQ00004356,ALU00363,2026-12-01,93.28
FREQ00004357,ALU00364,2026-01-01,89.13
FREQ00004358,ALU00364,2026-02-01,90.38
FREQ00004359,ALU00364,2026-03-01,94.21
FREQ00004360,ALU00364,2026-04-01,88.22
FREQ00004361,ALU00364,2026-05-01,91.94
FREQ00004362,ALU00364,2026-06-01,88.0
FREQ00004363,ALU00364,2026-07-01,89.97
FREQ00004364,ALU00364,2026-08-01,98.43
FREQ00004365,ALU00364,2026-09-01,95.55
FREQ00004366,ALU00364,2026-10-01,98.03
FREQ00004367,ALU00364,2026-11-01,92.28
FREQ00004368,ALU00364,2026-12-01,88.05
FREQ00004369,ALU00365,2026-01-01,91.42
FREQ00004370,ALU00365,2026-02-01,93.24
FREQ00004371,ALU00365,2026-03-01,96.53
FREQ00004372,ALU00365,2026-04-01,98.02
FREQ00004373,ALU00365,2026-05-01,91.31
FREQ00004374,ALU00365,2026-06-01,92.3
FREQ00004375,ALU00365,2026-07-01,93.01
FREQ00004376,ALU00365,2026-08-01,94.87
FREQ00004377,ALU00365,2026-09-01,89.94
FREQ00004378,ALU00365,2026-10-01,93.64
FREQ00004379,ALU00365,2026-11-01,95.55
FREQ00004380,ALU00365,2026-12-01,89.42
FREQ00004381,ALU00366,2026-01-01,87.32
FREQ00004382,ALU00366,2026-02-01,97.86
FREQ00004383,ALU00366,2026-03-01,92.67
FREQ00004384,ALU00366,2026-04-01,97.22
FREQ00004385,ALU00366,2026-05-01,97.36
FREQ00004386,ALU00366,2026-06-01,92.7
FREQ00004387,ALU00366,2026-07-01,87.76
FREQ00004388,ALU00366,2026-08-01,97.34
FREQ00004389,ALU00366,2026-09-01,89.03
FREQ00004390,ALU00366,2026-10-01,97.39
FREQ00004391,ALU00366,2026-11-01,93.13
FREQ00004392,ALU00366,2026-12-01,91.14
FREQ00004393,ALU00367,2026-01-01,91.17
FREQ00004394,ALU00367,2026-02-01,90.82
FREQ00004395,ALU00367,2026-03-01,94.23
FREQ00004396,ALU00367,2026-04-01,95.47
FREQ00004397,ALU00367,2026-05-01,98.77
FREQ00004398,ALU00367,2026-06-01,90.57
FREQ00004399,ALU00367,2026-07-01,97.22
FREQ00004400,ALU00367,2026-08-01,93.06
FREQ00004401,ALU00367,2026-09-01,92.65
FREQ00004402,ALU00367,2026-10-01,98.09
FREQ00004403,ALU00367,2026-11-01,91.89
FREQ00004404,ALU00367,2026-12-01,94.83
FREQ00004405,ALU00368,2026-01-01,93.58
FREQ00004406,ALU00368,2026-02-01,87.66
FREQ00004407,ALU00368,2026-03-01,94.49
FREQ00004408,ALU00368,2026-04-01,89.37
FREQ00004409,ALU00368,2026-05-01,90.44
FREQ00004410,ALU00368,2026-06-01,87.2
FREQ00004411,ALU00368,2026-07-01,91.26
FREQ00004412,ALU00368,2026-08-01,88.79
FREQ00004413,ALU00368,2026-09-01,94.21
FREQ00004414,ALU00368,2026-10-01,93.22
FREQ00004415,ALU00368,2026-11-01,88.39
FREQ00004416,ALU00368,2026-12-01,94.42
FREQ00004417,ALU00369,2026-01-01,89.64
FREQ00004418,ALU00369,2026-02-01,94.25
FREQ00004419,ALU00369,2026-03-01,96.89
FREQ00004420,ALU00369,2026-04-01,91.5
FREQ00004421,ALU00369,2026-05-01,89.9
FREQ00004422,ALU00369,2026-06-01,88.13
FREQ00004423,ALU00369,2026-07-01,91.18
FREQ00004424,ALU00369,2026-08-01,95.89
FREQ00004425,ALU00369,2026-09-01,92.86
FREQ00004426,ALU00369,2026-10-01,97.87
FREQ00004427,ALU00369,2026-11-01,87.2
FREQ00004428,ALU00369,2026-12-01,96.35
FREQ00004429,ALU00370,2026-01-01,88.92
FREQ00004430,ALU00370,2026-02-01,88.03
FREQ00004431,ALU00370,2026-03-01,97.39
FREQ00004432,ALU00370,2026-04-01,97.8
FREQ00004433,ALU00370,2026-05-01,96.49
FREQ00004434,ALU00370,2026-06-01,91.98
FREQ00004435,ALU00370,2026-07-01,91.38
FREQ00004436,ALU00370,2026-08-01,94.86
FREQ00004437,ALU00370,2026-09-01,96.61
FREQ00004438,ALU00370,2026-10-01,97.27
FREQ00004439,ALU00370,2026-11-01,90.99
FREQ00004440,ALU00370,2026-12-01,92.11
FREQ00004441,ALU00371,2026-01-01,89.4
FREQ00004442,ALU00371,2026-02-01,98.01
FREQ00004443,ALU00371,2026-03-01,90.32
FREQ00004444,ALU00371,2026-04-01,90.04
FREQ00004445,ALU00371,2026-05-01,90.36
FREQ00004446,ALU00371,2026-06-01,87.93
FREQ00004447,ALU00371,2026-07-01,95.86
FREQ00004448,ALU00371,2026-08-01,88.62
FREQ00004449,ALU00371,2026-09-01,88.8
FREQ00004450,ALU00371,2026-10-01,94.21
FREQ00004451,ALU00371,2026-11-01,94.32
FREQ00004452,ALU00371,2026-12-01,90.7
FREQ00004453,ALU00372,2026-01-01,95.18
FREQ00004454,ALU00372,2026-02-01,93.18
FREQ00004455,ALU00372,2026-03-01,90.3
FREQ00004456,ALU00372,2026-04-01,92.78
FREQ00004457,ALU00372,2026-05-01,91.82
FREQ00004458,ALU00372,2026-06-01,98.49
FREQ00004459,ALU00372,2026-07-01,88.94
FREQ00004460,ALU00372,2026-08-01,97.27
FREQ00004461,ALU00372,2026-09-01,91.84
FREQ00004462,ALU00372,2026-10-01,93.33
FREQ00004463,ALU00372,2026-11-01,95.8
FREQ00004464,ALU00372,2026-12-01,92.44
FREQ00004465,ALU00373,2026-01-01,95.65
FREQ00004466,ALU00373,2026-02-01,93.76
FREQ00004467,ALU00373,2026-03-01,88.37
FREQ00004468,ALU00373,2026-04-01,97.49
FREQ00004469,ALU00373,2026-05-01,91.67
FREQ00004470,ALU00373,2026-06-01,92.26
FREQ00004471,ALU00373,2026-07-01,91.82
FREQ00004472,ALU00373,2026-08-01,88.14
FREQ00004473,ALU00373,2026-09-01,95.02
FREQ00004474,ALU00373,2026-10-01,88.94
FREQ00004475,ALU00373,2026-11-01,90.16
FREQ00004476,ALU00373,2026-12-01,97.67
FREQ00004477,ALU00374,2026-01-01,98.12
FREQ00004478,ALU00374,2026-02-01,91.4
FREQ00004479,ALU00374,2026-03-01,88.99
FREQ00004480,ALU00374,2026-04-01,91.41
FREQ00004481,ALU00374,2026-05-01,89.59
FREQ00004482,ALU00374,2026-06-01,92.25
FREQ00004483,ALU00374,2026-07-01,94.1
FREQ00004484,ALU00374,2026-08-01,98.74
FREQ00004485,ALU00374,2026-09-01,87.33
FREQ00004486,ALU00374,2026-10-01,87.97
FREQ00004487,ALU00374,2026-11-01,90.93
FREQ00004488,ALU00374,2026-12-01,97.2
FREQ00004489,ALU00375,2026-01-01,95.21
FREQ00004490,ALU00375,2026-02-01,94.34
FREQ00004491,ALU00375,2026-03-01,91.65
FREQ00004492,ALU00375,2026-04-01,93.32
FREQ00004493,ALU00375,2026-05-01,94.03
FREQ00004494,ALU00375,2026-06-01,89.15
FREQ00004495,ALU00375,2026-07-01,89.52
FREQ00004496,ALU00375,2026-08-01,91.84
FREQ00004497,ALU00375,2026-09-01,92.66
FREQ00004498,ALU00375,2026-10-01,92.68
FREQ00004499,ALU00375,2026-11-01,95.85
FREQ00004500,ALU00375,2026-12-01,97.29
FREQ00004501,ALU00376,2026-01-01,88.32
FREQ00004502,ALU00376,2026-02-01,89.5
FREQ00004503,ALU00376,2026-03-01,89.02
FREQ00004504,ALU00376,2026-04-01,90.76
FREQ00004505,ALU00376,2026-05-01,96.99
FREQ00004506,ALU00376,2026-06-01,96.19
FREQ00004507,ALU00376,2026-07-01,92.94
FREQ00004508,ALU00376,2026-08-01,88.79
FREQ00004509,ALU00376,2026-09-01,89.01
FREQ00004510,ALU00376,2026-10-01,97.08
FREQ00004511,ALU00376,2026-11-01,94.48
FREQ00004512,ALU00376,2026-12-01,92.1
FREQ00004513,ALU00377,2026-01-01,95.29
FREQ00004514,ALU00377,2026-02-01,93.62
FREQ00004515,ALU00377,2026-03-01,91.18
FREQ00004516,ALU00377,2026-04-01,98.02
FREQ00004517,ALU00377,2026-05-01,97.41
FREQ00004518,ALU00377,2026-06-01,90.02
FREQ00004519,ALU00377,2026-07-01,90.62
FREQ00004520,ALU00377,2026-08-01,90.93
FREQ00004521,ALU00377,2026-09-01,92.26
FREQ00004522,ALU00377,2026-10-01,98.06
FREQ00004523,ALU00377,2026-11-01,92.68
FREQ00004524,ALU00377,2026-12-01,87.54
FREQ00004525,ALU00378,2026-01-01,87.66
FREQ00004526,ALU00378,2026-02-01,90.98
FREQ00004527,ALU00378,2026-03-01,88.11
FREQ00004528,ALU00378,2026-04-01,97.09
FREQ00004529,ALU00378,2026-05-01,94.57
FREQ00004530,ALU00378,2026-06-01,91.01
FREQ00004531,ALU00378,2026-07-01,87.65
FREQ00004532,ALU00378,2026-08-01,94.54
FREQ00004533,ALU00378,2026-09-01,96.78
FREQ00004534,ALU00378,2026-10-01,91.31
FREQ00004535,ALU00378,2026-11-01,91.23
FREQ00004536,ALU00378,2026-12-01,87.9
FREQ00004537,ALU00379,2026-01-01,89.67
FREQ00004538,ALU00379,2026-02-01,88.02
FREQ00004539,ALU00379,2026-03-01,98.8
FREQ00004540,ALU00379,2026-04-01,88.78
FREQ00004541,ALU00379,2026-05-01,90.94
FREQ00004542,ALU00379,2026-06-01,92.21
FREQ00004543,ALU00379,2026-07-01,88.95
FREQ00004544,ALU00379,2026-08-01,91.38
FREQ00004545,ALU00379,2026-09-01,98.67
FREQ00004546,ALU00379,2026-10-01,87.2
FREQ00004547,ALU00379,2026-11-01,89.22
FREQ00004548,ALU00379,2026-12-01,98.54
FREQ00004549,ALU00380,2026-01-01,95.52
FREQ00004550,ALU00380,2026-02-01,93.01
FREQ00004551,ALU00380,2026-03-01,98.77
FREQ00004552,ALU00380,2026-04-01,96.46
FREQ00004553,ALU00380,2026-05-01,87.27
FREQ00004554,ALU00380,2026-06-01,92.19
FREQ00004555,ALU00380,2026-07-01,97.95
FREQ00004556,ALU00380,2026-08-01,96.92
FREQ00004557,ALU00380,2026-09-01,89.63
FREQ00004558,ALU00380,2026-10-01,90.09
FREQ00004559,ALU00380,2026-11-01,95.74
FREQ00004560,ALU00380,2026-12-01,98.49
FREQ00004561,ALU00381,2026-01-01,98.13
FREQ00004562,ALU00381,2026-02-01,91.48
FREQ00004563,ALU00381,2026-03-01,87.74
FREQ00004564,ALU00381,2026-04-01,88.04
FREQ00004565,ALU00381,2026-05-01,90.69
FREQ00004566,ALU00381,2026-06-01,95.67
FREQ00004567,ALU00381,2026-07-01,90.68
FREQ00004568,ALU00381,2026-08-01,87.53
FREQ00004569,ALU00381,2026-09-01,87.75
FREQ00004570,ALU00381,2026-10-01,92.29
FREQ00004571,ALU00381,2026-11-01,89.46
FREQ00004572,ALU00381,2026-12-01,98.49
FREQ00004573,ALU00382,2026-01-01,90.8
FREQ00004574,ALU00382,2026-02-01,90.03
FREQ00004575,ALU00382,2026-03-01,90.45
FREQ00004576,ALU00382,2026-04-01,96.46
FREQ00004577,ALU00382,2026-05-01,95.24
FREQ00004578,ALU00382,2026-06-01,90.93
FREQ00004579,ALU00382,2026-07-01,87.27
FREQ00004580,ALU00382,2026-08-01,94.55
FREQ00004581,ALU00382,2026-09-01,87.66
FREQ00004582,ALU00382,2026-10-01,88.19
FREQ00004583,ALU00382,2026-11-01,93.45
FREQ00004584,ALU00382,2026-12-01,93.41
FREQ00004585,ALU00383,2026-01-01,95.65
FREQ00004586,ALU00383,2026-02-01,87.85
FREQ00004587,ALU00383,2026-03-01,94.03
FREQ00004588,ALU00383,2026-04-01,90.06
FREQ00004589,ALU00383,2026-05-01,94.26
FREQ00004590,ALU00383,2026-06-01,92.62
FREQ00004591,ALU00383,2026-07-01,94.84
FREQ00004592,ALU00383,2026-08-01,89.52
FREQ00004593,ALU00383,2026-09-01,98.4
FREQ00004594,ALU00383,2026-10-01,97.42
FREQ00004595,ALU00383,2026-11-01,93.51
FREQ00004596,ALU00383,2026-12-01,89.03
FREQ00004597,ALU00384,2026-01-01,91.54
FREQ00004598,ALU00384,2026-02-01,87.07
FREQ00004599,ALU00384,2026-03-01,87.34
FREQ00004600,ALU00384,2026-04-01,97.67
FREQ00004601,ALU00384,2026-05-01,93.02
FREQ00004602,ALU00384,2026-06-01,92.05
FREQ00004603,ALU00384,2026-07-01,90.65
FREQ00004604,ALU00384,2026-08-01,94.28
FREQ00004605,ALU00384,2026-09-01,96.34
FREQ00004606,ALU00384,2026-10-01,95.01
FREQ00004607,ALU00384,2026-11-01,96.87
FREQ00004608,ALU00384,2026-12-01,90.59
FREQ00004609,ALU00385,2026-01-01,93.75
FREQ00004610,ALU00385,2026-02-01,89.96
FREQ00004611,ALU00385,2026-03-01,95.84
FREQ00004612,ALU00385,2026-04-01,94.66
FREQ00004613,ALU00385,2026-05-01,87.15
FREQ00004614,ALU00385,2026-06-01,95.83
FREQ00004615,ALU00385,2026-07-01,93.13
FREQ00004616,ALU00385,2026-08-01,87.28
FREQ00004617,ALU00385,2026-09-01,90.98
FREQ00004618,ALU00385,2026-10-01,98.62
FREQ00004619,ALU00385,2026-11-01,88.6
FREQ00004620,ALU00385,2026-12-01,87.09
FREQ00004621,ALU00386,2026-01-01,97.16
FREQ00004622,ALU00386,2026-02-01,92.84
FREQ00004623,ALU00386,2026-03-01,92.12
FREQ00004624,ALU00386,2026-04-01,92.87
FREQ00004625,ALU00386,2026-05-01,94.86
FREQ00004626,ALU00386,2026-06-01,97.73
FREQ00004627,ALU00386,2026-07-01,98.17
FREQ00004628,ALU00386,2026-08-01,91.43
FREQ00004629,ALU00386,2026-09-01,92.12
FREQ00004630,ALU00386,2026-10-01,94.64
FREQ00004631,ALU00386,2026-11-01,98.52
FREQ00004632,ALU00386,2026-12-01,90.15
FREQ00004633,ALU00387,2026-01-01,95.45
FREQ00004634,ALU00387,2026-02-01,90.71
FREQ00004635,ALU00387,2026-03-01,90.82
FREQ00004636,ALU00387,2026-04-01,94.02
FREQ00004637,ALU00387,2026-05-01,96.19
FREQ00004638,ALU00387,2026-06-01,90.73
FREQ00004639,ALU00387,2026-07-01,95.81
FREQ00004640,ALU00387,2026-08-01,93.41
FREQ00004641,ALU00387,2026-09-01,89.2
FREQ00004642,ALU00387,2026-10-01,94.74
FREQ00004643,ALU00387,2026-11-01,98.23
FREQ00004644,ALU00387,2026-12-01,89.98
FREQ00004645,ALU00388,2026-01-01,95.92
FREQ00004646,ALU00388,2026-02-01,87.8
FREQ00004647,ALU00388,2026-03-01,91.17
FREQ00004648,ALU00388,2026-04-01,87.96
FREQ00004649,ALU00388,2026-05-01,89.28
FREQ00004650,ALU00388,2026-06-01,96.68
FREQ00004651,ALU00388,2026-07-01,93.23
FREQ00004652,ALU00388,2026-08-01,97.44
FREQ00004653,ALU00388,2026-09-01,92.8
FREQ00004654,ALU00388,2026-10-01,98.33
FREQ00004655,ALU00388,2026-11-01,92.56
FREQ00004656,ALU00388,2026-12-01,95.61
FREQ00004657,ALU00389,2026-01-01,93.82
FREQ00004658,ALU00389,2026-02-01,98.29
FREQ00004659,ALU00389,2026-03-01,87.55
FREQ00004660,ALU00389,2026-04-01,93.77
FREQ00004661,ALU00389,2026-05-01,87.16
FREQ00004662,ALU00389,2026-06-01,93.4
FREQ00004663,ALU00389,2026-07-01,97.39
FREQ00004664,ALU00389,2026-08-01,90.48
FREQ00004665,ALU00389,2026-09-01,91.95
FREQ00004666,ALU00389,2026-10-01,92.79
FREQ00004667,ALU00389,2026-11-01,96.05
FREQ00004668,ALU00389,2026-12-01,96.54
FREQ00004669,ALU00390,2026-01-01,90.7
FREQ00004670,ALU00390,2026-02-01,95.67
FREQ00004671,ALU00390,2026-03-01,98.3
FREQ00004672,ALU00390,2026-04-01,97.44
FREQ00004673,ALU00390,2026-05-01,98.72
FREQ00004674,ALU00390,2026-06-01,95.38
FREQ00004675,ALU00390,2026-07-01,88.78
FREQ00004676,ALU00390,2026-08-01,91.02
FREQ00004677,ALU00390,2026-09-01,94.33
FREQ00004678,ALU00390,2026-10-01,88.79
FREQ00004679,ALU00390,2026-11-01,95.61
FREQ00004680,ALU00390,2026-12-01,98.68
FREQ00004681,ALU00391,2026-01-01,95.0
FREQ00004682,ALU00391,2026-02-01,92.25
FREQ00004683,ALU00391,2026-03-01,95.82
FREQ00004684,ALU00391,2026-04-01,95.55
FREQ00004685,ALU00391,2026-05-01,94.83
FREQ00004686,ALU00391,2026-06-01,98.61
FREQ00004687,ALU00391,2026-07-01,87.06
FREQ00004688,ALU00391,2026-08-01,94.18
FREQ00004689,ALU00391,2026-09-01,89.16
FREQ00004690,ALU00391,2026-10-01,97.42
FREQ00004691,ALU00391,2026-11-01,88.46
FREQ00004692,ALU00391,2026-12-01,95.55
FREQ00004693,ALU00392,2026-01-01,88.92
FREQ00004694,ALU00392,2026-02-01,94.27
FREQ00004695,ALU00392,2026-03-01,93.13
FREQ00004696,ALU00392,2026-04-01,95.54
FREQ00004697,ALU00392,2026-05-01,93.33
FREQ00004698,ALU00392,2026-06-01,93.55
FREQ00004699,ALU00392,2026-07-01,92.06
FREQ00004700,ALU00392,2026-08-01,95.18
FREQ00004701,ALU00392,2026-09-01,89.61
FREQ00004702,ALU00392,2026-10-01,93.08
FREQ00004703,ALU00392,2026-11-01,95.84
FREQ00004704,ALU00392,2026-12-01,98.28
FREQ00004705,ALU00393,2026-01-01,89.85
FREQ00004706,ALU00393,2026-02-01,96.07
FREQ00004707,ALU00393,2026-03-01,98.56
FREQ00004708,ALU00393,2026-04-01,93.71
FREQ00004709,ALU00393,2026-05-01,95.0
FREQ00004710,ALU00393,2026-06-01,90.37
FREQ00004711,ALU00393,2026-07-01,98.88
FREQ00004712,ALU00393,2026-08-01,92.98
FREQ00004713,ALU00393,2026-09-01,98.3
FREQ00004714,ALU00393,2026-10-01,90.4
FREQ00004715,ALU00393,2026-11-01,99.0
FREQ00004716,ALU00393,2026-12-01,87.42
FREQ00004717,ALU00394,2026-01-01,90.7
FREQ00004718,ALU00394,2026-02-01,94.38
FREQ00004719,ALU00394,2026-03-01,92.11
FREQ00004720,ALU00394,2026-04-01,89.13
FREQ00004721,ALU00394,2026-05-01,96.93
FREQ00004722,ALU00394,2026-06-01,92.41
FREQ00004723,ALU00394,2026-07-01,89.67
FREQ00004724,ALU00394,2026-08-01,89.65
FREQ00004725,ALU00394,2026-09-01,90.95
FREQ00004726,ALU00394,2026-10-01,92.44
FREQ00004727,ALU00394,2026-11-01,91.24
FREQ00004728,ALU00394,2026-12-01,87.38
FREQ00004729,ALU00395,2026-01-01,92.36
FREQ00004730,ALU00395,2026-02-01,93.07
FREQ00004731,ALU00395,2026-03-01,98.64
FREQ00004732,ALU00395,2026-04-01,97.52
FREQ00004733,ALU00395,2026-05-01,98.45
FREQ00004734,ALU00395,2026-06-01,93.29
FREQ00004735,ALU00395,2026-07-01,89.77
FREQ00004736,ALU00395,2026-08-01,97.72
FREQ00004737,ALU00395,2026-09-01,88.1
FREQ00004738,ALU00395,2026-10-01,93.17
FREQ00004739,ALU00395,2026-11-01,93.04
FREQ00004740,ALU00395,2026-12-01,92.52
FREQ00004741,ALU00396,2026-01-01,96.39
FREQ00004742,ALU00396,2026-02-01,94.48
FREQ00004743,ALU00396,2026-03-01,95.37
FREQ00004744,ALU00396,2026-04-01,88.05
FREQ00004745,ALU00396,2026-05-01,88.29
FREQ00004746,ALU00396,2026-06-01,94.75
FREQ00004747,ALU00396,2026-07-01,88.13
FREQ00004748,ALU00396,2026-08-01,89.65
FREQ00004749,ALU00396,2026-09-01,90.61
FREQ00004750,ALU00396,2026-10-01,88.18
FREQ00004751,ALU00396,2026-11-01,89.47
FREQ00004752,ALU00396,2026-12-01,89.93
FREQ00004753,ALU00397,2026-01-01,94.82
FREQ00004754,ALU00397,2026-02-01,88.13
FREQ00004755,ALU00397,2026-03-01,87.5
FREQ00004756,ALU00397,2026-04-01,90.45
FREQ00004757,ALU00397,2026-05-01,94.15
FREQ00004758,ALU00397,2026-06-01,96.57
FREQ00004759,ALU00397,2026-07-01,89.3
FREQ00004760,ALU00397,2026-08-01,92.93
FREQ00004761,ALU00397,2026-09-01,89.39
FREQ00004762,ALU00397,2026-10-01,87.03
FREQ00004763,ALU00397,2026-11-01,89.65
FREQ00004764,ALU00397,2026-12-01,95.41
FREQ00004765,ALU00398,2026-01-01,97.92
FREQ00004766,ALU00398,2026-02-01,98.46
FREQ00004767,ALU00398,2026-03-01,90.73
FREQ00004768,ALU00398,2026-04-01,94.47
FREQ00004769,ALU00398,2026-05-01,95.33
FREQ00004770,ALU00398,2026-06-01,89.62
FREQ00004771,ALU00398,2026-07-01,96.35
FREQ00004772,ALU00398,2026-08-01,97.26
FREQ00004773,ALU00398,2026-09-01,87.38
FREQ00004774,ALU00398,2026-10-01,96.74
FREQ00004775,ALU00398,2026-11-01,96.55
FREQ00004776,ALU00398,2026-12-01,94.64
FREQ00004777,ALU00399,2026-01-01,87.4
FREQ00004778,ALU00399,2026-02-01,96.61
FREQ00004779,ALU00399,2026-03-01,91.53
FREQ00004780,ALU00399,2026-04-01,87.79
FREQ00004781,ALU00399,2026-05-01,96.42
FREQ00004782,ALU00399,2026-06-01,94.98
FREQ00004783,ALU00399,2026-07-01,97.34
FREQ00004784,ALU00399,2026-08-01,96.77
FREQ00004785,ALU00399,2026-09-01,93.65
FREQ00004786,ALU00399,2026-10-01,93.69
FREQ00004787,ALU00399,2026-11-01,89.05
FREQ00004788,ALU00399,2026-12-01,97.66
FREQ00004789,ALU00400,2026-01-01,95.48
FREQ00004790,ALU00400,2026-02-01,97.56
FREQ00004791,ALU00400,2026-03-01,91.01
FREQ00004792,ALU00400,2026-04-01,90.69
FREQ00004793,ALU00400,2026-05-01,94.45
FREQ00004794,ALU00400,2026-06-01,92.2
FREQ00004795,ALU00400,2026-07-01,87.94
FREQ00004796,ALU00400,2026-08-01,96.5
FREQ00004797,ALU00400,2026-09-01,89.21
FREQ00004798,ALU00400,2026-10-01,95.55
FREQ00004799,ALU00400,2026-11-01,91.61
FREQ00004800,ALU00400,2026-12-01,90.86
FREQ00004801,ALU00401,2026-01-01,90.29
FREQ00004802,ALU00401,2026-02-01,98.89
FREQ00004803,ALU00401,2026-03-01,94.78
FREQ00004804,ALU00401,2026-04-01,92.16
FREQ00004805,ALU00401,2026-05-01,91.35
FREQ00004806,ALU00401,2026-06-01,97.24
FREQ00004807,ALU00401,2026-07-01,88.5
FREQ00004808,ALU00401,2026-08-01,96.8
FREQ00004809,ALU00401,2026-09-01,96.59
FREQ00004810,ALU00401,2026-10-01,95.89
FREQ00004811,ALU00401,2026-11-01,88.26
FREQ00004812,ALU00401,2026-12-01,93.45
FREQ00004813,ALU00402,2026-01-01,92.76
FREQ00004814,ALU00402,2026-02-01,88.17
FREQ00004815,ALU00402,2026-03-01,96.7
FREQ00004816,ALU00402,2026-04-01,96.79
FREQ00004817,ALU00402,2026-05-01,98.43
FREQ00004818,ALU00402,2026-06-01,93.78
FREQ00004819,ALU00402,2026-07-01,88.96
FREQ00004820,ALU00402,2026-08-01,98.88
FREQ00004821,ALU00402,2026-09-01,87.39
FREQ00004822,ALU00402,2026-10-01,91.18
FREQ00004823,ALU00402,2026-11-01,91.36
FREQ00004824,ALU00402,2026-12-01,98.56
FREQ00004825,ALU00403,2026-01-01,89.3
FREQ00004826,ALU00403,2026-02-01,90.85
FREQ00004827,ALU00403,2026-03-01,93.04
FREQ00004828,ALU00403,2026-04-01,89.43
FREQ00004829,ALU00403,2026-05-01,96.84
FREQ00004830,ALU00403,2026-06-01,91.07
FREQ00004831,ALU00403,2026-07-01,93.37
FREQ00004832,ALU00403,2026-08-01,88.49
FREQ00004833,ALU00403,2026-09-01,92.15
FREQ00004834,ALU00403,2026-10-01,87.95
FREQ00004835,ALU00403,2026-11-01,87.29
FREQ00004836,ALU00403,2026-12-01,95.82
FREQ00004837,ALU00404,2026-01-01,91.26
FREQ00004838,ALU00404,2026-02-01,91.7
FREQ00004839,ALU00404,2026-03-01,94.08
FREQ00004840,ALU00404,2026-04-01,89.74
FREQ00004841,ALU00404,2026-05-01,96.15
FREQ00004842,ALU00404,2026-06-01,98.4
FREQ00004843,ALU00404,2026-07-01,95.57
FREQ00004844,ALU00404,2026-08-01,97.19
FREQ00004845,ALU00404,2026-09-01,91.37
FREQ00004846,ALU00404,2026-10-01,88.1
FREQ00004847,ALU00404,2026-11-01,87.5
FREQ00004848,ALU00404,2026-12-01,89.87
FREQ00004849,ALU00405,2026-01-01,93.09
FREQ00004850,ALU00405,2026-02-01,95.95
FREQ00004851,ALU00405,2026-03-01,91.86
FREQ00004852,ALU00405,2026-04-01,88.83
FREQ00004853,ALU00405,2026-05-01,96.52
FREQ00004854,ALU00405,2026-06-01,98.02
FREQ00004855,ALU00405,2026-07-01,87.24
FREQ00004856,ALU00405,2026-08-01,93.19
FREQ00004857,ALU00405,2026-09-01,91.06
FREQ00004858,ALU00405,2026-10-01,90.33
FREQ00004859,ALU00405,2026-11-01,97.28
FREQ00004860,ALU00405,2026-12-01,92.16
FREQ00004861,ALU00406,2026-01-01,98.47
FREQ00004862,ALU00406,2026-02-01,91.23
FREQ00004863,ALU00406,2026-03-01,94.36
FREQ00004864,ALU00406,2026-04-01,95.97
FREQ00004865,ALU00406,2026-05-01,89.68
FREQ00004866,ALU00406,2026-06-01,92.05
FREQ00004867,ALU00406,2026-07-01,90.54
FREQ00004868,ALU00406,2026-08-01,90.44
FREQ00004869,ALU00406,2026-09-01,93.98
FREQ00004870,ALU00406,2026-10-01,94.87
FREQ00004871,ALU00406,2026-11-01,88.46
FREQ00004872,ALU00406,2026-12-01,94.19
FREQ00004873,ALU00407,2026-01-01,97.2
FREQ00004874,ALU00407,2026-02-01,94.62
FREQ00004875,ALU00407,2026-03-01,96.46
FREQ00004876,ALU00407,2026-04-01,87.71
FREQ00004877,ALU00407,2026-05-01,88.47
FREQ00004878,ALU00407,2026-06-01,88.9
FREQ00004879,ALU00407,2026-07-01,92.62
FREQ00004880,ALU00407,2026-08-01,94.36
FREQ00004881,ALU00407,2026-09-01,94.47
FREQ00004882,ALU00407,2026-10-01,87.08
FREQ00004883,ALU00407,2026-11-01,97.87
FREQ00004884,ALU00407,2026-12-01,92.49
FREQ00004885,ALU00408,2026-01-01,98.57
FREQ00004886,ALU00408,2026-02-01,89.56
FREQ00004887,ALU00408,2026-03-01,92.44
FREQ00004888,ALU00408,2026-04-01,98.42
FREQ00004889,ALU00408,2026-05-01,98.54
FREQ00004890,ALU00408,2026-06-01,93.59
FREQ00004891,ALU00408,2026-07-01,94.39
FREQ00004892,ALU00408,2026-08-01,93.35
FREQ00004893,ALU00408,2026-09-01,92.36
FREQ00004894,ALU00408,2026-10-01,91.41
FREQ00004895,ALU00408,2026-11-01,94.23
FREQ00004896,ALU00408,2026-12-01,91.37
FREQ00004897,ALU00409,2026-01-01,90.29
FREQ00004898,ALU00409,2026-02-01,97.8
FREQ00004899,ALU00409,2026-03-01,96.22
FREQ00004900,ALU00409,2026-04-01,94.22
FREQ00004901,ALU00409,2026-05-01,95.82
FREQ00004902,ALU00409,2026-06-01,90.52
FREQ00004903,ALU00409,2026-07-01,91.41
FREQ00004904,ALU00409,2026-08-01,96.09
FREQ00004905,ALU00409,2026-09-01,90.58
FREQ00004906,ALU00409,2026-10-01,96.68
FREQ00004907,ALU00409,2026-11-01,94.65
FREQ00004908,ALU00409,2026-12-01,93.18
FREQ00004909,ALU00410,2026-01-01,96.77
FREQ00004910,ALU00410,2026-02-01,91.35
FREQ00004911,ALU00410,2026-03-01,87.01
FREQ00004912,ALU00410,2026-04-01,88.13
FREQ00004913,ALU00410,2026-05-01,93.27
FREQ00004914,ALU00410,2026-06-01,98.91
FREQ00004915,ALU00410,2026-07-01,98.61
FREQ00004916,ALU00410,2026-08-01,87.37
FREQ00004917,ALU00410,2026-09-01,98.55
FREQ00004918,ALU00410,2026-10-01,98.71
FREQ00004919,ALU00410,2026-11-01,94.74
FREQ00004920,ALU00410,2026-12-01,93.61
FREQ00004921,ALU00411,2026-01-01,92.5
FREQ00004922,ALU00411,2026-02-01,87.54
FREQ00004923,ALU00411,2026-03-01,90.88
FREQ00004924,ALU00411,2026-04-01,92.33
FREQ00004925,ALU00411,2026-05-01,93.29
FREQ00004926,ALU00411,2026-06-01,97.26
FREQ00004927,ALU00411,2026-07-01,94.04
FREQ00004928,ALU00411,2026-08-01,95.89
FREQ00004929,ALU00411,2026-09-01,93.25
FREQ00004930,ALU00411,2026-10-01,89.78
FREQ00004931,ALU00411,2026-11-01,98.82
FREQ00004932,ALU00411,2026-12-01,89.26
FREQ00004933,ALU00412,2026-01-01,89.58
FREQ00004934,ALU00412,2026-02-01,96.33
FREQ00004935,ALU00412,2026-03-01,87.41
FREQ00004936,ALU00412,2026-04-01,95.09
FREQ00004937,ALU00412,2026-05-01,94.19
FREQ00004938,ALU00412,2026-06-01,90.28
FREQ00004939,ALU00412,2026-07-01,95.67
FREQ00004940,ALU00412,2026-08-01,89.16
FREQ00004941,ALU00412,2026-09-01,93.13
FREQ00004942,ALU00412,2026-10-01,87.34
FREQ00004943,ALU00412,2026-11-01,93.54
FREQ00004944,ALU00412,2026-12-01,95.58
FREQ00004945,ALU00413,2026-01-01,90.47
FREQ00004946,ALU00413,2026-02-01,93.73
FREQ00004947,ALU00413,2026-03-01,97.81
FREQ00004948,ALU00413,2026-04-01,91.55
FREQ00004949,ALU00413,2026-05-01,87.06
FREQ00004950,ALU00413,2026-06-01,97.18
FREQ00004951,ALU00413,2026-07-01,88.7
FREQ00004952,ALU00413,2026-08-01,98.04
FREQ00004953,ALU00413,2026-09-01,94.19
FREQ00004954,ALU00413,2026-10-01,92.93
FREQ00004955,ALU00413,2026-11-01,93.64
FREQ00004956,ALU00413,2026-12-01,88.34
FREQ00004957,ALU00414,2026-01-01,88.19
FREQ00004958,ALU00414,2026-02-01,97.99
FREQ00004959,ALU00414,2026-03-01,96.91
FREQ00004960,ALU00414,2026-04-01,96.85
FREQ00004961,ALU00414,2026-05-01,96.26
FREQ00004962,ALU00414,2026-06-01,96.2
FREQ00004963,ALU00414,2026-07-01,92.94
FREQ00004964,ALU00414,2026-08-01,89.87
FREQ00004965,ALU00414,2026-09-01,90.96
FREQ00004966,ALU00414,2026-10-01,93.91
FREQ00004967,ALU00414,2026-11-01,95.99
FREQ00004968,ALU00414,2026-12-01,93.54
FREQ00004969,ALU00415,2026-01-01,95.05
FREQ00004970,ALU00415,2026-02-01,93.84
FREQ00004971,ALU00415,2026-03-01,97.46
FREQ00004972,ALU00415,2026-04-01,96.91
FREQ00004973,ALU00415,2026-05-01,88.7
FREQ00004974,ALU00415,2026-06-01,98.79
FREQ00004975,ALU00415,2026-07-01,93.46
FREQ00004976,ALU00415,2026-08-01,88.45
FREQ00004977,ALU00415,2026-09-01,96.03
FREQ00004978,ALU00415,2026-10-01,90.83
FREQ00004979,ALU00415,2026-11-01,91.86
FREQ00004980,ALU00415,2026-12-01,96.3
FREQ00004981,ALU00416,2026-01-01,98.88
FREQ00004982,ALU00416,2026-02-01,91.35
FREQ00004983,ALU00416,2026-03-01,89.62
FREQ00004984,ALU00416,2026-04-01,96.2
FREQ00004985,ALU00416,2026-05-01,98.26
FREQ00004986,ALU00416,2026-06-01,92.08
FREQ00004987,ALU00416,2026-07-01,87.94
FREQ00004988,ALU00416,2026-08-01,87.91
FREQ00004989,ALU00416,2026-09-01,88.77
FREQ00004990,ALU00416,2026-10-01,96.81
FREQ00004991,ALU00416,2026-11-01,93.43
FREQ00004992,ALU00416,2026-12-01,87.93
FREQ00004993,ALU00417,2026-01-01,92.6
FREQ00004994,ALU00417,2026-02-01,93.53
FREQ00004995,ALU00417,2026-03-01,90.09
FREQ00004996,ALU00417,2026-04-01,97.52
FREQ00004997,ALU00417,2026-05-01,88.61
FREQ00004998,ALU00417,2026-06-01,91.62
FREQ00004999,ALU00417,2026-07-01,87.43
FREQ00005000,ALU00417,2026-08-01,97.75
FREQ00005001,ALU00417,2026-09-01,92.97
FREQ00005002,ALU00417,2026-10-01,89.49
FREQ00005003,ALU00417,2026-11-01,94.8
FREQ00005004,ALU00417,2026-12-01,94.26
FREQ00005005,ALU00418,2026-01-01,91.19
FREQ00005006,ALU00418,2026-02-01,90.23
FREQ00005007,ALU00418,2026-03-01,95.45
FREQ00005008,ALU00418,2026-04-01,97.33
FREQ00005009,ALU00418,2026-05-01,90.67
FREQ00005010,ALU00418,2026-06-01,98.89
FREQ00005011,ALU00418,2026-07-01,91.92
FREQ00005012,ALU00418,2026-08-01,96.94
FREQ00005013,ALU00418,2026-09-01,92.25
FREQ00005014,ALU00418,2026-10-01,96.67
FREQ00005015,ALU00418,2026-11-01,91.63
FREQ00005016,ALU00418,2026-12-01,94.6
FREQ00005017,ALU00419,2026-01-01,96.71
FREQ00005018,ALU00419,2026-02-01,92.09
FREQ00005019,ALU00419,2026-03-01,97.05
FREQ00005020,ALU00419,2026-04-01,93.94
FREQ00005021,ALU00419,2026-05-01,89.55
FREQ00005022,ALU00419,2026-06-01,97.86
FREQ00005023,ALU00419,2026-07-01,94.19
FREQ00005024,ALU00419,2026-08-01,92.97
FREQ00005025,ALU00419,2026-09-01,90.69
FREQ00005026,ALU00419,2026-10-01,91.96
FREQ00005027,ALU00419,2026-11-01,89.27
FREQ00005028,ALU00419,2026-12-01,90.6
FREQ00005029,ALU00420,2026-01-01,96.97
FREQ00005030,ALU00420,2026-02-01,91.76
FREQ00005031,ALU00420,2026-03-01,89.84
FREQ00005032,ALU00420,2026-04-01,89.23
FREQ00005033,ALU00420,2026-05-01,91.73
FREQ00005034,ALU00420,2026-06-01,92.5
FREQ00005035,ALU00420,2026-07-01,98.21
FREQ00005036,ALU00420,2026-08-01,98.93
FREQ00005037,ALU00420,2026-09-01,87.56
FREQ00005038,ALU00420,2026-10-01,88.56
FREQ00005039,ALU00420,2026-11-01,92.53
FREQ00005040,ALU00420,2026-12-01,95.69
FREQ00005041,ALU00421,2026-01-01,87.48
FREQ00005042,ALU00421,2026-02-01,87.2
FREQ00005043,ALU00421,2026-03-01,88.65
FREQ00005044,ALU00421,2026-04-01,92.22
FREQ00005045,ALU00421,2026-05-01,93.9
FREQ00005046,ALU00421,2026-06-01,92.76
FREQ00005047,ALU00421,2026-07-01,95.76
FREQ00005048,ALU00421,2026-08-01,97.47
FREQ00005049,ALU00421,2026-09-01,92.15
FREQ00005050,ALU00421,2026-10-01,87.06
FREQ00005051,ALU00421,2026-11-01,96.64
FREQ00005052,ALU00421,2026-12-01,90.04
FREQ00005053,ALU00422,2026-01-01,90.62
FREQ00005054,ALU00422,2026-02-01,93.44
FREQ00005055,ALU00422,2026-03-01,88.57
FREQ00005056,ALU00422,2026-04-01,98.07
FREQ00005057,ALU00422,2026-05-01,96.46
FREQ00005058,ALU00422,2026-06-01,92.49
FREQ00005059,ALU00422,2026-07-01,98.7
FREQ00005060,ALU00422,2026-08-01,90.75
FREQ00005061,ALU00422,2026-09-01,89.95
FREQ00005062,ALU00422,2026-10-01,95.73
FREQ00005063,ALU00422,2026-11-01,92.31
FREQ00005064,ALU00422,2026-12-01,87.77
FREQ00005065,ALU00423,2026-01-01,91.36
FREQ00005066,ALU00423,2026-02-01,91.96
FREQ00005067,ALU00423,2026-03-01,91.07
FREQ00005068,ALU00423,2026-04-01,90.58
FREQ00005069,ALU00423,2026-05-01,96.22
FREQ00005070,ALU00423,2026-06-01,96.01
FREQ00005071,ALU00423,2026-07-01,89.77
FREQ00005072,ALU00423,2026-08-01,88.4
FREQ00005073,ALU00423,2026-09-01,91.62
FREQ00005074,ALU00423,2026-10-01,87.44
FREQ00005075,ALU00423,2026-11-01,87.72
FREQ00005076,ALU00423,2026-12-01,96.25
FREQ00005077,ALU00424,2026-01-01,97.9
FREQ00005078,ALU00424,2026-02-01,90.53
FREQ00005079,ALU00424,2026-03-01,95.63
FREQ00005080,ALU00424,2026-04-01,88.03
FREQ00005081,ALU00424,2026-05-01,93.5
FREQ00005082,ALU00424,2026-06-01,93.71
FREQ00005083,ALU00424,2026-07-01,94.89
FREQ00005084,ALU00424,2026-08-01,93.78
FREQ00005085,ALU00424,2026-09-01,97.14
FREQ00005086,ALU00424,2026-10-01,96.81
FREQ00005087,ALU00424,2026-11-01,88.33
FREQ00005088,ALU00424,2026-12-01,90.84
FREQ00005089,ALU00425,2026-01-01,87.0
FREQ00005090,ALU00425,2026-02-01,95.76
FREQ00005091,ALU00425,2026-03-01,97.06
FREQ00005092,ALU00425,2026-04-01,88.44
FREQ00005093,ALU00425,2026-05-01,88.9
FREQ00005094,ALU00425,2026-06-01,89.94
FREQ00005095,ALU00425,2026-07-01,97.17
FREQ00005096,ALU00425,2026-08-01,98.79
FREQ00005097,ALU00425,2026-09-01,94.71
FREQ00005098,ALU00425,2026-10-01,98.48
FREQ00005099,ALU00425,2026-11-01,91.59
FREQ00005100,ALU00425,2026-12-01,96.73
FREQ00005101,ALU00426,2026-01-01,95.01
FREQ00005102,ALU00426,2026-02-01,91.43
FREQ00005103,ALU00426,2026-03-01,95.87
FREQ00005104,ALU00426,2026-04-01,98.11
FREQ00005105,ALU00426,2026-05-01,92.59
FREQ00005106,ALU00426,2026-06-01,94.28
FREQ00005107,ALU00426,2026-07-01,94.37
FREQ00005108,ALU00426,2026-08-01,87.51
FREQ00005109,ALU00426,2026-09-01,98.28
FREQ00005110,ALU00426,2026-10-01,98.96
FREQ00005111,ALU00426,2026-11-01,89.77
FREQ00005112,ALU00426,2026-12-01,89.48
FREQ00005113,ALU00427,2026-01-01,94.54
FREQ00005114,ALU00427,2026-02-01,91.85
FREQ00005115,ALU00427,2026-03-01,97.71
FREQ00005116,ALU00427,2026-04-01,96.74
FREQ00005117,ALU00427,2026-05-01,92.02
FREQ00005118,ALU00427,2026-06-01,92.7
FREQ00005119,ALU00427,2026-07-01,92.08
FREQ00005120,ALU00427,2026-08-01,89.32
FREQ00005121,ALU00427,2026-09-01,92.26
FREQ00005122,ALU00427,2026-10-01,90.76
FREQ00005123,ALU00427,2026-11-01,91.08
FREQ00005124,ALU00427,2026-12-01,92.35
FREQ00005125,ALU00428,2026-01-01,95.2
FREQ00005126,ALU00428,2026-02-01,95.85
FREQ00005127,ALU00428,2026-03-01,98.24
FREQ00005128,ALU00428,2026-04-01,87.48
FREQ00005129,ALU00428,2026-05-01,88.43
FREQ00005130,ALU00428,2026-06-01,88.51
FREQ00005131,ALU00428,2026-07-01,89.31
FREQ00005132,ALU00428,2026-08-01,95.46
FREQ00005133,ALU00428,2026-09-01,88.86
FREQ00005134,ALU00428,2026-10-01,93.47
FREQ00005135,ALU00428,2026-11-01,88.95
FREQ00005136,ALU00428,2026-12-01,91.7
FREQ00005137,ALU00429,2026-01-01,91.71
FREQ00005138,ALU00429,2026-02-01,92.12
FREQ00005139,ALU00429,2026-03-01,96.29
FREQ00005140,ALU00429,2026-04-01,94.93
FREQ00005141,ALU00429,2026-05-01,95.6
FREQ00005142,ALU00429,2026-06-01,95.24
FREQ00005143,ALU00429,2026-07-01,87.28
FREQ00005144,ALU00429,2026-08-01,93.39
FREQ00005145,ALU00429,2026-09-01,87.74
FREQ00005146,ALU00429,2026-10-01,93.12
FREQ00005147,ALU00429,2026-11-01,87.56
FREQ00005148,ALU00429,2026-12-01,95.89
FREQ00005149,ALU00430,2026-01-01,88.11
FREQ00005150,ALU00430,2026-02-01,90.39
FREQ00005151,ALU00430,2026-03-01,93.76
FREQ00005152,ALU00430,2026-04-01,87.4
FREQ00005153,ALU00430,2026-05-01,99.0
FREQ00005154,ALU00430,2026-06-01,89.19
FREQ00005155,ALU00430,2026-07-01,98.08
FREQ00005156,ALU00430,2026-08-01,98.47
FREQ00005157,ALU00430,2026-09-01,97.49
FREQ00005158,ALU00430,2026-10-01,96.97
FREQ00005159,ALU00430,2026-11-01,91.61
FREQ00005160,ALU00430,2026-12-01,96.94
FREQ00005161,ALU00431,2026-01-01,90.92
FREQ00005162,ALU00431,2026-02-01,91.49
FREQ00005163,ALU00431,2026-03-01,87.48
FREQ00005164,ALU00431,2026-04-01,87.87
FREQ00005165,ALU00431,2026-05-01,96.79
FREQ00005166,ALU00431,2026-06-01,96.43
FREQ00005167,ALU00431,2026-07-01,94.84
FREQ00005168,ALU00431,2026-08-01,94.22
FREQ00005169,ALU00431,2026-09-01,95.83
FREQ00005170,ALU00431,2026-10-01,95.03
FREQ00005171,ALU00431,2026-11-01,96.12
FREQ00005172,ALU00431,2026-12-01,88.29
FREQ00005173,ALU00432,2026-01-01,98.81
FREQ00005174,ALU00432,2026-02-01,88.4
FREQ00005175,ALU00432,2026-03-01,89.56
FREQ00005176,ALU00432,2026-04-01,98.68
FREQ00005177,ALU00432,2026-05-01,89.19
FREQ00005178,ALU00432,2026-06-01,91.27
FREQ00005179,ALU00432,2026-07-01,93.09
FREQ00005180,ALU00432,2026-08-01,90.42
FREQ00005181,ALU00432,2026-09-01,90.65
FREQ00005182,ALU00432,2026-10-01,89.67
FREQ00005183,ALU00432,2026-11-01,93.39
FREQ00005184,ALU00432,2026-12-01,95.62
FREQ00005185,ALU00433,2026-01-01,94.01
FREQ00005186,ALU00433,2026-02-01,94.56
FREQ00005187,ALU00433,2026-03-01,98.15
FREQ00005188,ALU00433,2026-04-01,89.24
FREQ00005189,ALU00433,2026-05-01,94.72
FREQ00005190,ALU00433,2026-06-01,93.89
FREQ00005191,ALU00433,2026-07-01,98.51
FREQ00005192,ALU00433,2026-08-01,90.76
FREQ00005193,ALU00433,2026-09-01,90.68
FREQ00005194,ALU00433,2026-10-01,91.88
FREQ00005195,ALU00433,2026-11-01,98.0
FREQ00005196,ALU00433,2026-12-01,96.86
FREQ00005197,ALU00434,2026-01-01,92.11
FREQ00005198,ALU00434,2026-02-01,94.53
FREQ00005199,ALU00434,2026-03-01,91.31
FREQ00005200,ALU00434,2026-04-01,87.03
FREQ00005201,ALU00434,2026-05-01,97.46
FREQ00005202,ALU00434,2026-06-01,91.29
FREQ00005203,ALU00434,2026-07-01,89.15
FREQ00005204,ALU00434,2026-08-01,87.1
FREQ00005205,ALU00434,2026-09-01,98.72
FREQ00005206,ALU00434,2026-10-01,88.72
FREQ00005207,ALU00434,2026-11-01,89.67
FREQ00005208,ALU00434,2026-12-01,89.11
FREQ00005209,ALU00435,2026-01-01,87.97
FREQ00005210,ALU00435,2026-02-01,90.49
FREQ00005211,ALU00435,2026-03-01,92.39
FREQ00005212,ALU00435,2026-04-01,97.92
FREQ00005213,ALU00435,2026-05-01,90.49
FREQ00005214,ALU00435,2026-06-01,90.04
FREQ00005215,ALU00435,2026-07-01,93.31
FREQ00005216,ALU00435,2026-08-01,91.89
FREQ00005217,ALU00435,2026-09-01,90.87
FREQ00005218,ALU00435,2026-10-01,94.85
FREQ00005219,ALU00435,2026-11-01,90.4
FREQ00005220,ALU00435,2026-12-01,97.02
FREQ00005221,ALU00436,2026-01-01,97.15
FREQ00005222,ALU00436,2026-02-01,98.63
FREQ00005223,ALU00436,2026-03-01,93.1
FREQ00005224,ALU00436,2026-04-01,89.75
FREQ00005225,ALU00436,2026-05-01,93.2
FREQ00005226,ALU00436,2026-06-01,92.8
FREQ00005227,ALU00436,2026-07-01,98.81
FREQ00005228,ALU00436,2026-08-01,92.0
FREQ00005229,ALU00436,2026-09-01,90.66
FREQ00005230,ALU00436,2026-10-01,93.65
FREQ00005231,ALU00436,2026-11-01,91.97
FREQ00005232,ALU00436,2026-12-01,88.53
FREQ00005233,ALU00437,2026-01-01,93.69
FREQ00005234,ALU00437,2026-02-01,90.58
FREQ00005235,ALU00437,2026-03-01,93.88
FREQ00005236,ALU00437,2026-04-01,95.33
FREQ00005237,ALU00437,2026-05-01,87.78
FREQ00005238,ALU00437,2026-06-01,96.03
FREQ00005239,ALU00437,2026-07-01,92.08
FREQ00005240,ALU00437,2026-08-01,88.61
FREQ00005241,ALU00437,2026-09-01,94.72
FREQ00005242,ALU00437,2026-10-01,90.79
FREQ00005243,ALU00437,2026-11-01,98.76
FREQ00005244,ALU00437,2026-12-01,91.59
FREQ00005245,ALU00438,2026-01-01,93.04
FREQ00005246,ALU00438,2026-02-01,96.96
FREQ00005247,ALU00438,2026-03-01,97.52
FREQ00005248,ALU00438,2026-04-01,93.92
FREQ00005249,ALU00438,2026-05-01,89.68
FREQ00005250,ALU00438,2026-06-01,89.79
FREQ00005251,ALU00438,2026-07-01,96.04
FREQ00005252,ALU00438,2026-08-01,88.22
FREQ00005253,ALU00438,2026-09-01,93.33
FREQ00005254,ALU00438,2026-10-01,91.1
FREQ00005255,ALU00438,2026-11-01,96.61
FREQ00005256,ALU00438,2026-12-01,88.55
FREQ00005257,ALU00439,2026-01-01,96.21
FREQ00005258,ALU00439,2026-02-01,95.14
FREQ00005259,ALU00439,2026-03-01,88.75
FREQ00005260,ALU00439,2026-04-01,93.99
FREQ00005261,ALU00439,2026-05-01,88.62
FREQ00005262,ALU00439,2026-06-01,95.68
FREQ00005263,ALU00439,2026-07-01,98.19
FREQ00005264,ALU00439,2026-08-01,87.25
FREQ00005265,ALU00439,2026-09-01,88.5
FREQ00005266,ALU00439,2026-10-01,91.94
FREQ00005267,ALU00439,2026-11-01,98.68
FREQ00005268,ALU00439,2026-12-01,94.84
FREQ00005269,ALU00440,2026-01-01,96.53
FREQ00005270,ALU00440,2026-02-01,93.0
FREQ00005271,ALU00440,2026-03-01,95.64
FREQ00005272,ALU00440,2026-04-01,96.4
FREQ00005273,ALU00440,2026-05-01,91.18
FREQ00005274,ALU00440,2026-06-01,95.1
FREQ00005275,ALU00440,2026-07-01,94.08
FREQ00005276,ALU00440,2026-08-01,98.64
FREQ00005277,ALU00440,2026-09-01,89.94
FREQ00005278,ALU00440,2026-10-01,91.02
FREQ00005279,ALU00440,2026-11-01,91.91
FREQ00005280,ALU00440,2026-12-01,89.99
FREQ00005281,ALU00441,2026-01-01,92.44
FREQ00005282,ALU00441,2026-02-01,96.82
FREQ00005283,ALU00441,2026-03-01,90.46
FREQ00005284,ALU00441,2026-04-01,92.01
FREQ00005285,ALU00441,2026-05-01,95.9
FREQ00005286,ALU00441,2026-06-01,95.23
FREQ00005287,ALU00441,2026-07-01,94.01
FREQ00005288,ALU00441,2026-08-01,90.21
FREQ00005289,ALU00441,2026-09-01,87.93
FREQ00005290,ALU00441,2026-10-01,91.93
FREQ00005291,ALU00441,2026-11-01,87.72
FREQ00005292,ALU00441,2026-12-01,90.05
FREQ00005293,ALU00442,2026-01-01,96.67
FREQ00005294,ALU00442,2026-02-01,93.28
FREQ00005295,ALU00442,2026-03-01,93.72
FREQ00005296,ALU00442,2026-04-01,91.46
FREQ00005297,ALU00442,2026-05-01,90.81
FREQ00005298,ALU00442,2026-06-01,97.49
FREQ00005299,ALU00442,2026-07-01,92.98
FREQ00005300,ALU00442,2026-08-01,97.62
FREQ00005301,ALU00442,2026-09-01,87.37
FREQ00005302,ALU00442,2026-10-01,98.81
FREQ00005303,ALU00442,2026-11-01,96.13
FREQ00005304,ALU00442,2026-12-01,92.44
FREQ00005305,ALU00443,2026-01-01,87.93
FREQ00005306,ALU00443,2026-02-01,98.28
FREQ00005307,ALU00443,2026-03-01,88.34
FREQ00005308,ALU00443,2026-04-01,91.03
FREQ00005309,ALU00443,2026-05-01,90.06
FREQ00005310,ALU00443,2026-06-01,96.86
FREQ00005311,ALU00443,2026-07-01,87.03
FREQ00005312,ALU00443,2026-08-01,96.55
FREQ00005313,ALU00443,2026-09-01,87.59
FREQ00005314,ALU00443,2026-10-01,98.33
FREQ00005315,ALU00443,2026-11-01,90.2
FREQ00005316,ALU00443,2026-12-01,90.62
FREQ00005317,ALU00444,2026-01-01,90.37
FREQ00005318,ALU00444,2026-02-01,89.22
FREQ00005319,ALU00444,2026-03-01,90.94
FREQ00005320,ALU00444,2026-04-01,95.9
FREQ00005321,ALU00444,2026-05-01,89.84
FREQ00005322,ALU00444,2026-06-01,92.2
FREQ00005323,ALU00444,2026-07-01,89.42
FREQ00005324,ALU00444,2026-08-01,93.87
FREQ00005325,ALU00444,2026-09-01,96.99
FREQ00005326,ALU00444,2026-10-01,90.32
FREQ00005327,ALU00444,2026-11-01,93.04
FREQ00005328,ALU00444,2026-12-01,98.35
FREQ00005329,ALU00445,2026-01-01,87.53
FREQ00005330,ALU00445,2026-02-01,90.02
FREQ00005331,ALU00445,2026-03-01,94.85
FREQ00005332,ALU00445,2026-04-01,87.12
FREQ00005333,ALU00445,2026-05-01,95.49
FREQ00005334,ALU00445,2026-06-01,88.93
FREQ00005335,ALU00445,2026-07-01,90.83
FREQ00005336,ALU00445,2026-08-01,90.82
FREQ00005337,ALU00445,2026-09-01,94.91
FREQ00005338,ALU00445,2026-10-01,98.27
FREQ00005339,ALU00445,2026-11-01,97.68
FREQ00005340,ALU00445,2026-12-01,96.82
FREQ00005341,ALU00446,2026-01-01,94.55
FREQ00005342,ALU00446,2026-02-01,94.72
FREQ00005343,ALU00446,2026-03-01,87.71
FREQ00005344,ALU00446,2026-04-01,92.33
FREQ00005345,ALU00446,2026-05-01,87.15
FREQ00005346,ALU00446,2026-06-01,94.02
FREQ00005347,ALU00446,2026-07-01,95.01
FREQ00005348,ALU00446,2026-08-01,88.86
FREQ00005349,ALU00446,2026-09-01,88.34
FREQ00005350,ALU00446,2026-10-01,97.32
FREQ00005351,ALU00446,2026-11-01,87.78
FREQ00005352,ALU00446,2026-12-01,95.11
FREQ00005353,ALU00447,2026-01-01,95.6
FREQ00005354,ALU00447,2026-02-01,87.77
FREQ00005355,ALU00447,2026-03-01,98.53
FREQ00005356,ALU00447,2026-04-01,97.32
FREQ00005357,ALU00447,2026-05-01,93.77
FREQ00005358,ALU00447,2026-06-01,95.19
FREQ00005359,ALU00447,2026-07-01,87.84
FREQ00005360,ALU00447,2026-08-01,89.41
FREQ00005361,ALU00447,2026-09-01,90.31
FREQ00005362,ALU00447,2026-10-01,88.73
FREQ00005363,ALU00447,2026-11-01,90.58
FREQ00005364,ALU00447,2026-12-01,97.6
FREQ00005365,ALU00448,2026-01-01,98.04
FREQ00005366,ALU00448,2026-02-01,90.06
FREQ00005367,ALU00448,2026-03-01,88.99
FREQ00005368,ALU00448,2026-04-01,93.39
FREQ00005369,ALU00448,2026-05-01,90.33
FREQ00005370,ALU00448,2026-06-01,97.45
FREQ00005371,ALU00448,2026-07-01,92.94
FREQ00005372,ALU00448,2026-08-01,92.53
FREQ00005373,ALU00448,2026-09-01,88.12
FREQ00005374,ALU00448,2026-10-01,98.92
FREQ00005375,ALU00448,2026-11-01,91.38
FREQ00005376,ALU00448,2026-12-01,93.47
FREQ00005377,ALU00449,2026-01-01,88.09
FREQ00005378,ALU00449,2026-02-01,89.4
FREQ00005379,ALU00449,2026-03-01,92.88
FREQ00005380,ALU00449,2026-04-01,90.48
FREQ00005381,ALU00449,2026-05-01,95.65
FREQ00005382,ALU00449,2026-06-01,95.46
FREQ00005383,ALU00449,2026-07-01,97.02
FREQ00005384,ALU00449,2026-08-01,87.85
FREQ00005385,ALU00449,2026-09-01,91.13
FREQ00005386,ALU00449,2026-10-01,98.15
FREQ00005387,ALU00449,2026-11-01,89.91
FREQ00005388,ALU00449,2026-12-01,97.74
FREQ00005389,ALU00450,2026-01-01,89.67
FREQ00005390,ALU00450,2026-02-01,91.59
FREQ00005391,ALU00450,2026-03-01,93.68
FREQ00005392,ALU00450,2026-04-01,88.31
FREQ00005393,ALU00450,2026-05-01,90.02
FREQ00005394,ALU00450,2026-06-01,96.77
FREQ00005395,ALU00450,2026-07-01,89.56
FREQ00005396,ALU00450,2026-08-01,94.46
FREQ00005397,ALU00450,2026-09-01,93.03
FREQ00005398,ALU00450,2026-10-01,94.52
FREQ00005399,ALU00450,2026-11-01,96.49
FREQ00005400,ALU00450,2026-12-01,91.0
FREQ00005401,ALU00451,2026-01-01,97.88
FREQ00005402,ALU00451,2026-02-01,98.18
FREQ00005403,ALU00451,2026-03-01,91.4
FREQ00005404,ALU00451,2026-04-01,95.58
FREQ00005405,ALU00451,2026-05-01,96.28
FREQ00005406,ALU00451,2026-06-01,95.99
FREQ00005407,ALU00451,2026-07-01,87.19
FREQ00005408,ALU00451,2026-08-01,89.92
FREQ00005409,ALU00451,2026-09-01,89.14
FREQ00005410,ALU00451,2026-10-01,93.41
FREQ00005411,ALU00451,2026-11-01,93.1
FREQ00005412,ALU00451,2026-12-01,95.86
FREQ00005413,ALU00452,2026-01-01,90.58
FREQ00005414,ALU00452,2026-02-01,91.41
FREQ00005415,ALU00452,2026-03-01,88.58
FREQ00005416,ALU00452,2026-04-01,90.76
FREQ00005417,ALU00452,2026-05-01,87.03
FREQ00005418,ALU00452,2026-06-01,87.91
FREQ00005419,ALU00452,2026-07-01,91.26
FREQ00005420,ALU00452,2026-08-01,90.17
FREQ00005421,ALU00452,2026-09-01,90.88
FREQ00005422,ALU00452,2026-10-01,89.01
FREQ00005423,ALU00452,2026-11-01,87.39
FREQ00005424,ALU00452,2026-12-01,94.79
FREQ00005425,ALU00453,2026-01-01,93.31
FREQ00005426,ALU00453,2026-02-01,91.9
FREQ00005427,ALU00453,2026-03-01,97.09
FREQ00005428,ALU00453,2026-04-01,93.07
FREQ00005429,ALU00453,2026-05-01,94.33
FREQ00005430,ALU00453,2026-06-01,91.93
FREQ00005431,ALU00453,2026-07-01,97.83
FREQ00005432,ALU00453,2026-08-01,91.22
FREQ00005433,ALU00453,2026-09-01,92.41
FREQ00005434,ALU00453,2026-10-01,90.09
FREQ00005435,ALU00453,2026-11-01,93.69
FREQ00005436,ALU00453,2026-12-01,88.98
FREQ00005437,ALU00454,2026-01-01,92.76
FREQ00005438,ALU00454,2026-02-01,97.22
FREQ00005439,ALU00454,2026-03-01,87.94
FREQ00005440,ALU00454,2026-04-01,87.81
FREQ00005441,ALU00454,2026-05-01,88.94
FREQ00005442,ALU00454,2026-06-01,87.18
FREQ00005443,ALU00454,2026-07-01,94.24
FREQ00005444,ALU00454,2026-08-01,93.73
FREQ00005445,ALU00454,2026-09-01,95.06
FREQ00005446,ALU00454,2026-10-01,97.26
FREQ00005447,ALU00454,2026-11-01,87.75
FREQ00005448,ALU00454,2026-12-01,95.38
FREQ00005449,ALU00455,2026-01-01,95.55
FREQ00005450,ALU00455,2026-02-01,91.97
FREQ00005451,ALU00455,2026-03-01,93.64
FREQ00005452,ALU00455,2026-04-01,95.15
FREQ00005453,ALU00455,2026-05-01,95.59
FREQ00005454,ALU00455,2026-06-01,93.13
FREQ00005455,ALU00455,2026-07-01,94.37
FREQ00005456,ALU00455,2026-08-01,98.11
FREQ00005457,ALU00455,2026-09-01,89.19
FREQ00005458,ALU00455,2026-10-01,98.07
FREQ00005459,ALU00455,2026-11-01,92.68
FREQ00005460,ALU00455,2026-12-01,96.63
FREQ00005461,ALU00456,2026-01-01,96.01
FREQ00005462,ALU00456,2026-02-01,88.85
FREQ00005463,ALU00456,2026-03-01,92.69
FREQ00005464,ALU00456,2026-04-01,90.07
FREQ00005465,ALU00456,2026-05-01,91.01
FREQ00005466,ALU00456,2026-06-01,96.12
FREQ00005467,ALU00456,2026-07-01,87.05
FREQ00005468,ALU00456,2026-08-01,98.86
FREQ00005469,ALU00456,2026-09-01,95.98
FREQ00005470,ALU00456,2026-10-01,94.37
FREQ00005471,ALU00456,2026-11-01,95.21
FREQ00005472,ALU00456,2026-12-01,90.91
FREQ00005473,ALU00457,2026-01-01,88.49
FREQ00005474,ALU00457,2026-02-01,90.3
FREQ00005475,ALU00457,2026-03-01,95.38
FREQ00005476,ALU00457,2026-04-01,95.38
FREQ00005477,ALU00457,2026-05-01,96.09
FREQ00005478,ALU00457,2026-06-01,97.44
FREQ00005479,ALU00457,2026-07-01,97.19
FREQ00005480,ALU00457,2026-08-01,96.57
FREQ00005481,ALU00457,2026-09-01,90.51
FREQ00005482,ALU00457,2026-10-01,98.56
FREQ00005483,ALU00457,2026-11-01,91.81
FREQ00005484,ALU00457,2026-12-01,87.74
FREQ00005485,ALU00458,2026-01-01,94.29
FREQ00005486,ALU00458,2026-02-01,87.59
FREQ00005487,ALU00458,2026-03-01,97.84
FREQ00005488,ALU00458,2026-04-01,88.14
FREQ00005489,ALU00458,2026-05-01,88.1
FREQ00005490,ALU00458,2026-06-01,90.41
FREQ00005491,ALU00458,2026-07-01,97.17
FREQ00005492,ALU00458,2026-08-01,89.92
FREQ00005493,ALU00458,2026-09-01,97.39
FREQ00005494,ALU00458,2026-10-01,90.45
FREQ00005495,ALU00458,2026-11-01,88.41
FREQ00005496,ALU00458,2026-12-01,88.03
FREQ00005497,ALU00459,2026-01-01,94.02
FREQ00005498,ALU00459,2026-02-01,89.42
FREQ00005499,ALU00459,2026-03-01,97.59
FREQ00005500,ALU00459,2026-04-01,87.52
FREQ00005501,ALU00459,2026-05-01,87.27
FREQ00005502,ALU00459,2026-06-01,90.93
FREQ00005503,ALU00459,2026-07-01,87.07
FREQ00005504,ALU00459,2026-08-01,97.28
FREQ00005505,ALU00459,2026-09-01,88.82
FREQ00005506,ALU00459,2026-10-01,96.04
FREQ00005507,ALU00459,2026-11-01,93.65
FREQ00005508,ALU00459,2026-12-01,94.53
FREQ00005509,ALU00460,2026-01-01,91.6
FREQ00005510,ALU00460,2026-02-01,96.4
FREQ00005511,ALU00460,2026-03-01,88.55
FREQ00005512,ALU00460,2026-04-01,94.08
FREQ00005513,ALU00460,2026-05-01,96.89
FREQ00005514,ALU00460,2026-06-01,94.65
FREQ00005515,ALU00460,2026-07-01,96.94
FREQ00005516,ALU00460,2026-08-01,94.52
FREQ00005517,ALU00460,2026-09-01,87.98
FREQ00005518,ALU00460,2026-10-01,97.11
FREQ00005519,ALU00460,2026-11-01,96.12
FREQ00005520,ALU00460,2026-12-01,97.95
FREQ00005521,ALU00461,2026-01-01,92.54
FREQ00005522,ALU00461,2026-02-01,92.05
FREQ00005523,ALU00461,2026-03-01,95.18
FREQ00005524,ALU00461,2026-04-01,93.63
FREQ00005525,ALU00461,2026-05-01,92.4
FREQ00005526,ALU00461,2026-06-01,91.91
FREQ00005527,ALU00461,2026-07-01,95.76
FREQ00005528,ALU00461,2026-08-01,97.98
FREQ00005529,ALU00461,2026-09-01,95.06
FREQ00005530,ALU00461,2026-10-01,91.1
FREQ00005531,ALU00461,2026-11-01,93.64
FREQ00005532,ALU00461,2026-12-01,97.98
FREQ00005533,ALU00462,2026-01-01,97.46
FREQ00005534,ALU00462,2026-02-01,92.21
FREQ00005535,ALU00462,2026-03-01,90.67
FREQ00005536,ALU00462,2026-04-01,88.09
FREQ00005537,ALU00462,2026-05-01,87.79
FREQ00005538,ALU00462,2026-06-01,93.65
FREQ00005539,ALU00462,2026-07-01,98.94
FREQ00005540,ALU00462,2026-08-01,95.87
FREQ00005541,ALU00462,2026-09-01,89.51
FREQ00005542,ALU00462,2026-10-01,87.14
FREQ00005543,ALU00462,2026-11-01,89.78
FREQ00005544,ALU00462,2026-12-01,90.65
FREQ00005545,ALU00463,2026-01-01,87.72
FREQ00005546,ALU00463,2026-02-01,89.42
FREQ00005547,ALU00463,2026-03-01,89.51
FREQ00005548,ALU00463,2026-04-01,95.39
FREQ00005549,ALU00463,2026-05-01,93.94
FREQ00005550,ALU00463,2026-06-01,90.97
FREQ00005551,ALU00463,2026-07-01,96.26
FREQ00005552,ALU00463,2026-08-01,91.29
FREQ00005553,ALU00463,2026-09-01,97.34
FREQ00005554,ALU00463,2026-10-01,91.86
FREQ00005555,ALU00463,2026-11-01,97.62
FREQ00005556,ALU00463,2026-12-01,98.35
FREQ00005557,ALU00464,2026-01-01,98.53
FREQ00005558,ALU00464,2026-02-01,97.99
FREQ00005559,ALU00464,2026-03-01,97.35
FREQ00005560,ALU00464,2026-04-01,90.43
FREQ00005561,ALU00464,2026-05-01,92.02
FREQ00005562,ALU00464,2026-06-01,92.67
FREQ00005563,ALU00464,2026-07-01,92.39
FREQ00005564,ALU00464,2026-08-01,93.37
FREQ00005565,ALU00464,2026-09-01,98.33
FREQ00005566,ALU00464,2026-10-01,88.89
FREQ00005567,ALU00464,2026-11-01,93.84
FREQ00005568,ALU00464,2026-12-01,90.83
FREQ00005569,ALU00465,2026-01-01,90.7
FREQ00005570,ALU00465,2026-02-01,88.29
FREQ00005571,ALU00465,2026-03-01,88.16
FREQ00005572,ALU00465,2026-04-01,89.56
FREQ00005573,ALU00465,2026-05-01,94.22
FREQ00005574,ALU00465,2026-06-01,90.84
FREQ00005575,ALU00465,2026-07-01,97.71
FREQ00005576,ALU00465,2026-08-01,98.44
FREQ00005577,ALU00465,2026-09-01,98.83
FREQ00005578,ALU00465,2026-10-01,88.32
FREQ00005579,ALU00465,2026-11-01,90.23
FREQ00005580,ALU00465,2026-12-01,98.19
FREQ00005581,ALU00466,2026-01-01,90.11
FREQ00005582,ALU00466,2026-02-01,93.29
FREQ00005583,ALU00466,2026-03-01,95.8
FREQ00005584,ALU00466,2026-04-01,89.65
FREQ00005585,ALU00466,2026-05-01,97.84
FREQ00005586,ALU00466,2026-06-01,87.86
FREQ00005587,ALU00466,2026-07-01,94.14
FREQ00005588,ALU00466,2026-08-01,90.97
FREQ00005589,ALU00466,2026-09-01,94.28
FREQ00005590,ALU00466,2026-10-01,90.54
FREQ00005591,ALU00466,2026-11-01,94.18
FREQ00005592,ALU00466,2026-12-01,97.23
FREQ00005593,ALU00467,2026-01-01,87.1
FREQ00005594,ALU00467,2026-02-01,92.28
FREQ00005595,ALU00467,2026-03-01,96.63
FREQ00005596,ALU00467,2026-04-01,90.84
FREQ00005597,ALU00467,2026-05-01,90.23
FREQ00005598,ALU00467,2026-06-01,90.38
FREQ00005599,ALU00467,2026-07-01,97.45
FREQ00005600,ALU00467,2026-08-01,88.02
FREQ00005601,ALU00467,2026-09-01,93.25
FREQ00005602,ALU00467,2026-10-01,91.04
FREQ00005603,ALU00467,2026-11-01,92.39
FREQ00005604,ALU00467,2026-12-01,94.76
FREQ00005605,ALU00468,2026-01-01,89.58
FREQ00005606,ALU00468,2026-02-01,89.09
FREQ00005607,ALU00468,2026-03-01,97.75
FREQ00005608,ALU00468,2026-04-01,88.76
FREQ00005609,ALU00468,2026-05-01,87.63
FREQ00005610,ALU00468,2026-06-01,95.16
FREQ00005611,ALU00468,2026-07-01,95.63
FREQ00005612,ALU00468,2026-08-01,93.63
FREQ00005613,ALU00468,2026-09-01,96.61
FREQ00005614,ALU00468,2026-10-01,87.81
FREQ00005615,ALU00468,2026-11-01,95.2
FREQ00005616,ALU00468,2026-12-01,98.5
FREQ00005617,ALU00469,2026-01-01,95.62
FREQ00005618,ALU00469,2026-02-01,98.36
FREQ00005619,ALU00469,2026-03-01,99.0
FREQ00005620,ALU00469,2026-04-01,93.73
FREQ00005621,ALU00469,2026-05-01,92.61
FREQ00005622,ALU00469,2026-06-01,90.74
FREQ00005623,ALU00469,2026-07-01,95.51
FREQ00005624,ALU00469,2026-08-01,93.76
FREQ00005625,ALU00469,2026-09-01,95.56
FREQ00005626,ALU00469,2026-10-01,93.45
FREQ00005627,ALU00469,2026-11-01,91.57
FREQ00005628,ALU00469,2026-12-01,96.06
FREQ00005629,ALU00470,2026-01-01,88.45
FREQ00005630,ALU00470,2026-02-01,90.61
FREQ00005631,ALU00470,2026-03-01,91.77
FREQ00005632,ALU00470,2026-04-01,91.25
FREQ00005633,ALU00470,2026-05-01,96.77
FREQ00005634,ALU00470,2026-06-01,92.1
FREQ00005635,ALU00470,2026-07-01,92.2
FREQ00005636,ALU00470,2026-08-01,92.22
FREQ00005637,ALU00470,2026-09-01,87.29
FREQ00005638,ALU00470,2026-10-01,93.33
FREQ00005639,ALU00470,2026-11-01,93.52
FREQ00005640,ALU00470,2026-12-01,96.47
FREQ00005641,ALU00471,2026-01-01,93.65
FREQ00005642,ALU00471,2026-02-01,88.52
FREQ00005643,ALU00471,2026-03-01,90.69
FREQ00005644,ALU00471,2026-04-01,95.84
FREQ00005645,ALU00471,2026-05-01,94.96
FREQ00005646,ALU00471,2026-06-01,91.19
FREQ00005647,ALU00471,2026-07-01,92.25
FREQ00005648,ALU00471,2026-08-01,98.81
FREQ00005649,ALU00471,2026-09-01,87.42
FREQ00005650,ALU00471,2026-10-01,97.15
FREQ00005651,ALU00471,2026-11-01,91.14
FREQ00005652,ALU00471,2026-12-01,94.66
FREQ00005653,ALU00472,2026-01-01,90.47
FREQ00005654,ALU00472,2026-02-01,91.94
FREQ00005655,ALU00472,2026-03-01,88.47
FREQ00005656,ALU00472,2026-04-01,92.68
FREQ00005657,ALU00472,2026-05-01,91.88
FREQ00005658,ALU00472,2026-06-01,96.45
FREQ00005659,ALU00472,2026-07-01,97.9
FREQ00005660,ALU00472,2026-08-01,90.07
FREQ00005661,ALU00472,2026-09-01,92.21
FREQ00005662,ALU00472,2026-10-01,97.18
FREQ00005663,ALU00472,2026-11-01,88.49
FREQ00005664,ALU00472,2026-12-01,94.79
FREQ00005665,ALU00473,2026-01-01,94.07
FREQ00005666,ALU00473,2026-02-01,87.6
FREQ00005667,ALU00473,2026-03-01,92.75
FREQ00005668,ALU00473,2026-04-01,91.75
FREQ00005669,ALU00473,2026-05-01,98.21
FREQ00005670,ALU00473,2026-06-01,87.65
FREQ00005671,ALU00473,2026-07-01,89.33
FREQ00005672,ALU00473,2026-08-01,94.87
FREQ00005673,ALU00473,2026-09-01,94.79
FREQ00005674,ALU00473,2026-10-01,96.25
FREQ00005675,ALU00473,2026-11-01,93.05
FREQ00005676,ALU00473,2026-12-01,90.88
FREQ00005677,ALU00474,2026-01-01,90.01
FREQ00005678,ALU00474,2026-02-01,98.13
FREQ00005679,ALU00474,2026-03-01,88.24
FREQ00005680,ALU00474,2026-04-01,88.59
FREQ00005681,ALU00474,2026-05-01,87.14
FREQ00005682,ALU00474,2026-06-01,97.32
FREQ00005683,ALU00474,2026-07-01,92.84
FREQ00005684,ALU00474,2026-08-01,87.77
FREQ00005685,ALU00474,2026-09-01,88.18
FREQ00005686,ALU00474,2026-10-01,94.02
FREQ00005687,ALU00474,2026-11-01,95.01
FREQ00005688,ALU00474,2026-12-01,87.17
FREQ00005689,ALU00475,2026-01-01,87.23
FREQ00005690,ALU00475,2026-02-01,98.64
FREQ00005691,ALU00475,2026-03-01,97.19
FREQ00005692,ALU00475,2026-04-01,92.59
FREQ00005693,ALU00475,2026-05-01,95.33
FREQ00005694,ALU00475,2026-06-01,94.48
FREQ00005695,ALU00475,2026-07-01,89.99
FREQ00005696,ALU00475,2026-08-01,93.03
FREQ00005697,ALU00475,2026-09-01,92.74
FREQ00005698,ALU00475,2026-10-01,88.07
FREQ00005699,ALU00475,2026-11-01,95.97
FREQ00005700,ALU00475,2026-12-01,92.07
FREQ00005701,ALU00476,2026-01-01,89.43
FREQ00005702,ALU00476,2026-02-01,90.14
FREQ00005703,ALU00476,2026-03-01,98.95
FREQ00005704,ALU00476,2026-04-01,88.55
FREQ00005705,ALU00476,2026-05-01,95.55
FREQ00005706,ALU00476,2026-06-01,98.32
FREQ00005707,ALU00476,2026-07-01,91.02
FREQ00005708,ALU00476,2026-08-01,87.89
FREQ00005709,ALU00476,2026-09-01,97.47
FREQ00005710,ALU00476,2026-10-01,88.23
FREQ00005711,ALU00476,2026-11-01,89.14
FREQ00005712,ALU00476,2026-12-01,95.75
FREQ00005713,ALU00477,2026-01-01,97.67
FREQ00005714,ALU00477,2026-02-01,94.06
FREQ00005715,ALU00477,2026-03-01,88.93
FREQ00005716,ALU00477,2026-04-01,89.71
FREQ00005717,ALU00477,2026-05-01,94.79
FREQ00005718,ALU00477,2026-06-01,95.22
FREQ00005719,ALU00477,2026-07-01,96.57
FREQ00005720,ALU00477,2026-08-01,92.54
FREQ00005721,ALU00477,2026-09-01,96.05
FREQ00005722,ALU00477,2026-10-01,88.24
FREQ00005723,ALU00477,2026-11-01,88.5
FREQ00005724,ALU00477,2026-12-01,88.08
FREQ00005725,ALU00478,2026-01-01,88.32
FREQ00005726,ALU00478,2026-02-01,95.5
FREQ00005727,ALU00478,2026-03-01,93.41
FREQ00005728,ALU00478,2026-04-01,96.82
FREQ00005729,ALU00478,2026-05-01,98.49
FREQ00005730,ALU00478,2026-06-01,92.34
FREQ00005731,ALU00478,2026-07-01,91.24
FREQ00005732,ALU00478,2026-08-01,96.61
FREQ00005733,ALU00478,2026-09-01,93.34
FREQ00005734,ALU00478,2026-10-01,95.91
FREQ00005735,ALU00478,2026-11-01,89.76
FREQ00005736,ALU00478,2026-12-01,91.67
FREQ00005737,ALU00479,2026-01-01,93.29
FREQ00005738,ALU00479,2026-02-01,97.86
FREQ00005739,ALU00479,2026-03-01,87.14
FREQ00005740,ALU00479,2026-04-01,91.05
FREQ00005741,ALU00479,2026-05-01,87.16
FREQ00005742,ALU00479,2026-06-01,95.2
FREQ00005743,ALU00479,2026-07-01,96.4
FREQ00005744,ALU00479,2026-08-01,87.85
FREQ00005745,ALU00479,2026-09-01,90.25
FREQ00005746,ALU00479,2026-10-01,97.44
FREQ00005747,ALU00479,2026-11-01,94.58
FREQ00005748,ALU00479,2026-12-01,88.29
FREQ00005749,ALU00480,2026-01-01,97.12
FREQ00005750,ALU00480,2026-02-01,95.08
FREQ00005751,ALU00480,2026-03-01,91.01
FREQ00005752,ALU00480,2026-04-01,88.84
FREQ00005753,ALU00480,2026-05-01,98.2
FREQ00005754,ALU00480,2026-06-01,87.33
FREQ00005755,ALU00480,2026-07-01,90.57
FREQ00005756,ALU00480,2026-08-01,92.4
FREQ00005757,ALU00480,2026-09-01,94.99
FREQ00005758,ALU00480,2026-10-01,89.59
FREQ00005759,ALU00480,2026-11-01,94.09
FREQ00005760,ALU00480,2026-12-01,92.22
FREQ00005761,ALU00481,2026-01-01,97.85
FREQ00005762,ALU00481,2026-02-01,97.27
FREQ00005763,ALU00481,2026-03-01,91.87
FREQ00005764,ALU00481,2026-04-01,97.06
FREQ00005765,ALU00481,2026-05-01,92.37
FREQ00005766,ALU00481,2026-06-01,98.11
FREQ00005767,ALU00481,2026-07-01,98.34
FREQ00005768,ALU00481,2026-08-01,89.09
FREQ00005769,ALU00481,2026-09-01,94.77
FREQ00005770,ALU00481,2026-10-01,95.18
FREQ00005771,ALU00481,2026-11-01,89.04
FREQ00005772,ALU00481,2026-12-01,91.76
FREQ00005773,ALU00482,2026-01-01,95.1
FREQ00005774,ALU00482,2026-02-01,93.05
FREQ00005775,ALU00482,2026-03-01,89.28
FREQ00005776,ALU00482,2026-04-01,95.29
FREQ00005777,ALU00482,2026-05-01,90.45
FREQ00005778,ALU00482,2026-06-01,96.68
FREQ00005779,ALU00482,2026-07-01,98.75
FREQ00005780,ALU00482,2026-08-01,96.55
FREQ00005781,ALU00482,2026-09-01,87.07
FREQ00005782,ALU00482,2026-10-01,98.05
FREQ00005783,ALU00482,2026-11-01,95.93
FREQ00005784,ALU00482,2026-12-01,90.86
FREQ00005785,ALU00483,2026-01-01,96.24
FREQ00005786,ALU00483,2026-02-01,96.33
FREQ00005787,ALU00483,2026-03-01,95.56
FREQ00005788,ALU00483,2026-04-01,98.56
FREQ00005789,ALU00483,2026-05-01,93.27
FREQ00005790,ALU00483,2026-06-01,94.79
FREQ00005791,ALU00483,2026-07-01,87.88
FREQ00005792,ALU00483,2026-08-01,92.06
FREQ00005793,ALU00483,2026-09-01,87.42
FREQ00005794,ALU00483,2026-10-01,90.16
FREQ00005795,ALU00483,2026-11-01,87.91
FREQ00005796,ALU00483,2026-12-01,91.02
FREQ00005797,ALU00484,2026-01-01,97.02
FREQ00005798,ALU00484,2026-02-01,90.51
FREQ00005799,ALU00484,2026-03-01,90.73
FREQ00005800,ALU00484,2026-04-01,87.87
FREQ00005801,ALU00484,2026-05-01,87.69
FREQ00005802,ALU00484,2026-06-01,91.2
FREQ00005803,ALU00484,2026-07-01,91.94
FREQ00005804,ALU00484,2026-08-01,93.1
FREQ00005805,ALU00484,2026-09-01,88.1
FREQ00005806,ALU00484,2026-10-01,89.31
FREQ00005807,ALU00484,2026-11-01,91.17
FREQ00005808,ALU00484,2026-12-01,98.66
FREQ00005809,ALU00485,2026-01-01,87.23
FREQ00005810,ALU00485,2026-02-01,92.2
FREQ00005811,ALU00485,2026-03-01,96.39
FREQ00005812,ALU00485,2026-04-01,93.5
FREQ00005813,ALU00485,2026-05-01,95.0
FREQ00005814,ALU00485,2026-06-01,95.16
FREQ00005815,ALU00485,2026-07-01,98.99
FREQ00005816,ALU00485,2026-08-01,90.16
FREQ00005817,ALU00485,2026-09-01,94.11
FREQ00005818,ALU00485,2026-10-01,90.36
FREQ00005819,ALU00485,2026-11-01,92.93
FREQ00005820,ALU00485,2026-12-01,90.27
FREQ00005821,ALU00486,2026-01-01,96.26
FREQ00005822,ALU00486,2026-02-01,97.74
FREQ00005823,ALU00486,2026-03-01,93.51
FREQ00005824,ALU00486,2026-04-01,87.02
FREQ00005825,ALU00486,2026-05-01,88.89
FREQ00005826,ALU00486,2026-06-01,93.91
FREQ00005827,ALU00486,2026-07-01,89.02
FREQ00005828,ALU00486,2026-08-01,98.89
FREQ00005829,ALU00486,2026-09-01,97.39
FREQ00005830,ALU00486,2026-10-01,87.98
FREQ00005831,ALU00486,2026-11-01,93.11
FREQ00005832,ALU00486,2026-12-01,93.48
FREQ00005833,ALU00487,2026-01-01,97.85
FREQ00005834,ALU00487,2026-02-01,94.04
FREQ00005835,ALU00487,2026-03-01,95.16
FREQ00005836,ALU00487,2026-04-01,87.06
FREQ00005837,ALU00487,2026-05-01,92.7
FREQ00005838,ALU00487,2026-06-01,88.17
FREQ00005839,ALU00487,2026-07-01,91.63
FREQ00005840,ALU00487,2026-08-01,93.9
FREQ00005841,ALU00487,2026-09-01,92.39
FREQ00005842,ALU00487,2026-10-01,88.44
FREQ00005843,ALU00487,2026-11-01,98.7
FREQ00005844,ALU00487,2026-12-01,94.67
FREQ00005845,ALU00488,2026-01-01,89.84
FREQ00005846,ALU00488,2026-02-01,93.13
FREQ00005847,ALU00488,2026-03-01,97.06
FREQ00005848,ALU00488,2026-04-01,92.6
FREQ00005849,ALU00488,2026-05-01,88.11
FREQ00005850,ALU00488,2026-06-01,97.3
FREQ00005851,ALU00488,2026-07-01,94.12
FREQ00005852,ALU00488,2026-08-01,98.06
FREQ00005853,ALU00488,2026-09-01,90.83
FREQ00005854,ALU00488,2026-10-01,91.84
FREQ00005855,ALU00488,2026-11-01,89.14
FREQ00005856,ALU00488,2026-12-01,97.49
FREQ00005857,ALU00489,2026-01-01,95.72
FREQ00005858,ALU00489,2026-02-01,94.16
FREQ00005859,ALU00489,2026-03-01,94.55
FREQ00005860,ALU00489,2026-04-01,92.55
FREQ00005861,ALU00489,2026-05-01,98.8
FREQ00005862,ALU00489,2026-06-01,97.02
FREQ00005863,ALU00489,2026-07-01,89.7
FREQ00005864,ALU00489,2026-08-01,89.5
FREQ00005865,ALU00489,2026-09-01,92.74
FREQ00005866,ALU00489,2026-10-01,87.46
FREQ00005867,ALU00489,2026-11-01,90.0
FREQ00005868,ALU00489,2026-12-01,90.43
FREQ00005869,ALU00490,2026-01-01,98.5
FREQ00005870,ALU00490,2026-02-01,93.97
FREQ00005871,ALU00490,2026-03-01,95.82
FREQ00005872,ALU00490,2026-04-01,98.65
FREQ00005873,ALU00490,2026-05-01,95.83
FREQ00005874,ALU00490,2026-06-01,95.59
FREQ00005875,ALU00490,2026-07-01,90.53
FREQ00005876,ALU00490,2026-08-01,95.07
FREQ00005877,ALU00490,2026-09-01,95.51
FREQ00005878,ALU00490,2026-10-01,97.89
FREQ00005879,ALU00490,2026-11-01,95.52
FREQ00005880,ALU00490,2026-12-01,97.8
FREQ00005881,ALU00491,2026-01-01,87.54
FREQ00005882,ALU00491,2026-02-01,92.52
FREQ00005883,ALU00491,2026-03-01,97.22
FREQ00005884,ALU00491,2026-04-01,97.58
FREQ00005885,ALU00491,2026-05-01,89.26
FREQ00005886,ALU00491,2026-06-01,87.59
FREQ00005887,ALU00491,2026-07-01,91.37
FREQ00005888,ALU00491,2026-08-01,87.58
FREQ00005889,ALU00491,2026-09-01,98.74
FREQ00005890,ALU00491,2026-10-01,97.1
FREQ00005891,ALU00491,2026-11-01,92.0
FREQ00005892,ALU00491,2026-12-01,97.52
FREQ00005893,ALU00492,2026-01-01,90.94
FREQ00005894,ALU00492,2026-02-01,88.8
FREQ00005895,ALU00492,2026-03-01,93.46
FREQ00005896,ALU00492,2026-04-01,90.72
FREQ00005897,ALU00492,2026-05-01,88.88
FREQ00005898,ALU00492,2026-06-01,91.84
FREQ00005899,ALU00492,2026-07-01,96.44
FREQ00005900,ALU00492,2026-08-01,87.79
FREQ00005901,ALU00492,2026-09-01,93.82
FREQ00005902,ALU00492,2026-10-01,92.62
FREQ00005903,ALU00492,2026-11-01,95.84
FREQ00005904,ALU00492,2026-12-01,96.12
FREQ00005905,ALU00493,2026-01-01,91.4
FREQ00005906,ALU00493,2026-02-01,95.33
FREQ00005907,ALU00493,2026-03-01,89.88
FREQ00005908,ALU00493,2026-04-01,93.88
FREQ00005909,ALU00493,2026-05-01,96.67
FREQ00005910,ALU00493,2026-06-01,98.65
FREQ00005911,ALU00493,2026-07-01,89.15
FREQ00005912,ALU00493,2026-08-01,87.71
FREQ00005913,ALU00493,2026-09-01,91.79
FREQ00005914,ALU00493,2026-10-01,87.23
FREQ00005915,ALU00493,2026-11-01,87.29
FREQ00005916,ALU00493,2026-12-01,98.52
FREQ00005917,ALU00494,2026-01-01,97.5
FREQ00005918,ALU00494,2026-02-01,94.13
FREQ00005919,ALU00494,2026-03-01,98.19
FREQ00005920,ALU00494,2026-04-01,92.25
FREQ00005921,ALU00494,2026-05-01,88.81
FREQ00005922,ALU00494,2026-06-01,97.53
FREQ00005923,ALU00494,2026-07-01,92.09
FREQ00005924,ALU00494,2026-08-01,92.62
FREQ00005925,ALU00494,2026-09-01,93.51
FREQ00005926,ALU00494,2026-10-01,88.87
FREQ00005927,ALU00494,2026-11-01,96.19
FREQ00005928,ALU00494,2026-12-01,95.64
FREQ00005929,ALU00495,2026-01-01,92.68
FREQ00005930,ALU00495,2026-02-01,93.27
FREQ00005931,ALU00495,2026-03-01,87.58
FREQ00005932,ALU00495,2026-04-01,95.75
FREQ00005933,ALU00495,2026-05-01,94.48
FREQ00005934,ALU00495,2026-06-01,95.82
FREQ00005935,ALU00495,2026-07-01,88.98
FREQ00005936,ALU00495,2026-08-01,96.08
FREQ00005937,ALU00495,2026-09-01,87.38
FREQ00005938,ALU00495,2026-10-01,87.3
FREQ00005939,ALU00495,2026-11-01,93.61
FREQ00005940,ALU00495,2026-12-01,95.36
FREQ00005941,ALU00496,2026-01-01,98.6
FREQ00005942,ALU00496,2026-02-01,89.44
FREQ00005943,ALU00496,2026-03-01,92.08
FREQ00005944,ALU00496,2026-04-01,90.72
FREQ00005945,ALU00496,2026-05-01,97.39
FREQ00005946,ALU00496,2026-06-01,98.94
FREQ00005947,ALU00496,2026-07-01,93.94
FREQ00005948,ALU00496,2026-08-01,92.28
FREQ00005949,ALU00496,2026-09-01,92.16
FREQ00005950,ALU00496,2026-10-01,89.8
FREQ00005951,ALU00496,2026-11-01,98.68
FREQ00005952,ALU00496,2026-12-01,93.06
FREQ00005953,ALU00497,2026-01-01,87.34
FREQ00005954,ALU00497,2026-02-01,97.05
FREQ00005955,ALU00497,2026-03-01,97.09
FREQ00005956,ALU00497,2026-04-01,91.68
FREQ00005957,ALU00497,2026-05-01,92.54
FREQ00005958,ALU00497,2026-06-01,90.92
FREQ00005959,ALU00497,2026-07-01,89.18
FREQ00005960,ALU00497,2026-08-01,98.93
FREQ00005961,ALU00497,2026-09-01,93.94
FREQ00005962,ALU00497,2026-10-01,95.96
FREQ00005963,ALU00497,2026-11-01,97.11
FREQ00005964,ALU00497,2026-12-01,92.09
FREQ00005965,ALU00498,2026-01-01,87.54
FREQ00005966,ALU00498,2026-02-01,93.92
FREQ00005967,ALU00498,2026-03-01,93.25
FREQ00005968,ALU00498,2026-04-01,96.88
FREQ00005969,ALU00498,2026-05-01,98.88
FREQ00005970,ALU00498,2026-06-01,98.84
FREQ00005971,ALU00498,2026-07-01,92.85
FREQ00005972,ALU00498,2026-08-01,94.63
FREQ00005973,ALU00498,2026-09-01,87.75
FREQ00005974,ALU00498,2026-10-01,90.97
FREQ00005975,ALU00498,2026-11-01,89.61
FREQ00005976,ALU00498,2026-12-01,87.3
FREQ00005977,ALU00499,2026-01-01,87.92
FREQ00005978,ALU00499,2026-02-01,94.87
FREQ00005979,ALU00499,2026-03-01,88.75
FREQ00005980,ALU00499,2026-04-01,91.59
FREQ00005981,ALU00499,2026-05-01,97.0
FREQ00005982,ALU00499,2026-06-01,91.25
FREQ00005983,ALU00499,2026-07-01,98.51
FREQ00005984,ALU00499,2026-08-01,92.7
FREQ00005985,ALU00499,2026-09-01,91.94
FREQ00005986,ALU00499,2026-10-01,93.63
FREQ00005987,ALU00499,2026-11-01,88.5
FREQ00005988,ALU00499,2026-12-01,96.09
FREQ00005989,ALU00500,2026-01-01,96.06
FREQ00005990,ALU00500,2026-02-01,92.52
FREQ00005991,ALU00500,2026-03-01,91.99
FREQ00005992,ALU00500,2026-04-01,94.29
FREQ00005993,ALU00500,2026-05-01,93.16
FREQ00005994,ALU00500,2026-06-01,95.56
FREQ00005995,ALU00500,2026-07-01,88.88
FREQ00005996,ALU00500,2026-08-01,92.71
FREQ00005997,ALU00500,2026-09-01,96.11
FREQ00005998,ALU00500,2026-10-01,87.11
FREQ00005999,ALU00500,2026-11-01,95.71
FREQ00006000,ALU00500,2026-12-01,92.47
FREQ00006001,ALU00501,2026-01-01,97.6
FREQ00006002,ALU00501,2026-02-01,90.96
FREQ00006003,ALU00501,2026-03-01,89.99
FREQ00006004,ALU00501,2026-04-01,87.1
FREQ00006005,ALU00501,2026-05-01,91.96
FREQ00006006,ALU00501,2026-06-01,88.08
FREQ00006007,ALU00501,2026-07-01,94.93
FREQ00006008,ALU00501,2026-08-01,98.62
FREQ00006009,ALU00501,2026-09-01,87.75
FREQ00006010,ALU00501,2026-10-01,91.93
FREQ00006011,ALU00501,2026-11-01,98.86
FREQ00006012,ALU00501,2026-12-01,88.75
FREQ00006013,ALU00502,2026-01-01,87.87
FREQ00006014,ALU00502,2026-02-01,97.46
FREQ00006015,ALU00502,2026-03-01,94.11
FREQ00006016,ALU00502,2026-04-01,88.63
FREQ00006017,ALU00502,2026-05-01,91.39
FREQ00006018,ALU00502,2026-06-01,93.68
FREQ00006019,ALU00502,2026-07-01,93.59
FREQ00006020,ALU00502,2026-08-01,89.67
FREQ00006021,ALU00502,2026-09-01,93.29
FREQ00006022,ALU00502,2026-10-01,98.48
FREQ00006023,ALU00502,2026-11-01,92.64
FREQ00006024,ALU00502,2026-12-01,95.47
FREQ00006025,ALU00503,2026-01-01,93.84
FREQ00006026,ALU00503,2026-02-01,87.18
FREQ00006027,ALU00503,2026-03-01,96.72
FREQ00006028,ALU00503,2026-04-01,92.09
FREQ00006029,ALU00503,2026-05-01,90.11
FREQ00006030,ALU00503,2026-06-01,94.96
FREQ00006031,ALU00503,2026-07-01,95.35
FREQ00006032,ALU00503,2026-08-01,96.97
FREQ00006033,ALU00503,2026-09-01,97.19
FREQ00006034,ALU00503,2026-10-01,92.23
FREQ00006035,ALU00503,2026-11-01,98.87
FREQ00006036,ALU00503,2026-12-01,87.97
FREQ00006037,ALU00504,2026-01-01,94.6
FREQ00006038,ALU00504,2026-02-01,96.64
FREQ00006039,ALU00504,2026-03-01,96.38
FREQ00006040,ALU00504,2026-04-01,93.26
FREQ00006041,ALU00504,2026-05-01,88.49
FREQ00006042,ALU00504,2026-06-01,96.72
FREQ00006043,ALU00504,2026-07-01,92.21
FREQ00006044,ALU00504,2026-08-01,93.74
FREQ00006045,ALU00504,2026-09-01,96.1
FREQ00006046,ALU00504,2026-10-01,94.55
FREQ00006047,ALU00504,2026-11-01,91.87
FREQ00006048,ALU00504,2026-12-01,88.55
FREQ00006049,ALU00505,2026-01-01,95.19
FREQ00006050,ALU00505,2026-02-01,91.17
FREQ00006051,ALU00505,2026-03-01,90.08
FREQ00006052,ALU00505,2026-04-01,91.53
FREQ00006053,ALU00505,2026-05-01,91.82
FREQ00006054,ALU00505,2026-06-01,94.72
FREQ00006055,ALU00505,2026-07-01,96.8
FREQ00006056,ALU00505,2026-08-01,97.75
FREQ00006057,ALU00505,2026-09-01,92.78
FREQ00006058,ALU00505,2026-10-01,90.86
FREQ00006059,ALU00505,2026-11-01,96.09
FREQ00006060,ALU00505,2026-12-01,87.53
FREQ00006061,ALU00506,2026-01-01,93.23
FREQ00006062,ALU00506,2026-02-01,90.11
FREQ00006063,ALU00506,2026-03-01,91.43
FREQ00006064,ALU00506,2026-04-01,89.34
FREQ00006065,ALU00506,2026-05-01,88.05
FREQ00006066,ALU00506,2026-06-01,94.75
FREQ00006067,ALU00506,2026-07-01,93.81
FREQ00006068,ALU00506,2026-08-01,94.41
FREQ00006069,ALU00506,2026-09-01,98.35
FREQ00006070,ALU00506,2026-10-01,90.88
FREQ00006071,ALU00506,2026-11-01,93.69
FREQ00006072,ALU00506,2026-12-01,98.81
FREQ00006073,ALU00507,2026-01-01,88.41
FREQ00006074,ALU00507,2026-02-01,97.46
FREQ00006075,ALU00507,2026-03-01,93.63
FREQ00006076,ALU00507,2026-04-01,92.36
FREQ00006077,ALU00507,2026-05-01,90.43
FREQ00006078,ALU00507,2026-06-01,98.05
FREQ00006079,ALU00507,2026-07-01,87.11
FREQ00006080,ALU00507,2026-08-01,98.84
FREQ00006081,ALU00507,2026-09-01,98.78
FREQ00006082,ALU00507,2026-10-01,87.69
FREQ00006083,ALU00507,2026-11-01,92.98
FREQ00006084,ALU00507,2026-12-01,95.28
FREQ00006085,ALU00508,2026-01-01,87.47
FREQ00006086,ALU00508,2026-02-01,88.42
FREQ00006087,ALU00508,2026-03-01,89.24
FREQ00006088,ALU00508,2026-04-01,88.14
FREQ00006089,ALU00508,2026-05-01,96.59
FREQ00006090,ALU00508,2026-06-01,88.47
FREQ00006091,ALU00508,2026-07-01,89.1
FREQ00006092,ALU00508,2026-08-01,93.36
FREQ00006093,ALU00508,2026-09-01,90.5
FREQ00006094,ALU00508,2026-10-01,89.77
FREQ00006095,ALU00508,2026-11-01,93.49
FREQ00006096,ALU00508,2026-12-01,90.84
FREQ00006097,ALU00509,2026-01-01,93.41
FREQ00006098,ALU00509,2026-02-01,94.76
FREQ00006099,ALU00509,2026-03-01,88.05
FREQ00006100,ALU00509,2026-04-01,98.7
FREQ00006101,ALU00509,2026-05-01,92.88
FREQ00006102,ALU00509,2026-06-01,93.91
FREQ00006103,ALU00509,2026-07-01,90.53
FREQ00006104,ALU00509,2026-08-01,94.94
FREQ00006105,ALU00509,2026-09-01,94.89
FREQ00006106,ALU00509,2026-10-01,91.04
FREQ00006107,ALU00509,2026-11-01,98.31
FREQ00006108,ALU00509,2026-12-01,96.04
FREQ00006109,ALU00510,2026-01-01,90.97
FREQ00006110,ALU00510,2026-02-01,96.63
FREQ00006111,ALU00510,2026-03-01,90.91
FREQ00006112,ALU00510,2026-04-01,97.77
FREQ00006113,ALU00510,2026-05-01,90.39
FREQ00006114,ALU00510,2026-06-01,92.34
FREQ00006115,ALU00510,2026-07-01,94.18
FREQ00006116,ALU00510,2026-08-01,95.1
FREQ00006117,ALU00510,2026-09-01,96.49
FREQ00006118,ALU00510,2026-10-01,87.85
FREQ00006119,ALU00510,2026-11-01,96.79
FREQ00006120,ALU00510,2026-12-01,88.34
FREQ00006121,ALU00511,2026-01-01,94.56
FREQ00006122,ALU00511,2026-02-01,88.99
FREQ00006123,ALU00511,2026-03-01,91.48
FREQ00006124,ALU00511,2026-04-01,97.54
FREQ00006125,ALU00511,2026-05-01,98.01
FREQ00006126,ALU00511,2026-06-01,87.59
FREQ00006127,ALU00511,2026-07-01,98.05
FREQ00006128,ALU00511,2026-08-01,95.25
FREQ00006129,ALU00511,2026-09-01,92.53
FREQ00006130,ALU00511,2026-10-01,87.57
FREQ00006131,ALU00511,2026-11-01,89.86
FREQ00006132,ALU00511,2026-12-01,97.16
FREQ00006133,ALU00512,2026-01-01,95.84
FREQ00006134,ALU00512,2026-02-01,94.83
FREQ00006135,ALU00512,2026-03-01,92.18
FREQ00006136,ALU00512,2026-04-01,89.92
FREQ00006137,ALU00512,2026-05-01,96.49
FREQ00006138,ALU00512,2026-06-01,94.78
FREQ00006139,ALU00512,2026-07-01,92.86
FREQ00006140,ALU00512,2026-08-01,88.43
FREQ00006141,ALU00512,2026-09-01,98.37
FREQ00006142,ALU00512,2026-10-01,97.56
FREQ00006143,ALU00512,2026-11-01,96.85
FREQ00006144,ALU00512,2026-12-01,90.76
FREQ00006145,ALU00513,2026-01-01,97.05
FREQ00006146,ALU00513,2026-02-01,91.47
FREQ00006147,ALU00513,2026-03-01,91.06
FREQ00006148,ALU00513,2026-04-01,98.38
FREQ00006149,ALU00513,2026-05-01,93.24
FREQ00006150,ALU00513,2026-06-01,94.22
FREQ00006151,ALU00513,2026-07-01,87.46
FREQ00006152,ALU00513,2026-08-01,94.05
FREQ00006153,ALU00513,2026-09-01,97.42
FREQ00006154,ALU00513,2026-10-01,95.22
FREQ00006155,ALU00513,2026-11-01,89.28
FREQ00006156,ALU00513,2026-12-01,87.63
FREQ00006157,ALU00514,2026-01-01,89.96
FREQ00006158,ALU00514,2026-02-01,96.17
FREQ00006159,ALU00514,2026-03-01,94.4
FREQ00006160,ALU00514,2026-04-01,88.78
FREQ00006161,ALU00514,2026-05-01,91.34
FREQ00006162,ALU00514,2026-06-01,87.33
FREQ00006163,ALU00514,2026-07-01,95.37
FREQ00006164,ALU00514,2026-08-01,91.01
FREQ00006165,ALU00514,2026-09-01,97.91
FREQ00006166,ALU00514,2026-10-01,97.39
FREQ00006167,ALU00514,2026-11-01,92.6
FREQ00006168,ALU00514,2026-12-01,90.52
FREQ00006169,ALU00515,2026-01-01,98.46
FREQ00006170,ALU00515,2026-02-01,88.54
FREQ00006171,ALU00515,2026-03-01,90.08
FREQ00006172,ALU00515,2026-04-01,96.34
FREQ00006173,ALU00515,2026-05-01,91.89
FREQ00006174,ALU00515,2026-06-01,95.93
FREQ00006175,ALU00515,2026-07-01,89.9
FREQ00006176,ALU00515,2026-08-01,98.51
FREQ00006177,ALU00515,2026-09-01,93.57
FREQ00006178,ALU00515,2026-10-01,90.35
FREQ00006179,ALU00515,2026-11-01,97.26
FREQ00006180,ALU00515,2026-12-01,98.76
FREQ00006181,ALU00516,2026-01-01,94.07
FREQ00006182,ALU00516,2026-02-01,90.37
FREQ00006183,ALU00516,2026-03-01,98.37
FREQ00006184,ALU00516,2026-04-01,88.39
FREQ00006185,ALU00516,2026-05-01,93.9
FREQ00006186,ALU00516,2026-06-01,97.69
FREQ00006187,ALU00516,2026-07-01,93.37
FREQ00006188,ALU00516,2026-08-01,92.51
FREQ00006189,ALU00516,2026-09-01,97.43
FREQ00006190,ALU00516,2026-10-01,97.92
FREQ00006191,ALU00516,2026-11-01,91.36
FREQ00006192,ALU00516,2026-12-01,98.86
FREQ00006193,ALU00517,2026-01-01,92.83
FREQ00006194,ALU00517,2026-02-01,98.23
FREQ00006195,ALU00517,2026-03-01,90.66
FREQ00006196,ALU00517,2026-04-01,98.13
FREQ00006197,ALU00517,2026-05-01,87.43
FREQ00006198,ALU00517,2026-06-01,89.82
FREQ00006199,ALU00517,2026-07-01,94.8
FREQ00006200,ALU00517,2026-08-01,89.84
FREQ00006201,ALU00517,2026-09-01,87.97
FREQ00006202,ALU00517,2026-10-01,88.31
FREQ00006203,ALU00517,2026-11-01,96.02
FREQ00006204,ALU00517,2026-12-01,89.66
FREQ00006205,ALU00518,2026-01-01,87.87
FREQ00006206,ALU00518,2026-02-01,90.36
FREQ00006207,ALU00518,2026-03-01,94.39
FREQ00006208,ALU00518,2026-04-01,87.18
FREQ00006209,ALU00518,2026-05-01,98.91
FREQ00006210,ALU00518,2026-06-01,89.42
FREQ00006211,ALU00518,2026-07-01,98.41
FREQ00006212,ALU00518,2026-08-01,87.46
FREQ00006213,ALU00518,2026-09-01,88.37
FREQ00006214,ALU00518,2026-10-01,95.07
FREQ00006215,ALU00518,2026-11-01,90.28
FREQ00006216,ALU00518,2026-12-01,88.2
FREQ00006217,ALU00519,2026-01-01,88.91
FREQ00006218,ALU00519,2026-02-01,92.43
FREQ00006219,ALU00519,2026-03-01,98.96
FREQ00006220,ALU00519,2026-04-01,93.06
FREQ00006221,ALU00519,2026-05-01,89.12
FREQ00006222,ALU00519,2026-06-01,93.84
FREQ00006223,ALU00519,2026-07-01,92.15
FREQ00006224,ALU00519,2026-08-01,93.42
FREQ00006225,ALU00519,2026-09-01,91.8
FREQ00006226,ALU00519,2026-10-01,96.92
FREQ00006227,ALU00519,2026-11-01,94.73
FREQ00006228,ALU00519,2026-12-01,94.2
FREQ00006229,ALU00520,2026-01-01,93.08
FREQ00006230,ALU00520,2026-02-01,89.95
FREQ00006231,ALU00520,2026-03-01,96.97
FREQ00006232,ALU00520,2026-04-01,93.13
FREQ00006233,ALU00520,2026-05-01,87.32
FREQ00006234,ALU00520,2026-06-01,88.01
FREQ00006235,ALU00520,2026-07-01,92.05
FREQ00006236,ALU00520,2026-08-01,91.18
FREQ00006237,ALU00520,2026-09-01,87.2
FREQ00006238,ALU00520,2026-10-01,98.89
FREQ00006239,ALU00520,2026-11-01,95.03
FREQ00006240,ALU00520,2026-12-01,98.07
FREQ00006241,ALU00521,2026-01-01,94.36
FREQ00006242,ALU00521,2026-02-01,98.55
FREQ00006243,ALU00521,2026-03-01,98.89
FREQ00006244,ALU00521,2026-04-01,95.66
FREQ00006245,ALU00521,2026-05-01,98.9
FREQ00006246,ALU00521,2026-06-01,87.95
FREQ00006247,ALU00521,2026-07-01,89.83
FREQ00006248,ALU00521,2026-08-01,97.76
FREQ00006249,ALU00521,2026-09-01,93.97
FREQ00006250,ALU00521,2026-10-01,87.63
FREQ00006251,ALU00521,2026-11-01,97.12
FREQ00006252,ALU00521,2026-12-01,91.77
FREQ00006253,ALU00522,2026-01-01,92.37
FREQ00006254,ALU00522,2026-02-01,88.44
FREQ00006255,ALU00522,2026-03-01,89.66
FREQ00006256,ALU00522,2026-04-01,96.83
FREQ00006257,ALU00522,2026-05-01,98.31
FREQ00006258,ALU00522,2026-06-01,94.37
FREQ00006259,ALU00522,2026-07-01,92.92
FREQ00006260,ALU00522,2026-08-01,93.24
FREQ00006261,ALU00522,2026-09-01,90.97
FREQ00006262,ALU00522,2026-10-01,93.3
FREQ00006263,ALU00522,2026-11-01,95.18
FREQ00006264,ALU00522,2026-12-01,92.14
FREQ00006265,ALU00523,2026-01-01,92.2
FREQ00006266,ALU00523,2026-02-01,90.35
FREQ00006267,ALU00523,2026-03-01,91.1
FREQ00006268,ALU00523,2026-04-01,90.53
FREQ00006269,ALU00523,2026-05-01,96.75
FREQ00006270,ALU00523,2026-06-01,89.83
FREQ00006271,ALU00523,2026-07-01,89.88
FREQ00006272,ALU00523,2026-08-01,90.71
FREQ00006273,ALU00523,2026-09-01,90.1
FREQ00006274,ALU00523,2026-10-01,95.25
FREQ00006275,ALU00523,2026-11-01,89.73
FREQ00006276,ALU00523,2026-12-01,97.4
FREQ00006277,ALU00524,2026-01-01,88.83
FREQ00006278,ALU00524,2026-02-01,87.53
FREQ00006279,ALU00524,2026-03-01,88.96
FREQ00006280,ALU00524,2026-04-01,95.85
FREQ00006281,ALU00524,2026-05-01,90.44
FREQ00006282,ALU00524,2026-06-01,90.55
FREQ00006283,ALU00524,2026-07-01,97.37
FREQ00006284,ALU00524,2026-08-01,89.98
FREQ00006285,ALU00524,2026-09-01,91.88
FREQ00006286,ALU00524,2026-10-01,98.02
FREQ00006287,ALU00524,2026-11-01,96.91
FREQ00006288,ALU00524,2026-12-01,95.47
FREQ00006289,ALU00525,2026-01-01,93.78
FREQ00006290,ALU00525,2026-02-01,91.26
FREQ00006291,ALU00525,2026-03-01,94.85
FREQ00006292,ALU00525,2026-04-01,89.11
FREQ00006293,ALU00525,2026-05-01,96.67
FREQ00006294,ALU00525,2026-06-01,89.71
FREQ00006295,ALU00525,2026-07-01,87.36
FREQ00006296,ALU00525,2026-08-01,98.95
FREQ00006297,ALU00525,2026-09-01,96.2
FREQ00006298,ALU00525,2026-10-01,88.78
FREQ00006299,ALU00525,2026-11-01,93.67
FREQ00006300,ALU00525,2026-12-01,94.48
FREQ00006301,ALU00526,2026-01-01,97.5
FREQ00006302,ALU00526,2026-02-01,93.34
FREQ00006303,ALU00526,2026-03-01,93.24
FREQ00006304,ALU00526,2026-04-01,92.77
FREQ00006305,ALU00526,2026-05-01,98.33
FREQ00006306,ALU00526,2026-06-01,94.98
FREQ00006307,ALU00526,2026-07-01,88.58
FREQ00006308,ALU00526,2026-08-01,88.13
FREQ00006309,ALU00526,2026-09-01,98.33
FREQ00006310,ALU00526,2026-10-01,95.75
FREQ00006311,ALU00526,2026-11-01,91.04
FREQ00006312,ALU00526,2026-12-01,95.33
FREQ00006313,ALU00527,2026-01-01,97.77
FREQ00006314,ALU00527,2026-02-01,98.52
FREQ00006315,ALU00527,2026-03-01,92.85
FREQ00006316,ALU00527,2026-04-01,90.63
FREQ00006317,ALU00527,2026-05-01,97.17
FREQ00006318,ALU00527,2026-06-01,98.26
FREQ00006319,ALU00527,2026-07-01,89.15
FREQ00006320,ALU00527,2026-08-01,90.15
FREQ00006321,ALU00527,2026-09-01,92.61
FREQ00006322,ALU00527,2026-10-01,90.06
FREQ00006323,ALU00527,2026-11-01,90.14
FREQ00006324,ALU00527,2026-12-01,89.41
FREQ00006325,ALU00528,2026-01-01,98.17
FREQ00006326,ALU00528,2026-02-01,94.33
FREQ00006327,ALU00528,2026-03-01,91.98
FREQ00006328,ALU00528,2026-04-01,96.49
FREQ00006329,ALU00528,2026-05-01,92.34
FREQ00006330,ALU00528,2026-06-01,90.22
FREQ00006331,ALU00528,2026-07-01,87.8
FREQ00006332,ALU00528,2026-08-01,94.13
FREQ00006333,ALU00528,2026-09-01,97.55
FREQ00006334,ALU00528,2026-10-01,96.49
FREQ00006335,ALU00528,2026-11-01,91.93
FREQ00006336,ALU00528,2026-12-01,98.51
FREQ00006337,ALU00529,2026-01-01,92.69
FREQ00006338,ALU00529,2026-02-01,95.36
FREQ00006339,ALU00529,2026-03-01,94.01
FREQ00006340,ALU00529,2026-04-01,88.33
FREQ00006341,ALU00529,2026-05-01,92.4
FREQ00006342,ALU00529,2026-06-01,90.01
FREQ00006343,ALU00529,2026-07-01,91.78
FREQ00006344,ALU00529,2026-08-01,93.44
FREQ00006345,ALU00529,2026-09-01,94.84
FREQ00006346,ALU00529,2026-10-01,90.49
FREQ00006347,ALU00529,2026-11-01,90.1
FREQ00006348,ALU00529,2026-12-01,88.84
FREQ00006349,ALU00530,2026-01-01,93.42
FREQ00006350,ALU00530,2026-02-01,92.54
FREQ00006351,ALU00530,2026-03-01,90.83
FREQ00006352,ALU00530,2026-04-01,98.44
FREQ00006353,ALU00530,2026-05-01,95.62
FREQ00006354,ALU00530,2026-06-01,96.78
FREQ00006355,ALU00530,2026-07-01,91.53
FREQ00006356,ALU00530,2026-08-01,98.64
FREQ00006357,ALU00530,2026-09-01,94.28
FREQ00006358,ALU00530,2026-10-01,89.29
FREQ00006359,ALU00530,2026-11-01,92.08
FREQ00006360,ALU00530,2026-12-01,90.86
FREQ00006361,ALU00531,2026-01-01,96.43
FREQ00006362,ALU00531,2026-02-01,87.65
FREQ00006363,ALU00531,2026-03-01,94.82
FREQ00006364,ALU00531,2026-04-01,96.26
FREQ00006365,ALU00531,2026-05-01,97.48
FREQ00006366,ALU00531,2026-06-01,97.1
FREQ00006367,ALU00531,2026-07-01,98.68
FREQ00006368,ALU00531,2026-08-01,93.91
FREQ00006369,ALU00531,2026-09-01,88.27
FREQ00006370,ALU00531,2026-10-01,98.39
FREQ00006371,ALU00531,2026-11-01,90.25
FREQ00006372,ALU00531,2026-12-01,98.57
FREQ00006373,ALU00532,2026-01-01,97.05
FREQ00006374,ALU00532,2026-02-01,96.69
FREQ00006375,ALU00532,2026-03-01,96.63
FREQ00006376,ALU00532,2026-04-01,89.52
FREQ00006377,ALU00532,2026-05-01,92.29
FREQ00006378,ALU00532,2026-06-01,94.85
FREQ00006379,ALU00532,2026-07-01,94.19
FREQ00006380,ALU00532,2026-08-01,97.41
FREQ00006381,ALU00532,2026-09-01,93.3
FREQ00006382,ALU00532,2026-10-01,91.24
FREQ00006383,ALU00532,2026-11-01,93.75
FREQ00006384,ALU00532,2026-12-01,88.86
FREQ00006385,ALU00533,2026-01-01,90.0
FREQ00006386,ALU00533,2026-02-01,91.07
FREQ00006387,ALU00533,2026-03-01,89.76
FREQ00006388,ALU00533,2026-04-01,90.46
FREQ00006389,ALU00533,2026-05-01,94.79
FREQ00006390,ALU00533,2026-06-01,94.22
FREQ00006391,ALU00533,2026-07-01,88.43
FREQ00006392,ALU00533,2026-08-01,94.68
FREQ00006393,ALU00533,2026-09-01,90.76
FREQ00006394,ALU00533,2026-10-01,93.62
FREQ00006395,ALU00533,2026-11-01,88.32
FREQ00006396,ALU00533,2026-12-01,91.33
FREQ00006397,ALU00534,2026-01-01,94.12
FREQ00006398,ALU00534,2026-02-01,89.78
FREQ00006399,ALU00534,2026-03-01,91.01
FREQ00006400,ALU00534,2026-04-01,98.09
FREQ00006401,ALU00534,2026-05-01,94.68
FREQ00006402,ALU00534,2026-06-01,88.55
FREQ00006403,ALU00534,2026-07-01,96.04
FREQ00006404,ALU00534,2026-08-01,92.27
FREQ00006405,ALU00534,2026-09-01,88.37
FREQ00006406,ALU00534,2026-10-01,87.8
FREQ00006407,ALU00534,2026-11-01,98.2
FREQ00006408,ALU00534,2026-12-01,93.42
FREQ00006409,ALU00535,2026-01-01,89.96
FREQ00006410,ALU00535,2026-02-01,97.96
FREQ00006411,ALU00535,2026-03-01,91.38
FREQ00006412,ALU00535,2026-04-01,92.94
FREQ00006413,ALU00535,2026-05-01,92.89
FREQ00006414,ALU00535,2026-06-01,90.4
FREQ00006415,ALU00535,2026-07-01,95.15
FREQ00006416,ALU00535,2026-08-01,93.62
FREQ00006417,ALU00535,2026-09-01,92.53
FREQ00006418,ALU00535,2026-10-01,94.86
FREQ00006419,ALU00535,2026-11-01,95.03
FREQ00006420,ALU00535,2026-12-01,98.98
FREQ00006421,ALU00536,2026-01-01,92.51
FREQ00006422,ALU00536,2026-02-01,98.65
FREQ00006423,ALU00536,2026-03-01,93.54
FREQ00006424,ALU00536,2026-04-01,94.18
FREQ00006425,ALU00536,2026-05-01,95.45
FREQ00006426,ALU00536,2026-06-01,96.35
FREQ00006427,ALU00536,2026-07-01,93.74
FREQ00006428,ALU00536,2026-08-01,94.92
FREQ00006429,ALU00536,2026-09-01,90.87
FREQ00006430,ALU00536,2026-10-01,94.41
FREQ00006431,ALU00536,2026-11-01,96.26
FREQ00006432,ALU00536,2026-12-01,98.87
FREQ00006433,ALU00537,2026-01-01,94.02
FREQ00006434,ALU00537,2026-02-01,92.53
FREQ00006435,ALU00537,2026-03-01,95.48
FREQ00006436,ALU00537,2026-04-01,93.19
FREQ00006437,ALU00537,2026-05-01,94.83
FREQ00006438,ALU00537,2026-06-01,96.16
FREQ00006439,ALU00537,2026-07-01,89.99
FREQ00006440,ALU00537,2026-08-01,96.12
FREQ00006441,ALU00537,2026-09-01,87.07
FREQ00006442,ALU00537,2026-10-01,97.82
FREQ00006443,ALU00537,2026-11-01,94.28
FREQ00006444,ALU00537,2026-12-01,88.29
FREQ00006445,ALU00538,2026-01-01,89.83
FREQ00006446,ALU00538,2026-02-01,95.84
FREQ00006447,ALU00538,2026-03-01,88.32
FREQ00006448,ALU00538,2026-04-01,89.92
FREQ00006449,ALU00538,2026-05-01,90.61
FREQ00006450,ALU00538,2026-06-01,94.56
FREQ00006451,ALU00538,2026-07-01,87.72
FREQ00006452,ALU00538,2026-08-01,94.92
FREQ00006453,ALU00538,2026-09-01,93.47
FREQ00006454,ALU00538,2026-10-01,87.8
FREQ00006455,ALU00538,2026-11-01,87.36
FREQ00006456,ALU00538,2026-12-01,97.49
FREQ00006457,ALU00539,2026-01-01,92.92
FREQ00006458,ALU00539,2026-02-01,96.85
FREQ00006459,ALU00539,2026-03-01,95.97
FREQ00006460,ALU00539,2026-04-01,95.05
FREQ00006461,ALU00539,2026-05-01,89.17
FREQ00006462,ALU00539,2026-06-01,88.42
FREQ00006463,ALU00539,2026-07-01,98.55
FREQ00006464,ALU00539,2026-08-01,98.72
FREQ00006465,ALU00539,2026-09-01,94.57
FREQ00006466,ALU00539,2026-10-01,90.07
FREQ00006467,ALU00539,2026-11-01,95.55
FREQ00006468,ALU00539,2026-12-01,89.74
FREQ00006469,ALU00540,2026-01-01,93.57
FREQ00006470,ALU00540,2026-02-01,89.88
FREQ00006471,ALU00540,2026-03-01,93.71
FREQ00006472,ALU00540,2026-04-01,93.75
FREQ00006473,ALU00540,2026-05-01,97.07
FREQ00006474,ALU00540,2026-06-01,89.25
FREQ00006475,ALU00540,2026-07-01,89.5
FREQ00006476,ALU00540,2026-08-01,91.65
FREQ00006477,ALU00540,2026-09-01,95.1
FREQ00006478,ALU00540,2026-10-01,88.87
FREQ00006479,ALU00540,2026-11-01,98.2
FREQ00006480,ALU00540,2026-12-01,94.72
FREQ00006481,ALU00541,2026-01-01,91.51
FREQ00006482,ALU00541,2026-02-01,96.51
FREQ00006483,ALU00541,2026-03-01,96.82
FREQ00006484,ALU00541,2026-04-01,91.37
FREQ00006485,ALU00541,2026-05-01,90.87
FREQ00006486,ALU00541,2026-06-01,95.62
FREQ00006487,ALU00541,2026-07-01,96.42
FREQ00006488,ALU00541,2026-08-01,91.02
FREQ00006489,ALU00541,2026-09-01,97.77
FREQ00006490,ALU00541,2026-10-01,90.64
FREQ00006491,ALU00541,2026-11-01,90.97
FREQ00006492,ALU00541,2026-12-01,96.31
FREQ00006493,ALU00542,2026-01-01,94.24
FREQ00006494,ALU00542,2026-02-01,93.29
FREQ00006495,ALU00542,2026-03-01,92.87
FREQ00006496,ALU00542,2026-04-01,92.86
FREQ00006497,ALU00542,2026-05-01,98.36
FREQ00006498,ALU00542,2026-06-01,90.7
FREQ00006499,ALU00542,2026-07-01,89.18
FREQ00006500,ALU00542,2026-08-01,90.9
FREQ00006501,ALU00542,2026-09-01,96.16
FREQ00006502,ALU00542,2026-10-01,97.31
FREQ00006503,ALU00542,2026-11-01,88.55
FREQ00006504,ALU00542,2026-12-01,94.44
FREQ00006505,ALU00543,2026-01-01,96.77
FREQ00006506,ALU00543,2026-02-01,96.54
FREQ00006507,ALU00543,2026-03-01,95.8
FREQ00006508,ALU00543,2026-04-01,91.7
FREQ00006509,ALU00543,2026-05-01,92.08
FREQ00006510,ALU00543,2026-06-01,94.86
FREQ00006511,ALU00543,2026-07-01,87.85
FREQ00006512,ALU00543,2026-08-01,89.23
FREQ00006513,ALU00543,2026-09-01,97.35
FREQ00006514,ALU00543,2026-10-01,89.81
FREQ00006515,ALU00543,2026-11-01,91.28
FREQ00006516,ALU00543,2026-12-01,96.52
FREQ00006517,ALU00544,2026-01-01,93.38
FREQ00006518,ALU00544,2026-02-01,96.28
FREQ00006519,ALU00544,2026-03-01,93.66
FREQ00006520,ALU00544,2026-04-01,91.07
FREQ00006521,ALU00544,2026-05-01,97.33
FREQ00006522,ALU00544,2026-06-01,88.51
FREQ00006523,ALU00544,2026-07-01,98.43
FREQ00006524,ALU00544,2026-08-01,88.37
FREQ00006525,ALU00544,2026-09-01,89.8
FREQ00006526,ALU00544,2026-10-01,88.11
FREQ00006527,ALU00544,2026-11-01,95.31
FREQ00006528,ALU00544,2026-12-01,95.26
FREQ00006529,ALU00545,2026-01-01,95.58
FREQ00006530,ALU00545,2026-02-01,94.61
FREQ00006531,ALU00545,2026-03-01,93.48
FREQ00006532,ALU00545,2026-04-01,89.25
FREQ00006533,ALU00545,2026-05-01,95.09
FREQ00006534,ALU00545,2026-06-01,89.62
FREQ00006535,ALU00545,2026-07-01,91.1
FREQ00006536,ALU00545,2026-08-01,88.46
FREQ00006537,ALU00545,2026-09-01,89.52
FREQ00006538,ALU00545,2026-10-01,96.38
FREQ00006539,ALU00545,2026-11-01,92.51
FREQ00006540,ALU00545,2026-12-01,87.26
FREQ00006541,ALU00546,2026-01-01,95.23
FREQ00006542,ALU00546,2026-02-01,88.25
FREQ00006543,ALU00546,2026-03-01,97.93
FREQ00006544,ALU00546,2026-04-01,97.29
FREQ00006545,ALU00546,2026-05-01,96.15
FREQ00006546,ALU00546,2026-06-01,97.22
FREQ00006547,ALU00546,2026-07-01,91.32
FREQ00006548,ALU00546,2026-08-01,90.61
FREQ00006549,ALU00546,2026-09-01,91.31
FREQ00006550,ALU00546,2026-10-01,98.66
FREQ00006551,ALU00546,2026-11-01,87.59
FREQ00006552,ALU00546,2026-12-01,97.65
FREQ00006553,ALU00547,2026-01-01,96.92
FREQ00006554,ALU00547,2026-02-01,97.88
FREQ00006555,ALU00547,2026-03-01,92.06
FREQ00006556,ALU00547,2026-04-01,93.44
FREQ00006557,ALU00547,2026-05-01,94.44
FREQ00006558,ALU00547,2026-06-01,98.69
FREQ00006559,ALU00547,2026-07-01,92.14
FREQ00006560,ALU00547,2026-08-01,87.29
FREQ00006561,ALU00547,2026-09-01,96.92
FREQ00006562,ALU00547,2026-10-01,97.6
FREQ00006563,ALU00547,2026-11-01,88.33
FREQ00006564,ALU00547,2026-12-01,95.35
FREQ00006565,ALU00548,2026-01-01,94.74
FREQ00006566,ALU00548,2026-02-01,96.85
FREQ00006567,ALU00548,2026-03-01,87.48
FREQ00006568,ALU00548,2026-04-01,97.13
FREQ00006569,ALU00548,2026-05-01,95.7
FREQ00006570,ALU00548,2026-06-01,93.15
FREQ00006571,ALU00548,2026-07-01,87.23
FREQ00006572,ALU00548,2026-08-01,87.12
FREQ00006573,ALU00548,2026-09-01,98.1
FREQ00006574,ALU00548,2026-10-01,88.88
FREQ00006575,ALU00548,2026-11-01,92.46
FREQ00006576,ALU00548,2026-12-01,94.42
FREQ00006577,ALU00549,2026-01-01,87.69
FREQ00006578,ALU00549,2026-02-01,96.78
FREQ00006579,ALU00549,2026-03-01,94.77
FREQ00006580,ALU00549,2026-04-01,89.29
FREQ00006581,ALU00549,2026-05-01,96.52
FREQ00006582,ALU00549,2026-06-01,92.07
FREQ00006583,ALU00549,2026-07-01,90.48
FREQ00006584,ALU00549,2026-08-01,91.11
FREQ00006585,ALU00549,2026-09-01,89.1
FREQ00006586,ALU00549,2026-10-01,87.96
FREQ00006587,ALU00549,2026-11-01,95.88
FREQ00006588,ALU00549,2026-12-01,92.86
FREQ00006589,ALU00550,2026-01-01,93.26
FREQ00006590,ALU00550,2026-02-01,88.52
FREQ00006591,ALU00550,2026-03-01,88.6
FREQ00006592,ALU00550,2026-04-01,95.32
FREQ00006593,ALU00550,2026-05-01,96.47
FREQ00006594,ALU00550,2026-06-01,88.14
FREQ00006595,ALU00550,2026-07-01,96.46
FREQ00006596,ALU00550,2026-08-01,94.94
FREQ00006597,ALU00550,2026-09-01,95.82
FREQ00006598,ALU00550,2026-10-01,95.95
FREQ00006599,ALU00550,2026-11-01,88.82
FREQ00006600,ALU00550,2026-12-01,94.21
FREQ00006601,ALU00551,2026-01-01,90.53
FREQ00006602,ALU00551,2026-02-01,96.21
FREQ00006603,ALU00551,2026-03-01,88.15
FREQ00006604,ALU00551,2026-04-01,89.62
FREQ00006605,ALU00551,2026-05-01,92.42
FREQ00006606,ALU00551,2026-06-01,88.37
FREQ00006607,ALU00551,2026-07-01,90.37
FREQ00006608,ALU00551,2026-08-01,93.01
FREQ00006609,ALU00551,2026-09-01,98.75
FREQ00006610,ALU00551,2026-10-01,90.96
FREQ00006611,ALU00551,2026-11-01,98.12
FREQ00006612,ALU00551,2026-12-01,98.73
FREQ00006613,ALU00552,2026-01-01,90.91
FREQ00006614,ALU00552,2026-02-01,96.67
FREQ00006615,ALU00552,2026-03-01,87.49
FREQ00006616,ALU00552,2026-04-01,91.54
FREQ00006617,ALU00552,2026-05-01,97.38
FREQ00006618,ALU00552,2026-06-01,89.11
FREQ00006619,ALU00552,2026-07-01,94.33
FREQ00006620,ALU00552,2026-08-01,96.43
FREQ00006621,ALU00552,2026-09-01,87.47
FREQ00006622,ALU00552,2026-10-01,95.45
FREQ00006623,ALU00552,2026-11-01,97.88
FREQ00006624,ALU00552,2026-12-01,87.95
FREQ00006625,ALU00553,2026-01-01,88.01
FREQ00006626,ALU00553,2026-02-01,95.86
FREQ00006627,ALU00553,2026-03-01,96.65
FREQ00006628,ALU00553,2026-04-01,90.96
FREQ00006629,ALU00553,2026-05-01,87.33
FREQ00006630,ALU00553,2026-06-01,92.66
FREQ00006631,ALU00553,2026-07-01,88.3
FREQ00006632,ALU00553,2026-08-01,87.58
FREQ00006633,ALU00553,2026-09-01,90.82
FREQ00006634,ALU00553,2026-10-01,94.53
FREQ00006635,ALU00553,2026-11-01,93.08
FREQ00006636,ALU00553,2026-12-01,96.43
FREQ00006637,ALU00554,2026-01-01,98.39
FREQ00006638,ALU00554,2026-02-01,98.41
FREQ00006639,ALU00554,2026-03-01,88.22
FREQ00006640,ALU00554,2026-04-01,91.51
FREQ00006641,ALU00554,2026-05-01,94.37
FREQ00006642,ALU00554,2026-06-01,94.31
FREQ00006643,ALU00554,2026-07-01,87.17
FREQ00006644,ALU00554,2026-08-01,88.47
FREQ00006645,ALU00554,2026-09-01,97.97
FREQ00006646,ALU00554,2026-10-01,98.04
FREQ00006647,ALU00554,2026-11-01,90.41
FREQ00006648,ALU00554,2026-12-01,88.79
FREQ00006649,ALU00555,2026-01-01,93.4
FREQ00006650,ALU00555,2026-02-01,87.79
FREQ00006651,ALU00555,2026-03-01,95.06
FREQ00006652,ALU00555,2026-04-01,90.83
FREQ00006653,ALU00555,2026-05-01,96.64
FREQ00006654,ALU00555,2026-06-01,98.38
FREQ00006655,ALU00555,2026-07-01,98.42
FREQ00006656,ALU00555,2026-08-01,94.78
FREQ00006657,ALU00555,2026-09-01,87.77
FREQ00006658,ALU00555,2026-10-01,90.03
FREQ00006659,ALU00555,2026-11-01,92.47
FREQ00006660,ALU00555,2026-12-01,88.0
FREQ00006661,ALU00556,2026-01-01,90.32
FREQ00006662,ALU00556,2026-02-01,91.13
FREQ00006663,ALU00556,2026-03-01,95.42
FREQ00006664,ALU00556,2026-04-01,96.46
FREQ00006665,ALU00556,2026-05-01,97.64
FREQ00006666,ALU00556,2026-06-01,94.0
FREQ00006667,ALU00556,2026-07-01,89.93
FREQ00006668,ALU00556,2026-08-01,96.13
FREQ00006669,ALU00556,2026-09-01,87.83
FREQ00006670,ALU00556,2026-10-01,95.44
FREQ00006671,ALU00556,2026-11-01,96.3
FREQ00006672,ALU00556,2026-12-01,94.05
FREQ00006673,ALU00557,2026-01-01,87.26
FREQ00006674,ALU00557,2026-02-01,94.08
FREQ00006675,ALU00557,2026-03-01,89.07
FREQ00006676,ALU00557,2026-04-01,93.52
FREQ00006677,ALU00557,2026-05-01,96.25
FREQ00006678,ALU00557,2026-06-01,93.29
FREQ00006679,ALU00557,2026-07-01,92.19
FREQ00006680,ALU00557,2026-08-01,97.6
FREQ00006681,ALU00557,2026-09-01,92.05
FREQ00006682,ALU00557,2026-10-01,97.19
FREQ00006683,ALU00557,2026-11-01,90.26
FREQ00006684,ALU00557,2026-12-01,92.37
FREQ00006685,ALU00558,2026-01-01,90.09
FREQ00006686,ALU00558,2026-02-01,96.12
FREQ00006687,ALU00558,2026-03-01,93.16
FREQ00006688,ALU00558,2026-04-01,93.51
FREQ00006689,ALU00558,2026-05-01,97.99
FREQ00006690,ALU00558,2026-06-01,94.36
FREQ00006691,ALU00558,2026-07-01,92.35
FREQ00006692,ALU00558,2026-08-01,92.03
FREQ00006693,ALU00558,2026-09-01,91.69
FREQ00006694,ALU00558,2026-10-01,94.14
FREQ00006695,ALU00558,2026-11-01,89.78
FREQ00006696,ALU00558,2026-12-01,97.8
FREQ00006697,ALU00559,2026-01-01,87.54
FREQ00006698,ALU00559,2026-02-01,93.87
FREQ00006699,ALU00559,2026-03-01,92.15
FREQ00006700,ALU00559,2026-04-01,89.99
FREQ00006701,ALU00559,2026-05-01,97.98
FREQ00006702,ALU00559,2026-06-01,87.14
FREQ00006703,ALU00559,2026-07-01,91.02
FREQ00006704,ALU00559,2026-08-01,90.42
FREQ00006705,ALU00559,2026-09-01,94.81
FREQ00006706,ALU00559,2026-10-01,89.94
FREQ00006707,ALU00559,2026-11-01,92.1
FREQ00006708,ALU00559,2026-12-01,95.94
FREQ00006709,ALU00560,2026-01-01,92.28
FREQ00006710,ALU00560,2026-02-01,91.0
FREQ00006711,ALU00560,2026-03-01,93.82
FREQ00006712,ALU00560,2026-04-01,98.43
FREQ00006713,ALU00560,2026-05-01,89.13
FREQ00006714,ALU00560,2026-06-01,89.54
FREQ00006715,ALU00560,2026-07-01,96.46
FREQ00006716,ALU00560,2026-08-01,95.53
FREQ00006717,ALU00560,2026-09-01,93.16
FREQ00006718,ALU00560,2026-10-01,98.39
FREQ00006719,ALU00560,2026-11-01,90.34
FREQ00006720,ALU00560,2026-12-01,89.31
FREQ00006721,ALU00561,2026-01-01,87.29
FREQ00006722,ALU00561,2026-02-01,95.0
FREQ00006723,ALU00561,2026-03-01,97.07
FREQ00006724,ALU00561,2026-04-01,95.99
FREQ00006725,ALU00561,2026-05-01,96.01
FREQ00006726,ALU00561,2026-06-01,89.49
FREQ00006727,ALU00561,2026-07-01,98.19
FREQ00006728,ALU00561,2026-08-01,97.75
FREQ00006729,ALU00561,2026-09-01,87.85
FREQ00006730,ALU00561,2026-10-01,89.46
FREQ00006731,ALU00561,2026-11-01,91.34
FREQ00006732,ALU00561,2026-12-01,96.87
FREQ00006733,ALU00562,2026-01-01,87.41
FREQ00006734,ALU00562,2026-02-01,88.97
FREQ00006735,ALU00562,2026-03-01,88.38
FREQ00006736,ALU00562,2026-04-01,92.91
FREQ00006737,ALU00562,2026-05-01,93.61
FREQ00006738,ALU00562,2026-06-01,92.52
FREQ00006739,ALU00562,2026-07-01,89.83
FREQ00006740,ALU00562,2026-08-01,87.4
FREQ00006741,ALU00562,2026-09-01,92.8
FREQ00006742,ALU00562,2026-10-01,98.99
FREQ00006743,ALU00562,2026-11-01,93.09
FREQ00006744,ALU00562,2026-12-01,91.88
FREQ00006745,ALU00563,2026-01-01,88.83
FREQ00006746,ALU00563,2026-02-01,96.85
FREQ00006747,ALU00563,2026-03-01,89.51
FREQ00006748,ALU00563,2026-04-01,95.46
FREQ00006749,ALU00563,2026-05-01,95.46
FREQ00006750,ALU00563,2026-06-01,97.45
FREQ00006751,ALU00563,2026-07-01,91.4
FREQ00006752,ALU00563,2026-08-01,87.48
FREQ00006753,ALU00563,2026-09-01,92.11
FREQ00006754,ALU00563,2026-10-01,88.11
FREQ00006755,ALU00563,2026-11-01,93.91
FREQ00006756,ALU00563,2026-12-01,91.75
FREQ00006757,ALU00564,2026-01-01,88.03
FREQ00006758,ALU00564,2026-02-01,96.39
FREQ00006759,ALU00564,2026-03-01,90.06
FREQ00006760,ALU00564,2026-04-01,90.99
FREQ00006761,ALU00564,2026-05-01,90.63
FREQ00006762,ALU00564,2026-06-01,89.03
FREQ00006763,ALU00564,2026-07-01,98.57
FREQ00006764,ALU00564,2026-08-01,91.93
FREQ00006765,ALU00564,2026-09-01,98.81
FREQ00006766,ALU00564,2026-10-01,92.07
FREQ00006767,ALU00564,2026-11-01,96.08
FREQ00006768,ALU00564,2026-12-01,87.03
FREQ00006769,ALU00565,2026-01-01,95.73
FREQ00006770,ALU00565,2026-02-01,87.41
FREQ00006771,ALU00565,2026-03-01,90.02
FREQ00006772,ALU00565,2026-04-01,92.03
FREQ00006773,ALU00565,2026-05-01,98.02
FREQ00006774,ALU00565,2026-06-01,94.86
FREQ00006775,ALU00565,2026-07-01,87.17
FREQ00006776,ALU00565,2026-08-01,89.14
FREQ00006777,ALU00565,2026-09-01,89.77
FREQ00006778,ALU00565,2026-10-01,94.29
FREQ00006779,ALU00565,2026-11-01,93.05
FREQ00006780,ALU00565,2026-12-01,92.02
FREQ00006781,ALU00566,2026-01-01,93.5
FREQ00006782,ALU00566,2026-02-01,93.27
FREQ00006783,ALU00566,2026-03-01,93.73
FREQ00006784,ALU00566,2026-04-01,96.65
FREQ00006785,ALU00566,2026-05-01,90.47
FREQ00006786,ALU00566,2026-06-01,91.16
FREQ00006787,ALU00566,2026-07-01,92.93
FREQ00006788,ALU00566,2026-08-01,92.93
FREQ00006789,ALU00566,2026-09-01,98.07
FREQ00006790,ALU00566,2026-10-01,98.24
FREQ00006791,ALU00566,2026-11-01,96.3
FREQ00006792,ALU00566,2026-12-01,87.24
FREQ00006793,ALU00567,2026-01-01,89.79
FREQ00006794,ALU00567,2026-02-01,89.86
FREQ00006795,ALU00567,2026-03-01,96.54
FREQ00006796,ALU00567,2026-04-01,97.56
FREQ00006797,ALU00567,2026-05-01,97.94
FREQ00006798,ALU00567,2026-06-01,93.51
FREQ00006799,ALU00567,2026-07-01,87.69
FREQ00006800,ALU00567,2026-08-01,89.73
FREQ00006801,ALU00567,2026-09-01,93.26
FREQ00006802,ALU00567,2026-10-01,90.14
FREQ00006803,ALU00567,2026-11-01,90.58
FREQ00006804,ALU00567,2026-12-01,98.46
FREQ00006805,ALU00568,2026-01-01,92.14
FREQ00006806,ALU00568,2026-02-01,96.24
FREQ00006807,ALU00568,2026-03-01,91.53
FREQ00006808,ALU00568,2026-04-01,88.44
FREQ00006809,ALU00568,2026-05-01,98.78
FREQ00006810,ALU00568,2026-06-01,92.99
FREQ00006811,ALU00568,2026-07-01,89.7
FREQ00006812,ALU00568,2026-08-01,91.89
FREQ00006813,ALU00568,2026-09-01,89.42
FREQ00006814,ALU00568,2026-10-01,97.92
FREQ00006815,ALU00568,2026-11-01,87.76
FREQ00006816,ALU00568,2026-12-01,89.6
FREQ00006817,ALU00569,2026-01-01,89.87
FREQ00006818,ALU00569,2026-02-01,89.69
FREQ00006819,ALU00569,2026-03-01,96.23
FREQ00006820,ALU00569,2026-04-01,87.92
FREQ00006821,ALU00569,2026-05-01,93.57
FREQ00006822,ALU00569,2026-06-01,98.74
FREQ00006823,ALU00569,2026-07-01,95.36
FREQ00006824,ALU00569,2026-08-01,92.88
FREQ00006825,ALU00569,2026-09-01,88.01
FREQ00006826,ALU00569,2026-10-01,93.92
FREQ00006827,ALU00569,2026-11-01,90.31
FREQ00006828,ALU00569,2026-12-01,96.5
FREQ00006829,ALU00570,2026-01-01,97.81
FREQ00006830,ALU00570,2026-02-01,93.44
FREQ00006831,ALU00570,2026-03-01,96.47
FREQ00006832,ALU00570,2026-04-01,93.0
FREQ00006833,ALU00570,2026-05-01,96.01
FREQ00006834,ALU00570,2026-06-01,95.59
FREQ00006835,ALU00570,2026-07-01,87.92
FREQ00006836,ALU00570,2026-08-01,98.72
FREQ00006837,ALU00570,2026-09-01,93.81
FREQ00006838,ALU00570,2026-10-01,92.74
FREQ00006839,ALU00570,2026-11-01,98.48
FREQ00006840,ALU00570,2026-12-01,97.52
FREQ00006841,ALU00571,2026-01-01,98.61
FREQ00006842,ALU00571,2026-02-01,88.35
FREQ00006843,ALU00571,2026-03-01,98.0
FREQ00006844,ALU00571,2026-04-01,88.38
FREQ00006845,ALU00571,2026-05-01,96.21
FREQ00006846,ALU00571,2026-06-01,98.75
FREQ00006847,ALU00571,2026-07-01,87.35
FREQ00006848,ALU00571,2026-08-01,90.36
FREQ00006849,ALU00571,2026-09-01,96.68
FREQ00006850,ALU00571,2026-10-01,90.73
FREQ00006851,ALU00571,2026-11-01,94.3
FREQ00006852,ALU00571,2026-12-01,94.48
FREQ00006853,ALU00572,2026-01-01,87.56
FREQ00006854,ALU00572,2026-02-01,93.5
FREQ00006855,ALU00572,2026-03-01,96.37
FREQ00006856,ALU00572,2026-04-01,87.58
FREQ00006857,ALU00572,2026-05-01,93.79
FREQ00006858,ALU00572,2026-06-01,92.05
FREQ00006859,ALU00572,2026-07-01,96.03
FREQ00006860,ALU00572,2026-08-01,95.8
FREQ00006861,ALU00572,2026-09-01,92.84
FREQ00006862,ALU00572,2026-10-01,96.94
FREQ00006863,ALU00572,2026-11-01,89.02
FREQ00006864,ALU00572,2026-12-01,97.94
FREQ00006865,ALU00573,2026-01-01,90.8
FREQ00006866,ALU00573,2026-02-01,93.03
FREQ00006867,ALU00573,2026-03-01,92.53
FREQ00006868,ALU00573,2026-04-01,88.4
FREQ00006869,ALU00573,2026-05-01,97.09
FREQ00006870,ALU00573,2026-06-01,96.87
FREQ00006871,ALU00573,2026-07-01,94.52
FREQ00006872,ALU00573,2026-08-01,93.61
FREQ00006873,ALU00573,2026-09-01,95.84
FREQ00006874,ALU00573,2026-10-01,95.59
FREQ00006875,ALU00573,2026-11-01,92.05
FREQ00006876,ALU00573,2026-12-01,87.11
FREQ00006877,ALU00574,2026-01-01,89.53
FREQ00006878,ALU00574,2026-02-01,96.51
FREQ00006879,ALU00574,2026-03-01,93.53
FREQ00006880,ALU00574,2026-04-01,97.24
FREQ00006881,ALU00574,2026-05-01,91.37
FREQ00006882,ALU00574,2026-06-01,93.67
FREQ00006883,ALU00574,2026-07-01,95.22
FREQ00006884,ALU00574,2026-08-01,93.19
FREQ00006885,ALU00574,2026-09-01,90.79
FREQ00006886,ALU00574,2026-10-01,91.35
FREQ00006887,ALU00574,2026-11-01,87.27
FREQ00006888,ALU00574,2026-12-01,89.42
FREQ00006889,ALU00575,2026-01-01,94.26
FREQ00006890,ALU00575,2026-02-01,93.25
FREQ00006891,ALU00575,2026-03-01,97.89
FREQ00006892,ALU00575,2026-04-01,96.24
FREQ00006893,ALU00575,2026-05-01,92.8
FREQ00006894,ALU00575,2026-06-01,96.14
FREQ00006895,ALU00575,2026-07-01,89.42
FREQ00006896,ALU00575,2026-08-01,94.77
FREQ00006897,ALU00575,2026-09-01,92.03
FREQ00006898,ALU00575,2026-10-01,92.15
FREQ00006899,ALU00575,2026-11-01,96.82
FREQ00006900,ALU00575,2026-12-01,94.93
FREQ00006901,ALU00576,2026-01-01,92.92
FREQ00006902,ALU00576,2026-02-01,89.81
FREQ00006903,ALU00576,2026-03-01,91.4
FREQ00006904,ALU00576,2026-04-01,94.08
FREQ00006905,ALU00576,2026-05-01,91.13
FREQ00006906,ALU00576,2026-06-01,91.97
FREQ00006907,ALU00576,2026-07-01,93.15
FREQ00006908,ALU00576,2026-08-01,94.37
FREQ00006909,ALU00576,2026-09-01,98.04
FREQ00006910,ALU00576,2026-10-01,95.91
FREQ00006911,ALU00576,2026-11-01,89.84
FREQ00006912,ALU00576,2026-12-01,97.95
FREQ00006913,ALU00577,2026-01-01,94.84
FREQ00006914,ALU00577,2026-02-01,91.55
FREQ00006915,ALU00577,2026-03-01,92.03
FREQ00006916,ALU00577,2026-04-01,93.71
FREQ00006917,ALU00577,2026-05-01,98.38
FREQ00006918,ALU00577,2026-06-01,94.66
FREQ00006919,ALU00577,2026-07-01,87.39
FREQ00006920,ALU00577,2026-08-01,98.95
FREQ00006921,ALU00577,2026-09-01,92.63
FREQ00006922,ALU00577,2026-10-01,90.73
FREQ00006923,ALU00577,2026-11-01,98.42
FREQ00006924,ALU00577,2026-12-01,91.4
FREQ00006925,ALU00578,2026-01-01,90.63
FREQ00006926,ALU00578,2026-02-01,91.35
FREQ00006927,ALU00578,2026-03-01,95.16
FREQ00006928,ALU00578,2026-04-01,89.53
FREQ00006929,ALU00578,2026-05-01,92.33
FREQ00006930,ALU00578,2026-06-01,88.9
FREQ00006931,ALU00578,2026-07-01,98.32
FREQ00006932,ALU00578,2026-08-01,96.28
FREQ00006933,ALU00578,2026-09-01,91.03
FREQ00006934,ALU00578,2026-10-01,95.21
FREQ00006935,ALU00578,2026-11-01,96.04
FREQ00006936,ALU00578,2026-12-01,90.77
FREQ00006937,ALU00579,2026-01-01,89.34
FREQ00006938,ALU00579,2026-02-01,98.49
FREQ00006939,ALU00579,2026-03-01,94.27
FREQ00006940,ALU00579,2026-04-01,91.43
FREQ00006941,ALU00579,2026-05-01,91.46
FREQ00006942,ALU00579,2026-06-01,88.8
FREQ00006943,ALU00579,2026-07-01,89.51
FREQ00006944,ALU00579,2026-08-01,90.89
FREQ00006945,ALU00579,2026-09-01,89.43
FREQ00006946,ALU00579,2026-10-01,97.74
FREQ00006947,ALU00579,2026-11-01,93.99
FREQ00006948,ALU00579,2026-12-01,93.8
FREQ00006949,ALU00580,2026-01-01,90.34
FREQ00006950,ALU00580,2026-02-01,95.73
FREQ00006951,ALU00580,2026-03-01,96.99
FREQ00006952,ALU00580,2026-04-01,90.05
FREQ00006953,ALU00580,2026-05-01,93.8
FREQ00006954,ALU00580,2026-06-01,94.29
FREQ00006955,ALU00580,2026-07-01,90.15
FREQ00006956,ALU00580,2026-08-01,93.02
FREQ00006957,ALU00580,2026-09-01,96.86
FREQ00006958,ALU00580,2026-10-01,88.4
FREQ00006959,ALU00580,2026-11-01,96.48
FREQ00006960,ALU00580,2026-12-01,93.91
FREQ00006961,ALU00581,2026-01-01,89.62
FREQ00006962,ALU00581,2026-02-01,96.89
FREQ00006963,ALU00581,2026-03-01,94.65
FREQ00006964,ALU00581,2026-04-01,94.73
FREQ00006965,ALU00581,2026-05-01,94.28
FREQ00006966,ALU00581,2026-06-01,89.73
FREQ00006967,ALU00581,2026-07-01,88.05
FREQ00006968,ALU00581,2026-08-01,87.3
FREQ00006969,ALU00581,2026-09-01,88.01
FREQ00006970,ALU00581,2026-10-01,97.26
FREQ00006971,ALU00581,2026-11-01,94.37
FREQ00006972,ALU00581,2026-12-01,95.6
FREQ00006973,ALU00582,2026-01-01,88.26
FREQ00006974,ALU00582,2026-02-01,96.81
FREQ00006975,ALU00582,2026-03-01,89.93
FREQ00006976,ALU00582,2026-04-01,98.92
FREQ00006977,ALU00582,2026-05-01,94.59
FREQ00006978,ALU00582,2026-06-01,92.67
FREQ00006979,ALU00582,2026-07-01,87.9
FREQ00006980,ALU00582,2026-08-01,90.55
FREQ00006981,ALU00582,2026-09-01,88.88
FREQ00006982,ALU00582,2026-10-01,98.97
FREQ00006983,ALU00582,2026-11-01,96.64
FREQ00006984,ALU00582,2026-12-01,96.4
FREQ00006985,ALU00583,2026-01-01,92.48
FREQ00006986,ALU00583,2026-02-01,89.79
FREQ00006987,ALU00583,2026-03-01,96.48
FREQ00006988,ALU00583,2026-04-01,97.79
FREQ00006989,ALU00583,2026-05-01,94.7
FREQ00006990,ALU00583,2026-06-01,97.2
FREQ00006991,ALU00583,2026-07-01,94.99
FREQ00006992,ALU00583,2026-08-01,96.68
FREQ00006993,ALU00583,2026-09-01,94.72
FREQ00006994,ALU00583,2026-10-01,90.95
FREQ00006995,ALU00583,2026-11-01,91.74
FREQ00006996,ALU00583,2026-12-01,87.81
FREQ00006997,ALU00584,2026-01-01,87.57
FREQ00006998,ALU00584,2026-02-01,98.27
FREQ00006999,ALU00584,2026-03-01,92.06
FREQ00007000,ALU00584,2026-04-01,90.12
FREQ00007001,ALU00584,2026-05-01,98.67
FREQ00007002,ALU00584,2026-06-01,92.21
FREQ00007003,ALU00584,2026-07-01,94.01
FREQ00007004,ALU00584,2026-08-01,87.54
FREQ00007005,ALU00584,2026-09-01,94.89
FREQ00007006,ALU00584,2026-10-01,91.57
FREQ00007007,ALU00584,2026-11-01,87.62
FREQ00007008,ALU00584,2026-12-01,98.2
FREQ00007009,ALU00585,2026-01-01,91.06
FREQ00007010,ALU00585,2026-02-01,92.91
FREQ00007011,ALU00585,2026-03-01,98.19
FREQ00007012,ALU00585,2026-04-01,92.59
FREQ00007013,ALU00585,2026-05-01,89.14
FREQ00007014,ALU00585,2026-06-01,92.27
FREQ00007015,ALU00585,2026-07-01,97.64
FREQ00007016,ALU00585,2026-08-01,90.01
FREQ00007017,ALU00585,2026-09-01,97.37
FREQ00007018,ALU00585,2026-10-01,94.05
FREQ00007019,ALU00585,2026-11-01,92.7
FREQ00007020,ALU00585,2026-12-01,90.47
FREQ00007021,ALU00586,2026-01-01,90.69
FREQ00007022,ALU00586,2026-02-01,95.48
FREQ00007023,ALU00586,2026-03-01,91.45
FREQ00007024,ALU00586,2026-04-01,97.15
FREQ00007025,ALU00586,2026-05-01,91.07
FREQ00007026,ALU00586,2026-06-01,96.59
FREQ00007027,ALU00586,2026-07-01,96.9
FREQ00007028,ALU00586,2026-08-01,95.61
FREQ00007029,ALU00586,2026-09-01,97.98
FREQ00007030,ALU00586,2026-10-01,93.92
FREQ00007031,ALU00586,2026-11-01,95.63
FREQ00007032,ALU00586,2026-12-01,98.84
FREQ00007033,ALU00587,2026-01-01,94.72
FREQ00007034,ALU00587,2026-02-01,95.56
FREQ00007035,ALU00587,2026-03-01,94.49
FREQ00007036,ALU00587,2026-04-01,90.59
FREQ00007037,ALU00587,2026-05-01,88.85
FREQ00007038,ALU00587,2026-06-01,87.02
FREQ00007039,ALU00587,2026-07-01,89.68
FREQ00007040,ALU00587,2026-08-01,90.39
FREQ00007041,ALU00587,2026-09-01,88.24
FREQ00007042,ALU00587,2026-10-01,98.9
FREQ00007043,ALU00587,2026-11-01,94.38
FREQ00007044,ALU00587,2026-12-01,89.02
FREQ00007045,ALU00588,2026-01-01,96.35
FREQ00007046,ALU00588,2026-02-01,88.52
FREQ00007047,ALU00588,2026-03-01,94.0
FREQ00007048,ALU00588,2026-04-01,93.29
FREQ00007049,ALU00588,2026-05-01,90.12
FREQ00007050,ALU00588,2026-06-01,92.59
FREQ00007051,ALU00588,2026-07-01,98.16
FREQ00007052,ALU00588,2026-08-01,95.49
FREQ00007053,ALU00588,2026-09-01,88.15
FREQ00007054,ALU00588,2026-10-01,94.54
FREQ00007055,ALU00588,2026-11-01,89.37
FREQ00007056,ALU00588,2026-12-01,98.75
FREQ00007057,ALU00589,2026-01-01,91.45
FREQ00007058,ALU00589,2026-02-01,95.29
FREQ00007059,ALU00589,2026-03-01,92.26
FREQ00007060,ALU00589,2026-04-01,98.59
FREQ00007061,ALU00589,2026-05-01,91.96
FREQ00007062,ALU00589,2026-06-01,96.03
FREQ00007063,ALU00589,2026-07-01,91.67
FREQ00007064,ALU00589,2026-08-01,92.58
FREQ00007065,ALU00589,2026-09-01,98.37
FREQ00007066,ALU00589,2026-10-01,95.81
FREQ00007067,ALU00589,2026-11-01,91.15
FREQ00007068,ALU00589,2026-12-01,93.44
FREQ00007069,ALU00590,2026-01-01,88.89
FREQ00007070,ALU00590,2026-02-01,89.08
FREQ00007071,ALU00590,2026-03-01,87.5
FREQ00007072,ALU00590,2026-04-01,87.37
FREQ00007073,ALU00590,2026-05-01,95.55
FREQ00007074,ALU00590,2026-06-01,94.25
FREQ00007075,ALU00590,2026-07-01,96.93
FREQ00007076,ALU00590,2026-08-01,87.33
FREQ00007077,ALU00590,2026-09-01,91.26
FREQ00007078,ALU00590,2026-10-01,93.33
FREQ00007079,ALU00590,2026-11-01,94.4
FREQ00007080,ALU00590,2026-12-01,88.64
FREQ00007081,ALU00591,2026-01-01,97.66
FREQ00007082,ALU00591,2026-02-01,94.14
FREQ00007083,ALU00591,2026-03-01,87.39
FREQ00007084,ALU00591,2026-04-01,89.8
FREQ00007085,ALU00591,2026-05-01,92.05
FREQ00007086,ALU00591,2026-06-01,95.08
FREQ00007087,ALU00591,2026-07-01,97.74
FREQ00007088,ALU00591,2026-08-01,96.74
FREQ00007089,ALU00591,2026-09-01,92.97
FREQ00007090,ALU00591,2026-10-01,95.86
FREQ00007091,ALU00591,2026-11-01,88.05
FREQ00007092,ALU00591,2026-12-01,94.6
FREQ00007093,ALU00592,2026-01-01,96.64
FREQ00007094,ALU00592,2026-02-01,90.17
FREQ00007095,ALU00592,2026-03-01,92.11
FREQ00007096,ALU00592,2026-04-01,96.85
FREQ00007097,ALU00592,2026-05-01,90.49
FREQ00007098,ALU00592,2026-06-01,95.57
FREQ00007099,ALU00592,2026-07-01,88.36
FREQ00007100,ALU00592,2026-08-01,94.42
FREQ00007101,ALU00592,2026-09-01,93.96
FREQ00007102,ALU00592,2026-10-01,97.99
FREQ00007103,ALU00592,2026-11-01,89.99
FREQ00007104,ALU00592,2026-12-01,87.95
FREQ00007105,ALU00593,2026-01-01,97.54
FREQ00007106,ALU00593,2026-02-01,92.75
FREQ00007107,ALU00593,2026-03-01,91.52
FREQ00007108,ALU00593,2026-04-01,87.49
FREQ00007109,ALU00593,2026-05-01,92.84
FREQ00007110,ALU00593,2026-06-01,98.48
FREQ00007111,ALU00593,2026-07-01,94.56
FREQ00007112,ALU00593,2026-08-01,90.13
FREQ00007113,ALU00593,2026-09-01,93.37
FREQ00007114,ALU00593,2026-10-01,91.89
FREQ00007115,ALU00593,2026-11-01,94.89
FREQ00007116,ALU00593,2026-12-01,93.46
FREQ00007117,ALU00594,2026-01-01,94.78
FREQ00007118,ALU00594,2026-02-01,88.68
FREQ00007119,ALU00594,2026-03-01,88.46
FREQ00007120,ALU00594,2026-04-01,93.23
FREQ00007121,ALU00594,2026-05-01,97.51
FREQ00007122,ALU00594,2026-06-01,89.23
FREQ00007123,ALU00594,2026-07-01,88.53
FREQ00007124,ALU00594,2026-08-01,91.01
FREQ00007125,ALU00594,2026-09-01,98.1
FREQ00007126,ALU00594,2026-10-01,94.25
FREQ00007127,ALU00594,2026-11-01,92.5
FREQ00007128,ALU00594,2026-12-01,87.82
FREQ00007129,ALU00595,2026-01-01,97.82
FREQ00007130,ALU00595,2026-02-01,98.5
FREQ00007131,ALU00595,2026-03-01,89.99
FREQ00007132,ALU00595,2026-04-01,87.19
FREQ00007133,ALU00595,2026-05-01,91.43
FREQ00007134,ALU00595,2026-06-01,87.65
FREQ00007135,ALU00595,2026-07-01,91.77
FREQ00007136,ALU00595,2026-08-01,92.97
FREQ00007137,ALU00595,2026-09-01,95.64
FREQ00007138,ALU00595,2026-10-01,93.19
FREQ00007139,ALU00595,2026-11-01,87.1
FREQ00007140,ALU00595,2026-12-01,96.25
FREQ00007141,ALU00596,2026-01-01,95.24
FREQ00007142,ALU00596,2026-02-01,98.58
FREQ00007143,ALU00596,2026-03-01,88.8
FREQ00007144,ALU00596,2026-04-01,93.36
FREQ00007145,ALU00596,2026-05-01,89.11
FREQ00007146,ALU00596,2026-06-01,90.11
FREQ00007147,ALU00596,2026-07-01,91.02
FREQ00007148,ALU00596,2026-08-01,98.62
FREQ00007149,ALU00596,2026-09-01,91.25
FREQ00007150,ALU00596,2026-10-01,89.4
FREQ00007151,ALU00596,2026-11-01,94.32
FREQ00007152,ALU00596,2026-12-01,97.05
FREQ00007153,ALU00597,2026-01-01,89.48
FREQ00007154,ALU00597,2026-02-01,90.76
FREQ00007155,ALU00597,2026-03-01,90.71
FREQ00007156,ALU00597,2026-04-01,94.3
FREQ00007157,ALU00597,2026-05-01,89.77
FREQ00007158,ALU00597,2026-06-01,96.16
FREQ00007159,ALU00597,2026-07-01,91.47
FREQ00007160,ALU00597,2026-08-01,98.93
FREQ00007161,ALU00597,2026-09-01,93.57
FREQ00007162,ALU00597,2026-10-01,96.39
FREQ00007163,ALU00597,2026-11-01,87.11
FREQ00007164,ALU00597,2026-12-01,98.31
FREQ00007165,ALU00598,2026-01-01,98.74
FREQ00007166,ALU00598,2026-02-01,87.96
FREQ00007167,ALU00598,2026-03-01,97.86
FREQ00007168,ALU00598,2026-04-01,96.27
FREQ00007169,ALU00598,2026-05-01,87.18
FREQ00007170,ALU00598,2026-06-01,93.73
FREQ00007171,ALU00598,2026-07-01,92.04
FREQ00007172,ALU00598,2026-08-01,98.56
FREQ00007173,ALU00598,2026-09-01,92.02
FREQ00007174,ALU00598,2026-10-01,92.99
FREQ00007175,ALU00598,2026-11-01,96.92
FREQ00007176,ALU00598,2026-12-01,88.56
FREQ00007177,ALU00599,2026-01-01,91.18
FREQ00007178,ALU00599,2026-02-01,97.34
FREQ00007179,ALU00599,2026-03-01,93.09
FREQ00007180,ALU00599,2026-04-01,98.42
FREQ00007181,ALU00599,2026-05-01,94.03
FREQ00007182,ALU00599,2026-06-01,87.91
FREQ00007183,ALU00599,2026-07-01,97.25
FREQ00007184,ALU00599,2026-08-01,92.42
FREQ00007185,ALU00599,2026-09-01,90.24
FREQ00007186,ALU00599,2026-10-01,94.7
FREQ00007187,ALU00599,2026-11-01,97.65
FREQ00007188,ALU00599,2026-12-01,92.79
FREQ00007189,ALU00600,2026-01-01,91.09
FREQ00007190,ALU00600,2026-02-01,89.81
FREQ00007191,ALU00600,2026-03-01,98.67
FREQ00007192,ALU00600,2026-04-01,87.21
FREQ00007193,ALU00600,2026-05-01,90.3
FREQ00007194,ALU00600,2026-06-01,95.41
FREQ00007195,ALU00600,2026-07-01,98.86
FREQ00007196,ALU00600,2026-08-01,98.83
FREQ00007197,ALU00600,2026-09-01,93.76
FREQ00007198,ALU00600,2026-10-01,90.91
FREQ00007199,ALU00600,2026-11-01,97.93
FREQ00007200,ALU00600,2026-12-01,95.49
FREQ00007201,ALU00601,2026-01-01,91.15
FREQ00007202,ALU00601,2026-02-01,87.37
FREQ00007203,ALU00601,2026-03-01,89.32
FREQ00007204,ALU00601,2026-04-01,90.95
FREQ00007205,ALU00601,2026-05-01,90.98
FREQ00007206,ALU00601,2026-06-01,89.33
FREQ00007207,ALU00601,2026-07-01,92.48
FREQ00007208,ALU00601,2026-08-01,94.81
FREQ00007209,ALU00601,2026-09-01,92.29
FREQ00007210,ALU00601,2026-10-01,88.2
FREQ00007211,ALU00601,2026-11-01,97.51
FREQ00007212,ALU00601,2026-12-01,87.96
FREQ00007213,ALU00602,2026-01-01,88.44
FREQ00007214,ALU00602,2026-02-01,88.8
FREQ00007215,ALU00602,2026-03-01,90.1
FREQ00007216,ALU00602,2026-04-01,94.25
FREQ00007217,ALU00602,2026-05-01,97.72
FREQ00007218,ALU00602,2026-06-01,87.84
FREQ00007219,ALU00602,2026-07-01,97.51
FREQ00007220,ALU00602,2026-08-01,89.13
FREQ00007221,ALU00602,2026-09-01,88.76
FREQ00007222,ALU00602,2026-10-01,93.03
FREQ00007223,ALU00602,2026-11-01,94.69
FREQ00007224,ALU00602,2026-12-01,98.85
FREQ00007225,ALU00603,2026-01-01,91.51
FREQ00007226,ALU00603,2026-02-01,92.84
FREQ00007227,ALU00603,2026-03-01,95.67
FREQ00007228,ALU00603,2026-04-01,89.6
FREQ00007229,ALU00603,2026-05-01,92.34
FREQ00007230,ALU00603,2026-06-01,88.87
FREQ00007231,ALU00603,2026-07-01,94.05
FREQ00007232,ALU00603,2026-08-01,94.09
FREQ00007233,ALU00603,2026-09-01,89.43
FREQ00007234,ALU00603,2026-10-01,90.7
FREQ00007235,ALU00603,2026-11-01,95.94
FREQ00007236,ALU00603,2026-12-01,87.99
FREQ00007237,ALU00604,2026-01-01,88.75
FREQ00007238,ALU00604,2026-02-01,87.63
FREQ00007239,ALU00604,2026-03-01,97.61
FREQ00007240,ALU00604,2026-04-01,89.9
FREQ00007241,ALU00604,2026-05-01,96.81
FREQ00007242,ALU00604,2026-06-01,87.85
FREQ00007243,ALU00604,2026-07-01,92.88
FREQ00007244,ALU00604,2026-08-01,93.31
FREQ00007245,ALU00604,2026-09-01,87.2
FREQ00007246,ALU00604,2026-10-01,93.46
FREQ00007247,ALU00604,2026-11-01,91.42
FREQ00007248,ALU00604,2026-12-01,93.18
FREQ00007249,ALU00605,2026-01-01,97.14
FREQ00007250,ALU00605,2026-02-01,89.54
FREQ00007251,ALU00605,2026-03-01,96.7
FREQ00007252,ALU00605,2026-04-01,94.1
FREQ00007253,ALU00605,2026-05-01,87.96
FREQ00007254,ALU00605,2026-06-01,98.73
FREQ00007255,ALU00605,2026-07-01,90.98
FREQ00007256,ALU00605,2026-08-01,89.31
FREQ00007257,ALU00605,2026-09-01,91.25
FREQ00007258,ALU00605,2026-10-01,92.92
FREQ00007259,ALU00605,2026-11-01,87.62
FREQ00007260,ALU00605,2026-12-01,97.43
FREQ00007261,ALU00606,2026-01-01,89.11
FREQ00007262,ALU00606,2026-02-01,87.87
FREQ00007263,ALU00606,2026-03-01,98.56
FREQ00007264,ALU00606,2026-04-01,93.62
FREQ00007265,ALU00606,2026-05-01,97.43
FREQ00007266,ALU00606,2026-06-01,89.99
FREQ00007267,ALU00606,2026-07-01,90.42
FREQ00007268,ALU00606,2026-08-01,97.13
FREQ00007269,ALU00606,2026-09-01,89.52
FREQ00007270,ALU00606,2026-10-01,97.39
FREQ00007271,ALU00606,2026-11-01,87.59
FREQ00007272,ALU00606,2026-12-01,93.27
FREQ00007273,ALU00607,2026-01-01,87.99
FREQ00007274,ALU00607,2026-02-01,91.65
FREQ00007275,ALU00607,2026-03-01,96.32
FREQ00007276,ALU00607,2026-04-01,98.73
FREQ00007277,ALU00607,2026-05-01,98.8
FREQ00007278,ALU00607,2026-06-01,92.91
FREQ00007279,ALU00607,2026-07-01,87.34
FREQ00007280,ALU00607,2026-08-01,96.1
FREQ00007281,ALU00607,2026-09-01,96.83
FREQ00007282,ALU00607,2026-10-01,90.33
FREQ00007283,ALU00607,2026-11-01,88.84
FREQ00007284,ALU00607,2026-12-01,93.48
FREQ00007285,ALU00608,2026-01-01,98.61
FREQ00007286,ALU00608,2026-02-01,97.59
FREQ00007287,ALU00608,2026-03-01,94.41
FREQ00007288,ALU00608,2026-04-01,93.65
FREQ00007289,ALU00608,2026-05-01,97.23
FREQ00007290,ALU00608,2026-06-01,95.24
FREQ00007291,ALU00608,2026-07-01,92.88
FREQ00007292,ALU00608,2026-08-01,98.23
FREQ00007293,ALU00608,2026-09-01,94.51
FREQ00007294,ALU00608,2026-10-01,87.86
FREQ00007295,ALU00608,2026-11-01,93.69
FREQ00007296,ALU00608,2026-12-01,93.98
FREQ00007297,ALU00609,2026-01-01,91.27
FREQ00007298,ALU00609,2026-02-01,91.23
FREQ00007299,ALU00609,2026-03-01,98.9
FREQ00007300,ALU00609,2026-04-01,87.14
FREQ00007301,ALU00609,2026-05-01,87.95
FREQ00007302,ALU00609,2026-06-01,91.74
FREQ00007303,ALU00609,2026-07-01,96.89
FREQ00007304,ALU00609,2026-08-01,90.32
FREQ00007305,ALU00609,2026-09-01,95.05
FREQ00007306,ALU00609,2026-10-01,92.46
FREQ00007307,ALU00609,2026-11-01,88.0
FREQ00007308,ALU00609,2026-12-01,91.88
FREQ00007309,ALU00610,2026-01-01,96.87
FREQ00007310,ALU00610,2026-02-01,95.1
FREQ00007311,ALU00610,2026-03-01,88.23
FREQ00007312,ALU00610,2026-04-01,89.44
FREQ00007313,ALU00610,2026-05-01,89.71
FREQ00007314,ALU00610,2026-06-01,94.83
FREQ00007315,ALU00610,2026-07-01,93.73
FREQ00007316,ALU00610,2026-08-01,87.7
FREQ00007317,ALU00610,2026-09-01,89.92
FREQ00007318,ALU00610,2026-10-01,89.86
FREQ00007319,ALU00610,2026-11-01,94.45
FREQ00007320,ALU00610,2026-12-01,98.52
FREQ00007321,ALU00611,2026-01-01,91.59
FREQ00007322,ALU00611,2026-02-01,95.73
FREQ00007323,ALU00611,2026-03-01,87.81
FREQ00007324,ALU00611,2026-04-01,97.86
FREQ00007325,ALU00611,2026-05-01,91.92
FREQ00007326,ALU00611,2026-06-01,91.64
FREQ00007327,ALU00611,2026-07-01,91.9
FREQ00007328,ALU00611,2026-08-01,92.72
FREQ00007329,ALU00611,2026-09-01,94.37
FREQ00007330,ALU00611,2026-10-01,90.91
FREQ00007331,ALU00611,2026-11-01,88.19
FREQ00007332,ALU00611,2026-12-01,91.42
FREQ00007333,ALU00612,2026-01-01,89.63
FREQ00007334,ALU00612,2026-02-01,96.81
FREQ00007335,ALU00612,2026-03-01,93.57
FREQ00007336,ALU00612,2026-04-01,87.41
FREQ00007337,ALU00612,2026-05-01,96.25
FREQ00007338,ALU00612,2026-06-01,87.31
FREQ00007339,ALU00612,2026-07-01,95.16
FREQ00007340,ALU00612,2026-08-01,95.01
FREQ00007341,ALU00612,2026-09-01,95.04
FREQ00007342,ALU00612,2026-10-01,95.37
FREQ00007343,ALU00612,2026-11-01,89.45
FREQ00007344,ALU00612,2026-12-01,92.5
FREQ00007345,ALU00613,2026-01-01,93.19
FREQ00007346,ALU00613,2026-02-01,89.46
FREQ00007347,ALU00613,2026-03-01,87.38
FREQ00007348,ALU00613,2026-04-01,95.81
FREQ00007349,ALU00613,2026-05-01,88.86
FREQ00007350,ALU00613,2026-06-01,87.8
FREQ00007351,ALU00613,2026-07-01,92.98
FREQ00007352,ALU00613,2026-08-01,89.4
FREQ00007353,ALU00613,2026-09-01,87.2
FREQ00007354,ALU00613,2026-10-01,93.58
FREQ00007355,ALU00613,2026-11-01,94.01
FREQ00007356,ALU00613,2026-12-01,89.6
FREQ00007357,ALU00614,2026-01-01,95.8
FREQ00007358,ALU00614,2026-02-01,91.93
FREQ00007359,ALU00614,2026-03-01,88.93
FREQ00007360,ALU00614,2026-04-01,98.76
FREQ00007361,ALU00614,2026-05-01,89.74
FREQ00007362,ALU00614,2026-06-01,95.07
FREQ00007363,ALU00614,2026-07-01,91.54
FREQ00007364,ALU00614,2026-08-01,89.71
FREQ00007365,ALU00614,2026-09-01,95.85
FREQ00007366,ALU00614,2026-10-01,91.65
FREQ00007367,ALU00614,2026-11-01,89.49
FREQ00007368,ALU00614,2026-12-01,98.84
FREQ00007369,ALU00615,2026-01-01,97.1
FREQ00007370,ALU00615,2026-02-01,95.79
FREQ00007371,ALU00615,2026-03-01,94.68
FREQ00007372,ALU00615,2026-04-01,95.96
FREQ00007373,ALU00615,2026-05-01,88.18
FREQ00007374,ALU00615,2026-06-01,92.08
FREQ00007375,ALU00615,2026-07-01,91.1
FREQ00007376,ALU00615,2026-08-01,95.05
FREQ00007377,ALU00615,2026-09-01,92.46
FREQ00007378,ALU00615,2026-10-01,90.74
FREQ00007379,ALU00615,2026-11-01,98.49
FREQ00007380,ALU00615,2026-12-01,93.32
FREQ00007381,ALU00616,2026-01-01,87.6
FREQ00007382,ALU00616,2026-02-01,87.35
FREQ00007383,ALU00616,2026-03-01,97.59
FREQ00007384,ALU00616,2026-04-01,95.98
FREQ00007385,ALU00616,2026-05-01,94.96
FREQ00007386,ALU00616,2026-06-01,97.28
FREQ00007387,ALU00616,2026-07-01,96.35
FREQ00007388,ALU00616,2026-08-01,93.98
FREQ00007389,ALU00616,2026-09-01,98.67
FREQ00007390,ALU00616,2026-10-01,92.17
FREQ00007391,ALU00616,2026-11-01,89.71
FREQ00007392,ALU00616,2026-12-01,97.73
FREQ00007393,ALU00617,2026-01-01,87.19
FREQ00007394,ALU00617,2026-02-01,92.57
FREQ00007395,ALU00617,2026-03-01,96.94
FREQ00007396,ALU00617,2026-04-01,94.38
FREQ00007397,ALU00617,2026-05-01,94.24
FREQ00007398,ALU00617,2026-06-01,92.65
FREQ00007399,ALU00617,2026-07-01,92.31
FREQ00007400,ALU00617,2026-08-01,95.91
FREQ00007401,ALU00617,2026-09-01,96.54
FREQ00007402,ALU00617,2026-10-01,93.62
FREQ00007403,ALU00617,2026-11-01,90.13
FREQ00007404,ALU00617,2026-12-01,87.1
FREQ00007405,ALU00618,2026-01-01,96.63
FREQ00007406,ALU00618,2026-02-01,93.41
FREQ00007407,ALU00618,2026-03-01,98.08
FREQ00007408,ALU00618,2026-04-01,91.85
FREQ00007409,ALU00618,2026-05-01,97.67
FREQ00007410,ALU00618,2026-06-01,87.09
FREQ00007411,ALU00618,2026-07-01,96.19
FREQ00007412,ALU00618,2026-08-01,88.71
FREQ00007413,ALU00618,2026-09-01,87.12
FREQ00007414,ALU00618,2026-10-01,89.3
FREQ00007415,ALU00618,2026-11-01,97.24
FREQ00007416,ALU00618,2026-12-01,97.05
FREQ00007417,ALU00619,2026-01-01,94.57
FREQ00007418,ALU00619,2026-02-01,92.42
FREQ00007419,ALU00619,2026-03-01,94.1
FREQ00007420,ALU00619,2026-04-01,95.37
FREQ00007421,ALU00619,2026-05-01,88.21
FREQ00007422,ALU00619,2026-06-01,92.25
FREQ00007423,ALU00619,2026-07-01,98.6
FREQ00007424,ALU00619,2026-08-01,94.75
FREQ00007425,ALU00619,2026-09-01,95.58
FREQ00007426,ALU00619,2026-10-01,96.03
FREQ00007427,ALU00619,2026-11-01,92.21
FREQ00007428,ALU00619,2026-12-01,90.97
FREQ00007429,ALU00620,2026-01-01,97.63
FREQ00007430,ALU00620,2026-02-01,92.35
FREQ00007431,ALU00620,2026-03-01,88.02
FREQ00007432,ALU00620,2026-04-01,98.6
FREQ00007433,ALU00620,2026-05-01,95.51
FREQ00007434,ALU00620,2026-06-01,98.75
FREQ00007435,ALU00620,2026-07-01,90.65
FREQ00007436,ALU00620,2026-08-01,95.57
FREQ00007437,ALU00620,2026-09-01,96.7
FREQ00007438,ALU00620,2026-10-01,96.56
FREQ00007439,ALU00620,2026-11-01,95.74
FREQ00007440,ALU00620,2026-12-01,91.95
FREQ00007441,ALU00621,2026-01-01,98.53
FREQ00007442,ALU00621,2026-02-01,90.53
FREQ00007443,ALU00621,2026-03-01,95.33
FREQ00007444,ALU00621,2026-04-01,90.59
FREQ00007445,ALU00621,2026-05-01,87.19
FREQ00007446,ALU00621,2026-06-01,94.34
FREQ00007447,ALU00621,2026-07-01,90.51
FREQ00007448,ALU00621,2026-08-01,94.18
FREQ00007449,ALU00621,2026-09-01,88.48
FREQ00007450,ALU00621,2026-10-01,96.94
FREQ00007451,ALU00621,2026-11-01,91.32
FREQ00007452,ALU00621,2026-12-01,94.55
FREQ00007453,ALU00622,2026-01-01,91.06
FREQ00007454,ALU00622,2026-02-01,97.69
FREQ00007455,ALU00622,2026-03-01,96.79
FREQ00007456,ALU00622,2026-04-01,88.32
FREQ00007457,ALU00622,2026-05-01,90.26
FREQ00007458,ALU00622,2026-06-01,98.3
FREQ00007459,ALU00622,2026-07-01,92.63
FREQ00007460,ALU00622,2026-08-01,98.32
FREQ00007461,ALU00622,2026-09-01,95.13
FREQ00007462,ALU00622,2026-10-01,96.65
FREQ00007463,ALU00622,2026-11-01,91.1
FREQ00007464,ALU00622,2026-12-01,92.04
FREQ00007465,ALU00623,2026-01-01,89.33
FREQ00007466,ALU00623,2026-02-01,98.69
FREQ00007467,ALU00623,2026-03-01,96.57
FREQ00007468,ALU00623,2026-04-01,90.3
FREQ00007469,ALU00623,2026-05-01,91.82
FREQ00007470,ALU00623,2026-06-01,94.33
FREQ00007471,ALU00623,2026-07-01,87.85
FREQ00007472,ALU00623,2026-08-01,89.53
FREQ00007473,ALU00623,2026-09-01,88.25
FREQ00007474,ALU00623,2026-10-01,87.29
FREQ00007475,ALU00623,2026-11-01,88.45
FREQ00007476,ALU00623,2026-12-01,89.81
FREQ00007477,ALU00624,2026-01-01,95.23
FREQ00007478,ALU00624,2026-02-01,87.34
FREQ00007479,ALU00624,2026-03-01,89.73
FREQ00007480,ALU00624,2026-04-01,87.11
FREQ00007481,ALU00624,2026-05-01,96.17
FREQ00007482,ALU00624,2026-06-01,92.18
FREQ00007483,ALU00624,2026-07-01,93.94
FREQ00007484,ALU00624,2026-08-01,98.1
FREQ00007485,ALU00624,2026-09-01,97.29
FREQ00007486,ALU00624,2026-10-01,94.85
FREQ00007487,ALU00624,2026-11-01,98.27
FREQ00007488,ALU00624,2026-12-01,94.76
FREQ00007489,ALU00625,2026-01-01,92.16
FREQ00007490,ALU00625,2026-02-01,93.57
FREQ00007491,ALU00625,2026-03-01,94.34
FREQ00007492,ALU00625,2026-04-01,92.31
FREQ00007493,ALU00625,2026-05-01,94.3
FREQ00007494,ALU00625,2026-06-01,91.48
FREQ00007495,ALU00625,2026-07-01,88.39
FREQ00007496,ALU00625,2026-08-01,97.28
FREQ00007497,ALU00625,2026-09-01,97.32
FREQ00007498,ALU00625,2026-10-01,95.81
FREQ00007499,ALU00625,2026-11-01,96.96
FREQ00007500,ALU00625,2026-12-01,88.01
FREQ00007501,ALU00626,2026-01-01,95.61
FREQ00007502,ALU00626,2026-02-01,97.7
FREQ00007503,ALU00626,2026-03-01,93.02
FREQ00007504,ALU00626,2026-04-01,93.83
FREQ00007505,ALU00626,2026-05-01,98.23
FREQ00007506,ALU00626,2026-06-01,92.76
FREQ00007507,ALU00626,2026-07-01,92.42
FREQ00007508,ALU00626,2026-08-01,98.76
FREQ00007509,ALU00626,2026-09-01,87.74
FREQ00007510,ALU00626,2026-10-01,90.96
FREQ00007511,ALU00626,2026-11-01,88.48
FREQ00007512,ALU00626,2026-12-01,93.97
FREQ00007513,ALU00627,2026-01-01,87.02
FREQ00007514,ALU00627,2026-02-01,97.93
FREQ00007515,ALU00627,2026-03-01,95.49
FREQ00007516,ALU00627,2026-04-01,88.93
FREQ00007517,ALU00627,2026-05-01,88.38
FREQ00007518,ALU00627,2026-06-01,90.58
FREQ00007519,ALU00627,2026-07-01,95.38
FREQ00007520,ALU00627,2026-08-01,91.15
FREQ00007521,ALU00627,2026-09-01,90.3
FREQ00007522,ALU00627,2026-10-01,98.81
FREQ00007523,ALU00627,2026-11-01,93.02
FREQ00007524,ALU00627,2026-12-01,92.62
FREQ00007525,ALU00628,2026-01-01,97.34
FREQ00007526,ALU00628,2026-02-01,89.89
FREQ00007527,ALU00628,2026-03-01,89.13
FREQ00007528,ALU00628,2026-04-01,90.92
FREQ00007529,ALU00628,2026-05-01,88.16
FREQ00007530,ALU00628,2026-06-01,94.04
FREQ00007531,ALU00628,2026-07-01,91.42
FREQ00007532,ALU00628,2026-08-01,96.33
FREQ00007533,ALU00628,2026-09-01,89.11
FREQ00007534,ALU00628,2026-10-01,95.24
FREQ00007535,ALU00628,2026-11-01,90.38
FREQ00007536,ALU00628,2026-12-01,97.5
FREQ00007537,ALU00629,2026-01-01,91.46
FREQ00007538,ALU00629,2026-02-01,95.27
FREQ00007539,ALU00629,2026-03-01,93.07
FREQ00007540,ALU00629,2026-04-01,98.49
FREQ00007541,ALU00629,2026-05-01,91.29
FREQ00007542,ALU00629,2026-06-01,96.96
FREQ00007543,ALU00629,2026-07-01,88.54
FREQ00007544,ALU00629,2026-08-01,87.02
FREQ00007545,ALU00629,2026-09-01,96.42
FREQ00007546,ALU00629,2026-10-01,92.12
FREQ00007547,ALU00629,2026-11-01,92.24
FREQ00007548,ALU00629,2026-12-01,96.21
FREQ00007549,ALU00630,2026-01-01,94.3
FREQ00007550,ALU00630,2026-02-01,98.84
FREQ00007551,ALU00630,2026-03-01,91.86
FREQ00007552,ALU00630,2026-04-01,87.01
FREQ00007553,ALU00630,2026-05-01,87.41
FREQ00007554,ALU00630,2026-06-01,93.14
FREQ00007555,ALU00630,2026-07-01,92.17
FREQ00007556,ALU00630,2026-08-01,91.6
FREQ00007557,ALU00630,2026-09-01,94.82
FREQ00007558,ALU00630,2026-10-01,93.27
FREQ00007559,ALU00630,2026-11-01,97.6
FREQ00007560,ALU00630,2026-12-01,89.57
FREQ00007561,ALU00631,2026-01-01,88.19
FREQ00007562,ALU00631,2026-02-01,91.31
FREQ00007563,ALU00631,2026-03-01,89.02
FREQ00007564,ALU00631,2026-04-01,91.06
FREQ00007565,ALU00631,2026-05-01,90.29
FREQ00007566,ALU00631,2026-06-01,93.79
FREQ00007567,ALU00631,2026-07-01,91.11
FREQ00007568,ALU00631,2026-08-01,89.09
FREQ00007569,ALU00631,2026-09-01,87.51
FREQ00007570,ALU00631,2026-10-01,88.54
FREQ00007571,ALU00631,2026-11-01,95.89
FREQ00007572,ALU00631,2026-12-01,89.0
FREQ00007573,ALU00632,2026-01-01,95.28
FREQ00007574,ALU00632,2026-02-01,91.76
FREQ00007575,ALU00632,2026-03-01,98.57
FREQ00007576,ALU00632,2026-04-01,96.99
FREQ00007577,ALU00632,2026-05-01,93.43
FREQ00007578,ALU00632,2026-06-01,96.83
FREQ00007579,ALU00632,2026-07-01,98.88
FREQ00007580,ALU00632,2026-08-01,95.5
FREQ00007581,ALU00632,2026-09-01,98.52
FREQ00007582,ALU00632,2026-10-01,89.71
FREQ00007583,ALU00632,2026-11-01,92.01
FREQ00007584,ALU00632,2026-12-01,88.89
FREQ00007585,ALU00633,2026-01-01,89.39
FREQ00007586,ALU00633,2026-02-01,87.95
FREQ00007587,ALU00633,2026-03-01,95.95
FREQ00007588,ALU00633,2026-04-01,89.24
FREQ00007589,ALU00633,2026-05-01,95.35
FREQ00007590,ALU00633,2026-06-01,96.1
FREQ00007591,ALU00633,2026-07-01,89.7
FREQ00007592,ALU00633,2026-08-01,89.37
FREQ00007593,ALU00633,2026-09-01,96.2
FREQ00007594,ALU00633,2026-10-01,95.99
FREQ00007595,ALU00633,2026-11-01,91.5
FREQ00007596,ALU00633,2026-12-01,90.77
FREQ00007597,ALU00634,2026-01-01,92.43
FREQ00007598,ALU00634,2026-02-01,88.35
FREQ00007599,ALU00634,2026-03-01,98.63
FREQ00007600,ALU00634,2026-04-01,97.29
FREQ00007601,ALU00634,2026-05-01,92.29
FREQ00007602,ALU00634,2026-06-01,91.41
FREQ00007603,ALU00634,2026-07-01,94.89
FREQ00007604,ALU00634,2026-08-01,93.24
FREQ00007605,ALU00634,2026-09-01,90.69
FREQ00007606,ALU00634,2026-10-01,87.55
FREQ00007607,ALU00634,2026-11-01,89.54
FREQ00007608,ALU00634,2026-12-01,90.98
FREQ00007609,ALU00635,2026-01-01,98.9
FREQ00007610,ALU00635,2026-02-01,89.33
FREQ00007611,ALU00635,2026-03-01,97.34
FREQ00007612,ALU00635,2026-04-01,92.49
FREQ00007613,ALU00635,2026-05-01,98.86
FREQ00007614,ALU00635,2026-06-01,97.71
FREQ00007615,ALU00635,2026-07-01,89.94
FREQ00007616,ALU00635,2026-08-01,94.75
FREQ00007617,ALU00635,2026-09-01,88.49
FREQ00007618,ALU00635,2026-10-01,91.94
FREQ00007619,ALU00635,2026-11-01,96.34
FREQ00007620,ALU00635,2026-12-01,94.64
FREQ00007621,ALU00636,2026-01-01,88.05
FREQ00007622,ALU00636,2026-02-01,92.55
FREQ00007623,ALU00636,2026-03-01,98.15
FREQ00007624,ALU00636,2026-04-01,97.96
FREQ00007625,ALU00636,2026-05-01,87.07
FREQ00007626,ALU00636,2026-06-01,90.73
FREQ00007627,ALU00636,2026-07-01,88.17
FREQ00007628,ALU00636,2026-08-01,93.78
FREQ00007629,ALU00636,2026-09-01,93.49
FREQ00007630,ALU00636,2026-10-01,98.66
FREQ00007631,ALU00636,2026-11-01,91.13
FREQ00007632,ALU00636,2026-12-01,88.55
FREQ00007633,ALU00637,2026-01-01,97.17
FREQ00007634,ALU00637,2026-02-01,93.49
FREQ00007635,ALU00637,2026-03-01,91.31
FREQ00007636,ALU00637,2026-04-01,94.68
FREQ00007637,ALU00637,2026-05-01,89.95
FREQ00007638,ALU00637,2026-06-01,87.5
FREQ00007639,ALU00637,2026-07-01,97.13
FREQ00007640,ALU00637,2026-08-01,94.07
FREQ00007641,ALU00637,2026-09-01,89.96
FREQ00007642,ALU00637,2026-10-01,88.42
FREQ00007643,ALU00637,2026-11-01,88.9
FREQ00007644,ALU00637,2026-12-01,87.66
FREQ00007645,ALU00638,2026-01-01,95.07
FREQ00007646,ALU00638,2026-02-01,98.67
FREQ00007647,ALU00638,2026-03-01,95.92
FREQ00007648,ALU00638,2026-04-01,97.73
FREQ00007649,ALU00638,2026-05-01,96.27
FREQ00007650,ALU00638,2026-06-01,90.97
FREQ00007651,ALU00638,2026-07-01,90.39
FREQ00007652,ALU00638,2026-08-01,89.17
FREQ00007653,ALU00638,2026-09-01,89.93
FREQ00007654,ALU00638,2026-10-01,87.86
FREQ00007655,ALU00638,2026-11-01,98.51
FREQ00007656,ALU00638,2026-12-01,94.03
FREQ00007657,ALU00639,2026-01-01,93.04
FREQ00007658,ALU00639,2026-02-01,92.66
FREQ00007659,ALU00639,2026-03-01,95.24
FREQ00007660,ALU00639,2026-04-01,95.69
FREQ00007661,ALU00639,2026-05-01,93.0
FREQ00007662,ALU00639,2026-06-01,95.86
FREQ00007663,ALU00639,2026-07-01,92.03
FREQ00007664,ALU00639,2026-08-01,91.42
FREQ00007665,ALU00639,2026-09-01,90.32
FREQ00007666,ALU00639,2026-10-01,87.62
FREQ00007667,ALU00639,2026-11-01,89.19
FREQ00007668,ALU00639,2026-12-01,91.46
FREQ00007669,ALU00640,2026-01-01,87.7
FREQ00007670,ALU00640,2026-02-01,96.02
FREQ00007671,ALU00640,2026-03-01,87.59
FREQ00007672,ALU00640,2026-04-01,89.37
FREQ00007673,ALU00640,2026-05-01,95.95
FREQ00007674,ALU00640,2026-06-01,94.37
FREQ00007675,ALU00640,2026-07-01,87.26
FREQ00007676,ALU00640,2026-08-01,96.53
FREQ00007677,ALU00640,2026-09-01,95.97
FREQ00007678,ALU00640,2026-10-01,88.58
FREQ00007679,ALU00640,2026-11-01,97.31
FREQ00007680,ALU00640,2026-12-01,93.99
FREQ00007681,ALU00641,2026-01-01,97.13
FREQ00007682,ALU00641,2026-02-01,95.2
FREQ00007683,ALU00641,2026-03-01,96.53
FREQ00007684,ALU00641,2026-04-01,93.96
FREQ00007685,ALU00641,2026-05-01,95.98
FREQ00007686,ALU00641,2026-06-01,89.35
FREQ00007687,ALU00641,2026-07-01,97.43
FREQ00007688,ALU00641,2026-08-01,98.46
FREQ00007689,ALU00641,2026-09-01,97.27
FREQ00007690,ALU00641,2026-10-01,93.42
FREQ00007691,ALU00641,2026-11-01,96.16
FREQ00007692,ALU00641,2026-12-01,87.97
FREQ00007693,ALU00642,2026-01-01,90.84
FREQ00007694,ALU00642,2026-02-01,91.76
FREQ00007695,ALU00642,2026-03-01,87.54
FREQ00007696,ALU00642,2026-04-01,95.44
FREQ00007697,ALU00642,2026-05-01,94.03
FREQ00007698,ALU00642,2026-06-01,95.34
FREQ00007699,ALU00642,2026-07-01,92.26
FREQ00007700,ALU00642,2026-08-01,96.44
FREQ00007701,ALU00642,2026-09-01,95.61
FREQ00007702,ALU00642,2026-10-01,98.3
FREQ00007703,ALU00642,2026-11-01,98.28
FREQ00007704,ALU00642,2026-12-01,94.93
FREQ00007705,ALU00643,2026-01-01,96.1
FREQ00007706,ALU00643,2026-02-01,89.51
FREQ00007707,ALU00643,2026-03-01,88.1
FREQ00007708,ALU00643,2026-04-01,89.07
FREQ00007709,ALU00643,2026-05-01,97.3
FREQ00007710,ALU00643,2026-06-01,88.35
FREQ00007711,ALU00643,2026-07-01,98.57
FREQ00007712,ALU00643,2026-08-01,90.0
FREQ00007713,ALU00643,2026-09-01,88.74
FREQ00007714,ALU00643,2026-10-01,89.35
FREQ00007715,ALU00643,2026-11-01,96.47
FREQ00007716,ALU00643,2026-12-01,87.07
FREQ00007717,ALU00644,2026-01-01,93.32
FREQ00007718,ALU00644,2026-02-01,95.7
FREQ00007719,ALU00644,2026-03-01,91.83
FREQ00007720,ALU00644,2026-04-01,88.38
FREQ00007721,ALU00644,2026-05-01,93.11
FREQ00007722,ALU00644,2026-06-01,96.48
FREQ00007723,ALU00644,2026-07-01,97.03
FREQ00007724,ALU00644,2026-08-01,92.57
FREQ00007725,ALU00644,2026-09-01,89.58
FREQ00007726,ALU00644,2026-10-01,89.22
FREQ00007727,ALU00644,2026-11-01,88.89
FREQ00007728,ALU00644,2026-12-01,92.55
FREQ00007729,ALU00645,2026-01-01,97.29
FREQ00007730,ALU00645,2026-02-01,98.31
FREQ00007731,ALU00645,2026-03-01,98.43
FREQ00007732,ALU00645,2026-04-01,88.99
FREQ00007733,ALU00645,2026-05-01,98.33
FREQ00007734,ALU00645,2026-06-01,90.61
FREQ00007735,ALU00645,2026-07-01,88.32
FREQ00007736,ALU00645,2026-08-01,89.64
FREQ00007737,ALU00645,2026-09-01,87.6
FREQ00007738,ALU00645,2026-10-01,94.21
FREQ00007739,ALU00645,2026-11-01,97.26
FREQ00007740,ALU00645,2026-12-01,87.28
FREQ00007741,ALU00646,2026-01-01,88.41
FREQ00007742,ALU00646,2026-02-01,92.61
FREQ00007743,ALU00646,2026-03-01,92.13
FREQ00007744,ALU00646,2026-04-01,90.5
FREQ00007745,ALU00646,2026-05-01,98.9
FREQ00007746,ALU00646,2026-06-01,97.31
FREQ00007747,ALU00646,2026-07-01,96.58
FREQ00007748,ALU00646,2026-08-01,97.12
FREQ00007749,ALU00646,2026-09-01,97.03
FREQ00007750,ALU00646,2026-10-01,93.93
FREQ00007751,ALU00646,2026-11-01,87.01
FREQ00007752,ALU00646,2026-12-01,89.51
FREQ00007753,ALU00647,2026-01-01,87.5
FREQ00007754,ALU00647,2026-02-01,89.01
FREQ00007755,ALU00647,2026-03-01,96.6
FREQ00007756,ALU00647,2026-04-01,98.53
FREQ00007757,ALU00647,2026-05-01,88.75
FREQ00007758,ALU00647,2026-06-01,88.26
FREQ00007759,ALU00647,2026-07-01,93.22
FREQ00007760,ALU00647,2026-08-01,93.15
FREQ00007761,ALU00647,2026-09-01,92.48
FREQ00007762,ALU00647,2026-10-01,88.55
FREQ00007763,ALU00647,2026-11-01,89.99
FREQ00007764,ALU00647,2026-12-01,93.08
FREQ00007765,ALU00648,2026-01-01,94.66
FREQ00007766,ALU00648,2026-02-01,91.74
FREQ00007767,ALU00648,2026-03-01,98.56
FREQ00007768,ALU00648,2026-04-01,92.27
FREQ00007769,ALU00648,2026-05-01,91.41
FREQ00007770,ALU00648,2026-06-01,88.3
FREQ00007771,ALU00648,2026-07-01,94.41
FREQ00007772,ALU00648,2026-08-01,94.69
FREQ00007773,ALU00648,2026-09-01,94.97
FREQ00007774,ALU00648,2026-10-01,98.8
FREQ00007775,ALU00648,2026-11-01,89.98
FREQ00007776,ALU00648,2026-12-01,92.97
FREQ00007777,ALU00649,2026-01-01,96.91
FREQ00007778,ALU00649,2026-02-01,92.75
FREQ00007779,ALU00649,2026-03-01,88.48
FREQ00007780,ALU00649,2026-04-01,89.11
FREQ00007781,ALU00649,2026-05-01,93.6
FREQ00007782,ALU00649,2026-06-01,94.0
FREQ00007783,ALU00649,2026-07-01,90.16
FREQ00007784,ALU00649,2026-08-01,88.79
FREQ00007785,ALU00649,2026-09-01,90.83
FREQ00007786,ALU00649,2026-10-01,91.48
FREQ00007787,ALU00649,2026-11-01,92.24
FREQ00007788,ALU00649,2026-12-01,97.05
FREQ00007789,ALU00650,2026-01-01,96.92
FREQ00007790,ALU00650,2026-02-01,98.25
FREQ00007791,ALU00650,2026-03-01,92.07
FREQ00007792,ALU00650,2026-04-01,95.37
FREQ00007793,ALU00650,2026-05-01,92.93
FREQ00007794,ALU00650,2026-06-01,95.68
FREQ00007795,ALU00650,2026-07-01,91.47
FREQ00007796,ALU00650,2026-08-01,92.59
FREQ00007797,ALU00650,2026-09-01,92.9
FREQ00007798,ALU00650,2026-10-01,94.73
FREQ00007799,ALU00650,2026-11-01,92.78
FREQ00007800,ALU00650,2026-12-01,95.64
FREQ00007801,ALU00651,2026-01-01,95.5
FREQ00007802,ALU00651,2026-02-01,92.49
FREQ00007803,ALU00651,2026-03-01,90.48
FREQ00007804,ALU00651,2026-04-01,90.98
FREQ00007805,ALU00651,2026-05-01,92.48
FREQ00007806,ALU00651,2026-06-01,94.46
FREQ00007807,ALU00651,2026-07-01,93.44
FREQ00007808,ALU00651,2026-08-01,90.23
FREQ00007809,ALU00651,2026-09-01,87.02
FREQ00007810,ALU00651,2026-10-01,89.91
FREQ00007811,ALU00651,2026-11-01,88.19
FREQ00007812,ALU00651,2026-12-01,93.37
FREQ00007813,ALU00652,2026-01-01,92.07
FREQ00007814,ALU00652,2026-02-01,97.78
FREQ00007815,ALU00652,2026-03-01,89.61
FREQ00007816,ALU00652,2026-04-01,91.74
FREQ00007817,ALU00652,2026-05-01,89.65
FREQ00007818,ALU00652,2026-06-01,97.62
FREQ00007819,ALU00652,2026-07-01,92.76
FREQ00007820,ALU00652,2026-08-01,91.77
FREQ00007821,ALU00652,2026-09-01,90.32
FREQ00007822,ALU00652,2026-10-01,92.06
FREQ00007823,ALU00652,2026-11-01,97.47
FREQ00007824,ALU00652,2026-12-01,95.08
FREQ00007825,ALU00653,2026-01-01,88.19
FREQ00007826,ALU00653,2026-02-01,95.8
FREQ00007827,ALU00653,2026-03-01,93.38
FREQ00007828,ALU00653,2026-04-01,94.71
FREQ00007829,ALU00653,2026-05-01,91.05
FREQ00007830,ALU00653,2026-06-01,96.38
FREQ00007831,ALU00653,2026-07-01,92.2
FREQ00007832,ALU00653,2026-08-01,90.25
FREQ00007833,ALU00653,2026-09-01,93.64
FREQ00007834,ALU00653,2026-10-01,89.8
FREQ00007835,ALU00653,2026-11-01,93.74
FREQ00007836,ALU00653,2026-12-01,87.24
FREQ00007837,ALU00654,2026-01-01,91.9
FREQ00007838,ALU00654,2026-02-01,87.49
FREQ00007839,ALU00654,2026-03-01,98.11
FREQ00007840,ALU00654,2026-04-01,89.57
FREQ00007841,ALU00654,2026-05-01,95.6
FREQ00007842,ALU00654,2026-06-01,96.26
FREQ00007843,ALU00654,2026-07-01,95.27
FREQ00007844,ALU00654,2026-08-01,92.05
FREQ00007845,ALU00654,2026-09-01,97.77
FREQ00007846,ALU00654,2026-10-01,98.11
FREQ00007847,ALU00654,2026-11-01,91.64
FREQ00007848,ALU00654,2026-12-01,95.1
FREQ00007849,ALU00655,2026-01-01,93.83
FREQ00007850,ALU00655,2026-02-01,88.95
FREQ00007851,ALU00655,2026-03-01,93.15
FREQ00007852,ALU00655,2026-04-01,98.37
FREQ00007853,ALU00655,2026-05-01,90.6
FREQ00007854,ALU00655,2026-06-01,87.97
FREQ00007855,ALU00655,2026-07-01,95.55
FREQ00007856,ALU00655,2026-08-01,92.82
FREQ00007857,ALU00655,2026-09-01,95.25
FREQ00007858,ALU00655,2026-10-01,96.84
FREQ00007859,ALU00655,2026-11-01,91.35
FREQ00007860,ALU00655,2026-12-01,95.38
FREQ00007861,ALU00656,2026-01-01,88.59
FREQ00007862,ALU00656,2026-02-01,98.57
FREQ00007863,ALU00656,2026-03-01,90.64
FREQ00007864,ALU00656,2026-04-01,96.75
FREQ00007865,ALU00656,2026-05-01,96.61
FREQ00007866,ALU00656,2026-06-01,93.71
FREQ00007867,ALU00656,2026-07-01,90.18
FREQ00007868,ALU00656,2026-08-01,95.31
FREQ00007869,ALU00656,2026-09-01,90.1
FREQ00007870,ALU00656,2026-10-01,89.33
FREQ00007871,ALU00656,2026-11-01,94.96
FREQ00007872,ALU00656,2026-12-01,96.37
FREQ00007873,ALU00657,2026-01-01,95.77
FREQ00007874,ALU00657,2026-02-01,96.5
FREQ00007875,ALU00657,2026-03-01,92.86
FREQ00007876,ALU00657,2026-04-01,90.56
FREQ00007877,ALU00657,2026-05-01,93.5
FREQ00007878,ALU00657,2026-06-01,97.46
FREQ00007879,ALU00657,2026-07-01,90.04
FREQ00007880,ALU00657,2026-08-01,96.81
FREQ00007881,ALU00657,2026-09-01,98.64
FREQ00007882,ALU00657,2026-10-01,88.76
FREQ00007883,ALU00657,2026-11-01,96.02
FREQ00007884,ALU00657,2026-12-01,97.45
FREQ00007885,ALU00658,2026-01-01,96.53
FREQ00007886,ALU00658,2026-02-01,87.23
FREQ00007887,ALU00658,2026-03-01,96.13
FREQ00007888,ALU00658,2026-04-01,97.55
FREQ00007889,ALU00658,2026-05-01,92.74
FREQ00007890,ALU00658,2026-06-01,89.32
FREQ00007891,ALU00658,2026-07-01,87.23
FREQ00007892,ALU00658,2026-08-01,96.05
FREQ00007893,ALU00658,2026-09-01,92.06
FREQ00007894,ALU00658,2026-10-01,94.93
FREQ00007895,ALU00658,2026-11-01,97.3
FREQ00007896,ALU00658,2026-12-01,97.06
FREQ00007897,ALU00659,2026-01-01,97.81
FREQ00007898,ALU00659,2026-02-01,88.12
FREQ00007899,ALU00659,2026-03-01,90.19
FREQ00007900,ALU00659,2026-04-01,95.78
FREQ00007901,ALU00659,2026-05-01,95.86
FREQ00007902,ALU00659,2026-06-01,91.05
FREQ00007903,ALU00659,2026-07-01,88.42
FREQ00007904,ALU00659,2026-08-01,87.14
FREQ00007905,ALU00659,2026-09-01,94.02
FREQ00007906,ALU00659,2026-10-01,93.67
FREQ00007907,ALU00659,2026-11-01,89.9
FREQ00007908,ALU00659,2026-12-01,88.22
FREQ00007909,ALU00660,2026-01-01,95.31
FREQ00007910,ALU00660,2026-02-01,94.62
FREQ00007911,ALU00660,2026-03-01,93.03
FREQ00007912,ALU00660,2026-04-01,89.01
FREQ00007913,ALU00660,2026-05-01,88.55
FREQ00007914,ALU00660,2026-06-01,92.62
FREQ00007915,ALU00660,2026-07-01,89.72
FREQ00007916,ALU00660,2026-08-01,98.93
FREQ00007917,ALU00660,2026-09-01,94.48
FREQ00007918,ALU00660,2026-10-01,95.85
FREQ00007919,ALU00660,2026-11-01,95.89
FREQ00007920,ALU00660,2026-12-01,97.72
FREQ00007921,ALU00661,2026-01-01,89.41
FREQ00007922,ALU00661,2026-02-01,89.74
FREQ00007923,ALU00661,2026-03-01,96.83
FREQ00007924,ALU00661,2026-04-01,98.03
FREQ00007925,ALU00661,2026-05-01,89.99
FREQ00007926,ALU00661,2026-06-01,88.3
FREQ00007927,ALU00661,2026-07-01,90.35
FREQ00007928,ALU00661,2026-08-01,98.25
FREQ00007929,ALU00661,2026-09-01,91.97
FREQ00007930,ALU00661,2026-10-01,98.08
FREQ00007931,ALU00661,2026-11-01,92.16
FREQ00007932,ALU00661,2026-12-01,93.5
FREQ00007933,ALU00662,2026-01-01,90.31
FREQ00007934,ALU00662,2026-02-01,88.48
FREQ00007935,ALU00662,2026-03-01,94.09
FREQ00007936,ALU00662,2026-04-01,91.26
FREQ00007937,ALU00662,2026-05-01,93.13
FREQ00007938,ALU00662,2026-06-01,94.45
FREQ00007939,ALU00662,2026-07-01,88.24
FREQ00007940,ALU00662,2026-08-01,90.52
FREQ00007941,ALU00662,2026-09-01,97.51
FREQ00007942,ALU00662,2026-10-01,91.66
FREQ00007943,ALU00662,2026-11-01,88.72
FREQ00007944,ALU00662,2026-12-01,96.71
FREQ00007945,ALU00663,2026-01-01,97.14
FREQ00007946,ALU00663,2026-02-01,95.55
FREQ00007947,ALU00663,2026-03-01,90.06
FREQ00007948,ALU00663,2026-04-01,96.49
FREQ00007949,ALU00663,2026-05-01,88.17
FREQ00007950,ALU00663,2026-06-01,88.55
FREQ00007951,ALU00663,2026-07-01,97.36
FREQ00007952,ALU00663,2026-08-01,88.2
FREQ00007953,ALU00663,2026-09-01,90.09
FREQ00007954,ALU00663,2026-10-01,87.75
FREQ00007955,ALU00663,2026-11-01,96.5
FREQ00007956,ALU00663,2026-12-01,97.02
FREQ00007957,ALU00664,2026-01-01,87.11
FREQ00007958,ALU00664,2026-02-01,92.57
FREQ00007959,ALU00664,2026-03-01,88.29
FREQ00007960,ALU00664,2026-04-01,91.65
FREQ00007961,ALU00664,2026-05-01,96.65
FREQ00007962,ALU00664,2026-06-01,95.6
FREQ00007963,ALU00664,2026-07-01,96.22
FREQ00007964,ALU00664,2026-08-01,91.99
FREQ00007965,ALU00664,2026-09-01,89.33
FREQ00007966,ALU00664,2026-10-01,97.09
FREQ00007967,ALU00664,2026-11-01,92.43
FREQ00007968,ALU00664,2026-12-01,93.6
FREQ00007969,ALU00665,2026-01-01,89.32
FREQ00007970,ALU00665,2026-02-01,97.84
FREQ00007971,ALU00665,2026-03-01,96.41
FREQ00007972,ALU00665,2026-04-01,88.43
FREQ00007973,ALU00665,2026-05-01,92.41
FREQ00007974,ALU00665,2026-06-01,97.8
FREQ00007975,ALU00665,2026-07-01,93.66
FREQ00007976,ALU00665,2026-08-01,94.18
FREQ00007977,ALU00665,2026-09-01,97.35
FREQ00007978,ALU00665,2026-10-01,94.31
FREQ00007979,ALU00665,2026-11-01,94.57
FREQ00007980,ALU00665,2026-12-01,89.3
FREQ00007981,ALU00666,2026-01-01,87.78
FREQ00007982,ALU00666,2026-02-01,94.44
FREQ00007983,ALU00666,2026-03-01,95.92
FREQ00007984,ALU00666,2026-04-01,98.76
FREQ00007985,ALU00666,2026-05-01,89.82
FREQ00007986,ALU00666,2026-06-01,90.75
FREQ00007987,ALU00666,2026-07-01,90.37
FREQ00007988,ALU00666,2026-08-01,88.28
FREQ00007989,ALU00666,2026-09-01,89.84
FREQ00007990,ALU00666,2026-10-01,94.03
FREQ00007991,ALU00666,2026-11-01,97.07
FREQ00007992,ALU00666,2026-12-01,88.7
FREQ00007993,ALU00667,2026-01-01,88.16
FREQ00007994,ALU00667,2026-02-01,91.7
FREQ00007995,ALU00667,2026-03-01,96.56
FREQ00007996,ALU00667,2026-04-01,97.78
FREQ00007997,ALU00667,2026-05-01,87.93
FREQ00007998,ALU00667,2026-06-01,95.49
FREQ00007999,ALU00667,2026-07-01,95.0
FREQ00008000,ALU00667,2026-08-01,91.15
FREQ00008001,ALU00667,2026-09-01,89.29
FREQ00008002,ALU00667,2026-10-01,92.4
FREQ00008003,ALU00667,2026-11-01,91.2
FREQ00008004,ALU00667,2026-12-01,88.82
FREQ00008005,ALU00668,2026-01-01,89.36
FREQ00008006,ALU00668,2026-02-01,96.26
FREQ00008007,ALU00668,2026-03-01,95.9
FREQ00008008,ALU00668,2026-04-01,96.71
FREQ00008009,ALU00668,2026-05-01,98.35
FREQ00008010,ALU00668,2026-06-01,89.74
FREQ00008011,ALU00668,2026-07-01,97.68
FREQ00008012,ALU00668,2026-08-01,96.99
FREQ00008013,ALU00668,2026-09-01,96.15
FREQ00008014,ALU00668,2026-10-01,87.41
FREQ00008015,ALU00668,2026-11-01,91.46
FREQ00008016,ALU00668,2026-12-01,93.74
FREQ00008017,ALU00669,2026-01-01,91.82
FREQ00008018,ALU00669,2026-02-01,95.2
FREQ00008019,ALU00669,2026-03-01,91.78
FREQ00008020,ALU00669,2026-04-01,90.62
FREQ00008021,ALU00669,2026-05-01,92.69
FREQ00008022,ALU00669,2026-06-01,93.05
FREQ00008023,ALU00669,2026-07-01,87.41
FREQ00008024,ALU00669,2026-08-01,95.55
FREQ00008025,ALU00669,2026-09-01,87.71
FREQ00008026,ALU00669,2026-10-01,97.44
FREQ00008027,ALU00669,2026-11-01,87.15
FREQ00008028,ALU00669,2026-12-01,87.65
FREQ00008029,ALU00670,2026-01-01,96.37
FREQ00008030,ALU00670,2026-02-01,96.47
FREQ00008031,ALU00670,2026-03-01,91.6
FREQ00008032,ALU00670,2026-04-01,88.13
FREQ00008033,ALU00670,2026-05-01,91.7
FREQ00008034,ALU00670,2026-06-01,97.42
FREQ00008035,ALU00670,2026-07-01,90.58
FREQ00008036,ALU00670,2026-08-01,94.36
FREQ00008037,ALU00670,2026-09-01,95.33
FREQ00008038,ALU00670,2026-10-01,91.54
FREQ00008039,ALU00670,2026-11-01,96.14
FREQ00008040,ALU00670,2026-12-01,91.41
FREQ00008041,ALU00671,2026-01-01,98.11
FREQ00008042,ALU00671,2026-02-01,92.22
FREQ00008043,ALU00671,2026-03-01,94.06
FREQ00008044,ALU00671,2026-04-01,98.98
FREQ00008045,ALU00671,2026-05-01,91.85
FREQ00008046,ALU00671,2026-06-01,89.2
FREQ00008047,ALU00671,2026-07-01,94.23
FREQ00008048,ALU00671,2026-08-01,93.02
FREQ00008049,ALU00671,2026-09-01,90.07
FREQ00008050,ALU00671,2026-10-01,93.47
FREQ00008051,ALU00671,2026-11-01,87.07
FREQ00008052,ALU00671,2026-12-01,92.52
FREQ00008053,ALU00672,2026-01-01,94.17
FREQ00008054,ALU00672,2026-02-01,96.0
FREQ00008055,ALU00672,2026-03-01,87.42
FREQ00008056,ALU00672,2026-04-01,90.38
FREQ00008057,ALU00672,2026-05-01,96.28
FREQ00008058,ALU00672,2026-06-01,93.4
FREQ00008059,ALU00672,2026-07-01,98.49
FREQ00008060,ALU00672,2026-08-01,94.48
FREQ00008061,ALU00672,2026-09-01,89.37
FREQ00008062,ALU00672,2026-10-01,95.12
FREQ00008063,ALU00672,2026-11-01,96.81
FREQ00008064,ALU00672,2026-12-01,90.41
FREQ00008065,ALU00673,2026-01-01,90.55
FREQ00008066,ALU00673,2026-02-01,98.8
FREQ00008067,ALU00673,2026-03-01,90.23
FREQ00008068,ALU00673,2026-04-01,95.2
FREQ00008069,ALU00673,2026-05-01,92.72
FREQ00008070,ALU00673,2026-06-01,98.04
FREQ00008071,ALU00673,2026-07-01,94.18
FREQ00008072,ALU00673,2026-08-01,92.24
FREQ00008073,ALU00673,2026-09-01,87.46
FREQ00008074,ALU00673,2026-10-01,88.93
FREQ00008075,ALU00673,2026-11-01,97.13
FREQ00008076,ALU00673,2026-12-01,95.1
FREQ00008077,ALU00674,2026-01-01,98.42
FREQ00008078,ALU00674,2026-02-01,87.03
FREQ00008079,ALU00674,2026-03-01,91.53
FREQ00008080,ALU00674,2026-04-01,91.52
FREQ00008081,ALU00674,2026-05-01,94.44
FREQ00008082,ALU00674,2026-06-01,89.48
FREQ00008083,ALU00674,2026-07-01,94.41
FREQ00008084,ALU00674,2026-08-01,94.56
FREQ00008085,ALU00674,2026-09-01,95.13
FREQ00008086,ALU00674,2026-10-01,93.44
FREQ00008087,ALU00674,2026-11-01,94.05
FREQ00008088,ALU00674,2026-12-01,99.0
FREQ00008089,ALU00675,2026-01-01,93.53
FREQ00008090,ALU00675,2026-02-01,89.26
FREQ00008091,ALU00675,2026-03-01,90.76
FREQ00008092,ALU00675,2026-04-01,98.67
FREQ00008093,ALU00675,2026-05-01,92.8
FREQ00008094,ALU00675,2026-06-01,96.5
FREQ00008095,ALU00675,2026-07-01,93.2
FREQ00008096,ALU00675,2026-08-01,88.6
FREQ00008097,ALU00675,2026-09-01,93.39
FREQ00008098,ALU00675,2026-10-01,98.18
FREQ00008099,ALU00675,2026-11-01,88.57
FREQ00008100,ALU00675,2026-12-01,88.23
FREQ00008101,ALU00676,2026-01-01,94.18
FREQ00008102,ALU00676,2026-02-01,89.14
FREQ00008103,ALU00676,2026-03-01,97.43
FREQ00008104,ALU00676,2026-04-01,97.99
FREQ00008105,ALU00676,2026-05-01,96.56
FREQ00008106,ALU00676,2026-06-01,97.18
FREQ00008107,ALU00676,2026-07-01,87.4
FREQ00008108,ALU00676,2026-08-01,95.69
FREQ00008109,ALU00676,2026-09-01,95.11
FREQ00008110,ALU00676,2026-10-01,95.64
FREQ00008111,ALU00676,2026-11-01,98.03
FREQ00008112,ALU00676,2026-12-01,97.23
FREQ00008113,ALU00677,2026-01-01,94.14
FREQ00008114,ALU00677,2026-02-01,93.49
FREQ00008115,ALU00677,2026-03-01,87.06
FREQ00008116,ALU00677,2026-04-01,98.38
FREQ00008117,ALU00677,2026-05-01,94.52
FREQ00008118,ALU00677,2026-06-01,91.51
FREQ00008119,ALU00677,2026-07-01,92.79
FREQ00008120,ALU00677,2026-08-01,93.14
FREQ00008121,ALU00677,2026-09-01,89.83
FREQ00008122,ALU00677,2026-10-01,91.37
FREQ00008123,ALU00677,2026-11-01,88.5
FREQ00008124,ALU00677,2026-12-01,87.69
FREQ00008125,ALU00678,2026-01-01,92.35
FREQ00008126,ALU00678,2026-02-01,92.7
FREQ00008127,ALU00678,2026-03-01,89.83
FREQ00008128,ALU00678,2026-04-01,94.62
FREQ00008129,ALU00678,2026-05-01,87.02
FREQ00008130,ALU00678,2026-06-01,91.84
FREQ00008131,ALU00678,2026-07-01,95.7
FREQ00008132,ALU00678,2026-08-01,94.78
FREQ00008133,ALU00678,2026-09-01,94.85
FREQ00008134,ALU00678,2026-10-01,87.43
FREQ00008135,ALU00678,2026-11-01,95.3
FREQ00008136,ALU00678,2026-12-01,89.99
FREQ00008137,ALU00679,2026-01-01,91.07
FREQ00008138,ALU00679,2026-02-01,94.57
FREQ00008139,ALU00679,2026-03-01,90.15
FREQ00008140,ALU00679,2026-04-01,96.73
FREQ00008141,ALU00679,2026-05-01,91.03
FREQ00008142,ALU00679,2026-06-01,90.87
FREQ00008143,ALU00679,2026-07-01,94.6
FREQ00008144,ALU00679,2026-08-01,88.99
FREQ00008145,ALU00679,2026-09-01,93.61
FREQ00008146,ALU00679,2026-10-01,87.97
FREQ00008147,ALU00679,2026-11-01,94.47
FREQ00008148,ALU00679,2026-12-01,92.93
FREQ00008149,ALU00680,2026-01-01,92.16
FREQ00008150,ALU00680,2026-02-01,96.85
FREQ00008151,ALU00680,2026-03-01,97.43
FREQ00008152,ALU00680,2026-04-01,94.02
FREQ00008153,ALU00680,2026-05-01,99.0
FREQ00008154,ALU00680,2026-06-01,93.79
FREQ00008155,ALU00680,2026-07-01,98.24
FREQ00008156,ALU00680,2026-08-01,94.16
FREQ00008157,ALU00680,2026-09-01,94.11
FREQ00008158,ALU00680,2026-10-01,97.64
FREQ00008159,ALU00680,2026-11-01,92.84
FREQ00008160,ALU00680,2026-12-01,88.04
FREQ00008161,ALU00681,2026-01-01,96.8
FREQ00008162,ALU00681,2026-02-01,87.63
FREQ00008163,ALU00681,2026-03-01,88.62
FREQ00008164,ALU00681,2026-04-01,93.36
FREQ00008165,ALU00681,2026-05-01,94.63
FREQ00008166,ALU00681,2026-06-01,90.79
FREQ00008167,ALU00681,2026-07-01,96.87
FREQ00008168,ALU00681,2026-08-01,95.88
FREQ00008169,ALU00681,2026-09-01,88.41
FREQ00008170,ALU00681,2026-10-01,95.3
FREQ00008171,ALU00681,2026-11-01,88.5
FREQ00008172,ALU00681,2026-12-01,91.7
FREQ00008173,ALU00682,2026-01-01,92.59
FREQ00008174,ALU00682,2026-02-01,87.85
FREQ00008175,ALU00682,2026-03-01,87.17
FREQ00008176,ALU00682,2026-04-01,91.16
FREQ00008177,ALU00682,2026-05-01,97.6
FREQ00008178,ALU00682,2026-06-01,89.4
FREQ00008179,ALU00682,2026-07-01,87.07
FREQ00008180,ALU00682,2026-08-01,89.18
FREQ00008181,ALU00682,2026-09-01,93.45
FREQ00008182,ALU00682,2026-10-01,90.66
FREQ00008183,ALU00682,2026-11-01,95.12
FREQ00008184,ALU00682,2026-12-01,89.48
FREQ00008185,ALU00683,2026-01-01,94.38
FREQ00008186,ALU00683,2026-02-01,96.96
FREQ00008187,ALU00683,2026-03-01,92.72
FREQ00008188,ALU00683,2026-04-01,87.12
FREQ00008189,ALU00683,2026-05-01,90.8
FREQ00008190,ALU00683,2026-06-01,87.77
FREQ00008191,ALU00683,2026-07-01,93.65
FREQ00008192,ALU00683,2026-08-01,96.18
FREQ00008193,ALU00683,2026-09-01,89.7
FREQ00008194,ALU00683,2026-10-01,87.77
FREQ00008195,ALU00683,2026-11-01,97.6
FREQ00008196,ALU00683,2026-12-01,91.22
FREQ00008197,ALU00684,2026-01-01,91.5
FREQ00008198,ALU00684,2026-02-01,92.53
FREQ00008199,ALU00684,2026-03-01,91.73
FREQ00008200,ALU00684,2026-04-01,98.06
FREQ00008201,ALU00684,2026-05-01,98.76
FREQ00008202,ALU00684,2026-06-01,89.17
FREQ00008203,ALU00684,2026-07-01,93.46
FREQ00008204,ALU00684,2026-08-01,89.46
FREQ00008205,ALU00684,2026-09-01,98.78
FREQ00008206,ALU00684,2026-10-01,89.95
FREQ00008207,ALU00684,2026-11-01,95.2
FREQ00008208,ALU00684,2026-12-01,95.32
FREQ00008209,ALU00685,2026-01-01,95.5
FREQ00008210,ALU00685,2026-02-01,94.51
FREQ00008211,ALU00685,2026-03-01,93.52
FREQ00008212,ALU00685,2026-04-01,88.47
FREQ00008213,ALU00685,2026-05-01,87.29
FREQ00008214,ALU00685,2026-06-01,89.28
FREQ00008215,ALU00685,2026-07-01,90.53
FREQ00008216,ALU00685,2026-08-01,95.05
FREQ00008217,ALU00685,2026-09-01,88.57
FREQ00008218,ALU00685,2026-10-01,90.17
FREQ00008219,ALU00685,2026-11-01,93.08
FREQ00008220,ALU00685,2026-12-01,89.37
FREQ00008221,ALU00686,2026-01-01,95.14
FREQ00008222,ALU00686,2026-02-01,95.25
FREQ00008223,ALU00686,2026-03-01,87.19
FREQ00008224,ALU00686,2026-04-01,89.43
FREQ00008225,ALU00686,2026-05-01,92.2
FREQ00008226,ALU00686,2026-06-01,91.77
FREQ00008227,ALU00686,2026-07-01,93.31
FREQ00008228,ALU00686,2026-08-01,92.34
FREQ00008229,ALU00686,2026-09-01,90.94
FREQ00008230,ALU00686,2026-10-01,98.39
FREQ00008231,ALU00686,2026-11-01,95.51
FREQ00008232,ALU00686,2026-12-01,90.48
FREQ00008233,ALU00687,2026-01-01,98.89
FREQ00008234,ALU00687,2026-02-01,94.6
FREQ00008235,ALU00687,2026-03-01,91.14
FREQ00008236,ALU00687,2026-04-01,92.48
FREQ00008237,ALU00687,2026-05-01,95.87
FREQ00008238,ALU00687,2026-06-01,90.71
FREQ00008239,ALU00687,2026-07-01,91.24
FREQ00008240,ALU00687,2026-08-01,90.45
FREQ00008241,ALU00687,2026-09-01,95.08
FREQ00008242,ALU00687,2026-10-01,88.1
FREQ00008243,ALU00687,2026-11-01,88.37
FREQ00008244,ALU00687,2026-12-01,98.72
FREQ00008245,ALU00688,2026-01-01,90.69
FREQ00008246,ALU00688,2026-02-01,88.86
FREQ00008247,ALU00688,2026-03-01,89.77
FREQ00008248,ALU00688,2026-04-01,95.39
FREQ00008249,ALU00688,2026-05-01,90.18
FREQ00008250,ALU00688,2026-06-01,87.42
FREQ00008251,ALU00688,2026-07-01,87.36
FREQ00008252,ALU00688,2026-08-01,97.33
FREQ00008253,ALU00688,2026-09-01,93.65
FREQ00008254,ALU00688,2026-10-01,96.01
FREQ00008255,ALU00688,2026-11-01,93.98
FREQ00008256,ALU00688,2026-12-01,89.99
FREQ00008257,ALU00689,2026-01-01,90.57
FREQ00008258,ALU00689,2026-02-01,96.39
FREQ00008259,ALU00689,2026-03-01,90.24
FREQ00008260,ALU00689,2026-04-01,88.93
FREQ00008261,ALU00689,2026-05-01,95.01
FREQ00008262,ALU00689,2026-06-01,92.64
FREQ00008263,ALU00689,2026-07-01,93.02
FREQ00008264,ALU00689,2026-08-01,93.78
FREQ00008265,ALU00689,2026-09-01,93.19
FREQ00008266,ALU00689,2026-10-01,89.46
FREQ00008267,ALU00689,2026-11-01,90.79
FREQ00008268,ALU00689,2026-12-01,87.99
FREQ00008269,ALU00690,2026-01-01,98.61
FREQ00008270,ALU00690,2026-02-01,91.17
FREQ00008271,ALU00690,2026-03-01,90.87
FREQ00008272,ALU00690,2026-04-01,90.66
FREQ00008273,ALU00690,2026-05-01,96.52
FREQ00008274,ALU00690,2026-06-01,89.92
FREQ00008275,ALU00690,2026-07-01,92.88
FREQ00008276,ALU00690,2026-08-01,92.04
FREQ00008277,ALU00690,2026-09-01,93.88
FREQ00008278,ALU00690,2026-10-01,91.84
FREQ00008279,ALU00690,2026-11-01,88.99
FREQ00008280,ALU00690,2026-12-01,87.08
FREQ00008281,ALU00691,2026-01-01,88.22
FREQ00008282,ALU00691,2026-02-01,87.9
FREQ00008283,ALU00691,2026-03-01,92.78
FREQ00008284,ALU00691,2026-04-01,98.03
FREQ00008285,ALU00691,2026-05-01,87.85
FREQ00008286,ALU00691,2026-06-01,91.53
FREQ00008287,ALU00691,2026-07-01,89.53
FREQ00008288,ALU00691,2026-08-01,98.28
FREQ00008289,ALU00691,2026-09-01,87.07
FREQ00008290,ALU00691,2026-10-01,87.81
FREQ00008291,ALU00691,2026-11-01,96.99
FREQ00008292,ALU00691,2026-12-01,88.56
FREQ00008293,ALU00692,2026-01-01,88.6
FREQ00008294,ALU00692,2026-02-01,97.55
FREQ00008295,ALU00692,2026-03-01,95.52
FREQ00008296,ALU00692,2026-04-01,96.67
FREQ00008297,ALU00692,2026-05-01,95.47
FREQ00008298,ALU00692,2026-06-01,88.72
FREQ00008299,ALU00692,2026-07-01,88.37
FREQ00008300,ALU00692,2026-08-01,92.08
FREQ00008301,ALU00692,2026-09-01,95.5
FREQ00008302,ALU00692,2026-10-01,92.67
FREQ00008303,ALU00692,2026-11-01,89.82
FREQ00008304,ALU00692,2026-12-01,87.56
FREQ00008305,ALU00693,2026-01-01,93.86
FREQ00008306,ALU00693,2026-02-01,90.86
FREQ00008307,ALU00693,2026-03-01,87.11
FREQ00008308,ALU00693,2026-04-01,96.86
FREQ00008309,ALU00693,2026-05-01,97.95
FREQ00008310,ALU00693,2026-06-01,88.08
FREQ00008311,ALU00693,2026-07-01,90.69
FREQ00008312,ALU00693,2026-08-01,95.5
FREQ00008313,ALU00693,2026-09-01,94.3
FREQ00008314,ALU00693,2026-10-01,95.1
FREQ00008315,ALU00693,2026-11-01,92.25
FREQ00008316,ALU00693,2026-12-01,96.32
FREQ00008317,ALU00694,2026-01-01,88.97
FREQ00008318,ALU00694,2026-02-01,91.89
FREQ00008319,ALU00694,2026-03-01,89.13
FREQ00008320,ALU00694,2026-04-01,96.76
FREQ00008321,ALU00694,2026-05-01,95.19
FREQ00008322,ALU00694,2026-06-01,87.18
FREQ00008323,ALU00694,2026-07-01,97.38
FREQ00008324,ALU00694,2026-08-01,97.86
FREQ00008325,ALU00694,2026-09-01,90.03
FREQ00008326,ALU00694,2026-10-01,93.97
FREQ00008327,ALU00694,2026-11-01,87.59
FREQ00008328,ALU00694,2026-12-01,95.58
FREQ00008329,ALU00695,2026-01-01,88.83
FREQ00008330,ALU00695,2026-02-01,98.74
FREQ00008331,ALU00695,2026-03-01,89.89
FREQ00008332,ALU00695,2026-04-01,96.86
FREQ00008333,ALU00695,2026-05-01,98.11
FREQ00008334,ALU00695,2026-06-01,95.87
FREQ00008335,ALU00695,2026-07-01,87.99
FREQ00008336,ALU00695,2026-08-01,95.23
FREQ00008337,ALU00695,2026-09-01,90.84
FREQ00008338,ALU00695,2026-10-01,89.32
FREQ00008339,ALU00695,2026-11-01,94.38
FREQ00008340,ALU00695,2026-12-01,87.95
FREQ00008341,ALU00696,2026-01-01,92.16
FREQ00008342,ALU00696,2026-02-01,89.43
FREQ00008343,ALU00696,2026-03-01,98.96
FREQ00008344,ALU00696,2026-04-01,92.69
FREQ00008345,ALU00696,2026-05-01,88.53
FREQ00008346,ALU00696,2026-06-01,87.38
FREQ00008347,ALU00696,2026-07-01,96.0
FREQ00008348,ALU00696,2026-08-01,87.99
FREQ00008349,ALU00696,2026-09-01,97.81
FREQ00008350,ALU00696,2026-10-01,94.32
FREQ00008351,ALU00696,2026-11-01,96.27
FREQ00008352,ALU00696,2026-12-01,95.68
FREQ00008353,ALU00697,2026-01-01,89.0
FREQ00008354,ALU00697,2026-02-01,87.61
FREQ00008355,ALU00697,2026-03-01,88.29
FREQ00008356,ALU00697,2026-04-01,88.2
FREQ00008357,ALU00697,2026-05-01,98.41
FREQ00008358,ALU00697,2026-06-01,95.9
FREQ00008359,ALU00697,2026-07-01,87.17
FREQ00008360,ALU00697,2026-08-01,94.52
FREQ00008361,ALU00697,2026-09-01,96.44
FREQ00008362,ALU00697,2026-10-01,89.06
FREQ00008363,ALU00697,2026-11-01,95.68
FREQ00008364,ALU00697,2026-12-01,90.94
FREQ00008365,ALU00698,2026-01-01,95.11
FREQ00008366,ALU00698,2026-02-01,87.45
FREQ00008367,ALU00698,2026-03-01,98.19
FREQ00008368,ALU00698,2026-04-01,91.89
FREQ00008369,ALU00698,2026-05-01,90.96
FREQ00008370,ALU00698,2026-06-01,88.49
FREQ00008371,ALU00698,2026-07-01,88.84
FREQ00008372,ALU00698,2026-08-01,96.9
FREQ00008373,ALU00698,2026-09-01,96.9
FREQ00008374,ALU00698,2026-10-01,93.98
FREQ00008375,ALU00698,2026-11-01,96.32
FREQ00008376,ALU00698,2026-12-01,89.19
FREQ00008377,ALU00699,2026-01-01,93.47
FREQ00008378,ALU00699,2026-02-01,89.24
FREQ00008379,ALU00699,2026-03-01,95.11
FREQ00008380,ALU00699,2026-04-01,97.4
FREQ00008381,ALU00699,2026-05-01,98.7
FREQ00008382,ALU00699,2026-06-01,88.43
FREQ00008383,ALU00699,2026-07-01,89.05
FREQ00008384,ALU00699,2026-08-01,91.72
FREQ00008385,ALU00699,2026-09-01,89.06
FREQ00008386,ALU00699,2026-10-01,98.61
FREQ00008387,ALU00699,2026-11-01,92.45
FREQ00008388,ALU00699,2026-12-01,89.98
FREQ00008389,ALU00700,2026-01-01,91.1
FREQ00008390,ALU00700,2026-02-01,94.18
FREQ00008391,ALU00700,2026-03-01,96.74
FREQ00008392,ALU00700,2026-04-01,93.65
FREQ00008393,ALU00700,2026-05-01,89.04
FREQ00008394,ALU00700,2026-06-01,93.81
FREQ00008395,ALU00700,2026-07-01,98.28
FREQ00008396,ALU00700,2026-08-01,91.06
FREQ00008397,ALU00700,2026-09-01,93.66
FREQ00008398,ALU00700,2026-10-01,92.64
FREQ00008399,ALU00700,2026-11-01,93.66
FREQ00008400,ALU00700,2026-12-01,97.45
FREQ00008401,ALU00701,2026-01-01,89.77
FREQ00008402,ALU00701,2026-02-01,89.48
FREQ00008403,ALU00701,2026-03-01,98.1
FREQ00008404,ALU00701,2026-04-01,88.17
FREQ00008405,ALU00701,2026-05-01,90.6
FREQ00008406,ALU00701,2026-06-01,87.14
FREQ00008407,ALU00701,2026-07-01,95.38
FREQ00008408,ALU00701,2026-08-01,93.78
FREQ00008409,ALU00701,2026-09-01,90.42
FREQ00008410,ALU00701,2026-10-01,93.47
FREQ00008411,ALU00701,2026-11-01,92.58
FREQ00008412,ALU00701,2026-12-01,91.94
FREQ00008413,ALU00702,2026-01-01,95.84
FREQ00008414,ALU00702,2026-02-01,97.7
FREQ00008415,ALU00702,2026-03-01,97.84
FREQ00008416,ALU00702,2026-04-01,97.0
FREQ00008417,ALU00702,2026-05-01,89.35
FREQ00008418,ALU00702,2026-06-01,91.8
FREQ00008419,ALU00702,2026-07-01,87.98
FREQ00008420,ALU00702,2026-08-01,95.51
FREQ00008421,ALU00702,2026-09-01,95.26
FREQ00008422,ALU00702,2026-10-01,90.1
FREQ00008423,ALU00702,2026-11-01,98.56
FREQ00008424,ALU00702,2026-12-01,91.06
FREQ00008425,ALU00703,2026-01-01,91.81
FREQ00008426,ALU00703,2026-02-01,96.83
FREQ00008427,ALU00703,2026-03-01,94.2
FREQ00008428,ALU00703,2026-04-01,97.46
FREQ00008429,ALU00703,2026-05-01,93.74
FREQ00008430,ALU00703,2026-06-01,98.15
FREQ00008431,ALU00703,2026-07-01,91.66
FREQ00008432,ALU00703,2026-08-01,90.19
FREQ00008433,ALU00703,2026-09-01,97.78
FREQ00008434,ALU00703,2026-10-01,89.39
FREQ00008435,ALU00703,2026-11-01,97.85
FREQ00008436,ALU00703,2026-12-01,98.89
FREQ00008437,ALU00704,2026-01-01,98.91
FREQ00008438,ALU00704,2026-02-01,94.18
FREQ00008439,ALU00704,2026-03-01,92.6
FREQ00008440,ALU00704,2026-04-01,89.05
FREQ00008441,ALU00704,2026-05-01,97.03
FREQ00008442,ALU00704,2026-06-01,87.19
FREQ00008443,ALU00704,2026-07-01,96.53
FREQ00008444,ALU00704,2026-08-01,88.54
FREQ00008445,ALU00704,2026-09-01,93.78
FREQ00008446,ALU00704,2026-10-01,90.8
FREQ00008447,ALU00704,2026-11-01,87.99
FREQ00008448,ALU00704,2026-12-01,90.76
FREQ00008449,ALU00705,2026-01-01,93.52
FREQ00008450,ALU00705,2026-02-01,91.9
FREQ00008451,ALU00705,2026-03-01,88.26
FREQ00008452,ALU00705,2026-04-01,96.7
FREQ00008453,ALU00705,2026-05-01,88.44
FREQ00008454,ALU00705,2026-06-01,97.45
FREQ00008455,ALU00705,2026-07-01,87.91
FREQ00008456,ALU00705,2026-08-01,97.13
FREQ00008457,ALU00705,2026-09-01,93.77
FREQ00008458,ALU00705,2026-10-01,97.02
FREQ00008459,ALU00705,2026-11-01,89.21
FREQ00008460,ALU00705,2026-12-01,94.53
FREQ00008461,ALU00706,2026-01-01,95.74
FREQ00008462,ALU00706,2026-02-01,90.11
FREQ00008463,ALU00706,2026-03-01,94.38
FREQ00008464,ALU00706,2026-04-01,98.12
FREQ00008465,ALU00706,2026-05-01,88.66
FREQ00008466,ALU00706,2026-06-01,93.26
FREQ00008467,ALU00706,2026-07-01,93.04
FREQ00008468,ALU00706,2026-08-01,97.06
FREQ00008469,ALU00706,2026-09-01,97.36
FREQ00008470,ALU00706,2026-10-01,89.25
FREQ00008471,ALU00706,2026-11-01,95.63
FREQ00008472,ALU00706,2026-12-01,90.52
FREQ00008473,ALU00707,2026-01-01,96.22
FREQ00008474,ALU00707,2026-02-01,90.74
FREQ00008475,ALU00707,2026-03-01,93.19
FREQ00008476,ALU00707,2026-04-01,96.3
FREQ00008477,ALU00707,2026-05-01,95.59
FREQ00008478,ALU00707,2026-06-01,87.82
FREQ00008479,ALU00707,2026-07-01,96.71
FREQ00008480,ALU00707,2026-08-01,93.6
FREQ00008481,ALU00707,2026-09-01,90.65
FREQ00008482,ALU00707,2026-10-01,92.42
FREQ00008483,ALU00707,2026-11-01,94.9
FREQ00008484,ALU00707,2026-12-01,97.06
FREQ00008485,ALU00708,2026-01-01,89.59
FREQ00008486,ALU00708,2026-02-01,96.07
FREQ00008487,ALU00708,2026-03-01,88.52
FREQ00008488,ALU00708,2026-04-01,93.18
FREQ00008489,ALU00708,2026-05-01,87.52
FREQ00008490,ALU00708,2026-06-01,93.65
FREQ00008491,ALU00708,2026-07-01,87.9
FREQ00008492,ALU00708,2026-08-01,87.61
FREQ00008493,ALU00708,2026-09-01,92.73
FREQ00008494,ALU00708,2026-10-01,93.96
FREQ00008495,ALU00708,2026-11-01,93.52
FREQ00008496,ALU00708,2026-12-01,93.94
FREQ00008497,ALU00709,2026-01-01,95.98
FREQ00008498,ALU00709,2026-02-01,88.59
FREQ00008499,ALU00709,2026-03-01,89.03
FREQ00008500,ALU00709,2026-04-01,87.82
FREQ00008501,ALU00709,2026-05-01,87.7
FREQ00008502,ALU00709,2026-06-01,93.01
FREQ00008503,ALU00709,2026-07-01,96.9
FREQ00008504,ALU00709,2026-08-01,97.94
FREQ00008505,ALU00709,2026-09-01,92.91
FREQ00008506,ALU00709,2026-10-01,90.75
FREQ00008507,ALU00709,2026-11-01,91.87
FREQ00008508,ALU00709,2026-12-01,95.96
FREQ00008509,ALU00710,2026-01-01,94.12
FREQ00008510,ALU00710,2026-02-01,89.69
FREQ00008511,ALU00710,2026-03-01,90.07
FREQ00008512,ALU00710,2026-04-01,87.68
FREQ00008513,ALU00710,2026-05-01,90.78
FREQ00008514,ALU00710,2026-06-01,88.43
FREQ00008515,ALU00710,2026-07-01,94.95
FREQ00008516,ALU00710,2026-08-01,89.8
FREQ00008517,ALU00710,2026-09-01,92.04
FREQ00008518,ALU00710,2026-10-01,89.63
FREQ00008519,ALU00710,2026-11-01,87.37
FREQ00008520,ALU00710,2026-12-01,92.31
FREQ00008521,ALU00711,2026-01-01,97.75
FREQ00008522,ALU00711,2026-02-01,89.44
FREQ00008523,ALU00711,2026-03-01,98.97
FREQ00008524,ALU00711,2026-04-01,93.32
FREQ00008525,ALU00711,2026-05-01,95.36
FREQ00008526,ALU00711,2026-06-01,89.36
FREQ00008527,ALU00711,2026-07-01,95.58
FREQ00008528,ALU00711,2026-08-01,91.96
FREQ00008529,ALU00711,2026-09-01,93.5
FREQ00008530,ALU00711,2026-10-01,89.73
FREQ00008531,ALU00711,2026-11-01,90.61
FREQ00008532,ALU00711,2026-12-01,89.47
FREQ00008533,ALU00712,2026-01-01,88.95
FREQ00008534,ALU00712,2026-02-01,90.96
FREQ00008535,ALU00712,2026-03-01,96.21
FREQ00008536,ALU00712,2026-04-01,98.66
FREQ00008537,ALU00712,2026-05-01,96.15
FREQ00008538,ALU00712,2026-06-01,98.43
FREQ00008539,ALU00712,2026-07-01,96.43
FREQ00008540,ALU00712,2026-08-01,87.65
FREQ00008541,ALU00712,2026-09-01,98.73
FREQ00008542,ALU00712,2026-10-01,98.76
FREQ00008543,ALU00712,2026-11-01,95.65
FREQ00008544,ALU00712,2026-12-01,98.04
FREQ00008545,ALU00713,2026-01-01,92.95
FREQ00008546,ALU00713,2026-02-01,93.12
FREQ00008547,ALU00713,2026-03-01,92.57
FREQ00008548,ALU00713,2026-04-01,97.55
FREQ00008549,ALU00713,2026-05-01,88.13
FREQ00008550,ALU00713,2026-06-01,98.3
FREQ00008551,ALU00713,2026-07-01,87.52
FREQ00008552,ALU00713,2026-08-01,88.66
FREQ00008553,ALU00713,2026-09-01,92.74
FREQ00008554,ALU00713,2026-10-01,88.39
FREQ00008555,ALU00713,2026-11-01,98.92
FREQ00008556,ALU00713,2026-12-01,97.93
FREQ00008557,ALU00714,2026-01-01,93.98
FREQ00008558,ALU00714,2026-02-01,89.99
FREQ00008559,ALU00714,2026-03-01,98.64
FREQ00008560,ALU00714,2026-04-01,87.45
FREQ00008561,ALU00714,2026-05-01,92.13
FREQ00008562,ALU00714,2026-06-01,98.12
FREQ00008563,ALU00714,2026-07-01,88.2
FREQ00008564,ALU00714,2026-08-01,97.46
FREQ00008565,ALU00714,2026-09-01,87.98
FREQ00008566,ALU00714,2026-10-01,92.76
FREQ00008567,ALU00714,2026-11-01,97.7
FREQ00008568,ALU00714,2026-12-01,93.47
FREQ00008569,ALU00715,2026-01-01,89.79
FREQ00008570,ALU00715,2026-02-01,98.48
FREQ00008571,ALU00715,2026-03-01,93.49
FREQ00008572,ALU00715,2026-04-01,89.37
FREQ00008573,ALU00715,2026-05-01,92.08
FREQ00008574,ALU00715,2026-06-01,98.88
FREQ00008575,ALU00715,2026-07-01,87.2
FREQ00008576,ALU00715,2026-08-01,95.03
FREQ00008577,ALU00715,2026-09-01,88.36
FREQ00008578,ALU00715,2026-10-01,88.95
FREQ00008579,ALU00715,2026-11-01,88.8
FREQ00008580,ALU00715,2026-12-01,87.81
FREQ00008581,ALU00716,2026-01-01,95.64
FREQ00008582,ALU00716,2026-02-01,98.49
FREQ00008583,ALU00716,2026-03-01,88.18
FREQ00008584,ALU00716,2026-04-01,92.9
FREQ00008585,ALU00716,2026-05-01,93.52
FREQ00008586,ALU00716,2026-06-01,91.03
FREQ00008587,ALU00716,2026-07-01,95.36
FREQ00008588,ALU00716,2026-08-01,96.1
FREQ00008589,ALU00716,2026-09-01,98.25
FREQ00008590,ALU00716,2026-10-01,92.64
FREQ00008591,ALU00716,2026-11-01,90.39
FREQ00008592,ALU00716,2026-12-01,96.6
FREQ00008593,ALU00717,2026-01-01,97.98
FREQ00008594,ALU00717,2026-02-01,92.98
FREQ00008595,ALU00717,2026-03-01,91.66
FREQ00008596,ALU00717,2026-04-01,87.18
FREQ00008597,ALU00717,2026-05-01,92.76
FREQ00008598,ALU00717,2026-06-01,90.95
FREQ00008599,ALU00717,2026-07-01,89.39
FREQ00008600,ALU00717,2026-08-01,97.33
FREQ00008601,ALU00717,2026-09-01,95.18
FREQ00008602,ALU00717,2026-10-01,96.58
FREQ00008603,ALU00717,2026-11-01,98.45
FREQ00008604,ALU00717,2026-12-01,98.3
FREQ00008605,ALU00718,2026-01-01,89.05
FREQ00008606,ALU00718,2026-02-01,88.54
FREQ00008607,ALU00718,2026-03-01,91.25
FREQ00008608,ALU00718,2026-04-01,93.14
FREQ00008609,ALU00718,2026-05-01,93.63
FREQ00008610,ALU00718,2026-06-01,92.11
FREQ00008611,ALU00718,2026-07-01,92.72
FREQ00008612,ALU00718,2026-08-01,88.63
FREQ00008613,ALU00718,2026-09-01,93.78
FREQ00008614,ALU00718,2026-10-01,96.59
FREQ00008615,ALU00718,2026-11-01,89.62
FREQ00008616,ALU00718,2026-12-01,95.06
FREQ00008617,ALU00719,2026-01-01,88.17
FREQ00008618,ALU00719,2026-02-01,94.35
FREQ00008619,ALU00719,2026-03-01,95.1
FREQ00008620,ALU00719,2026-04-01,92.01
FREQ00008621,ALU00719,2026-05-01,96.81
FREQ00008622,ALU00719,2026-06-01,98.57
FREQ00008623,ALU00719,2026-07-01,95.25
FREQ00008624,ALU00719,2026-08-01,89.05
FREQ00008625,ALU00719,2026-09-01,90.58
FREQ00008626,ALU00719,2026-10-01,87.05
FREQ00008627,ALU00719,2026-11-01,88.48
FREQ00008628,ALU00719,2026-12-01,89.34
FREQ00008629,ALU00720,2026-01-01,94.7
FREQ00008630,ALU00720,2026-02-01,95.32
FREQ00008631,ALU00720,2026-03-01,98.7
FREQ00008632,ALU00720,2026-04-01,96.16
FREQ00008633,ALU00720,2026-05-01,89.56
FREQ00008634,ALU00720,2026-06-01,91.06
FREQ00008635,ALU00720,2026-07-01,97.08
FREQ00008636,ALU00720,2026-08-01,92.7
FREQ00008637,ALU00720,2026-09-01,89.44
FREQ00008638,ALU00720,2026-10-01,90.65
FREQ00008639,ALU00720,2026-11-01,96.21
FREQ00008640,ALU00720,2026-12-01,98.63
FREQ00008641,ALU00721,2026-01-01,89.0
FREQ00008642,ALU00721,2026-02-01,89.64
FREQ00008643,ALU00721,2026-03-01,96.58
FREQ00008644,ALU00721,2026-04-01,94.21
FREQ00008645,ALU00721,2026-05-01,92.6
FREQ00008646,ALU00721,2026-06-01,92.62
FREQ00008647,ALU00721,2026-07-01,95.26
FREQ00008648,ALU00721,2026-08-01,91.32
FREQ00008649,ALU00721,2026-09-01,95.17
FREQ00008650,ALU00721,2026-10-01,87.43
FREQ00008651,ALU00721,2026-11-01,92.41
FREQ00008652,ALU00721,2026-12-01,90.86
FREQ00008653,ALU00722,2026-01-01,88.34
FREQ00008654,ALU00722,2026-02-01,97.33
FREQ00008655,ALU00722,2026-03-01,96.39
FREQ00008656,ALU00722,2026-04-01,90.2
FREQ00008657,ALU00722,2026-05-01,96.34
FREQ00008658,ALU00722,2026-06-01,88.06
FREQ00008659,ALU00722,2026-07-01,92.45
FREQ00008660,ALU00722,2026-08-01,97.99
FREQ00008661,ALU00722,2026-09-01,88.74
FREQ00008662,ALU00722,2026-10-01,91.43
FREQ00008663,ALU00722,2026-11-01,97.5
FREQ00008664,ALU00722,2026-12-01,91.41
FREQ00008665,ALU00723,2026-01-01,89.67
FREQ00008666,ALU00723,2026-02-01,88.11
FREQ00008667,ALU00723,2026-03-01,96.35
FREQ00008668,ALU00723,2026-04-01,93.72
FREQ00008669,ALU00723,2026-05-01,96.39
FREQ00008670,ALU00723,2026-06-01,96.37
FREQ00008671,ALU00723,2026-07-01,92.93
FREQ00008672,ALU00723,2026-08-01,98.07
FREQ00008673,ALU00723,2026-09-01,98.16
FREQ00008674,ALU00723,2026-10-01,90.82
FREQ00008675,ALU00723,2026-11-01,97.13
FREQ00008676,ALU00723,2026-12-01,87.09
FREQ00008677,ALU00724,2026-01-01,89.19
FREQ00008678,ALU00724,2026-02-01,94.75
FREQ00008679,ALU00724,2026-03-01,94.27
FREQ00008680,ALU00724,2026-04-01,92.72
FREQ00008681,ALU00724,2026-05-01,94.8
FREQ00008682,ALU00724,2026-06-01,96.57
FREQ00008683,ALU00724,2026-07-01,89.24
FREQ00008684,ALU00724,2026-08-01,92.51
FREQ00008685,ALU00724,2026-09-01,91.26
FREQ00008686,ALU00724,2026-10-01,94.0
FREQ00008687,ALU00724,2026-11-01,97.8
FREQ00008688,ALU00724,2026-12-01,91.99
FREQ00008689,ALU00725,2026-01-01,94.14
FREQ00008690,ALU00725,2026-02-01,94.27
FREQ00008691,ALU00725,2026-03-01,96.06
FREQ00008692,ALU00725,2026-04-01,96.28
FREQ00008693,ALU00725,2026-05-01,97.02
FREQ00008694,ALU00725,2026-06-01,92.77
FREQ00008695,ALU00725,2026-07-01,98.33
FREQ00008696,ALU00725,2026-08-01,97.04
FREQ00008697,ALU00725,2026-09-01,91.39
FREQ00008698,ALU00725,2026-10-01,92.48
FREQ00008699,ALU00725,2026-11-01,97.17
FREQ00008700,ALU00725,2026-12-01,93.54
FREQ00008701,ALU00726,2026-01-01,91.41
FREQ00008702,ALU00726,2026-02-01,89.47
FREQ00008703,ALU00726,2026-03-01,89.45
FREQ00008704,ALU00726,2026-04-01,87.4
FREQ00008705,ALU00726,2026-05-01,89.06
FREQ00008706,ALU00726,2026-06-01,96.95
FREQ00008707,ALU00726,2026-07-01,96.8
FREQ00008708,ALU00726,2026-08-01,96.81
FREQ00008709,ALU00726,2026-09-01,87.28
FREQ00008710,ALU00726,2026-10-01,96.68
FREQ00008711,ALU00726,2026-11-01,96.7
FREQ00008712,ALU00726,2026-12-01,98.81
FREQ00008713,ALU00727,2026-01-01,92.37
FREQ00008714,ALU00727,2026-02-01,96.21
FREQ00008715,ALU00727,2026-03-01,98.85
FREQ00008716,ALU00727,2026-04-01,92.83
FREQ00008717,ALU00727,2026-05-01,91.13
FREQ00008718,ALU00727,2026-06-01,88.27
FREQ00008719,ALU00727,2026-07-01,87.3
FREQ00008720,ALU00727,2026-08-01,92.45
FREQ00008721,ALU00727,2026-09-01,90.99
FREQ00008722,ALU00727,2026-10-01,94.61
FREQ00008723,ALU00727,2026-11-01,98.44
FREQ00008724,ALU00727,2026-12-01,94.64
FREQ00008725,ALU00728,2026-01-01,96.42
FREQ00008726,ALU00728,2026-02-01,97.73
FREQ00008727,ALU00728,2026-03-01,87.9
FREQ00008728,ALU00728,2026-04-01,93.47
FREQ00008729,ALU00728,2026-05-01,98.08
FREQ00008730,ALU00728,2026-06-01,87.35
FREQ00008731,ALU00728,2026-07-01,95.1
FREQ00008732,ALU00728,2026-08-01,96.2
FREQ00008733,ALU00728,2026-09-01,98.83
FREQ00008734,ALU00728,2026-10-01,96.74
FREQ00008735,ALU00728,2026-11-01,91.78
FREQ00008736,ALU00728,2026-12-01,90.56
FREQ00008737,ALU00729,2026-01-01,97.34
FREQ00008738,ALU00729,2026-02-01,95.14
FREQ00008739,ALU00729,2026-03-01,92.82
FREQ00008740,ALU00729,2026-04-01,98.95
FREQ00008741,ALU00729,2026-05-01,92.37
FREQ00008742,ALU00729,2026-06-01,87.21
FREQ00008743,ALU00729,2026-07-01,89.46
FREQ00008744,ALU00729,2026-08-01,96.49
FREQ00008745,ALU00729,2026-09-01,97.66
FREQ00008746,ALU00729,2026-10-01,88.38
FREQ00008747,ALU00729,2026-11-01,93.51
FREQ00008748,ALU00729,2026-12-01,91.94
FREQ00008749,ALU00730,2026-01-01,96.11
FREQ00008750,ALU00730,2026-02-01,91.26
FREQ00008751,ALU00730,2026-03-01,97.42
FREQ00008752,ALU00730,2026-04-01,92.85
FREQ00008753,ALU00730,2026-05-01,93.67
FREQ00008754,ALU00730,2026-06-01,91.2
FREQ00008755,ALU00730,2026-07-01,96.54
FREQ00008756,ALU00730,2026-08-01,88.53
FREQ00008757,ALU00730,2026-09-01,90.27
FREQ00008758,ALU00730,2026-10-01,98.22
FREQ00008759,ALU00730,2026-11-01,94.1
FREQ00008760,ALU00730,2026-12-01,87.43
FREQ00008761,ALU00731,2026-01-01,95.76
FREQ00008762,ALU00731,2026-02-01,88.78
FREQ00008763,ALU00731,2026-03-01,87.9
FREQ00008764,ALU00731,2026-04-01,87.95
FREQ00008765,ALU00731,2026-05-01,87.26
FREQ00008766,ALU00731,2026-06-01,94.51
FREQ00008767,ALU00731,2026-07-01,88.07
FREQ00008768,ALU00731,2026-08-01,91.9
FREQ00008769,ALU00731,2026-09-01,94.92
FREQ00008770,ALU00731,2026-10-01,89.91
FREQ00008771,ALU00731,2026-11-01,90.18
FREQ00008772,ALU00731,2026-12-01,87.1
FREQ00008773,ALU00732,2026-01-01,95.54
FREQ00008774,ALU00732,2026-02-01,90.87
FREQ00008775,ALU00732,2026-03-01,97.67
FREQ00008776,ALU00732,2026-04-01,98.23
FREQ00008777,ALU00732,2026-05-01,88.17
FREQ00008778,ALU00732,2026-06-01,98.29
FREQ00008779,ALU00732,2026-07-01,90.59
FREQ00008780,ALU00732,2026-08-01,87.75
FREQ00008781,ALU00732,2026-09-01,93.24
FREQ00008782,ALU00732,2026-10-01,89.81
FREQ00008783,ALU00732,2026-11-01,89.99
FREQ00008784,ALU00732,2026-12-01,97.65
FREQ00008785,ALU00733,2026-01-01,95.18
FREQ00008786,ALU00733,2026-02-01,93.19
FREQ00008787,ALU00733,2026-03-01,97.53
FREQ00008788,ALU00733,2026-04-01,95.86
FREQ00008789,ALU00733,2026-05-01,90.45
FREQ00008790,ALU00733,2026-06-01,91.03
FREQ00008791,ALU00733,2026-07-01,89.06
FREQ00008792,ALU00733,2026-08-01,96.27
FREQ00008793,ALU00733,2026-09-01,88.9
FREQ00008794,ALU00733,2026-10-01,87.59
FREQ00008795,ALU00733,2026-11-01,94.55
FREQ00008796,ALU00733,2026-12-01,87.56
FREQ00008797,ALU00734,2026-01-01,89.51
FREQ00008798,ALU00734,2026-02-01,94.12
FREQ00008799,ALU00734,2026-03-01,93.4
FREQ00008800,ALU00734,2026-04-01,95.4
FREQ00008801,ALU00734,2026-05-01,95.11
FREQ00008802,ALU00734,2026-06-01,98.97
FREQ00008803,ALU00734,2026-07-01,92.56
FREQ00008804,ALU00734,2026-08-01,92.43
FREQ00008805,ALU00734,2026-09-01,92.45
FREQ00008806,ALU00734,2026-10-01,95.67
FREQ00008807,ALU00734,2026-11-01,94.65
FREQ00008808,ALU00734,2026-12-01,91.97
FREQ00008809,ALU00735,2026-01-01,87.49
FREQ00008810,ALU00735,2026-02-01,91.62
FREQ00008811,ALU00735,2026-03-01,96.74
FREQ00008812,ALU00735,2026-04-01,94.72
FREQ00008813,ALU00735,2026-05-01,95.55
FREQ00008814,ALU00735,2026-06-01,97.15
FREQ00008815,ALU00735,2026-07-01,87.28
FREQ00008816,ALU00735,2026-08-01,89.76
FREQ00008817,ALU00735,2026-09-01,94.8
FREQ00008818,ALU00735,2026-10-01,93.92
FREQ00008819,ALU00735,2026-11-01,88.74
FREQ00008820,ALU00735,2026-12-01,96.58
FREQ00008821,ALU00736,2026-01-01,93.79
FREQ00008822,ALU00736,2026-02-01,91.51
FREQ00008823,ALU00736,2026-03-01,93.7
FREQ00008824,ALU00736,2026-04-01,93.26
FREQ00008825,ALU00736,2026-05-01,89.83
FREQ00008826,ALU00736,2026-06-01,97.44
FREQ00008827,ALU00736,2026-07-01,97.93
FREQ00008828,ALU00736,2026-08-01,88.9
FREQ00008829,ALU00736,2026-09-01,88.89
FREQ00008830,ALU00736,2026-10-01,90.85
FREQ00008831,ALU00736,2026-11-01,94.26
FREQ00008832,ALU00736,2026-12-01,94.79
FREQ00008833,ALU00737,2026-01-01,96.88
FREQ00008834,ALU00737,2026-02-01,92.3
FREQ00008835,ALU00737,2026-03-01,90.88
FREQ00008836,ALU00737,2026-04-01,88.84
FREQ00008837,ALU00737,2026-05-01,94.04
FREQ00008838,ALU00737,2026-06-01,93.2
FREQ00008839,ALU00737,2026-07-01,97.43
FREQ00008840,ALU00737,2026-08-01,93.56
FREQ00008841,ALU00737,2026-09-01,92.98
FREQ00008842,ALU00737,2026-10-01,90.3
FREQ00008843,ALU00737,2026-11-01,88.91
FREQ00008844,ALU00737,2026-12-01,88.72
FREQ00008845,ALU00738,2026-01-01,98.51
FREQ00008846,ALU00738,2026-02-01,89.02
FREQ00008847,ALU00738,2026-03-01,89.77
FREQ00008848,ALU00738,2026-04-01,94.79
FREQ00008849,ALU00738,2026-05-01,90.3
FREQ00008850,ALU00738,2026-06-01,93.38
FREQ00008851,ALU00738,2026-07-01,91.32
FREQ00008852,ALU00738,2026-08-01,92.56
FREQ00008853,ALU00738,2026-09-01,89.5
FREQ00008854,ALU00738,2026-10-01,96.94
FREQ00008855,ALU00738,2026-11-01,97.29
FREQ00008856,ALU00738,2026-12-01,92.06
FREQ00008857,ALU00739,2026-01-01,97.48
FREQ00008858,ALU00739,2026-02-01,93.88
FREQ00008859,ALU00739,2026-03-01,92.7
FREQ00008860,ALU00739,2026-04-01,91.78
FREQ00008861,ALU00739,2026-05-01,91.15
FREQ00008862,ALU00739,2026-06-01,96.28
FREQ00008863,ALU00739,2026-07-01,92.34
FREQ00008864,ALU00739,2026-08-01,96.2
FREQ00008865,ALU00739,2026-09-01,88.55
FREQ00008866,ALU00739,2026-10-01,90.6
FREQ00008867,ALU00739,2026-11-01,93.04
FREQ00008868,ALU00739,2026-12-01,90.87
FREQ00008869,ALU00740,2026-01-01,89.86
FREQ00008870,ALU00740,2026-02-01,89.54
FREQ00008871,ALU00740,2026-03-01,88.42
FREQ00008872,ALU00740,2026-04-01,93.74
FREQ00008873,ALU00740,2026-05-01,94.58
FREQ00008874,ALU00740,2026-06-01,88.55
FREQ00008875,ALU00740,2026-07-01,97.08
FREQ00008876,ALU00740,2026-08-01,87.68
FREQ00008877,ALU00740,2026-09-01,91.75
FREQ00008878,ALU00740,2026-10-01,87.51
FREQ00008879,ALU00740,2026-11-01,88.48
FREQ00008880,ALU00740,2026-12-01,95.8
FREQ00008881,ALU00741,2026-01-01,95.3
FREQ00008882,ALU00741,2026-02-01,93.32
FREQ00008883,ALU00741,2026-03-01,90.5
FREQ00008884,ALU00741,2026-04-01,90.0
FREQ00008885,ALU00741,2026-05-01,89.91
FREQ00008886,ALU00741,2026-06-01,96.72
FREQ00008887,ALU00741,2026-07-01,89.21
FREQ00008888,ALU00741,2026-08-01,97.83
FREQ00008889,ALU00741,2026-09-01,93.53
FREQ00008890,ALU00741,2026-10-01,95.1
FREQ00008891,ALU00741,2026-11-01,89.24
FREQ00008892,ALU00741,2026-12-01,98.37
FREQ00008893,ALU00742,2026-01-01,95.08
FREQ00008894,ALU00742,2026-02-01,92.27
FREQ00008895,ALU00742,2026-03-01,98.44
FREQ00008896,ALU00742,2026-04-01,98.98
FREQ00008897,ALU00742,2026-05-01,93.78
FREQ00008898,ALU00742,2026-06-01,93.89
FREQ00008899,ALU00742,2026-07-01,96.85
FREQ00008900,ALU00742,2026-08-01,96.89
FREQ00008901,ALU00742,2026-09-01,88.53
FREQ00008902,ALU00742,2026-10-01,90.12
FREQ00008903,ALU00742,2026-11-01,93.85
FREQ00008904,ALU00742,2026-12-01,93.93
FREQ00008905,ALU00743,2026-01-01,98.43
FREQ00008906,ALU00743,2026-02-01,91.01
FREQ00008907,ALU00743,2026-03-01,96.49
FREQ00008908,ALU00743,2026-04-01,92.7
FREQ00008909,ALU00743,2026-05-01,96.76
FREQ00008910,ALU00743,2026-06-01,90.74
FREQ00008911,ALU00743,2026-07-01,93.55
FREQ00008912,ALU00743,2026-08-01,93.42
FREQ00008913,ALU00743,2026-09-01,94.51
FREQ00008914,ALU00743,2026-10-01,96.71
FREQ00008915,ALU00743,2026-11-01,92.98
FREQ00008916,ALU00743,2026-12-01,94.33
FREQ00008917,ALU00744,2026-01-01,87.59
FREQ00008918,ALU00744,2026-02-01,98.42
FREQ00008919,ALU00744,2026-03-01,95.06
FREQ00008920,ALU00744,2026-04-01,88.38
FREQ00008921,ALU00744,2026-05-01,96.34
FREQ00008922,ALU00744,2026-06-01,96.85
FREQ00008923,ALU00744,2026-07-01,88.99
FREQ00008924,ALU00744,2026-08-01,94.16
FREQ00008925,ALU00744,2026-09-01,87.3
FREQ00008926,ALU00744,2026-10-01,88.81
FREQ00008927,ALU00744,2026-11-01,88.12
FREQ00008928,ALU00744,2026-12-01,91.27
FREQ00008929,ALU00745,2026-01-01,91.58
FREQ00008930,ALU00745,2026-02-01,88.41
FREQ00008931,ALU00745,2026-03-01,97.32
FREQ00008932,ALU00745,2026-04-01,88.7
FREQ00008933,ALU00745,2026-05-01,95.39
FREQ00008934,ALU00745,2026-06-01,95.21
FREQ00008935,ALU00745,2026-07-01,89.59
FREQ00008936,ALU00745,2026-08-01,87.13
FREQ00008937,ALU00745,2026-09-01,93.41
FREQ00008938,ALU00745,2026-10-01,90.89
FREQ00008939,ALU00745,2026-11-01,87.46
FREQ00008940,ALU00745,2026-12-01,94.65
FREQ00008941,ALU00746,2026-01-01,89.34
FREQ00008942,ALU00746,2026-02-01,98.93
FREQ00008943,ALU00746,2026-03-01,93.31
FREQ00008944,ALU00746,2026-04-01,88.33
FREQ00008945,ALU00746,2026-05-01,97.84
FREQ00008946,ALU00746,2026-06-01,94.46
FREQ00008947,ALU00746,2026-07-01,92.57
FREQ00008948,ALU00746,2026-08-01,96.51
FREQ00008949,ALU00746,2026-09-01,89.59
FREQ00008950,ALU00746,2026-10-01,88.27
FREQ00008951,ALU00746,2026-11-01,89.44
FREQ00008952,ALU00746,2026-12-01,96.62
FREQ00008953,ALU00747,2026-01-01,87.25
FREQ00008954,ALU00747,2026-02-01,90.84
FREQ00008955,ALU00747,2026-03-01,89.66
FREQ00008956,ALU00747,2026-04-01,91.31
FREQ00008957,ALU00747,2026-05-01,96.94
FREQ00008958,ALU00747,2026-06-01,97.28
FREQ00008959,ALU00747,2026-07-01,92.36
FREQ00008960,ALU00747,2026-08-01,90.32
FREQ00008961,ALU00747,2026-09-01,95.05
FREQ00008962,ALU00747,2026-10-01,93.76
FREQ00008963,ALU00747,2026-11-01,95.6
FREQ00008964,ALU00747,2026-12-01,96.1
FREQ00008965,ALU00748,2026-01-01,94.04
FREQ00008966,ALU00748,2026-02-01,98.41
FREQ00008967,ALU00748,2026-03-01,98.11
FREQ00008968,ALU00748,2026-04-01,94.96
FREQ00008969,ALU00748,2026-05-01,89.82
FREQ00008970,ALU00748,2026-06-01,88.43
FREQ00008971,ALU00748,2026-07-01,94.66
FREQ00008972,ALU00748,2026-08-01,96.06
FREQ00008973,ALU00748,2026-09-01,91.5
FREQ00008974,ALU00748,2026-10-01,96.32
FREQ00008975,ALU00748,2026-11-01,87.95
FREQ00008976,ALU00748,2026-12-01,98.78
FREQ00008977,ALU00749,2026-01-01,88.67
FREQ00008978,ALU00749,2026-02-01,89.77
FREQ00008979,ALU00749,2026-03-01,98.01
FREQ00008980,ALU00749,2026-04-01,97.21
FREQ00008981,ALU00749,2026-05-01,93.98
FREQ00008982,ALU00749,2026-06-01,87.56
FREQ00008983,ALU00749,2026-07-01,91.44
FREQ00008984,ALU00749,2026-08-01,90.15
FREQ00008985,ALU00749,2026-09-01,90.46
FREQ00008986,ALU00749,2026-10-01,91.39
FREQ00008987,ALU00749,2026-11-01,95.72
FREQ00008988,ALU00749,2026-12-01,95.79
FREQ00008989,ALU00750,2026-01-01,88.08
FREQ00008990,ALU00750,2026-02-01,98.06
FREQ00008991,ALU00750,2026-03-01,95.22
FREQ00008992,ALU00750,2026-04-01,89.18
FREQ00008993,ALU00750,2026-05-01,87.01
FREQ00008994,ALU00750,2026-06-01,93.88
FREQ00008995,ALU00750,2026-07-01,89.93
FREQ00008996,ALU00750,2026-08-01,90.42
FREQ00008997,ALU00750,2026-09-01,89.36
FREQ00008998,ALU00750,2026-10-01,87.22
FREQ00008999,ALU00750,2026-11-01,98.63
FREQ00009000,ALU00750,2026-12-01,88.08
FREQ00009001,ALU00751,2026-01-01,87.94
FREQ00009002,ALU00751,2026-02-01,92.96
FREQ00009003,ALU00751,2026-03-01,98.13
FREQ00009004,ALU00751,2026-04-01,97.18
FREQ00009005,ALU00751,2026-05-01,94.78
FREQ00009006,ALU00751,2026-06-01,87.03
FREQ00009007,ALU00751,2026-07-01,90.67
FREQ00009008,ALU00751,2026-08-01,94.46
FREQ00009009,ALU00751,2026-09-01,97.67
FREQ00009010,ALU00751,2026-10-01,96.29
FREQ00009011,ALU00751,2026-11-01,96.95
FREQ00009012,ALU00751,2026-12-01,95.55
FREQ00009013,ALU00752,2026-01-01,92.94
FREQ00009014,ALU00752,2026-02-01,94.97
FREQ00009015,ALU00752,2026-03-01,93.73
FREQ00009016,ALU00752,2026-04-01,93.34
FREQ00009017,ALU00752,2026-05-01,98.55
FREQ00009018,ALU00752,2026-06-01,88.08
FREQ00009019,ALU00752,2026-07-01,96.06
FREQ00009020,ALU00752,2026-08-01,92.21
FREQ00009021,ALU00752,2026-09-01,90.45
FREQ00009022,ALU00752,2026-10-01,95.59
FREQ00009023,ALU00752,2026-11-01,98.73
FREQ00009024,ALU00752,2026-12-01,92.51
FREQ00009025,ALU00753,2026-01-01,93.49
FREQ00009026,ALU00753,2026-02-01,89.02
FREQ00009027,ALU00753,2026-03-01,96.31
FREQ00009028,ALU00753,2026-04-01,88.28
FREQ00009029,ALU00753,2026-05-01,93.07
FREQ00009030,ALU00753,2026-06-01,94.7
FREQ00009031,ALU00753,2026-07-01,91.18
FREQ00009032,ALU00753,2026-08-01,92.95
FREQ00009033,ALU00753,2026-09-01,96.22
FREQ00009034,ALU00753,2026-10-01,90.11
FREQ00009035,ALU00753,2026-11-01,87.04
FREQ00009036,ALU00753,2026-12-01,98.94
FREQ00009037,ALU00754,2026-01-01,95.25
FREQ00009038,ALU00754,2026-02-01,97.2
FREQ00009039,ALU00754,2026-03-01,90.81
FREQ00009040,ALU00754,2026-04-01,92.69
FREQ00009041,ALU00754,2026-05-01,98.57
FREQ00009042,ALU00754,2026-06-01,87.24
FREQ00009043,ALU00754,2026-07-01,96.39
FREQ00009044,ALU00754,2026-08-01,96.45
FREQ00009045,ALU00754,2026-09-01,92.27
FREQ00009046,ALU00754,2026-10-01,97.57
FREQ00009047,ALU00754,2026-11-01,94.61
FREQ00009048,ALU00754,2026-12-01,92.33
FREQ00009049,ALU00755,2026-01-01,95.94
FREQ00009050,ALU00755,2026-02-01,98.4
FREQ00009051,ALU00755,2026-03-01,98.87
FREQ00009052,ALU00755,2026-04-01,90.91
FREQ00009053,ALU00755,2026-05-01,87.7
FREQ00009054,ALU00755,2026-06-01,95.42
FREQ00009055,ALU00755,2026-07-01,98.28
FREQ00009056,ALU00755,2026-08-01,90.3
FREQ00009057,ALU00755,2026-09-01,97.41
FREQ00009058,ALU00755,2026-10-01,91.41
FREQ00009059,ALU00755,2026-11-01,92.5
FREQ00009060,ALU00755,2026-12-01,95.31
FREQ00009061,ALU00756,2026-01-01,91.64
FREQ00009062,ALU00756,2026-02-01,98.04
FREQ00009063,ALU00756,2026-03-01,87.94
FREQ00009064,ALU00756,2026-04-01,90.74
FREQ00009065,ALU00756,2026-05-01,88.41
FREQ00009066,ALU00756,2026-06-01,97.06
FREQ00009067,ALU00756,2026-07-01,96.97
FREQ00009068,ALU00756,2026-08-01,89.58
FREQ00009069,ALU00756,2026-09-01,95.61
FREQ00009070,ALU00756,2026-10-01,96.66
FREQ00009071,ALU00756,2026-11-01,87.02
FREQ00009072,ALU00756,2026-12-01,94.73
FREQ00009073,ALU00757,2026-01-01,96.92
FREQ00009074,ALU00757,2026-02-01,91.1
FREQ00009075,ALU00757,2026-03-01,90.59
FREQ00009076,ALU00757,2026-04-01,90.46
FREQ00009077,ALU00757,2026-05-01,95.13
FREQ00009078,ALU00757,2026-06-01,97.75
FREQ00009079,ALU00757,2026-07-01,97.62
FREQ00009080,ALU00757,2026-08-01,89.41
FREQ00009081,ALU00757,2026-09-01,90.97
FREQ00009082,ALU00757,2026-10-01,92.49
FREQ00009083,ALU00757,2026-11-01,96.75
FREQ00009084,ALU00757,2026-12-01,87.57
FREQ00009085,ALU00758,2026-01-01,88.19
FREQ00009086,ALU00758,2026-02-01,94.16
FREQ00009087,ALU00758,2026-03-01,90.78
FREQ00009088,ALU00758,2026-04-01,91.42
FREQ00009089,ALU00758,2026-05-01,92.45
FREQ00009090,ALU00758,2026-06-01,90.33
FREQ00009091,ALU00758,2026-07-01,96.12
FREQ00009092,ALU00758,2026-08-01,91.45
FREQ00009093,ALU00758,2026-09-01,87.67
FREQ00009094,ALU00758,2026-10-01,89.33
FREQ00009095,ALU00758,2026-11-01,91.69
FREQ00009096,ALU00758,2026-12-01,98.0
FREQ00009097,ALU00759,2026-01-01,92.41
FREQ00009098,ALU00759,2026-02-01,96.09
FREQ00009099,ALU00759,2026-03-01,96.83
FREQ00009100,ALU00759,2026-04-01,87.86
FREQ00009101,ALU00759,2026-05-01,91.55
FREQ00009102,ALU00759,2026-06-01,95.91
FREQ00009103,ALU00759,2026-07-01,89.48
FREQ00009104,ALU00759,2026-08-01,98.59
FREQ00009105,ALU00759,2026-09-01,94.53
FREQ00009106,ALU00759,2026-10-01,88.49
FREQ00009107,ALU00759,2026-11-01,96.66
FREQ00009108,ALU00759,2026-12-01,96.6
FREQ00009109,ALU00760,2026-01-01,95.01
FREQ00009110,ALU00760,2026-02-01,92.37
FREQ00009111,ALU00760,2026-03-01,89.47
FREQ00009112,ALU00760,2026-04-01,95.39
FREQ00009113,ALU00760,2026-05-01,92.97
FREQ00009114,ALU00760,2026-06-01,88.17
FREQ00009115,ALU00760,2026-07-01,90.02
FREQ00009116,ALU00760,2026-08-01,97.31
FREQ00009117,ALU00760,2026-09-01,96.37
FREQ00009118,ALU00760,2026-10-01,92.31
FREQ00009119,ALU00760,2026-11-01,89.41
FREQ00009120,ALU00760,2026-12-01,93.36
FREQ00009121,ALU00761,2026-01-01,93.36
FREQ00009122,ALU00761,2026-02-01,97.51
FREQ00009123,ALU00761,2026-03-01,92.94
FREQ00009124,ALU00761,2026-04-01,90.89
FREQ00009125,ALU00761,2026-05-01,97.13
FREQ00009126,ALU00761,2026-06-01,87.14
FREQ00009127,ALU00761,2026-07-01,94.29
FREQ00009128,ALU00761,2026-08-01,95.15
FREQ00009129,ALU00761,2026-09-01,90.49
FREQ00009130,ALU00761,2026-10-01,88.35
FREQ00009131,ALU00761,2026-11-01,91.27
FREQ00009132,ALU00761,2026-12-01,95.25
FREQ00009133,ALU00762,2026-01-01,96.63
FREQ00009134,ALU00762,2026-02-01,88.44
FREQ00009135,ALU00762,2026-03-01,89.23
FREQ00009136,ALU00762,2026-04-01,87.64
FREQ00009137,ALU00762,2026-05-01,92.59
FREQ00009138,ALU00762,2026-06-01,92.61
FREQ00009139,ALU00762,2026-07-01,96.34
FREQ00009140,ALU00762,2026-08-01,95.89
FREQ00009141,ALU00762,2026-09-01,93.87
FREQ00009142,ALU00762,2026-10-01,92.89
FREQ00009143,ALU00762,2026-11-01,90.15
FREQ00009144,ALU00762,2026-12-01,96.85
FREQ00009145,ALU00763,2026-01-01,91.09
FREQ00009146,ALU00763,2026-02-01,96.17
FREQ00009147,ALU00763,2026-03-01,87.45
FREQ00009148,ALU00763,2026-04-01,96.94
FREQ00009149,ALU00763,2026-05-01,94.67
FREQ00009150,ALU00763,2026-06-01,91.99
FREQ00009151,ALU00763,2026-07-01,93.42
FREQ00009152,ALU00763,2026-08-01,94.88
FREQ00009153,ALU00763,2026-09-01,98.4
FREQ00009154,ALU00763,2026-10-01,98.66
FREQ00009155,ALU00763,2026-11-01,95.59
FREQ00009156,ALU00763,2026-12-01,92.96
FREQ00009157,ALU00764,2026-01-01,97.05
FREQ00009158,ALU00764,2026-02-01,96.83
FREQ00009159,ALU00764,2026-03-01,93.27
FREQ00009160,ALU00764,2026-04-01,92.89
FREQ00009161,ALU00764,2026-05-01,90.96
FREQ00009162,ALU00764,2026-06-01,90.53
FREQ00009163,ALU00764,2026-07-01,90.56
FREQ00009164,ALU00764,2026-08-01,95.98
FREQ00009165,ALU00764,2026-09-01,96.84
FREQ00009166,ALU00764,2026-10-01,93.0
FREQ00009167,ALU00764,2026-11-01,94.46
FREQ00009168,ALU00764,2026-12-01,92.45
FREQ00009169,ALU00765,2026-01-01,92.86
FREQ00009170,ALU00765,2026-02-01,94.13
FREQ00009171,ALU00765,2026-03-01,95.12
FREQ00009172,ALU00765,2026-04-01,98.2
FREQ00009173,ALU00765,2026-05-01,87.59
FREQ00009174,ALU00765,2026-06-01,98.44
FREQ00009175,ALU00765,2026-07-01,91.3
FREQ00009176,ALU00765,2026-08-01,88.54
FREQ00009177,ALU00765,2026-09-01,92.95
FREQ00009178,ALU00765,2026-10-01,93.55
FREQ00009179,ALU00765,2026-11-01,89.46
FREQ00009180,ALU00765,2026-12-01,87.14
FREQ00009181,ALU00766,2026-01-01,91.07
FREQ00009182,ALU00766,2026-02-01,94.05
FREQ00009183,ALU00766,2026-03-01,89.51
FREQ00009184,ALU00766,2026-04-01,94.32
FREQ00009185,ALU00766,2026-05-01,91.17
FREQ00009186,ALU00766,2026-06-01,87.99
FREQ00009187,ALU00766,2026-07-01,90.83
FREQ00009188,ALU00766,2026-08-01,90.88
FREQ00009189,ALU00766,2026-09-01,96.89
FREQ00009190,ALU00766,2026-10-01,91.41
FREQ00009191,ALU00766,2026-11-01,96.68
FREQ00009192,ALU00766,2026-12-01,97.16
FREQ00009193,ALU00767,2026-01-01,92.67
FREQ00009194,ALU00767,2026-02-01,90.48
FREQ00009195,ALU00767,2026-03-01,91.01
FREQ00009196,ALU00767,2026-04-01,94.99
FREQ00009197,ALU00767,2026-05-01,94.58
FREQ00009198,ALU00767,2026-06-01,93.25
FREQ00009199,ALU00767,2026-07-01,92.86
FREQ00009200,ALU00767,2026-08-01,90.73
FREQ00009201,ALU00767,2026-09-01,89.47
FREQ00009202,ALU00767,2026-10-01,90.54
FREQ00009203,ALU00767,2026-11-01,94.29
FREQ00009204,ALU00767,2026-12-01,92.59
FREQ00009205,ALU00768,2026-01-01,97.31
FREQ00009206,ALU00768,2026-02-01,90.24
FREQ00009207,ALU00768,2026-03-01,90.17
FREQ00009208,ALU00768,2026-04-01,92.66
FREQ00009209,ALU00768,2026-05-01,95.66
FREQ00009210,ALU00768,2026-06-01,88.5
FREQ00009211,ALU00768,2026-07-01,90.16
FREQ00009212,ALU00768,2026-08-01,88.27
FREQ00009213,ALU00768,2026-09-01,93.84
FREQ00009214,ALU00768,2026-10-01,97.4
FREQ00009215,ALU00768,2026-11-01,97.29
FREQ00009216,ALU00768,2026-12-01,96.35
FREQ00009217,ALU00769,2026-01-01,90.81
FREQ00009218,ALU00769,2026-02-01,93.83
FREQ00009219,ALU00769,2026-03-01,94.76
FREQ00009220,ALU00769,2026-04-01,89.07
FREQ00009221,ALU00769,2026-05-01,88.87
FREQ00009222,ALU00769,2026-06-01,89.07
FREQ00009223,ALU00769,2026-07-01,93.91
FREQ00009224,ALU00769,2026-08-01,98.33
FREQ00009225,ALU00769,2026-09-01,91.63
FREQ00009226,ALU00769,2026-10-01,94.51
FREQ00009227,ALU00769,2026-11-01,91.66
FREQ00009228,ALU00769,2026-12-01,87.89
FREQ00009229,ALU00770,2026-01-01,88.31
FREQ00009230,ALU00770,2026-02-01,88.44
FREQ00009231,ALU00770,2026-03-01,88.39
FREQ00009232,ALU00770,2026-04-01,88.46
FREQ00009233,ALU00770,2026-05-01,94.3
FREQ00009234,ALU00770,2026-06-01,96.0
FREQ00009235,ALU00770,2026-07-01,92.55
FREQ00009236,ALU00770,2026-08-01,94.96
FREQ00009237,ALU00770,2026-09-01,88.02
FREQ00009238,ALU00770,2026-10-01,94.11
FREQ00009239,ALU00770,2026-11-01,95.11
FREQ00009240,ALU00770,2026-12-01,89.37
FREQ00009241,ALU00771,2026-01-01,92.74
FREQ00009242,ALU00771,2026-02-01,95.27
FREQ00009243,ALU00771,2026-03-01,92.27
FREQ00009244,ALU00771,2026-04-01,96.47
FREQ00009245,ALU00771,2026-05-01,91.14
FREQ00009246,ALU00771,2026-06-01,96.12
FREQ00009247,ALU00771,2026-07-01,98.22
FREQ00009248,ALU00771,2026-08-01,94.31
FREQ00009249,ALU00771,2026-09-01,93.2
FREQ00009250,ALU00771,2026-10-01,88.94
FREQ00009251,ALU00771,2026-11-01,88.14
FREQ00009252,ALU00771,2026-12-01,97.77
FREQ00009253,ALU00772,2026-01-01,89.83
FREQ00009254,ALU00772,2026-02-01,98.98
FREQ00009255,ALU00772,2026-03-01,94.11
FREQ00009256,ALU00772,2026-04-01,94.22
FREQ00009257,ALU00772,2026-05-01,97.47
FREQ00009258,ALU00772,2026-06-01,89.07
FREQ00009259,ALU00772,2026-07-01,95.74
FREQ00009260,ALU00772,2026-08-01,87.02
FREQ00009261,ALU00772,2026-09-01,93.49
FREQ00009262,ALU00772,2026-10-01,87.25
FREQ00009263,ALU00772,2026-11-01,89.99
FREQ00009264,ALU00772,2026-12-01,88.88
FREQ00009265,ALU00773,2026-01-01,94.08
FREQ00009266,ALU00773,2026-02-01,92.77
FREQ00009267,ALU00773,2026-03-01,98.57
FREQ00009268,ALU00773,2026-04-01,92.61
FREQ00009269,ALU00773,2026-05-01,89.59
FREQ00009270,ALU00773,2026-06-01,91.49
FREQ00009271,ALU00773,2026-07-01,90.16
FREQ00009272,ALU00773,2026-08-01,91.11
FREQ00009273,ALU00773,2026-09-01,89.62
FREQ00009274,ALU00773,2026-10-01,87.37
FREQ00009275,ALU00773,2026-11-01,93.61
FREQ00009276,ALU00773,2026-12-01,95.68
FREQ00009277,ALU00774,2026-01-01,94.13
FREQ00009278,ALU00774,2026-02-01,98.85
FREQ00009279,ALU00774,2026-03-01,87.43
FREQ00009280,ALU00774,2026-04-01,88.98
FREQ00009281,ALU00774,2026-05-01,89.3
FREQ00009282,ALU00774,2026-06-01,96.86
FREQ00009283,ALU00774,2026-07-01,89.05
FREQ00009284,ALU00774,2026-08-01,90.96
FREQ00009285,ALU00774,2026-09-01,91.69
FREQ00009286,ALU00774,2026-10-01,98.21
FREQ00009287,ALU00774,2026-11-01,94.23
FREQ00009288,ALU00774,2026-12-01,97.81
FREQ00009289,ALU00775,2026-01-01,95.4
FREQ00009290,ALU00775,2026-02-01,90.51
FREQ00009291,ALU00775,2026-03-01,87.2
FREQ00009292,ALU00775,2026-04-01,87.66
FREQ00009293,ALU00775,2026-05-01,93.56
FREQ00009294,ALU00775,2026-06-01,89.9
FREQ00009295,ALU00775,2026-07-01,93.81
FREQ00009296,ALU00775,2026-08-01,89.36
FREQ00009297,ALU00775,2026-09-01,88.81
FREQ00009298,ALU00775,2026-10-01,90.26
FREQ00009299,ALU00775,2026-11-01,96.62
FREQ00009300,ALU00775,2026-12-01,88.41
FREQ00009301,ALU00776,2026-01-01,95.1
FREQ00009302,ALU00776,2026-02-01,93.26
FREQ00009303,ALU00776,2026-03-01,93.25
FREQ00009304,ALU00776,2026-04-01,98.07
FREQ00009305,ALU00776,2026-05-01,88.56
FREQ00009306,ALU00776,2026-06-01,90.69
FREQ00009307,ALU00776,2026-07-01,87.15
FREQ00009308,ALU00776,2026-08-01,94.75
FREQ00009309,ALU00776,2026-09-01,95.37
FREQ00009310,ALU00776,2026-10-01,87.28
FREQ00009311,ALU00776,2026-11-01,89.98
FREQ00009312,ALU00776,2026-12-01,87.3
FREQ00009313,ALU00777,2026-01-01,92.31
FREQ00009314,ALU00777,2026-02-01,98.6
FREQ00009315,ALU00777,2026-03-01,95.12
FREQ00009316,ALU00777,2026-04-01,98.29
FREQ00009317,ALU00777,2026-05-01,87.55
FREQ00009318,ALU00777,2026-06-01,93.36
FREQ00009319,ALU00777,2026-07-01,91.9
FREQ00009320,ALU00777,2026-08-01,96.35
FREQ00009321,ALU00777,2026-09-01,90.34
FREQ00009322,ALU00777,2026-10-01,93.22
FREQ00009323,ALU00777,2026-11-01,92.62
FREQ00009324,ALU00777,2026-12-01,96.52
FREQ00009325,ALU00778,2026-01-01,91.31
FREQ00009326,ALU00778,2026-02-01,89.52
FREQ00009327,ALU00778,2026-03-01,92.82
FREQ00009328,ALU00778,2026-04-01,87.15
FREQ00009329,ALU00778,2026-05-01,88.39
FREQ00009330,ALU00778,2026-06-01,97.99
FREQ00009331,ALU00778,2026-07-01,94.1
FREQ00009332,ALU00778,2026-08-01,97.15
FREQ00009333,ALU00778,2026-09-01,90.82
FREQ00009334,ALU00778,2026-10-01,96.68
FREQ00009335,ALU00778,2026-11-01,88.25
FREQ00009336,ALU00778,2026-12-01,91.72
FREQ00009337,ALU00779,2026-01-01,94.16
FREQ00009338,ALU00779,2026-02-01,91.98
FREQ00009339,ALU00779,2026-03-01,97.76
FREQ00009340,ALU00779,2026-04-01,89.06
FREQ00009341,ALU00779,2026-05-01,98.4
FREQ00009342,ALU00779,2026-06-01,88.62
FREQ00009343,ALU00779,2026-07-01,89.91
FREQ00009344,ALU00779,2026-08-01,91.31
FREQ00009345,ALU00779,2026-09-01,98.59
FREQ00009346,ALU00779,2026-10-01,92.83
FREQ00009347,ALU00779,2026-11-01,88.2
FREQ00009348,ALU00779,2026-12-01,90.91
FREQ00009349,ALU00780,2026-01-01,98.31
FREQ00009350,ALU00780,2026-02-01,87.85
FREQ00009351,ALU00780,2026-03-01,89.48
FREQ00009352,ALU00780,2026-04-01,89.85
FREQ00009353,ALU00780,2026-05-01,92.15
FREQ00009354,ALU00780,2026-06-01,94.73
FREQ00009355,ALU00780,2026-07-01,94.28
FREQ00009356,ALU00780,2026-08-01,96.91
FREQ00009357,ALU00780,2026-09-01,90.45
FREQ00009358,ALU00780,2026-10-01,88.27
FREQ00009359,ALU00780,2026-11-01,88.52
FREQ00009360,ALU00780,2026-12-01,92.23
FREQ00009361,ALU00781,2026-01-01,90.53
FREQ00009362,ALU00781,2026-02-01,95.02
FREQ00009363,ALU00781,2026-03-01,96.27
FREQ00009364,ALU00781,2026-04-01,90.91
FREQ00009365,ALU00781,2026-05-01,90.1
FREQ00009366,ALU00781,2026-06-01,93.96
FREQ00009367,ALU00781,2026-07-01,96.68
FREQ00009368,ALU00781,2026-08-01,98.21
FREQ00009369,ALU00781,2026-09-01,94.88
FREQ00009370,ALU00781,2026-10-01,96.94
FREQ00009371,ALU00781,2026-11-01,88.46
FREQ00009372,ALU00781,2026-12-01,91.43
FREQ00009373,ALU00782,2026-01-01,96.86
FREQ00009374,ALU00782,2026-02-01,94.43
FREQ00009375,ALU00782,2026-03-01,90.3
FREQ00009376,ALU00782,2026-04-01,93.99
FREQ00009377,ALU00782,2026-05-01,90.77
FREQ00009378,ALU00782,2026-06-01,96.26
FREQ00009379,ALU00782,2026-07-01,96.96
FREQ00009380,ALU00782,2026-08-01,92.22
FREQ00009381,ALU00782,2026-09-01,97.13
FREQ00009382,ALU00782,2026-10-01,90.3
FREQ00009383,ALU00782,2026-11-01,91.97
FREQ00009384,ALU00782,2026-12-01,91.68
FREQ00009385,ALU00783,2026-01-01,87.59
FREQ00009386,ALU00783,2026-02-01,90.69
FREQ00009387,ALU00783,2026-03-01,89.07
FREQ00009388,ALU00783,2026-04-01,87.34
FREQ00009389,ALU00783,2026-05-01,96.62
FREQ00009390,ALU00783,2026-06-01,91.37
FREQ00009391,ALU00783,2026-07-01,97.38
FREQ00009392,ALU00783,2026-08-01,97.49
FREQ00009393,ALU00783,2026-09-01,96.62
FREQ00009394,ALU00783,2026-10-01,91.09
FREQ00009395,ALU00783,2026-11-01,98.18
FREQ00009396,ALU00783,2026-12-01,88.2
FREQ00009397,ALU00784,2026-01-01,94.52
FREQ00009398,ALU00784,2026-02-01,87.35
FREQ00009399,ALU00784,2026-03-01,89.3
FREQ00009400,ALU00784,2026-04-01,92.46
FREQ00009401,ALU00784,2026-05-01,96.69
FREQ00009402,ALU00784,2026-06-01,96.44
FREQ00009403,ALU00784,2026-07-01,94.07
FREQ00009404,ALU00784,2026-08-01,96.11
FREQ00009405,ALU00784,2026-09-01,90.83
FREQ00009406,ALU00784,2026-10-01,91.82
FREQ00009407,ALU00784,2026-11-01,88.43
FREQ00009408,ALU00784,2026-12-01,93.4
FREQ00009409,ALU00785,2026-01-01,91.37
FREQ00009410,ALU00785,2026-02-01,92.18
FREQ00009411,ALU00785,2026-03-01,93.94
FREQ00009412,ALU00785,2026-04-01,97.69
FREQ00009413,ALU00785,2026-05-01,89.7
FREQ00009414,ALU00785,2026-06-01,94.0
FREQ00009415,ALU00785,2026-07-01,96.44
FREQ00009416,ALU00785,2026-08-01,97.54
FREQ00009417,ALU00785,2026-09-01,91.09
FREQ00009418,ALU00785,2026-10-01,93.16
FREQ00009419,ALU00785,2026-11-01,97.45
FREQ00009420,ALU00785,2026-12-01,89.93
FREQ00009421,ALU00786,2026-01-01,87.05
FREQ00009422,ALU00786,2026-02-01,95.31
FREQ00009423,ALU00786,2026-03-01,94.76
FREQ00009424,ALU00786,2026-04-01,95.36
FREQ00009425,ALU00786,2026-05-01,89.86
FREQ00009426,ALU00786,2026-06-01,92.8
FREQ00009427,ALU00786,2026-07-01,87.34
FREQ00009428,ALU00786,2026-08-01,97.78
FREQ00009429,ALU00786,2026-09-01,92.53
FREQ00009430,ALU00786,2026-10-01,98.01
FREQ00009431,ALU00786,2026-11-01,93.57
FREQ00009432,ALU00786,2026-12-01,96.79
FREQ00009433,ALU00787,2026-01-01,98.25
FREQ00009434,ALU00787,2026-02-01,98.76
FREQ00009435,ALU00787,2026-03-01,88.16
FREQ00009436,ALU00787,2026-04-01,88.08
FREQ00009437,ALU00787,2026-05-01,87.06
FREQ00009438,ALU00787,2026-06-01,95.69
FREQ00009439,ALU00787,2026-07-01,91.5
FREQ00009440,ALU00787,2026-08-01,97.65
FREQ00009441,ALU00787,2026-09-01,95.04
FREQ00009442,ALU00787,2026-10-01,89.4
FREQ00009443,ALU00787,2026-11-01,90.19
FREQ00009444,ALU00787,2026-12-01,95.36
FREQ00009445,ALU00788,2026-01-01,95.42
FREQ00009446,ALU00788,2026-02-01,92.3
FREQ00009447,ALU00788,2026-03-01,90.21
FREQ00009448,ALU00788,2026-04-01,88.53
FREQ00009449,ALU00788,2026-05-01,92.11
FREQ00009450,ALU00788,2026-06-01,93.36
FREQ00009451,ALU00788,2026-07-01,89.19
FREQ00009452,ALU00788,2026-08-01,96.65
FREQ00009453,ALU00788,2026-09-01,93.77
FREQ00009454,ALU00788,2026-10-01,91.28
FREQ00009455,ALU00788,2026-11-01,97.09
FREQ00009456,ALU00788,2026-12-01,94.34
FREQ00009457,ALU00789,2026-01-01,87.8
FREQ00009458,ALU00789,2026-02-01,94.63
FREQ00009459,ALU00789,2026-03-01,95.62
FREQ00009460,ALU00789,2026-04-01,95.37
FREQ00009461,ALU00789,2026-05-01,87.66
FREQ00009462,ALU00789,2026-06-01,95.51
FREQ00009463,ALU00789,2026-07-01,90.86
FREQ00009464,ALU00789,2026-08-01,89.45
FREQ00009465,ALU00789,2026-09-01,98.15
FREQ00009466,ALU00789,2026-10-01,91.78
FREQ00009467,ALU00789,2026-11-01,89.2
FREQ00009468,ALU00789,2026-12-01,93.65
FREQ00009469,ALU00790,2026-01-01,87.49
FREQ00009470,ALU00790,2026-02-01,97.45
FREQ00009471,ALU00790,2026-03-01,94.91
FREQ00009472,ALU00790,2026-04-01,89.6
FREQ00009473,ALU00790,2026-05-01,96.89
FREQ00009474,ALU00790,2026-06-01,91.65
FREQ00009475,ALU00790,2026-07-01,93.75
FREQ00009476,ALU00790,2026-08-01,95.0
FREQ00009477,ALU00790,2026-09-01,92.54
FREQ00009478,ALU00790,2026-10-01,95.12
FREQ00009479,ALU00790,2026-11-01,94.78
FREQ00009480,ALU00790,2026-12-01,92.65
FREQ00009481,ALU00791,2026-01-01,91.51
FREQ00009482,ALU00791,2026-02-01,87.45
FREQ00009483,ALU00791,2026-03-01,90.86
FREQ00009484,ALU00791,2026-04-01,95.03
FREQ00009485,ALU00791,2026-05-01,87.61
FREQ00009486,ALU00791,2026-06-01,89.58
FREQ00009487,ALU00791,2026-07-01,89.03
FREQ00009488,ALU00791,2026-08-01,92.43
FREQ00009489,ALU00791,2026-09-01,96.56
FREQ00009490,ALU00791,2026-10-01,89.89
FREQ00009491,ALU00791,2026-11-01,95.93
FREQ00009492,ALU00791,2026-12-01,98.5
FREQ00009493,ALU00792,2026-01-01,91.06
FREQ00009494,ALU00792,2026-02-01,98.81
FREQ00009495,ALU00792,2026-03-01,87.56
FREQ00009496,ALU00792,2026-04-01,93.35
FREQ00009497,ALU00792,2026-05-01,87.77
FREQ00009498,ALU00792,2026-06-01,97.67
FREQ00009499,ALU00792,2026-07-01,92.77
FREQ00009500,ALU00792,2026-08-01,87.77
FREQ00009501,ALU00792,2026-09-01,92.28
FREQ00009502,ALU00792,2026-10-01,94.02
FREQ00009503,ALU00792,2026-11-01,87.76
FREQ00009504,ALU00792,2026-12-01,94.14
FREQ00009505,ALU00793,2026-01-01,93.93
FREQ00009506,ALU00793,2026-02-01,88.49
FREQ00009507,ALU00793,2026-03-01,94.72
FREQ00009508,ALU00793,2026-04-01,88.14
FREQ00009509,ALU00793,2026-05-01,87.89
FREQ00009510,ALU00793,2026-06-01,89.51
FREQ00009511,ALU00793,2026-07-01,87.41
FREQ00009512,ALU00793,2026-08-01,97.49
FREQ00009513,ALU00793,2026-09-01,98.82
FREQ00009514,ALU00793,2026-10-01,93.42
FREQ00009515,ALU00793,2026-11-01,94.86
FREQ00009516,ALU00793,2026-12-01,87.52
FREQ00009517,ALU00794,2026-01-01,88.11
FREQ00009518,ALU00794,2026-02-01,92.16
FREQ00009519,ALU00794,2026-03-01,95.69
FREQ00009520,ALU00794,2026-04-01,89.86
FREQ00009521,ALU00794,2026-05-01,91.87
FREQ00009522,ALU00794,2026-06-01,92.94
FREQ00009523,ALU00794,2026-07-01,90.92
FREQ00009524,ALU00794,2026-08-01,97.75
FREQ00009525,ALU00794,2026-09-01,96.83
FREQ00009526,ALU00794,2026-10-01,94.26
FREQ00009527,ALU00794,2026-11-01,89.26
FREQ00009528,ALU00794,2026-12-01,94.17
FREQ00009529,ALU00795,2026-01-01,93.17
FREQ00009530,ALU00795,2026-02-01,95.14
FREQ00009531,ALU00795,2026-03-01,93.84
FREQ00009532,ALU00795,2026-04-01,94.9
FREQ00009533,ALU00795,2026-05-01,95.0
FREQ00009534,ALU00795,2026-06-01,89.64
FREQ00009535,ALU00795,2026-07-01,95.78
FREQ00009536,ALU00795,2026-08-01,90.34
FREQ00009537,ALU00795,2026-09-01,93.99
FREQ00009538,ALU00795,2026-10-01,89.68
FREQ00009539,ALU00795,2026-11-01,96.89
FREQ00009540,ALU00795,2026-12-01,90.26
FREQ00009541,ALU00796,2026-01-01,87.4
FREQ00009542,ALU00796,2026-02-01,89.05
FREQ00009543,ALU00796,2026-03-01,90.85
FREQ00009544,ALU00796,2026-04-01,88.31
FREQ00009545,ALU00796,2026-05-01,87.99
FREQ00009546,ALU00796,2026-06-01,97.19
FREQ00009547,ALU00796,2026-07-01,96.68
FREQ00009548,ALU00796,2026-08-01,98.44
FREQ00009549,ALU00796,2026-09-01,93.0
FREQ00009550,ALU00796,2026-10-01,92.5
FREQ00009551,ALU00796,2026-11-01,89.52
FREQ00009552,ALU00796,2026-12-01,87.54
FREQ00009553,ALU00797,2026-01-01,92.99
FREQ00009554,ALU00797,2026-02-01,89.12
FREQ00009555,ALU00797,2026-03-01,90.02
FREQ00009556,ALU00797,2026-04-01,94.5
FREQ00009557,ALU00797,2026-05-01,90.74
FREQ00009558,ALU00797,2026-06-01,97.52
FREQ00009559,ALU00797,2026-07-01,98.35
FREQ00009560,ALU00797,2026-08-01,93.17
FREQ00009561,ALU00797,2026-09-01,93.04
FREQ00009562,ALU00797,2026-10-01,91.22
FREQ00009563,ALU00797,2026-11-01,89.99
FREQ00009564,ALU00797,2026-12-01,87.49
FREQ00009565,ALU00798,2026-01-01,89.81
FREQ00009566,ALU00798,2026-02-01,88.04
FREQ00009567,ALU00798,2026-03-01,91.06
FREQ00009568,ALU00798,2026-04-01,87.13
FREQ00009569,ALU00798,2026-05-01,92.54
FREQ00009570,ALU00798,2026-06-01,89.29
FREQ00009571,ALU00798,2026-07-01,98.6
FREQ00009572,ALU00798,2026-08-01,97.54
FREQ00009573,ALU00798,2026-09-01,97.19
FREQ00009574,ALU00798,2026-10-01,88.28
FREQ00009575,ALU00798,2026-11-01,88.33
FREQ00009576,ALU00798,2026-12-01,93.92
FREQ00009577,ALU00799,2026-01-01,92.73
FREQ00009578,ALU00799,2026-02-01,94.43
FREQ00009579,ALU00799,2026-03-01,95.14
FREQ00009580,ALU00799,2026-04-01,92.14
FREQ00009581,ALU00799,2026-05-01,94.76
FREQ00009582,ALU00799,2026-06-01,88.13
FREQ00009583,ALU00799,2026-07-01,87.31
FREQ00009584,ALU00799,2026-08-01,98.49
FREQ00009585,ALU00799,2026-09-01,88.0
FREQ00009586,ALU00799,2026-10-01,96.79
FREQ00009587,ALU00799,2026-11-01,94.31
FREQ00009588,ALU00799,2026-12-01,98.85
FREQ00009589,ALU00800,2026-01-01,98.75
FREQ00009590,ALU00800,2026-02-01,95.68
FREQ00009591,ALU00800,2026-03-01,94.6
FREQ00009592,ALU00800,2026-04-01,92.3
FREQ00009593,ALU00800,2026-05-01,98.38
FREQ00009594,ALU00800,2026-06-01,89.45
FREQ00009595,ALU00800,2026-07-01,96.41
FREQ00009596,ALU00800,2026-08-01,91.18
FREQ00009597,ALU00800,2026-09-01,97.24
FREQ00009598,ALU00800,2026-10-01,91.07
FREQ00009599,ALU00800,2026-11-01,87.83
FREQ00009600,ALU00800,2026-12-01,91.01
FREQ00009601,ALU00801,2026-01-01,87.44
FREQ00009602,ALU00801,2026-02-01,97.65
FREQ00009603,ALU00801,2026-03-01,93.57
FREQ00009604,ALU00801,2026-04-01,90.87
FREQ00009605,ALU00801,2026-05-01,92.33
FREQ00009606,ALU00801,2026-06-01,97.18
FREQ00009607,ALU00801,2026-07-01,98.95
FREQ00009608,ALU00801,2026-08-01,97.67
FREQ00009609,ALU00801,2026-09-01,92.15
FREQ00009610,ALU00801,2026-10-01,90.88
FREQ00009611,ALU00801,2026-11-01,98.41
FREQ00009612,ALU00801,2026-12-01,88.27
FREQ00009613,ALU00802,2026-01-01,93.2
FREQ00009614,ALU00802,2026-02-01,89.97
FREQ00009615,ALU00802,2026-03-01,92.99
FREQ00009616,ALU00802,2026-04-01,98.54
FREQ00009617,ALU00802,2026-05-01,97.11
FREQ00009618,ALU00802,2026-06-01,91.71
FREQ00009619,ALU00802,2026-07-01,90.65
FREQ00009620,ALU00802,2026-08-01,97.69
FREQ00009621,ALU00802,2026-09-01,93.38
FREQ00009622,ALU00802,2026-10-01,92.06
FREQ00009623,ALU00802,2026-11-01,96.29
FREQ00009624,ALU00802,2026-12-01,94.56
FREQ00009625,ALU00803,2026-01-01,94.36
FREQ00009626,ALU00803,2026-02-01,90.69
FREQ00009627,ALU00803,2026-03-01,93.97
FREQ00009628,ALU00803,2026-04-01,89.34
FREQ00009629,ALU00803,2026-05-01,93.0
FREQ00009630,ALU00803,2026-06-01,93.64
FREQ00009631,ALU00803,2026-07-01,93.99
FREQ00009632,ALU00803,2026-08-01,87.26
FREQ00009633,ALU00803,2026-09-01,97.67
FREQ00009634,ALU00803,2026-10-01,91.4
FREQ00009635,ALU00803,2026-11-01,94.0
FREQ00009636,ALU00803,2026-12-01,90.47
FREQ00009637,ALU00804,2026-01-01,96.83
FREQ00009638,ALU00804,2026-02-01,97.89
FREQ00009639,ALU00804,2026-03-01,97.82
FREQ00009640,ALU00804,2026-04-01,88.41
FREQ00009641,ALU00804,2026-05-01,97.54
FREQ00009642,ALU00804,2026-06-01,92.02
FREQ00009643,ALU00804,2026-07-01,89.93
FREQ00009644,ALU00804,2026-08-01,96.61
FREQ00009645,ALU00804,2026-09-01,87.92
FREQ00009646,ALU00804,2026-10-01,98.41
FREQ00009647,ALU00804,2026-11-01,88.64
FREQ00009648,ALU00804,2026-12-01,90.98
FREQ00009649,ALU00805,2026-01-01,92.27
FREQ00009650,ALU00805,2026-02-01,96.95
FREQ00009651,ALU00805,2026-03-01,98.6
FREQ00009652,ALU00805,2026-04-01,98.31
FREQ00009653,ALU00805,2026-05-01,88.66
FREQ00009654,ALU00805,2026-06-01,87.79
FREQ00009655,ALU00805,2026-07-01,89.44
FREQ00009656,ALU00805,2026-08-01,88.57
FREQ00009657,ALU00805,2026-09-01,94.86
FREQ00009658,ALU00805,2026-10-01,92.54
FREQ00009659,ALU00805,2026-11-01,96.0
FREQ00009660,ALU00805,2026-12-01,90.32
FREQ00009661,ALU00806,2026-01-01,95.5
FREQ00009662,ALU00806,2026-02-01,93.98
FREQ00009663,ALU00806,2026-03-01,88.79
FREQ00009664,ALU00806,2026-04-01,96.28
FREQ00009665,ALU00806,2026-05-01,90.46
FREQ00009666,ALU00806,2026-06-01,90.39
FREQ00009667,ALU00806,2026-07-01,92.96
FREQ00009668,ALU00806,2026-08-01,87.87
FREQ00009669,ALU00806,2026-09-01,91.83
FREQ00009670,ALU00806,2026-10-01,95.46
FREQ00009671,ALU00806,2026-11-01,95.64
FREQ00009672,ALU00806,2026-12-01,96.61
FREQ00009673,ALU00807,2026-01-01,95.38
FREQ00009674,ALU00807,2026-02-01,96.04
FREQ00009675,ALU00807,2026-03-01,92.29
FREQ00009676,ALU00807,2026-04-01,91.34
FREQ00009677,ALU00807,2026-05-01,88.0
FREQ00009678,ALU00807,2026-06-01,92.73
FREQ00009679,ALU00807,2026-07-01,96.6
FREQ00009680,ALU00807,2026-08-01,96.52
FREQ00009681,ALU00807,2026-09-01,95.15
FREQ00009682,ALU00807,2026-10-01,90.75
FREQ00009683,ALU00807,2026-11-01,98.8
FREQ00009684,ALU00807,2026-12-01,88.26
FREQ00009685,ALU00808,2026-01-01,95.88
FREQ00009686,ALU00808,2026-02-01,98.75
FREQ00009687,ALU00808,2026-03-01,96.74
FREQ00009688,ALU00808,2026-04-01,92.62
FREQ00009689,ALU00808,2026-05-01,96.87
FREQ00009690,ALU00808,2026-06-01,95.23
FREQ00009691,ALU00808,2026-07-01,97.99
FREQ00009692,ALU00808,2026-08-01,90.04
FREQ00009693,ALU00808,2026-09-01,92.04
FREQ00009694,ALU00808,2026-10-01,96.46
FREQ00009695,ALU00808,2026-11-01,93.27
FREQ00009696,ALU00808,2026-12-01,90.7
FREQ00009697,ALU00809,2026-01-01,91.19
FREQ00009698,ALU00809,2026-02-01,98.81
FREQ00009699,ALU00809,2026-03-01,91.6
FREQ00009700,ALU00809,2026-04-01,90.44
FREQ00009701,ALU00809,2026-05-01,88.34
FREQ00009702,ALU00809,2026-06-01,89.74
FREQ00009703,ALU00809,2026-07-01,89.62
FREQ00009704,ALU00809,2026-08-01,88.45
FREQ00009705,ALU00809,2026-09-01,97.61
FREQ00009706,ALU00809,2026-10-01,96.77
FREQ00009707,ALU00809,2026-11-01,91.02
FREQ00009708,ALU00809,2026-12-01,89.33
FREQ00009709,ALU00810,2026-01-01,90.29
FREQ00009710,ALU00810,2026-02-01,87.02
FREQ00009711,ALU00810,2026-03-01,88.42
FREQ00009712,ALU00810,2026-04-01,89.64
FREQ00009713,ALU00810,2026-05-01,97.43
FREQ00009714,ALU00810,2026-06-01,87.43
FREQ00009715,ALU00810,2026-07-01,96.98
FREQ00009716,ALU00810,2026-08-01,90.13
FREQ00009717,ALU00810,2026-09-01,98.16
FREQ00009718,ALU00810,2026-10-01,94.68
FREQ00009719,ALU00810,2026-11-01,95.93
FREQ00009720,ALU00810,2026-12-01,91.63
FREQ00009721,ALU00811,2026-01-01,94.95
FREQ00009722,ALU00811,2026-02-01,92.89
FREQ00009723,ALU00811,2026-03-01,93.53
FREQ00009724,ALU00811,2026-04-01,88.1
FREQ00009725,ALU00811,2026-05-01,93.7
FREQ00009726,ALU00811,2026-06-01,91.4
FREQ00009727,ALU00811,2026-07-01,96.84
FREQ00009728,ALU00811,2026-08-01,89.52
FREQ00009729,ALU00811,2026-09-01,96.84
FREQ00009730,ALU00811,2026-10-01,90.91
FREQ00009731,ALU00811,2026-11-01,97.21
FREQ00009732,ALU00811,2026-12-01,89.59
FREQ00009733,ALU00812,2026-01-01,98.0
FREQ00009734,ALU00812,2026-02-01,92.54
FREQ00009735,ALU00812,2026-03-01,89.87
FREQ00009736,ALU00812,2026-04-01,89.87
FREQ00009737,ALU00812,2026-05-01,97.11
FREQ00009738,ALU00812,2026-06-01,95.03
FREQ00009739,ALU00812,2026-07-01,87.26
FREQ00009740,ALU00812,2026-08-01,96.94
FREQ00009741,ALU00812,2026-09-01,90.4
FREQ00009742,ALU00812,2026-10-01,90.33
FREQ00009743,ALU00812,2026-11-01,89.69
FREQ00009744,ALU00812,2026-12-01,87.24
FREQ00009745,ALU00813,2026-01-01,90.58
FREQ00009746,ALU00813,2026-02-01,97.79
FREQ00009747,ALU00813,2026-03-01,88.84
FREQ00009748,ALU00813,2026-04-01,95.49
FREQ00009749,ALU00813,2026-05-01,94.01
FREQ00009750,ALU00813,2026-06-01,97.34
FREQ00009751,ALU00813,2026-07-01,92.53
FREQ00009752,ALU00813,2026-08-01,94.29
FREQ00009753,ALU00813,2026-09-01,94.94
FREQ00009754,ALU00813,2026-10-01,98.93
FREQ00009755,ALU00813,2026-11-01,93.44
FREQ00009756,ALU00813,2026-12-01,96.08
FREQ00009757,ALU00814,2026-01-01,94.26
FREQ00009758,ALU00814,2026-02-01,93.66
FREQ00009759,ALU00814,2026-03-01,94.45
FREQ00009760,ALU00814,2026-04-01,90.58
FREQ00009761,ALU00814,2026-05-01,97.41
FREQ00009762,ALU00814,2026-06-01,97.5
FREQ00009763,ALU00814,2026-07-01,96.15
FREQ00009764,ALU00814,2026-08-01,95.8
FREQ00009765,ALU00814,2026-09-01,91.09
FREQ00009766,ALU00814,2026-10-01,88.43
FREQ00009767,ALU00814,2026-11-01,96.97
FREQ00009768,ALU00814,2026-12-01,97.72
FREQ00009769,ALU00815,2026-01-01,97.93
FREQ00009770,ALU00815,2026-02-01,97.14
FREQ00009771,ALU00815,2026-03-01,97.2
FREQ00009772,ALU00815,2026-04-01,93.34
FREQ00009773,ALU00815,2026-05-01,88.55
FREQ00009774,ALU00815,2026-06-01,98.01
FREQ00009775,ALU00815,2026-07-01,96.7
FREQ00009776,ALU00815,2026-08-01,98.77
FREQ00009777,ALU00815,2026-09-01,90.01
FREQ00009778,ALU00815,2026-10-01,88.42
FREQ00009779,ALU00815,2026-11-01,87.62
FREQ00009780,ALU00815,2026-12-01,90.45
FREQ00009781,ALU00816,2026-01-01,90.44
FREQ00009782,ALU00816,2026-02-01,97.61
FREQ00009783,ALU00816,2026-03-01,89.44
FREQ00009784,ALU00816,2026-04-01,87.75
FREQ00009785,ALU00816,2026-05-01,87.16
FREQ00009786,ALU00816,2026-06-01,87.66
FREQ00009787,ALU00816,2026-07-01,95.74
FREQ00009788,ALU00816,2026-08-01,89.09
FREQ00009789,ALU00816,2026-09-01,88.43
FREQ00009790,ALU00816,2026-10-01,89.87
FREQ00009791,ALU00816,2026-11-01,89.32
FREQ00009792,ALU00816,2026-12-01,91.67
FREQ00009793,ALU00817,2026-01-01,96.95
FREQ00009794,ALU00817,2026-02-01,88.68
FREQ00009795,ALU00817,2026-03-01,94.41
FREQ00009796,ALU00817,2026-04-01,92.71
FREQ00009797,ALU00817,2026-05-01,98.84
FREQ00009798,ALU00817,2026-06-01,90.53
FREQ00009799,ALU00817,2026-07-01,92.1
FREQ00009800,ALU00817,2026-08-01,90.64
FREQ00009801,ALU00817,2026-09-01,98.92
FREQ00009802,ALU00817,2026-10-01,90.68
FREQ00009803,ALU00817,2026-11-01,98.95
FREQ00009804,ALU00817,2026-12-01,87.71
FREQ00009805,ALU00818,2026-01-01,96.27
FREQ00009806,ALU00818,2026-02-01,93.82
FREQ00009807,ALU00818,2026-03-01,89.72
FREQ00009808,ALU00818,2026-04-01,91.76
FREQ00009809,ALU00818,2026-05-01,90.31
FREQ00009810,ALU00818,2026-06-01,91.52
FREQ00009811,ALU00818,2026-07-01,95.9
FREQ00009812,ALU00818,2026-08-01,95.39
FREQ00009813,ALU00818,2026-09-01,91.43
FREQ00009814,ALU00818,2026-10-01,87.4
FREQ00009815,ALU00818,2026-11-01,92.35
FREQ00009816,ALU00818,2026-12-01,89.44
FREQ00009817,ALU00819,2026-01-01,92.14
FREQ00009818,ALU00819,2026-02-01,91.27
FREQ00009819,ALU00819,2026-03-01,98.22
FREQ00009820,ALU00819,2026-04-01,87.92
FREQ00009821,ALU00819,2026-05-01,98.82
FREQ00009822,ALU00819,2026-06-01,92.99
FREQ00009823,ALU00819,2026-07-01,92.54
FREQ00009824,ALU00819,2026-08-01,94.67
FREQ00009825,ALU00819,2026-09-01,95.66
FREQ00009826,ALU00819,2026-10-01,93.32
FREQ00009827,ALU00819,2026-11-01,96.42
FREQ00009828,ALU00819,2026-12-01,89.19
FREQ00009829,ALU00820,2026-01-01,89.74
FREQ00009830,ALU00820,2026-02-01,93.27
FREQ00009831,ALU00820,2026-03-01,89.83
FREQ00009832,ALU00820,2026-04-01,96.8
FREQ00009833,ALU00820,2026-05-01,98.55
FREQ00009834,ALU00820,2026-06-01,87.3
FREQ00009835,ALU00820,2026-07-01,92.65
FREQ00009836,ALU00820,2026-08-01,93.16
FREQ00009837,ALU00820,2026-09-01,88.19
FREQ00009838,ALU00820,2026-10-01,97.19
FREQ00009839,ALU00820,2026-11-01,95.01
FREQ00009840,ALU00820,2026-12-01,88.67
FREQ00009841,ALU00821,2026-01-01,88.4
FREQ00009842,ALU00821,2026-02-01,97.82
FREQ00009843,ALU00821,2026-03-01,94.44
FREQ00009844,ALU00821,2026-04-01,94.79
FREQ00009845,ALU00821,2026-05-01,91.9
FREQ00009846,ALU00821,2026-06-01,96.8
FREQ00009847,ALU00821,2026-07-01,97.37
FREQ00009848,ALU00821,2026-08-01,89.29
FREQ00009849,ALU00821,2026-09-01,97.94
FREQ00009850,ALU00821,2026-10-01,89.45
FREQ00009851,ALU00821,2026-11-01,90.15
FREQ00009852,ALU00821,2026-12-01,97.56
FREQ00009853,ALU00822,2026-01-01,89.31
FREQ00009854,ALU00822,2026-02-01,98.93
FREQ00009855,ALU00822,2026-03-01,97.69
FREQ00009856,ALU00822,2026-04-01,94.74
FREQ00009857,ALU00822,2026-05-01,95.81
FREQ00009858,ALU00822,2026-06-01,87.32
FREQ00009859,ALU00822,2026-07-01,97.04
FREQ00009860,ALU00822,2026-08-01,97.73
FREQ00009861,ALU00822,2026-09-01,95.3
FREQ00009862,ALU00822,2026-10-01,97.92
FREQ00009863,ALU00822,2026-11-01,94.62
FREQ00009864,ALU00822,2026-12-01,88.95
FREQ00009865,ALU00823,2026-01-01,91.43
FREQ00009866,ALU00823,2026-02-01,95.79
FREQ00009867,ALU00823,2026-03-01,98.19
FREQ00009868,ALU00823,2026-04-01,89.43
FREQ00009869,ALU00823,2026-05-01,88.74
FREQ00009870,ALU00823,2026-06-01,93.07
FREQ00009871,ALU00823,2026-07-01,98.85
FREQ00009872,ALU00823,2026-08-01,97.85
FREQ00009873,ALU00823,2026-09-01,97.66
FREQ00009874,ALU00823,2026-10-01,88.35
FREQ00009875,ALU00823,2026-11-01,89.61
FREQ00009876,ALU00823,2026-12-01,92.66
FREQ00009877,ALU00824,2026-01-01,96.82
FREQ00009878,ALU00824,2026-02-01,98.88
FREQ00009879,ALU00824,2026-03-01,91.2
FREQ00009880,ALU00824,2026-04-01,98.34
FREQ00009881,ALU00824,2026-05-01,89.98
FREQ00009882,ALU00824,2026-06-01,91.51
FREQ00009883,ALU00824,2026-07-01,92.97
FREQ00009884,ALU00824,2026-08-01,91.95
FREQ00009885,ALU00824,2026-09-01,89.44
FREQ00009886,ALU00824,2026-10-01,97.47
FREQ00009887,ALU00824,2026-11-01,88.79
FREQ00009888,ALU00824,2026-12-01,96.64
FREQ00009889,ALU00825,2026-01-01,94.32
FREQ00009890,ALU00825,2026-02-01,97.81
FREQ00009891,ALU00825,2026-03-01,88.59
FREQ00009892,ALU00825,2026-04-01,90.0
FREQ00009893,ALU00825,2026-05-01,89.88
FREQ00009894,ALU00825,2026-06-01,87.35
FREQ00009895,ALU00825,2026-07-01,96.43
FREQ00009896,ALU00825,2026-08-01,89.06
FREQ00009897,ALU00825,2026-09-01,95.79
FREQ00009898,ALU00825,2026-10-01,92.55
FREQ00009899,ALU00825,2026-11-01,98.4
FREQ00009900,ALU00825,2026-12-01,97.81
FREQ00009901,ALU00826,2026-01-01,94.13
FREQ00009902,ALU00826,2026-02-01,98.4
FREQ00009903,ALU00826,2026-03-01,97.22
FREQ00009904,ALU00826,2026-04-01,97.24
FREQ00009905,ALU00826,2026-05-01,88.42
FREQ00009906,ALU00826,2026-06-01,93.05
FREQ00009907,ALU00826,2026-07-01,97.65
FREQ00009908,ALU00826,2026-08-01,93.06
FREQ00009909,ALU00826,2026-09-01,97.02
FREQ00009910,ALU00826,2026-10-01,95.87
FREQ00009911,ALU00826,2026-11-01,87.09
FREQ00009912,ALU00826,2026-12-01,98.6
FREQ00009913,ALU00827,2026-01-01,88.69
FREQ00009914,ALU00827,2026-02-01,93.95
FREQ00009915,ALU00827,2026-03-01,95.48
FREQ00009916,ALU00827,2026-04-01,90.05
FREQ00009917,ALU00827,2026-05-01,89.0
FREQ00009918,ALU00827,2026-06-01,98.71
FREQ00009919,ALU00827,2026-07-01,97.25
FREQ00009920,ALU00827,2026-08-01,91.19
FREQ00009921,ALU00827,2026-09-01,87.7
FREQ00009922,ALU00827,2026-10-01,91.78
FREQ00009923,ALU00827,2026-11-01,87.91
FREQ00009924,ALU00827,2026-12-01,88.47
FREQ00009925,ALU00828,2026-01-01,96.83
FREQ00009926,ALU00828,2026-02-01,97.21
FREQ00009927,ALU00828,2026-03-01,87.83
FREQ00009928,ALU00828,2026-04-01,94.13
FREQ00009929,ALU00828,2026-05-01,98.63
FREQ00009930,ALU00828,2026-06-01,92.4
FREQ00009931,ALU00828,2026-07-01,95.22
FREQ00009932,ALU00828,2026-08-01,93.23
FREQ00009933,ALU00828,2026-09-01,95.88
FREQ00009934,ALU00828,2026-10-01,92.71
FREQ00009935,ALU00828,2026-11-01,89.64
FREQ00009936,ALU00828,2026-12-01,90.08
FREQ00009937,ALU00829,2026-01-01,98.94
FREQ00009938,ALU00829,2026-02-01,95.6
FREQ00009939,ALU00829,2026-03-01,95.01
FREQ00009940,ALU00829,2026-04-01,95.37
FREQ00009941,ALU00829,2026-05-01,94.26
FREQ00009942,ALU00829,2026-06-01,98.78
FREQ00009943,ALU00829,2026-07-01,94.94
FREQ00009944,ALU00829,2026-08-01,98.21
FREQ00009945,ALU00829,2026-09-01,96.18
FREQ00009946,ALU00829,2026-10-01,90.73
FREQ00009947,ALU00829,2026-11-01,90.3
FREQ00009948,ALU00829,2026-12-01,87.79
FREQ00009949,ALU00830,2026-01-01,90.17
FREQ00009950,ALU00830,2026-02-01,90.56
FREQ00009951,ALU00830,2026-03-01,95.42
FREQ00009952,ALU00830,2026-04-01,91.78
FREQ00009953,ALU00830,2026-05-01,88.25
FREQ00009954,ALU00830,2026-06-01,93.09
FREQ00009955,ALU00830,2026-07-01,93.31
FREQ00009956,ALU00830,2026-08-01,92.16
FREQ00009957,ALU00830,2026-09-01,88.6
FREQ00009958,ALU00830,2026-10-01,88.41
FREQ00009959,ALU00830,2026-11-01,92.54
FREQ00009960,ALU00830,2026-12-01,95.51
FREQ00009961,ALU00831,2026-01-01,97.64
FREQ00009962,ALU00831,2026-02-01,91.82
FREQ00009963,ALU00831,2026-03-01,93.5
FREQ00009964,ALU00831,2026-04-01,94.95
FREQ00009965,ALU00831,2026-05-01,94.41
FREQ00009966,ALU00831,2026-06-01,97.38
FREQ00009967,ALU00831,2026-07-01,96.94
FREQ00009968,ALU00831,2026-08-01,87.14
FREQ00009969,ALU00831,2026-09-01,90.12
FREQ00009970,ALU00831,2026-10-01,93.19
FREQ00009971,ALU00831,2026-11-01,94.89
FREQ00009972,ALU00831,2026-12-01,90.56
FREQ00009973,ALU00832,2026-01-01,93.83
FREQ00009974,ALU00832,2026-02-01,95.5
FREQ00009975,ALU00832,2026-03-01,88.29
FREQ00009976,ALU00832,2026-04-01,87.94
FREQ00009977,ALU00832,2026-05-01,94.47
FREQ00009978,ALU00832,2026-06-01,89.25
FREQ00009979,ALU00832,2026-07-01,92.82
FREQ00009980,ALU00832,2026-08-01,87.18
FREQ00009981,ALU00832,2026-09-01,91.47
FREQ00009982,ALU00832,2026-10-01,92.86
FREQ00009983,ALU00832,2026-11-01,98.49
FREQ00009984,ALU00832,2026-12-01,95.91
FREQ00009985,ALU00833,2026-01-01,93.2
FREQ00009986,ALU00833,2026-02-01,89.81
FREQ00009987,ALU00833,2026-03-01,96.57
FREQ00009988,ALU00833,2026-04-01,92.06
FREQ00009989,ALU00833,2026-05-01,90.13
FREQ00009990,ALU00833,2026-06-01,97.13
FREQ00009991,ALU00833,2026-07-01,88.97
FREQ00009992,ALU00833,2026-08-01,87.1
FREQ00009993,ALU00833,2026-09-01,98.75
FREQ00009994,ALU00833,2026-10-01,97.73
FREQ00009995,ALU00833,2026-11-01,94.86
FREQ00009996,ALU00833,2026-12-01,92.82
FREQ00009997,ALU00834,2026-01-01,92.77
FREQ00009998,ALU00834,2026-02-01,98.21
FREQ00009999,ALU00834,2026-03-01,95.79
FREQ00010000,ALU00834,2026-04-01,96.59
FREQ00010001,ALU00834,2026-05-01,90.97
FREQ00010002,ALU00834,2026-06-01,98.95
FREQ00010003,ALU00834,2026-07-01,98.88
FREQ00010004,ALU00834,2026-08-01,92.81
FREQ00010005,ALU00834,2026-09-01,91.93
FREQ00010006,ALU00834,2026-10-01,91.42
FREQ00010007,ALU00834,2026-11-01,95.07
FREQ00010008,ALU00834,2026-12-01,97.98
FREQ00010009,ALU00835,2026-01-01,89.37
FREQ00010010,ALU00835,2026-02-01,92.59
FREQ00010011,ALU00835,2026-03-01,91.98
FREQ00010012,ALU00835,2026-04-01,94.53
FREQ00010013,ALU00835,2026-05-01,87.72
FREQ00010014,ALU00835,2026-06-01,90.45
FREQ00010015,ALU00835,2026-07-01,87.96
FREQ00010016,ALU00835,2026-08-01,96.3
FREQ00010017,ALU00835,2026-09-01,87.57
FREQ00010018,ALU00835,2026-10-01,90.67
FREQ00010019,ALU00835,2026-11-01,91.9
FREQ00010020,ALU00835,2026-12-01,98.0
FREQ00010021,ALU00836,2026-01-01,95.0
FREQ00010022,ALU00836,2026-02-01,95.66
FREQ00010023,ALU00836,2026-03-01,95.69
FREQ00010024,ALU00836,2026-04-01,96.91
FREQ00010025,ALU00836,2026-05-01,87.94
FREQ00010026,ALU00836,2026-06-01,93.07
FREQ00010027,ALU00836,2026-07-01,94.1
FREQ00010028,ALU00836,2026-08-01,89.56
FREQ00010029,ALU00836,2026-09-01,91.52
FREQ00010030,ALU00836,2026-10-01,89.81
FREQ00010031,ALU00836,2026-11-01,93.55
FREQ00010032,ALU00836,2026-12-01,94.27
FREQ00010033,ALU00837,2026-01-01,93.68
FREQ00010034,ALU00837,2026-02-01,91.6
FREQ00010035,ALU00837,2026-03-01,96.73
FREQ00010036,ALU00837,2026-04-01,94.41
FREQ00010037,ALU00837,2026-05-01,88.92
FREQ00010038,ALU00837,2026-06-01,88.75
FREQ00010039,ALU00837,2026-07-01,94.82
FREQ00010040,ALU00837,2026-08-01,97.69
FREQ00010041,ALU00837,2026-09-01,95.0
FREQ00010042,ALU00837,2026-10-01,97.27
FREQ00010043,ALU00837,2026-11-01,95.26
FREQ00010044,ALU00837,2026-12-01,87.02
FREQ00010045,ALU00838,2026-01-01,87.5
FREQ00010046,ALU00838,2026-02-01,87.18
FREQ00010047,ALU00838,2026-03-01,87.97
FREQ00010048,ALU00838,2026-04-01,95.22
FREQ00010049,ALU00838,2026-05-01,97.39
FREQ00010050,ALU00838,2026-06-01,90.22
FREQ00010051,ALU00838,2026-07-01,90.65
FREQ00010052,ALU00838,2026-08-01,93.47
FREQ00010053,ALU00838,2026-09-01,93.28
FREQ00010054,ALU00838,2026-10-01,90.55
FREQ00010055,ALU00838,2026-11-01,91.97
FREQ00010056,ALU00838,2026-12-01,93.2
FREQ00010057,ALU00839,2026-01-01,96.82
FREQ00010058,ALU00839,2026-02-01,88.49
FREQ00010059,ALU00839,2026-03-01,91.6
FREQ00010060,ALU00839,2026-04-01,93.33
FREQ00010061,ALU00839,2026-05-01,94.55
FREQ00010062,ALU00839,2026-06-01,87.1
FREQ00010063,ALU00839,2026-07-01,92.78
FREQ00010064,ALU00839,2026-08-01,92.7
FREQ00010065,ALU00839,2026-09-01,98.03
FREQ00010066,ALU00839,2026-10-01,92.77
FREQ00010067,ALU00839,2026-11-01,94.27
FREQ00010068,ALU00839,2026-12-01,89.41
FREQ00010069,ALU00840,2026-01-01,98.25
FREQ00010070,ALU00840,2026-02-01,95.15
FREQ00010071,ALU00840,2026-03-01,87.6
FREQ00010072,ALU00840,2026-04-01,95.97
FREQ00010073,ALU00840,2026-05-01,92.19
FREQ00010074,ALU00840,2026-06-01,90.36
FREQ00010075,ALU00840,2026-07-01,87.45
FREQ00010076,ALU00840,2026-08-01,98.68
FREQ00010077,ALU00840,2026-09-01,92.31
FREQ00010078,ALU00840,2026-10-01,94.28
FREQ00010079,ALU00840,2026-11-01,95.07
FREQ00010080,ALU00840,2026-12-01,89.95
FREQ00010081,ALU00841,2026-01-01,94.72
FREQ00010082,ALU00841,2026-02-01,91.56
FREQ00010083,ALU00841,2026-03-01,90.43
FREQ00010084,ALU00841,2026-04-01,88.55
FREQ00010085,ALU00841,2026-05-01,97.86
FREQ00010086,ALU00841,2026-06-01,94.71
FREQ00010087,ALU00841,2026-07-01,92.72
FREQ00010088,ALU00841,2026-08-01,97.07
FREQ00010089,ALU00841,2026-09-01,87.69
FREQ00010090,ALU00841,2026-10-01,88.81
FREQ00010091,ALU00841,2026-11-01,98.08
FREQ00010092,ALU00841,2026-12-01,93.87
FREQ00010093,ALU00842,2026-01-01,91.2
FREQ00010094,ALU00842,2026-02-01,89.74
FREQ00010095,ALU00842,2026-03-01,90.14
FREQ00010096,ALU00842,2026-04-01,98.44
FREQ00010097,ALU00842,2026-05-01,96.28
FREQ00010098,ALU00842,2026-06-01,92.66
FREQ00010099,ALU00842,2026-07-01,87.24
FREQ00010100,ALU00842,2026-08-01,94.11
FREQ00010101,ALU00842,2026-09-01,95.69
FREQ00010102,ALU00842,2026-10-01,91.56
FREQ00010103,ALU00842,2026-11-01,94.16
FREQ00010104,ALU00842,2026-12-01,93.2
FREQ00010105,ALU00843,2026-01-01,94.03
FREQ00010106,ALU00843,2026-02-01,91.15
FREQ00010107,ALU00843,2026-03-01,95.87
FREQ00010108,ALU00843,2026-04-01,95.77
FREQ00010109,ALU00843,2026-05-01,88.56
FREQ00010110,ALU00843,2026-06-01,98.48
FREQ00010111,ALU00843,2026-07-01,90.58
FREQ00010112,ALU00843,2026-08-01,88.29
FREQ00010113,ALU00843,2026-09-01,90.1
FREQ00010114,ALU00843,2026-10-01,90.52
FREQ00010115,ALU00843,2026-11-01,89.24
FREQ00010116,ALU00843,2026-12-01,92.28
FREQ00010117,ALU00844,2026-01-01,88.56
FREQ00010118,ALU00844,2026-02-01,95.17
FREQ00010119,ALU00844,2026-03-01,89.63
FREQ00010120,ALU00844,2026-04-01,96.09
FREQ00010121,ALU00844,2026-05-01,87.46
FREQ00010122,ALU00844,2026-06-01,90.09
FREQ00010123,ALU00844,2026-07-01,87.13
FREQ00010124,ALU00844,2026-08-01,96.57
FREQ00010125,ALU00844,2026-09-01,94.57
FREQ00010126,ALU00844,2026-10-01,96.51
FREQ00010127,ALU00844,2026-11-01,91.8
FREQ00010128,ALU00844,2026-12-01,91.56
FREQ00010129,ALU00845,2026-01-01,90.23
FREQ00010130,ALU00845,2026-02-01,93.48
FREQ00010131,ALU00845,2026-03-01,91.66
FREQ00010132,ALU00845,2026-04-01,89.26
FREQ00010133,ALU00845,2026-05-01,93.29
FREQ00010134,ALU00845,2026-06-01,92.78
FREQ00010135,ALU00845,2026-07-01,94.36
FREQ00010136,ALU00845,2026-08-01,93.34
FREQ00010137,ALU00845,2026-09-01,97.24
FREQ00010138,ALU00845,2026-10-01,90.02
FREQ00010139,ALU00845,2026-11-01,97.94
FREQ00010140,ALU00845,2026-12-01,91.6
FREQ00010141,ALU00846,2026-01-01,95.25
FREQ00010142,ALU00846,2026-02-01,93.63
FREQ00010143,ALU00846,2026-03-01,88.7
FREQ00010144,ALU00846,2026-04-01,90.04
FREQ00010145,ALU00846,2026-05-01,88.12
FREQ00010146,ALU00846,2026-06-01,96.93
FREQ00010147,ALU00846,2026-07-01,95.35
FREQ00010148,ALU00846,2026-08-01,88.5
FREQ00010149,ALU00846,2026-09-01,94.97
FREQ00010150,ALU00846,2026-10-01,88.57
FREQ00010151,ALU00846,2026-11-01,94.43
FREQ00010152,ALU00846,2026-12-01,97.62
FREQ00010153,ALU00847,2026-01-01,93.46
FREQ00010154,ALU00847,2026-02-01,95.74
FREQ00010155,ALU00847,2026-03-01,93.37
FREQ00010156,ALU00847,2026-04-01,96.2
FREQ00010157,ALU00847,2026-05-01,91.51
FREQ00010158,ALU00847,2026-06-01,95.17
FREQ00010159,ALU00847,2026-07-01,92.98
FREQ00010160,ALU00847,2026-08-01,90.36
FREQ00010161,ALU00847,2026-09-01,91.11
FREQ00010162,ALU00847,2026-10-01,87.16
FREQ00010163,ALU00847,2026-11-01,87.76
FREQ00010164,ALU00847,2026-12-01,98.77
FREQ00010165,ALU00848,2026-01-01,94.8
FREQ00010166,ALU00848,2026-02-01,91.43
FREQ00010167,ALU00848,2026-03-01,97.89
FREQ00010168,ALU00848,2026-04-01,92.53
FREQ00010169,ALU00848,2026-05-01,98.1
FREQ00010170,ALU00848,2026-06-01,92.04
FREQ00010171,ALU00848,2026-07-01,89.76
FREQ00010172,ALU00848,2026-08-01,96.52
FREQ00010173,ALU00848,2026-09-01,97.95
FREQ00010174,ALU00848,2026-10-01,98.81
FREQ00010175,ALU00848,2026-11-01,92.59
FREQ00010176,ALU00848,2026-12-01,98.67
FREQ00010177,ALU00849,2026-01-01,94.83
FREQ00010178,ALU00849,2026-02-01,96.6
FREQ00010179,ALU00849,2026-03-01,93.47
FREQ00010180,ALU00849,2026-04-01,87.23
FREQ00010181,ALU00849,2026-05-01,98.61
FREQ00010182,ALU00849,2026-06-01,95.87
FREQ00010183,ALU00849,2026-07-01,89.56
FREQ00010184,ALU00849,2026-08-01,96.44
FREQ00010185,ALU00849,2026-09-01,94.05
FREQ00010186,ALU00849,2026-10-01,91.3
FREQ00010187,ALU00849,2026-11-01,89.35
FREQ00010188,ALU00849,2026-12-01,94.35
FREQ00010189,ALU00850,2026-01-01,89.58
FREQ00010190,ALU00850,2026-02-01,89.42
FREQ00010191,ALU00850,2026-03-01,88.35
FREQ00010192,ALU00850,2026-04-01,87.93
FREQ00010193,ALU00850,2026-05-01,93.85
FREQ00010194,ALU00850,2026-06-01,95.25
FREQ00010195,ALU00850,2026-07-01,89.46
FREQ00010196,ALU00850,2026-08-01,98.43
FREQ00010197,ALU00850,2026-09-01,92.63
FREQ00010198,ALU00850,2026-10-01,96.65
FREQ00010199,ALU00850,2026-11-01,93.65
FREQ00010200,ALU00850,2026-12-01,98.51
FREQ00010201,ALU00851,2026-01-01,89.71
FREQ00010202,ALU00851,2026-02-01,91.55
FREQ00010203,ALU00851,2026-03-01,89.76
FREQ00010204,ALU00851,2026-04-01,87.91
FREQ00010205,ALU00851,2026-05-01,88.18
FREQ00010206,ALU00851,2026-06-01,99.0
FREQ00010207,ALU00851,2026-07-01,96.71
FREQ00010208,ALU00851,2026-08-01,94.24
FREQ00010209,ALU00851,2026-09-01,93.44
FREQ00010210,ALU00851,2026-10-01,93.23
FREQ00010211,ALU00851,2026-11-01,91.82
FREQ00010212,ALU00851,2026-12-01,92.6
FREQ00010213,ALU00852,2026-01-01,94.17
FREQ00010214,ALU00852,2026-02-01,97.32
FREQ00010215,ALU00852,2026-03-01,93.64
FREQ00010216,ALU00852,2026-04-01,94.89
FREQ00010217,ALU00852,2026-05-01,97.18
FREQ00010218,ALU00852,2026-06-01,89.26
FREQ00010219,ALU00852,2026-07-01,98.85
FREQ00010220,ALU00852,2026-08-01,92.87
FREQ00010221,ALU00852,2026-09-01,92.84
FREQ00010222,ALU00852,2026-10-01,94.39
FREQ00010223,ALU00852,2026-11-01,98.6
FREQ00010224,ALU00852,2026-12-01,96.82
FREQ00010225,ALU00853,2026-01-01,91.77
FREQ00010226,ALU00853,2026-02-01,91.32
FREQ00010227,ALU00853,2026-03-01,97.42
FREQ00010228,ALU00853,2026-04-01,95.08
FREQ00010229,ALU00853,2026-05-01,87.5
FREQ00010230,ALU00853,2026-06-01,98.56
FREQ00010231,ALU00853,2026-07-01,90.19
FREQ00010232,ALU00853,2026-08-01,93.25
FREQ00010233,ALU00853,2026-09-01,94.71
FREQ00010234,ALU00853,2026-10-01,87.68
FREQ00010235,ALU00853,2026-11-01,97.2
FREQ00010236,ALU00853,2026-12-01,92.93
FREQ00010237,ALU00854,2026-01-01,96.79
FREQ00010238,ALU00854,2026-02-01,98.68
FREQ00010239,ALU00854,2026-03-01,88.28
FREQ00010240,ALU00854,2026-04-01,87.93
FREQ00010241,ALU00854,2026-05-01,88.21
FREQ00010242,ALU00854,2026-06-01,91.79
FREQ00010243,ALU00854,2026-07-01,98.46
FREQ00010244,ALU00854,2026-08-01,94.87
FREQ00010245,ALU00854,2026-09-01,88.8
FREQ00010246,ALU00854,2026-10-01,90.88
FREQ00010247,ALU00854,2026-11-01,98.42
FREQ00010248,ALU00854,2026-12-01,95.28
FREQ00010249,ALU00855,2026-01-01,97.21
FREQ00010250,ALU00855,2026-02-01,90.05
FREQ00010251,ALU00855,2026-03-01,88.99
FREQ00010252,ALU00855,2026-04-01,89.02
FREQ00010253,ALU00855,2026-05-01,88.8
FREQ00010254,ALU00855,2026-06-01,95.07
FREQ00010255,ALU00855,2026-07-01,88.19
FREQ00010256,ALU00855,2026-08-01,90.71
FREQ00010257,ALU00855,2026-09-01,87.62
FREQ00010258,ALU00855,2026-10-01,87.24
FREQ00010259,ALU00855,2026-11-01,92.99
FREQ00010260,ALU00855,2026-12-01,95.59
FREQ00010261,ALU00856,2026-01-01,88.31
FREQ00010262,ALU00856,2026-02-01,97.09
FREQ00010263,ALU00856,2026-03-01,94.79
FREQ00010264,ALU00856,2026-04-01,92.06
FREQ00010265,ALU00856,2026-05-01,87.26
FREQ00010266,ALU00856,2026-06-01,88.18
FREQ00010267,ALU00856,2026-07-01,88.15
FREQ00010268,ALU00856,2026-08-01,92.23
FREQ00010269,ALU00856,2026-09-01,90.36
FREQ00010270,ALU00856,2026-10-01,97.14
FREQ00010271,ALU00856,2026-11-01,94.11
FREQ00010272,ALU00856,2026-12-01,96.94
FREQ00010273,ALU00857,2026-01-01,90.47
FREQ00010274,ALU00857,2026-02-01,91.69
FREQ00010275,ALU00857,2026-03-01,92.61
FREQ00010276,ALU00857,2026-04-01,89.54
FREQ00010277,ALU00857,2026-05-01,96.55
FREQ00010278,ALU00857,2026-06-01,90.34
FREQ00010279,ALU00857,2026-07-01,87.31
FREQ00010280,ALU00857,2026-08-01,98.58
FREQ00010281,ALU00857,2026-09-01,97.96
FREQ00010282,ALU00857,2026-10-01,95.7
FREQ00010283,ALU00857,2026-11-01,94.72
FREQ00010284,ALU00857,2026-12-01,88.62
FREQ00010285,ALU00858,2026-01-01,98.78
FREQ00010286,ALU00858,2026-02-01,91.21
FREQ00010287,ALU00858,2026-03-01,91.93
FREQ00010288,ALU00858,2026-04-01,91.79
FREQ00010289,ALU00858,2026-05-01,96.48
FREQ00010290,ALU00858,2026-06-01,95.4
FREQ00010291,ALU00858,2026-07-01,98.62
FREQ00010292,ALU00858,2026-08-01,95.97
FREQ00010293,ALU00858,2026-09-01,92.41
FREQ00010294,ALU00858,2026-10-01,94.51
FREQ00010295,ALU00858,2026-11-01,96.35
FREQ00010296,ALU00858,2026-12-01,87.9
FREQ00010297,ALU00859,2026-01-01,93.2
FREQ00010298,ALU00859,2026-02-01,92.86
FREQ00010299,ALU00859,2026-03-01,90.74
FREQ00010300,ALU00859,2026-04-01,90.82
FREQ00010301,ALU00859,2026-05-01,91.38
FREQ00010302,ALU00859,2026-06-01,87.12
FREQ00010303,ALU00859,2026-07-01,91.14
FREQ00010304,ALU00859,2026-08-01,87.31
FREQ00010305,ALU00859,2026-09-01,96.58
FREQ00010306,ALU00859,2026-10-01,97.34
FREQ00010307,ALU00859,2026-11-01,87.64
FREQ00010308,ALU00859,2026-12-01,95.38
FREQ00010309,ALU00860,2026-01-01,92.6
FREQ00010310,ALU00860,2026-02-01,91.78
FREQ00010311,ALU00860,2026-03-01,96.48
FREQ00010312,ALU00860,2026-04-01,87.8
FREQ00010313,ALU00860,2026-05-01,95.88
FREQ00010314,ALU00860,2026-06-01,98.83
FREQ00010315,ALU00860,2026-07-01,93.98
FREQ00010316,ALU00860,2026-08-01,97.06
FREQ00010317,ALU00860,2026-09-01,94.35
FREQ00010318,ALU00860,2026-10-01,91.54
FREQ00010319,ALU00860,2026-11-01,92.66
FREQ00010320,ALU00860,2026-12-01,96.96
FREQ00010321,ALU00861,2026-01-01,96.12
FREQ00010322,ALU00861,2026-02-01,94.99
FREQ00010323,ALU00861,2026-03-01,88.6
FREQ00010324,ALU00861,2026-04-01,94.31
FREQ00010325,ALU00861,2026-05-01,96.83
FREQ00010326,ALU00861,2026-06-01,87.51
FREQ00010327,ALU00861,2026-07-01,87.4
FREQ00010328,ALU00861,2026-08-01,89.99
FREQ00010329,ALU00861,2026-09-01,98.63
FREQ00010330,ALU00861,2026-10-01,96.39
FREQ00010331,ALU00861,2026-11-01,91.43
FREQ00010332,ALU00861,2026-12-01,96.64
FREQ00010333,ALU00862,2026-01-01,95.48
FREQ00010334,ALU00862,2026-02-01,89.83
FREQ00010335,ALU00862,2026-03-01,93.17
FREQ00010336,ALU00862,2026-04-01,89.55
FREQ00010337,ALU00862,2026-05-01,89.4
FREQ00010338,ALU00862,2026-06-01,92.92
FREQ00010339,ALU00862,2026-07-01,94.6
FREQ00010340,ALU00862,2026-08-01,91.14
FREQ00010341,ALU00862,2026-09-01,97.22
FREQ00010342,ALU00862,2026-10-01,91.14
FREQ00010343,ALU00862,2026-11-01,92.85
FREQ00010344,ALU00862,2026-12-01,93.63
FREQ00010345,ALU00863,2026-01-01,89.38
FREQ00010346,ALU00863,2026-02-01,91.87
FREQ00010347,ALU00863,2026-03-01,94.86
FREQ00010348,ALU00863,2026-04-01,97.89
FREQ00010349,ALU00863,2026-05-01,94.95
FREQ00010350,ALU00863,2026-06-01,88.19
FREQ00010351,ALU00863,2026-07-01,88.74
FREQ00010352,ALU00863,2026-08-01,97.77
FREQ00010353,ALU00863,2026-09-01,98.96
FREQ00010354,ALU00863,2026-10-01,94.28
FREQ00010355,ALU00863,2026-11-01,95.98
FREQ00010356,ALU00863,2026-12-01,92.99
FREQ00010357,ALU00864,2026-01-01,89.87
FREQ00010358,ALU00864,2026-02-01,88.5
FREQ00010359,ALU00864,2026-03-01,89.39
FREQ00010360,ALU00864,2026-04-01,94.3
FREQ00010361,ALU00864,2026-05-01,98.02
FREQ00010362,ALU00864,2026-06-01,93.69
FREQ00010363,ALU00864,2026-07-01,96.21
FREQ00010364,ALU00864,2026-08-01,89.56
FREQ00010365,ALU00864,2026-09-01,94.22
FREQ00010366,ALU00864,2026-10-01,98.87
FREQ00010367,ALU00864,2026-11-01,95.87
FREQ00010368,ALU00864,2026-12-01,89.67
FREQ00010369,ALU00865,2026-01-01,89.66
FREQ00010370,ALU00865,2026-02-01,87.64
FREQ00010371,ALU00865,2026-03-01,98.05
FREQ00010372,ALU00865,2026-04-01,92.14
FREQ00010373,ALU00865,2026-05-01,90.04
FREQ00010374,ALU00865,2026-06-01,90.1
FREQ00010375,ALU00865,2026-07-01,89.48
FREQ00010376,ALU00865,2026-08-01,94.64
FREQ00010377,ALU00865,2026-09-01,95.17
FREQ00010378,ALU00865,2026-10-01,87.19
FREQ00010379,ALU00865,2026-11-01,93.97
FREQ00010380,ALU00865,2026-12-01,97.33
FREQ00010381,ALU00866,2026-01-01,93.45
FREQ00010382,ALU00866,2026-02-01,87.24
FREQ00010383,ALU00866,2026-03-01,93.61
FREQ00010384,ALU00866,2026-04-01,97.58
FREQ00010385,ALU00866,2026-05-01,98.04
FREQ00010386,ALU00866,2026-06-01,90.93
FREQ00010387,ALU00866,2026-07-01,87.08
FREQ00010388,ALU00866,2026-08-01,93.49
FREQ00010389,ALU00866,2026-09-01,89.22
FREQ00010390,ALU00866,2026-10-01,87.28
FREQ00010391,ALU00866,2026-11-01,93.21
FREQ00010392,ALU00866,2026-12-01,88.94
FREQ00010393,ALU00867,2026-01-01,90.87
FREQ00010394,ALU00867,2026-02-01,88.63
FREQ00010395,ALU00867,2026-03-01,97.35
FREQ00010396,ALU00867,2026-04-01,90.82
FREQ00010397,ALU00867,2026-05-01,88.84
FREQ00010398,ALU00867,2026-06-01,96.23
FREQ00010399,ALU00867,2026-07-01,92.69
FREQ00010400,ALU00867,2026-08-01,96.77
FREQ00010401,ALU00867,2026-09-01,87.2
FREQ00010402,ALU00867,2026-10-01,97.6
FREQ00010403,ALU00867,2026-11-01,91.29
FREQ00010404,ALU00867,2026-12-01,93.55
FREQ00010405,ALU00868,2026-01-01,91.38
FREQ00010406,ALU00868,2026-02-01,87.83
FREQ00010407,ALU00868,2026-03-01,98.08
FREQ00010408,ALU00868,2026-04-01,91.89
FREQ00010409,ALU00868,2026-05-01,94.73
FREQ00010410,ALU00868,2026-06-01,87.88
FREQ00010411,ALU00868,2026-07-01,97.58
FREQ00010412,ALU00868,2026-08-01,88.58
FREQ00010413,ALU00868,2026-09-01,91.61
FREQ00010414,ALU00868,2026-10-01,93.41
FREQ00010415,ALU00868,2026-11-01,94.59
FREQ00010416,ALU00868,2026-12-01,98.92
FREQ00010417,ALU00869,2026-01-01,87.83
FREQ00010418,ALU00869,2026-02-01,96.78
FREQ00010419,ALU00869,2026-03-01,90.41
FREQ00010420,ALU00869,2026-04-01,93.06
FREQ00010421,ALU00869,2026-05-01,91.22
FREQ00010422,ALU00869,2026-06-01,91.3
FREQ00010423,ALU00869,2026-07-01,94.24
FREQ00010424,ALU00869,2026-08-01,89.6
FREQ00010425,ALU00869,2026-09-01,96.49
FREQ00010426,ALU00869,2026-10-01,89.77
FREQ00010427,ALU00869,2026-11-01,93.39
FREQ00010428,ALU00869,2026-12-01,89.64
FREQ00010429,ALU00870,2026-01-01,98.66
FREQ00010430,ALU00870,2026-02-01,90.87
FREQ00010431,ALU00870,2026-03-01,95.55
FREQ00010432,ALU00870,2026-04-01,88.39
FREQ00010433,ALU00870,2026-05-01,87.66
FREQ00010434,ALU00870,2026-06-01,88.05
FREQ00010435,ALU00870,2026-07-01,92.7
FREQ00010436,ALU00870,2026-08-01,94.6
FREQ00010437,ALU00870,2026-09-01,93.65
FREQ00010438,ALU00870,2026-10-01,89.41
FREQ00010439,ALU00870,2026-11-01,96.53
FREQ00010440,ALU00870,2026-12-01,90.99
FREQ00010441,ALU00871,2026-01-01,88.53
FREQ00010442,ALU00871,2026-02-01,95.4
FREQ00010443,ALU00871,2026-03-01,90.2
FREQ00010444,ALU00871,2026-04-01,89.61
FREQ00010445,ALU00871,2026-05-01,91.74
FREQ00010446,ALU00871,2026-06-01,90.7
FREQ00010447,ALU00871,2026-07-01,98.77
FREQ00010448,ALU00871,2026-08-01,95.18
FREQ00010449,ALU00871,2026-09-01,89.46
FREQ00010450,ALU00871,2026-10-01,95.07
FREQ00010451,ALU00871,2026-11-01,95.26
FREQ00010452,ALU00871,2026-12-01,98.34
FREQ00010453,ALU00872,2026-01-01,90.8
FREQ00010454,ALU00872,2026-02-01,95.11
FREQ00010455,ALU00872,2026-03-01,94.31
FREQ00010456,ALU00872,2026-04-01,87.26
FREQ00010457,ALU00872,2026-05-01,87.09
FREQ00010458,ALU00872,2026-06-01,87.14
FREQ00010459,ALU00872,2026-07-01,91.07
FREQ00010460,ALU00872,2026-08-01,87.65
FREQ00010461,ALU00872,2026-09-01,94.46
FREQ00010462,ALU00872,2026-10-01,96.39
FREQ00010463,ALU00872,2026-11-01,96.69
FREQ00010464,ALU00872,2026-12-01,97.54
FREQ00010465,ALU00873,2026-01-01,92.01
FREQ00010466,ALU00873,2026-02-01,90.22
FREQ00010467,ALU00873,2026-03-01,91.14
FREQ00010468,ALU00873,2026-04-01,88.59
FREQ00010469,ALU00873,2026-05-01,89.55
FREQ00010470,ALU00873,2026-06-01,91.52
FREQ00010471,ALU00873,2026-07-01,93.29
FREQ00010472,ALU00873,2026-08-01,95.24
FREQ00010473,ALU00873,2026-09-01,89.74
FREQ00010474,ALU00873,2026-10-01,90.42
FREQ00010475,ALU00873,2026-11-01,95.99
FREQ00010476,ALU00873,2026-12-01,88.3
FREQ00010477,ALU00874,2026-01-01,96.47
FREQ00010478,ALU00874,2026-02-01,96.65
FREQ00010479,ALU00874,2026-03-01,92.09
FREQ00010480,ALU00874,2026-04-01,89.07
FREQ00010481,ALU00874,2026-05-01,89.12
FREQ00010482,ALU00874,2026-06-01,91.01
FREQ00010483,ALU00874,2026-07-01,93.23
FREQ00010484,ALU00874,2026-08-01,95.87
FREQ00010485,ALU00874,2026-09-01,93.23
FREQ00010486,ALU00874,2026-10-01,91.03
FREQ00010487,ALU00874,2026-11-01,92.44
FREQ00010488,ALU00874,2026-12-01,98.5
FREQ00010489,ALU00875,2026-01-01,89.29
FREQ00010490,ALU00875,2026-02-01,89.55
FREQ00010491,ALU00875,2026-03-01,90.98
FREQ00010492,ALU00875,2026-04-01,92.03
FREQ00010493,ALU00875,2026-05-01,97.47
FREQ00010494,ALU00875,2026-06-01,95.62
FREQ00010495,ALU00875,2026-07-01,87.07
FREQ00010496,ALU00875,2026-08-01,93.04
FREQ00010497,ALU00875,2026-09-01,91.3
FREQ00010498,ALU00875,2026-10-01,87.4
FREQ00010499,ALU00875,2026-11-01,91.47
FREQ00010500,ALU00875,2026-12-01,90.04
FREQ00010501,ALU00876,2026-01-01,91.99
FREQ00010502,ALU00876,2026-02-01,92.51
FREQ00010503,ALU00876,2026-03-01,92.07
FREQ00010504,ALU00876,2026-04-01,91.43
FREQ00010505,ALU00876,2026-05-01,93.61
FREQ00010506,ALU00876,2026-06-01,96.07
FREQ00010507,ALU00876,2026-07-01,94.01
FREQ00010508,ALU00876,2026-08-01,97.0
FREQ00010509,ALU00876,2026-09-01,92.86
FREQ00010510,ALU00876,2026-10-01,91.67
FREQ00010511,ALU00876,2026-11-01,95.41
FREQ00010512,ALU00876,2026-12-01,96.68
FREQ00010513,ALU00877,2026-01-01,95.06
FREQ00010514,ALU00877,2026-02-01,87.77
FREQ00010515,ALU00877,2026-03-01,91.66
FREQ00010516,ALU00877,2026-04-01,96.61
FREQ00010517,ALU00877,2026-05-01,93.42
FREQ00010518,ALU00877,2026-06-01,90.25
FREQ00010519,ALU00877,2026-07-01,89.39
FREQ00010520,ALU00877,2026-08-01,92.06
FREQ00010521,ALU00877,2026-09-01,96.06
FREQ00010522,ALU00877,2026-10-01,88.7
FREQ00010523,ALU00877,2026-11-01,87.32
FREQ00010524,ALU00877,2026-12-01,95.15
FREQ00010525,ALU00878,2026-01-01,87.7
FREQ00010526,ALU00878,2026-02-01,97.92
FREQ00010527,ALU00878,2026-03-01,97.66
FREQ00010528,ALU00878,2026-04-01,95.61
FREQ00010529,ALU00878,2026-05-01,89.9
FREQ00010530,ALU00878,2026-06-01,94.64
FREQ00010531,ALU00878,2026-07-01,88.38
FREQ00010532,ALU00878,2026-08-01,94.56
FREQ00010533,ALU00878,2026-09-01,98.19
FREQ00010534,ALU00878,2026-10-01,89.87
FREQ00010535,ALU00878,2026-11-01,96.25
FREQ00010536,ALU00878,2026-12-01,97.65
FREQ00010537,ALU00879,2026-01-01,90.59
FREQ00010538,ALU00879,2026-02-01,93.09
FREQ00010539,ALU00879,2026-03-01,92.6
FREQ00010540,ALU00879,2026-04-01,95.24
FREQ00010541,ALU00879,2026-05-01,89.3
FREQ00010542,ALU00879,2026-06-01,97.19
FREQ00010543,ALU00879,2026-07-01,87.37
FREQ00010544,ALU00879,2026-08-01,89.86
FREQ00010545,ALU00879,2026-09-01,88.26
FREQ00010546,ALU00879,2026-10-01,89.4
FREQ00010547,ALU00879,2026-11-01,91.65
FREQ00010548,ALU00879,2026-12-01,90.85
FREQ00010549,ALU00880,2026-01-01,98.86
FREQ00010550,ALU00880,2026-02-01,89.33
FREQ00010551,ALU00880,2026-03-01,94.3
FREQ00010552,ALU00880,2026-04-01,92.78
FREQ00010553,ALU00880,2026-05-01,87.29
FREQ00010554,ALU00880,2026-06-01,96.35
FREQ00010555,ALU00880,2026-07-01,98.54
FREQ00010556,ALU00880,2026-08-01,94.28
FREQ00010557,ALU00880,2026-09-01,89.21
FREQ00010558,ALU00880,2026-10-01,95.54
FREQ00010559,ALU00880,2026-11-01,88.92
FREQ00010560,ALU00880,2026-12-01,98.16
FREQ00010561,ALU00881,2026-01-01,87.27
FREQ00010562,ALU00881,2026-02-01,90.57
FREQ00010563,ALU00881,2026-03-01,87.77
FREQ00010564,ALU00881,2026-04-01,87.38
FREQ00010565,ALU00881,2026-05-01,94.69
FREQ00010566,ALU00881,2026-06-01,87.97
FREQ00010567,ALU00881,2026-07-01,89.78
FREQ00010568,ALU00881,2026-08-01,91.96
FREQ00010569,ALU00881,2026-09-01,95.56
FREQ00010570,ALU00881,2026-10-01,90.63
FREQ00010571,ALU00881,2026-11-01,93.98
FREQ00010572,ALU00881,2026-12-01,87.16
FREQ00010573,ALU00882,2026-01-01,92.92
FREQ00010574,ALU00882,2026-02-01,95.32
FREQ00010575,ALU00882,2026-03-01,88.21
FREQ00010576,ALU00882,2026-04-01,96.39
FREQ00010577,ALU00882,2026-05-01,87.39
FREQ00010578,ALU00882,2026-06-01,95.9
FREQ00010579,ALU00882,2026-07-01,89.49
FREQ00010580,ALU00882,2026-08-01,89.65
FREQ00010581,ALU00882,2026-09-01,88.33
FREQ00010582,ALU00882,2026-10-01,96.43
FREQ00010583,ALU00882,2026-11-01,88.44
FREQ00010584,ALU00882,2026-12-01,91.79
FREQ00010585,ALU00883,2026-01-01,87.45
FREQ00010586,ALU00883,2026-02-01,95.69
FREQ00010587,ALU00883,2026-03-01,89.74
FREQ00010588,ALU00883,2026-04-01,94.36
FREQ00010589,ALU00883,2026-05-01,89.42
FREQ00010590,ALU00883,2026-06-01,88.51
FREQ00010591,ALU00883,2026-07-01,95.54
FREQ00010592,ALU00883,2026-08-01,90.27
FREQ00010593,ALU00883,2026-09-01,88.96
FREQ00010594,ALU00883,2026-10-01,98.62
FREQ00010595,ALU00883,2026-11-01,94.7
FREQ00010596,ALU00883,2026-12-01,97.73
FREQ00010597,ALU00884,2026-01-01,97.08
FREQ00010598,ALU00884,2026-02-01,98.48
FREQ00010599,ALU00884,2026-03-01,91.88
FREQ00010600,ALU00884,2026-04-01,89.25
FREQ00010601,ALU00884,2026-05-01,97.71
FREQ00010602,ALU00884,2026-06-01,89.87
FREQ00010603,ALU00884,2026-07-01,91.92
FREQ00010604,ALU00884,2026-08-01,88.33
FREQ00010605,ALU00884,2026-09-01,97.16
FREQ00010606,ALU00884,2026-10-01,89.06
FREQ00010607,ALU00884,2026-11-01,97.54
FREQ00010608,ALU00884,2026-12-01,95.85
FREQ00010609,ALU00885,2026-01-01,95.94
FREQ00010610,ALU00885,2026-02-01,92.81
FREQ00010611,ALU00885,2026-03-01,89.34
FREQ00010612,ALU00885,2026-04-01,92.78
FREQ00010613,ALU00885,2026-05-01,87.55
FREQ00010614,ALU00885,2026-06-01,90.56
FREQ00010615,ALU00885,2026-07-01,95.22
FREQ00010616,ALU00885,2026-08-01,87.97
FREQ00010617,ALU00885,2026-09-01,93.12
FREQ00010618,ALU00885,2026-10-01,88.45
FREQ00010619,ALU00885,2026-11-01,89.25
FREQ00010620,ALU00885,2026-12-01,93.15
FREQ00010621,ALU00886,2026-01-01,93.84
FREQ00010622,ALU00886,2026-02-01,93.38
FREQ00010623,ALU00886,2026-03-01,87.27
FREQ00010624,ALU00886,2026-04-01,96.37
FREQ00010625,ALU00886,2026-05-01,97.47
FREQ00010626,ALU00886,2026-06-01,91.09
FREQ00010627,ALU00886,2026-07-01,97.36
FREQ00010628,ALU00886,2026-08-01,96.53
FREQ00010629,ALU00886,2026-09-01,94.53
FREQ00010630,ALU00886,2026-10-01,89.54
FREQ00010631,ALU00886,2026-11-01,97.46
FREQ00010632,ALU00886,2026-12-01,95.99
FREQ00010633,ALU00887,2026-01-01,93.94
FREQ00010634,ALU00887,2026-02-01,88.18
FREQ00010635,ALU00887,2026-03-01,91.44
FREQ00010636,ALU00887,2026-04-01,96.13
FREQ00010637,ALU00887,2026-05-01,89.38
FREQ00010638,ALU00887,2026-06-01,89.37
FREQ00010639,ALU00887,2026-07-01,87.88
FREQ00010640,ALU00887,2026-08-01,97.55
FREQ00010641,ALU00887,2026-09-01,93.65
FREQ00010642,ALU00887,2026-10-01,96.84
FREQ00010643,ALU00887,2026-11-01,90.06
FREQ00010644,ALU00887,2026-12-01,92.04
FREQ00010645,ALU00888,2026-01-01,98.61
FREQ00010646,ALU00888,2026-02-01,93.47
FREQ00010647,ALU00888,2026-03-01,91.28
FREQ00010648,ALU00888,2026-04-01,92.11
FREQ00010649,ALU00888,2026-05-01,95.18
FREQ00010650,ALU00888,2026-06-01,93.83
FREQ00010651,ALU00888,2026-07-01,93.55
FREQ00010652,ALU00888,2026-08-01,97.38
FREQ00010653,ALU00888,2026-09-01,94.04
FREQ00010654,ALU00888,2026-10-01,98.23
FREQ00010655,ALU00888,2026-11-01,93.28
FREQ00010656,ALU00888,2026-12-01,97.26
FREQ00010657,ALU00889,2026-01-01,98.15
FREQ00010658,ALU00889,2026-02-01,89.02
FREQ00010659,ALU00889,2026-03-01,95.74
FREQ00010660,ALU00889,2026-04-01,97.22
FREQ00010661,ALU00889,2026-05-01,92.37
FREQ00010662,ALU00889,2026-06-01,88.75
FREQ00010663,ALU00889,2026-07-01,89.46
FREQ00010664,ALU00889,2026-08-01,95.23
FREQ00010665,ALU00889,2026-09-01,88.04
FREQ00010666,ALU00889,2026-10-01,96.65
FREQ00010667,ALU00889,2026-11-01,95.24
FREQ00010668,ALU00889,2026-12-01,96.51
FREQ00010669,ALU00890,2026-01-01,95.68
FREQ00010670,ALU00890,2026-02-01,88.52
FREQ00010671,ALU00890,2026-03-01,90.43
FREQ00010672,ALU00890,2026-04-01,88.12
FREQ00010673,ALU00890,2026-05-01,91.09
FREQ00010674,ALU00890,2026-06-01,96.46
FREQ00010675,ALU00890,2026-07-01,89.07
FREQ00010676,ALU00890,2026-08-01,87.55
FREQ00010677,ALU00890,2026-09-01,93.46
FREQ00010678,ALU00890,2026-10-01,90.42
FREQ00010679,ALU00890,2026-11-01,90.23
FREQ00010680,ALU00890,2026-12-01,96.89
FREQ00010681,ALU00891,2026-01-01,90.43
FREQ00010682,ALU00891,2026-02-01,90.68
FREQ00010683,ALU00891,2026-03-01,90.1
FREQ00010684,ALU00891,2026-04-01,88.36
FREQ00010685,ALU00891,2026-05-01,94.43
FREQ00010686,ALU00891,2026-06-01,92.66
FREQ00010687,ALU00891,2026-07-01,98.82
FREQ00010688,ALU00891,2026-08-01,98.48
FREQ00010689,ALU00891,2026-09-01,94.79
FREQ00010690,ALU00891,2026-10-01,92.55
FREQ00010691,ALU00891,2026-11-01,90.66
FREQ00010692,ALU00891,2026-12-01,92.52
FREQ00010693,ALU00892,2026-01-01,93.0
FREQ00010694,ALU00892,2026-02-01,88.99
FREQ00010695,ALU00892,2026-03-01,98.2
FREQ00010696,ALU00892,2026-04-01,94.89
FREQ00010697,ALU00892,2026-05-01,92.62
FREQ00010698,ALU00892,2026-06-01,92.63
FREQ00010699,ALU00892,2026-07-01,96.08
FREQ00010700,ALU00892,2026-08-01,94.56
FREQ00010701,ALU00892,2026-09-01,89.26
FREQ00010702,ALU00892,2026-10-01,97.57
FREQ00010703,ALU00892,2026-11-01,87.39
FREQ00010704,ALU00892,2026-12-01,93.79
FREQ00010705,ALU00893,2026-01-01,87.89
FREQ00010706,ALU00893,2026-02-01,94.36
FREQ00010707,ALU00893,2026-03-01,96.76
FREQ00010708,ALU00893,2026-04-01,91.71
FREQ00010709,ALU00893,2026-05-01,97.47
FREQ00010710,ALU00893,2026-06-01,93.47
FREQ00010711,ALU00893,2026-07-01,87.18
FREQ00010712,ALU00893,2026-08-01,96.68
FREQ00010713,ALU00893,2026-09-01,93.07
FREQ00010714,ALU00893,2026-10-01,89.65
FREQ00010715,ALU00893,2026-11-01,89.21
FREQ00010716,ALU00893,2026-12-01,89.75
FREQ00010717,ALU00894,2026-01-01,95.66
FREQ00010718,ALU00894,2026-02-01,90.36
FREQ00010719,ALU00894,2026-03-01,88.89
FREQ00010720,ALU00894,2026-04-01,97.02
FREQ00010721,ALU00894,2026-05-01,95.46
FREQ00010722,ALU00894,2026-06-01,96.77
FREQ00010723,ALU00894,2026-07-01,88.93
FREQ00010724,ALU00894,2026-08-01,91.53
FREQ00010725,ALU00894,2026-09-01,96.28
FREQ00010726,ALU00894,2026-10-01,91.11
FREQ00010727,ALU00894,2026-11-01,88.21
FREQ00010728,ALU00894,2026-12-01,87.35
FREQ00010729,ALU00895,2026-01-01,90.92
FREQ00010730,ALU00895,2026-02-01,98.96
FREQ00010731,ALU00895,2026-03-01,91.34
FREQ00010732,ALU00895,2026-04-01,94.78
FREQ00010733,ALU00895,2026-05-01,91.32
FREQ00010734,ALU00895,2026-06-01,96.71
FREQ00010735,ALU00895,2026-07-01,89.39
FREQ00010736,ALU00895,2026-08-01,95.17
FREQ00010737,ALU00895,2026-09-01,91.66
FREQ00010738,ALU00895,2026-10-01,93.52
FREQ00010739,ALU00895,2026-11-01,88.87
FREQ00010740,ALU00895,2026-12-01,87.8
FREQ00010741,ALU00896,2026-01-01,88.46
FREQ00010742,ALU00896,2026-02-01,88.26
FREQ00010743,ALU00896,2026-03-01,96.86
FREQ00010744,ALU00896,2026-04-01,90.64
FREQ00010745,ALU00896,2026-05-01,92.13
FREQ00010746,ALU00896,2026-06-01,97.88
FREQ00010747,ALU00896,2026-07-01,91.47
FREQ00010748,ALU00896,2026-08-01,89.79
FREQ00010749,ALU00896,2026-09-01,98.46
FREQ00010750,ALU00896,2026-10-01,95.72
FREQ00010751,ALU00896,2026-11-01,90.38
FREQ00010752,ALU00896,2026-12-01,96.37
FREQ00010753,ALU00897,2026-01-01,97.66
FREQ00010754,ALU00897,2026-02-01,91.09
FREQ00010755,ALU00897,2026-03-01,96.34
FREQ00010756,ALU00897,2026-04-01,94.4
FREQ00010757,ALU00897,2026-05-01,87.8
FREQ00010758,ALU00897,2026-06-01,92.18
FREQ00010759,ALU00897,2026-07-01,97.94
FREQ00010760,ALU00897,2026-08-01,89.01
FREQ00010761,ALU00897,2026-09-01,94.37
FREQ00010762,ALU00897,2026-10-01,98.05
FREQ00010763,ALU00897,2026-11-01,98.76
FREQ00010764,ALU00897,2026-12-01,94.64
FREQ00010765,ALU00898,2026-01-01,97.85
FREQ00010766,ALU00898,2026-02-01,88.05
FREQ00010767,ALU00898,2026-03-01,87.47
FREQ00010768,ALU00898,2026-04-01,97.04
FREQ00010769,ALU00898,2026-05-01,92.58
FREQ00010770,ALU00898,2026-06-01,88.0
FREQ00010771,ALU00898,2026-07-01,87.21
FREQ00010772,ALU00898,2026-08-01,94.24
FREQ00010773,ALU00898,2026-09-01,97.8
FREQ00010774,ALU00898,2026-10-01,95.29
FREQ00010775,ALU00898,2026-11-01,87.25
FREQ00010776,ALU00898,2026-12-01,87.79
FREQ00010777,ALU00899,2026-01-01,89.59
FREQ00010778,ALU00899,2026-02-01,92.78
FREQ00010779,ALU00899,2026-03-01,96.0
FREQ00010780,ALU00899,2026-04-01,93.68
FREQ00010781,ALU00899,2026-05-01,93.63
FREQ00010782,ALU00899,2026-06-01,90.75
FREQ00010783,ALU00899,2026-07-01,92.12
FREQ00010784,ALU00899,2026-08-01,90.08
FREQ00010785,ALU00899,2026-09-01,98.42
FREQ00010786,ALU00899,2026-10-01,91.65
FREQ00010787,ALU00899,2026-11-01,98.7
FREQ00010788,ALU00899,2026-12-01,96.84
FREQ00010789,ALU00900,2026-01-01,94.97
FREQ00010790,ALU00900,2026-02-01,93.87
FREQ00010791,ALU00900,2026-03-01,96.01
FREQ00010792,ALU00900,2026-04-01,96.86
FREQ00010793,ALU00900,2026-05-01,89.07
FREQ00010794,ALU00900,2026-06-01,97.22
FREQ00010795,ALU00900,2026-07-01,87.4
FREQ00010796,ALU00900,2026-08-01,98.5
FREQ00010797,ALU00900,2026-09-01,87.31
FREQ00010798,ALU00900,2026-10-01,88.3
FREQ00010799,ALU00900,2026-11-01,92.33
FREQ00010800,ALU00900,2026-12-01,90.74
FREQ00010801,ALU00901,2026-01-01,91.49
FREQ00010802,ALU00901,2026-02-01,88.76
FREQ00010803,ALU00901,2026-03-01,96.41
FREQ00010804,ALU00901,2026-04-01,98.24
FREQ00010805,ALU00901,2026-05-01,87.53
FREQ00010806,ALU00901,2026-06-01,97.19
FREQ00010807,ALU00901,2026-07-01,97.75
FREQ00010808,ALU00901,2026-08-01,90.65
FREQ00010809,ALU00901,2026-09-01,97.3
FREQ00010810,ALU00901,2026-10-01,87.94
FREQ00010811,ALU00901,2026-11-01,91.11
FREQ00010812,ALU00901,2026-12-01,90.05
FREQ00010813,ALU00902,2026-01-01,91.63
FREQ00010814,ALU00902,2026-02-01,96.01
FREQ00010815,ALU00902,2026-03-01,94.01
FREQ00010816,ALU00902,2026-04-01,98.68
FREQ00010817,ALU00902,2026-05-01,95.56
FREQ00010818,ALU00902,2026-06-01,87.32
FREQ00010819,ALU00902,2026-07-01,91.72
FREQ00010820,ALU00902,2026-08-01,96.05
FREQ00010821,ALU00902,2026-09-01,95.32
FREQ00010822,ALU00902,2026-10-01,90.9
FREQ00010823,ALU00902,2026-11-01,89.25
FREQ00010824,ALU00902,2026-12-01,92.45
FREQ00010825,ALU00903,2026-01-01,95.25
FREQ00010826,ALU00903,2026-02-01,89.72
FREQ00010827,ALU00903,2026-03-01,97.24
FREQ00010828,ALU00903,2026-04-01,87.63
FREQ00010829,ALU00903,2026-05-01,88.12
FREQ00010830,ALU00903,2026-06-01,97.87
FREQ00010831,ALU00903,2026-07-01,94.13
FREQ00010832,ALU00903,2026-08-01,96.56
FREQ00010833,ALU00903,2026-09-01,98.52
FREQ00010834,ALU00903,2026-10-01,95.04
FREQ00010835,ALU00903,2026-11-01,94.58
FREQ00010836,ALU00903,2026-12-01,96.88
FREQ00010837,ALU00904,2026-01-01,98.41
FREQ00010838,ALU00904,2026-02-01,87.48
FREQ00010839,ALU00904,2026-03-01,91.16
FREQ00010840,ALU00904,2026-04-01,97.82
FREQ00010841,ALU00904,2026-05-01,93.87
FREQ00010842,ALU00904,2026-06-01,88.38
FREQ00010843,ALU00904,2026-07-01,94.06
FREQ00010844,ALU00904,2026-08-01,93.62
FREQ00010845,ALU00904,2026-09-01,95.52
FREQ00010846,ALU00904,2026-10-01,91.29
FREQ00010847,ALU00904,2026-11-01,95.17
FREQ00010848,ALU00904,2026-12-01,94.22
FREQ00010849,ALU00905,2026-01-01,98.22
FREQ00010850,ALU00905,2026-02-01,98.67
FREQ00010851,ALU00905,2026-03-01,89.62
FREQ00010852,ALU00905,2026-04-01,94.26
FREQ00010853,ALU00905,2026-05-01,92.84
FREQ00010854,ALU00905,2026-06-01,98.48
FREQ00010855,ALU00905,2026-07-01,96.05
FREQ00010856,ALU00905,2026-08-01,96.3
FREQ00010857,ALU00905,2026-09-01,96.67
FREQ00010858,ALU00905,2026-10-01,95.79
FREQ00010859,ALU00905,2026-11-01,98.78
FREQ00010860,ALU00905,2026-12-01,92.15
FREQ00010861,ALU00906,2026-01-01,96.1
FREQ00010862,ALU00906,2026-02-01,94.87
FREQ00010863,ALU00906,2026-03-01,89.69
FREQ00010864,ALU00906,2026-04-01,90.95
FREQ00010865,ALU00906,2026-05-01,97.2
FREQ00010866,ALU00906,2026-06-01,89.72
FREQ00010867,ALU00906,2026-07-01,98.68
FREQ00010868,ALU00906,2026-08-01,92.96
FREQ00010869,ALU00906,2026-09-01,87.07
FREQ00010870,ALU00906,2026-10-01,96.52
FREQ00010871,ALU00906,2026-11-01,97.42
FREQ00010872,ALU00906,2026-12-01,96.77
FREQ00010873,ALU00907,2026-01-01,87.85
FREQ00010874,ALU00907,2026-02-01,96.65
FREQ00010875,ALU00907,2026-03-01,89.68
FREQ00010876,ALU00907,2026-04-01,93.44
FREQ00010877,ALU00907,2026-05-01,94.03
FREQ00010878,ALU00907,2026-06-01,91.57
FREQ00010879,ALU00907,2026-07-01,90.02
FREQ00010880,ALU00907,2026-08-01,98.38
FREQ00010881,ALU00907,2026-09-01,98.31
FREQ00010882,ALU00907,2026-10-01,87.59
FREQ00010883,ALU00907,2026-11-01,88.68
FREQ00010884,ALU00907,2026-12-01,89.62
FREQ00010885,ALU00908,2026-01-01,87.56
FREQ00010886,ALU00908,2026-02-01,93.96
FREQ00010887,ALU00908,2026-03-01,87.62
FREQ00010888,ALU00908,2026-04-01,94.02
FREQ00010889,ALU00908,2026-05-01,93.56
FREQ00010890,ALU00908,2026-06-01,94.77
FREQ00010891,ALU00908,2026-07-01,87.03
FREQ00010892,ALU00908,2026-08-01,87.7
FREQ00010893,ALU00908,2026-09-01,92.76
FREQ00010894,ALU00908,2026-10-01,96.96
FREQ00010895,ALU00908,2026-11-01,89.55
FREQ00010896,ALU00908,2026-12-01,95.42
FREQ00010897,ALU00909,2026-01-01,90.83
FREQ00010898,ALU00909,2026-02-01,87.13
FREQ00010899,ALU00909,2026-03-01,97.31
FREQ00010900,ALU00909,2026-04-01,98.5
FREQ00010901,ALU00909,2026-05-01,94.55
FREQ00010902,ALU00909,2026-06-01,94.42
FREQ00010903,ALU00909,2026-07-01,92.35
FREQ00010904,ALU00909,2026-08-01,95.71
FREQ00010905,ALU00909,2026-09-01,90.66
FREQ00010906,ALU00909,2026-10-01,93.84
FREQ00010907,ALU00909,2026-11-01,90.47
FREQ00010908,ALU00909,2026-12-01,92.58
FREQ00010909,ALU00910,2026-01-01,90.23
FREQ00010910,ALU00910,2026-02-01,95.71
FREQ00010911,ALU00910,2026-03-01,92.68
FREQ00010912,ALU00910,2026-04-01,91.62
FREQ00010913,ALU00910,2026-05-01,92.26
FREQ00010914,ALU00910,2026-06-01,96.48
FREQ00010915,ALU00910,2026-07-01,87.02
FREQ00010916,ALU00910,2026-08-01,88.33
FREQ00010917,ALU00910,2026-09-01,91.93
FREQ00010918,ALU00910,2026-10-01,97.07
FREQ00010919,ALU00910,2026-11-01,87.8
FREQ00010920,ALU00910,2026-12-01,93.4
FREQ00010921,ALU00911,2026-01-01,90.51
FREQ00010922,ALU00911,2026-02-01,98.19
FREQ00010923,ALU00911,2026-03-01,91.47
FREQ00010924,ALU00911,2026-04-01,89.59
FREQ00010925,ALU00911,2026-05-01,97.37
FREQ00010926,ALU00911,2026-06-01,87.78
FREQ00010927,ALU00911,2026-07-01,87.44
FREQ00010928,ALU00911,2026-08-01,93.89
FREQ00010929,ALU00911,2026-09-01,89.93
FREQ00010930,ALU00911,2026-10-01,98.99
FREQ00010931,ALU00911,2026-11-01,87.37
FREQ00010932,ALU00911,2026-12-01,95.62
FREQ00010933,ALU00912,2026-01-01,93.38
FREQ00010934,ALU00912,2026-02-01,90.0
FREQ00010935,ALU00912,2026-03-01,89.66
FREQ00010936,ALU00912,2026-04-01,93.6
FREQ00010937,ALU00912,2026-05-01,98.64
FREQ00010938,ALU00912,2026-06-01,95.32
FREQ00010939,ALU00912,2026-07-01,91.88
FREQ00010940,ALU00912,2026-08-01,90.14
FREQ00010941,ALU00912,2026-09-01,95.2
FREQ00010942,ALU00912,2026-10-01,93.97
FREQ00010943,ALU00912,2026-11-01,91.84
FREQ00010944,ALU00912,2026-12-01,88.13
FREQ00010945,ALU00913,2026-01-01,93.81
FREQ00010946,ALU00913,2026-02-01,92.56
FREQ00010947,ALU00913,2026-03-01,91.78
FREQ00010948,ALU00913,2026-04-01,98.25
FREQ00010949,ALU00913,2026-05-01,91.23
FREQ00010950,ALU00913,2026-06-01,90.39
FREQ00010951,ALU00913,2026-07-01,94.21
FREQ00010952,ALU00913,2026-08-01,96.83
FREQ00010953,ALU00913,2026-09-01,90.22
FREQ00010954,ALU00913,2026-10-01,93.19
FREQ00010955,ALU00913,2026-11-01,88.4
FREQ00010956,ALU00913,2026-12-01,88.69
FREQ00010957,ALU00914,2026-01-01,94.36
FREQ00010958,ALU00914,2026-02-01,98.75
FREQ00010959,ALU00914,2026-03-01,93.05
FREQ00010960,ALU00914,2026-04-01,87.93
FREQ00010961,ALU00914,2026-05-01,98.65
FREQ00010962,ALU00914,2026-06-01,95.41
FREQ00010963,ALU00914,2026-07-01,95.98
FREQ00010964,ALU00914,2026-08-01,93.86
FREQ00010965,ALU00914,2026-09-01,92.86
FREQ00010966,ALU00914,2026-10-01,97.15
FREQ00010967,ALU00914,2026-11-01,94.6
FREQ00010968,ALU00914,2026-12-01,89.83
FREQ00010969,ALU00915,2026-01-01,94.0
FREQ00010970,ALU00915,2026-02-01,90.56
FREQ00010971,ALU00915,2026-03-01,89.82
FREQ00010972,ALU00915,2026-04-01,92.65
FREQ00010973,ALU00915,2026-05-01,93.45
FREQ00010974,ALU00915,2026-06-01,88.35
FREQ00010975,ALU00915,2026-07-01,88.97
FREQ00010976,ALU00915,2026-08-01,87.75
FREQ00010977,ALU00915,2026-09-01,94.69
FREQ00010978,ALU00915,2026-10-01,95.51
FREQ00010979,ALU00915,2026-11-01,95.92
FREQ00010980,ALU00915,2026-12-01,92.73
FREQ00010981,ALU00916,2026-01-01,93.37
FREQ00010982,ALU00916,2026-02-01,90.27
FREQ00010983,ALU00916,2026-03-01,94.74
FREQ00010984,ALU00916,2026-04-01,89.31
FREQ00010985,ALU00916,2026-05-01,90.82
FREQ00010986,ALU00916,2026-06-01,91.49
FREQ00010987,ALU00916,2026-07-01,98.93
FREQ00010988,ALU00916,2026-08-01,96.24
FREQ00010989,ALU00916,2026-09-01,96.03
FREQ00010990,ALU00916,2026-10-01,98.89
FREQ00010991,ALU00916,2026-11-01,96.27
FREQ00010992,ALU00916,2026-12-01,90.9
FREQ00010993,ALU00917,2026-01-01,91.77
FREQ00010994,ALU00917,2026-02-01,95.96
FREQ00010995,ALU00917,2026-03-01,97.38
FREQ00010996,ALU00917,2026-04-01,91.43
FREQ00010997,ALU00917,2026-05-01,96.48
FREQ00010998,ALU00917,2026-06-01,93.13
FREQ00010999,ALU00917,2026-07-01,91.62
FREQ00011000,ALU00917,2026-08-01,89.75
FREQ00011001,ALU00917,2026-09-01,88.43
FREQ00011002,ALU00917,2026-10-01,89.2
FREQ00011003,ALU00917,2026-11-01,90.28
FREQ00011004,ALU00917,2026-12-01,95.47
FREQ00011005,ALU00918,2026-01-01,95.43
FREQ00011006,ALU00918,2026-02-01,88.61
FREQ00011007,ALU00918,2026-03-01,91.61
FREQ00011008,ALU00918,2026-04-01,88.46
FREQ00011009,ALU00918,2026-05-01,87.93
FREQ00011010,ALU00918,2026-06-01,98.17
FREQ00011011,ALU00918,2026-07-01,98.52
FREQ00011012,ALU00918,2026-08-01,93.79
FREQ00011013,ALU00918,2026-09-01,90.31
FREQ00011014,ALU00918,2026-10-01,87.62
FREQ00011015,ALU00918,2026-11-01,92.13
FREQ00011016,ALU00918,2026-12-01,94.82
FREQ00011017,ALU00919,2026-01-01,95.48
FREQ00011018,ALU00919,2026-02-01,97.62
FREQ00011019,ALU00919,2026-03-01,91.48
FREQ00011020,ALU00919,2026-04-01,92.53
FREQ00011021,ALU00919,2026-05-01,96.01
FREQ00011022,ALU00919,2026-06-01,97.26
FREQ00011023,ALU00919,2026-07-01,96.76
FREQ00011024,ALU00919,2026-08-01,88.23
FREQ00011025,ALU00919,2026-09-01,90.0
FREQ00011026,ALU00919,2026-10-01,98.46
FREQ00011027,ALU00919,2026-11-01,90.92
FREQ00011028,ALU00919,2026-12-01,93.51
FREQ00011029,ALU00920,2026-01-01,96.88
FREQ00011030,ALU00920,2026-02-01,91.34
FREQ00011031,ALU00920,2026-03-01,95.06
FREQ00011032,ALU00920,2026-04-01,95.7
FREQ00011033,ALU00920,2026-05-01,91.46
FREQ00011034,ALU00920,2026-06-01,97.4
FREQ00011035,ALU00920,2026-07-01,95.59
FREQ00011036,ALU00920,2026-08-01,95.18
FREQ00011037,ALU00920,2026-09-01,91.66
FREQ00011038,ALU00920,2026-10-01,88.37
FREQ00011039,ALU00920,2026-11-01,89.46
FREQ00011040,ALU00920,2026-12-01,98.52
FREQ00011041,ALU00921,2026-01-01,97.91
FREQ00011042,ALU00921,2026-02-01,94.88
FREQ00011043,ALU00921,2026-03-01,93.08
FREQ00011044,ALU00921,2026-04-01,89.78
FREQ00011045,ALU00921,2026-05-01,87.29
FREQ00011046,ALU00921,2026-06-01,92.78
FREQ00011047,ALU00921,2026-07-01,96.18
FREQ00011048,ALU00921,2026-08-01,88.43
FREQ00011049,ALU00921,2026-09-01,89.79
FREQ00011050,ALU00921,2026-10-01,90.48
FREQ00011051,ALU00921,2026-11-01,88.11
FREQ00011052,ALU00921,2026-12-01,98.5
FREQ00011053,ALU00922,2026-01-01,98.37
FREQ00011054,ALU00922,2026-02-01,92.54
FREQ00011055,ALU00922,2026-03-01,98.48
FREQ00011056,ALU00922,2026-04-01,94.39
FREQ00011057,ALU00922,2026-05-01,97.7
FREQ00011058,ALU00922,2026-06-01,96.68
FREQ00011059,ALU00922,2026-07-01,90.76
FREQ00011060,ALU00922,2026-08-01,96.06
FREQ00011061,ALU00922,2026-09-01,98.06
FREQ00011062,ALU00922,2026-10-01,98.13
FREQ00011063,ALU00922,2026-11-01,93.15
FREQ00011064,ALU00922,2026-12-01,97.05
FREQ00011065,ALU00923,2026-01-01,89.17
FREQ00011066,ALU00923,2026-02-01,97.24
FREQ00011067,ALU00923,2026-03-01,93.14
FREQ00011068,ALU00923,2026-04-01,94.22
FREQ00011069,ALU00923,2026-05-01,89.53
FREQ00011070,ALU00923,2026-06-01,98.53
FREQ00011071,ALU00923,2026-07-01,91.94
FREQ00011072,ALU00923,2026-08-01,88.26
FREQ00011073,ALU00923,2026-09-01,89.42
FREQ00011074,ALU00923,2026-10-01,96.02
FREQ00011075,ALU00923,2026-11-01,93.74
FREQ00011076,ALU00923,2026-12-01,97.79
FREQ00011077,ALU00924,2026-01-01,97.27
FREQ00011078,ALU00924,2026-02-01,92.44
FREQ00011079,ALU00924,2026-03-01,94.91
FREQ00011080,ALU00924,2026-04-01,93.48
FREQ00011081,ALU00924,2026-05-01,87.38
FREQ00011082,ALU00924,2026-06-01,89.67
FREQ00011083,ALU00924,2026-07-01,91.23
FREQ00011084,ALU00924,2026-08-01,89.26
FREQ00011085,ALU00924,2026-09-01,97.62
FREQ00011086,ALU00924,2026-10-01,94.4
FREQ00011087,ALU00924,2026-11-01,97.36
FREQ00011088,ALU00924,2026-12-01,91.34
FREQ00011089,ALU00925,2026-01-01,92.53
FREQ00011090,ALU00925,2026-02-01,92.88
FREQ00011091,ALU00925,2026-03-01,91.53
FREQ00011092,ALU00925,2026-04-01,94.78
FREQ00011093,ALU00925,2026-05-01,90.61
FREQ00011094,ALU00925,2026-06-01,94.17
FREQ00011095,ALU00925,2026-07-01,94.97
FREQ00011096,ALU00925,2026-08-01,92.98
FREQ00011097,ALU00925,2026-09-01,95.9
FREQ00011098,ALU00925,2026-10-01,93.76
FREQ00011099,ALU00925,2026-11-01,96.52
FREQ00011100,ALU00925,2026-12-01,96.44
FREQ00011101,ALU00926,2026-01-01,95.72
FREQ00011102,ALU00926,2026-02-01,98.38
FREQ00011103,ALU00926,2026-03-01,92.14
FREQ00011104,ALU00926,2026-04-01,87.6
FREQ00011105,ALU00926,2026-05-01,98.58
FREQ00011106,ALU00926,2026-06-01,93.55
FREQ00011107,ALU00926,2026-07-01,98.1
FREQ00011108,ALU00926,2026-08-01,97.59
FREQ00011109,ALU00926,2026-09-01,98.72
FREQ00011110,ALU00926,2026-10-01,95.85
FREQ00011111,ALU00926,2026-11-01,87.95
FREQ00011112,ALU00926,2026-12-01,95.45
FREQ00011113,ALU00927,2026-01-01,88.68
FREQ00011114,ALU00927,2026-02-01,89.55
FREQ00011115,ALU00927,2026-03-01,96.46
FREQ00011116,ALU00927,2026-04-01,97.5
FREQ00011117,ALU00927,2026-05-01,97.49
FREQ00011118,ALU00927,2026-06-01,95.39
FREQ00011119,ALU00927,2026-07-01,96.94
FREQ00011120,ALU00927,2026-08-01,87.83
FREQ00011121,ALU00927,2026-09-01,87.19
FREQ00011122,ALU00927,2026-10-01,94.31
FREQ00011123,ALU00927,2026-11-01,95.42
FREQ00011124,ALU00927,2026-12-01,91.28
FREQ00011125,ALU00928,2026-01-01,94.01
FREQ00011126,ALU00928,2026-02-01,97.88
FREQ00011127,ALU00928,2026-03-01,87.98
FREQ00011128,ALU00928,2026-04-01,91.15
FREQ00011129,ALU00928,2026-05-01,96.06
FREQ00011130,ALU00928,2026-06-01,96.49
FREQ00011131,ALU00928,2026-07-01,87.85
FREQ00011132,ALU00928,2026-08-01,95.73
FREQ00011133,ALU00928,2026-09-01,92.78
FREQ00011134,ALU00928,2026-10-01,91.61
FREQ00011135,ALU00928,2026-11-01,92.97
FREQ00011136,ALU00928,2026-12-01,91.4
FREQ00011137,ALU00929,2026-01-01,88.22
FREQ00011138,ALU00929,2026-02-01,89.65
FREQ00011139,ALU00929,2026-03-01,92.65
FREQ00011140,ALU00929,2026-04-01,97.69
FREQ00011141,ALU00929,2026-05-01,87.22
FREQ00011142,ALU00929,2026-06-01,89.1
FREQ00011143,ALU00929,2026-07-01,98.78
FREQ00011144,ALU00929,2026-08-01,87.1
FREQ00011145,ALU00929,2026-09-01,94.09
FREQ00011146,ALU00929,2026-10-01,96.2
FREQ00011147,ALU00929,2026-11-01,88.75
FREQ00011148,ALU00929,2026-12-01,98.98
FREQ00011149,ALU00930,2026-01-01,88.0
FREQ00011150,ALU00930,2026-02-01,95.64
FREQ00011151,ALU00930,2026-03-01,92.5
FREQ00011152,ALU00930,2026-04-01,94.66
FREQ00011153,ALU00930,2026-05-01,88.6
FREQ00011154,ALU00930,2026-06-01,98.12
FREQ00011155,ALU00930,2026-07-01,90.8
FREQ00011156,ALU00930,2026-08-01,89.06
FREQ00011157,ALU00930,2026-09-01,98.03
FREQ00011158,ALU00930,2026-10-01,94.56
FREQ00011159,ALU00930,2026-11-01,88.87
FREQ00011160,ALU00930,2026-12-01,92.82
FREQ00011161,ALU00931,2026-01-01,93.95
FREQ00011162,ALU00931,2026-02-01,97.22
FREQ00011163,ALU00931,2026-03-01,91.7
FREQ00011164,ALU00931,2026-04-01,97.82
FREQ00011165,ALU00931,2026-05-01,92.02
FREQ00011166,ALU00931,2026-06-01,89.6
FREQ00011167,ALU00931,2026-07-01,95.28
FREQ00011168,ALU00931,2026-08-01,93.69
FREQ00011169,ALU00931,2026-09-01,95.3
FREQ00011170,ALU00931,2026-10-01,90.68
FREQ00011171,ALU00931,2026-11-01,98.88
FREQ00011172,ALU00931,2026-12-01,98.15
FREQ00011173,ALU00932,2026-01-01,95.75
FREQ00011174,ALU00932,2026-02-01,92.72
FREQ00011175,ALU00932,2026-03-01,94.26
FREQ00011176,ALU00932,2026-04-01,94.23
FREQ00011177,ALU00932,2026-05-01,92.49
FREQ00011178,ALU00932,2026-06-01,94.5
FREQ00011179,ALU00932,2026-07-01,88.4
FREQ00011180,ALU00932,2026-08-01,87.59
FREQ00011181,ALU00932,2026-09-01,91.52
FREQ00011182,ALU00932,2026-10-01,93.57
FREQ00011183,ALU00932,2026-11-01,92.7
FREQ00011184,ALU00932,2026-12-01,94.93
FREQ00011185,ALU00933,2026-01-01,95.09
FREQ00011186,ALU00933,2026-02-01,89.09
FREQ00011187,ALU00933,2026-03-01,92.47
FREQ00011188,ALU00933,2026-04-01,95.18
FREQ00011189,ALU00933,2026-05-01,88.97
FREQ00011190,ALU00933,2026-06-01,93.69
FREQ00011191,ALU00933,2026-07-01,95.77
FREQ00011192,ALU00933,2026-08-01,92.39
FREQ00011193,ALU00933,2026-09-01,88.86
FREQ00011194,ALU00933,2026-10-01,89.12
FREQ00011195,ALU00933,2026-11-01,87.32
FREQ00011196,ALU00933,2026-12-01,97.55
FREQ00011197,ALU00934,2026-01-01,96.33
FREQ00011198,ALU00934,2026-02-01,90.69
FREQ00011199,ALU00934,2026-03-01,89.27
FREQ00011200,ALU00934,2026-04-01,91.68
FREQ00011201,ALU00934,2026-05-01,90.7
FREQ00011202,ALU00934,2026-06-01,92.74
FREQ00011203,ALU00934,2026-07-01,89.57
FREQ00011204,ALU00934,2026-08-01,92.93
FREQ00011205,ALU00934,2026-09-01,94.74
FREQ00011206,ALU00934,2026-10-01,97.16
FREQ00011207,ALU00934,2026-11-01,88.69
FREQ00011208,ALU00934,2026-12-01,95.2
FREQ00011209,ALU00935,2026-01-01,89.94
FREQ00011210,ALU00935,2026-02-01,91.91
FREQ00011211,ALU00935,2026-03-01,87.87
FREQ00011212,ALU00935,2026-04-01,96.22
FREQ00011213,ALU00935,2026-05-01,87.68
FREQ00011214,ALU00935,2026-06-01,88.23
FREQ00011215,ALU00935,2026-07-01,97.26
FREQ00011216,ALU00935,2026-08-01,95.58
FREQ00011217,ALU00935,2026-09-01,96.44
FREQ00011218,ALU00935,2026-10-01,98.05
FREQ00011219,ALU00935,2026-11-01,92.86
FREQ00011220,ALU00935,2026-12-01,88.89
FREQ00011221,ALU00936,2026-01-01,90.4
FREQ00011222,ALU00936,2026-02-01,98.79
FREQ00011223,ALU00936,2026-03-01,90.21
FREQ00011224,ALU00936,2026-04-01,93.8
FREQ00011225,ALU00936,2026-05-01,91.92
FREQ00011226,ALU00936,2026-06-01,90.23
FREQ00011227,ALU00936,2026-07-01,89.33
FREQ00011228,ALU00936,2026-08-01,95.25
FREQ00011229,ALU00936,2026-09-01,87.26
FREQ00011230,ALU00936,2026-10-01,90.91
FREQ00011231,ALU00936,2026-11-01,92.16
FREQ00011232,ALU00936,2026-12-01,91.69
FREQ00011233,ALU00937,2026-01-01,90.27
FREQ00011234,ALU00937,2026-02-01,96.93
FREQ00011235,ALU00937,2026-03-01,94.26
FREQ00011236,ALU00937,2026-04-01,91.65
FREQ00011237,ALU00937,2026-05-01,91.66
FREQ00011238,ALU00937,2026-06-01,95.12
FREQ00011239,ALU00937,2026-07-01,95.97
FREQ00011240,ALU00937,2026-08-01,89.2
FREQ00011241,ALU00937,2026-09-01,97.63
FREQ00011242,ALU00937,2026-10-01,96.67
FREQ00011243,ALU00937,2026-11-01,98.53
FREQ00011244,ALU00937,2026-12-01,93.9
FREQ00011245,ALU00938,2026-01-01,96.31
FREQ00011246,ALU00938,2026-02-01,97.77
FREQ00011247,ALU00938,2026-03-01,90.33
FREQ00011248,ALU00938,2026-04-01,88.69
FREQ00011249,ALU00938,2026-05-01,93.81
FREQ00011250,ALU00938,2026-06-01,90.63
FREQ00011251,ALU00938,2026-07-01,92.71
FREQ00011252,ALU00938,2026-08-01,98.35
FREQ00011253,ALU00938,2026-09-01,90.46
FREQ00011254,ALU00938,2026-10-01,97.85
FREQ00011255,ALU00938,2026-11-01,96.29
FREQ00011256,ALU00938,2026-12-01,94.16
FREQ00011257,ALU00939,2026-01-01,94.72
FREQ00011258,ALU00939,2026-02-01,94.11
FREQ00011259,ALU00939,2026-03-01,97.42
FREQ00011260,ALU00939,2026-04-01,87.92
FREQ00011261,ALU00939,2026-05-01,95.04
FREQ00011262,ALU00939,2026-06-01,90.0
FREQ00011263,ALU00939,2026-07-01,89.34
FREQ00011264,ALU00939,2026-08-01,89.29
FREQ00011265,ALU00939,2026-09-01,91.0
FREQ00011266,ALU00939,2026-10-01,92.61
FREQ00011267,ALU00939,2026-11-01,91.62
FREQ00011268,ALU00939,2026-12-01,93.08
FREQ00011269,ALU00940,2026-01-01,93.06
FREQ00011270,ALU00940,2026-02-01,93.0
FREQ00011271,ALU00940,2026-03-01,91.07
FREQ00011272,ALU00940,2026-04-01,97.26
FREQ00011273,ALU00940,2026-05-01,89.51
FREQ00011274,ALU00940,2026-06-01,89.97
FREQ00011275,ALU00940,2026-07-01,91.72
FREQ00011276,ALU00940,2026-08-01,93.51
FREQ00011277,ALU00940,2026-09-01,96.63
FREQ00011278,ALU00940,2026-10-01,88.13
FREQ00011279,ALU00940,2026-11-01,96.08
FREQ00011280,ALU00940,2026-12-01,96.06
FREQ00011281,ALU00941,2026-01-01,98.77
FREQ00011282,ALU00941,2026-02-01,91.41
FREQ00011283,ALU00941,2026-03-01,89.27
FREQ00011284,ALU00941,2026-04-01,92.99
FREQ00011285,ALU00941,2026-05-01,90.44
FREQ00011286,ALU00941,2026-06-01,94.13
FREQ00011287,ALU00941,2026-07-01,96.5
FREQ00011288,ALU00941,2026-08-01,87.88
FREQ00011289,ALU00941,2026-09-01,93.68
FREQ00011290,ALU00941,2026-10-01,95.68
FREQ00011291,ALU00941,2026-11-01,88.09
FREQ00011292,ALU00941,2026-12-01,95.51
FREQ00011293,ALU00942,2026-01-01,96.0
FREQ00011294,ALU00942,2026-02-01,93.93
FREQ00011295,ALU00942,2026-03-01,95.44
FREQ00011296,ALU00942,2026-04-01,89.29
FREQ00011297,ALU00942,2026-05-01,87.03
FREQ00011298,ALU00942,2026-06-01,87.14
FREQ00011299,ALU00942,2026-07-01,92.04
FREQ00011300,ALU00942,2026-08-01,89.5
FREQ00011301,ALU00942,2026-09-01,89.51
FREQ00011302,ALU00942,2026-10-01,90.93
FREQ00011303,ALU00942,2026-11-01,94.99
FREQ00011304,ALU00942,2026-12-01,90.58
FREQ00011305,ALU00943,2026-01-01,94.3
FREQ00011306,ALU00943,2026-02-01,91.03
FREQ00011307,ALU00943,2026-03-01,91.68
FREQ00011308,ALU00943,2026-04-01,91.22
FREQ00011309,ALU00943,2026-05-01,96.45
FREQ00011310,ALU00943,2026-06-01,89.84
FREQ00011311,ALU00943,2026-07-01,92.63
FREQ00011312,ALU00943,2026-08-01,96.74
FREQ00011313,ALU00943,2026-09-01,89.39
FREQ00011314,ALU00943,2026-10-01,90.61
FREQ00011315,ALU00943,2026-11-01,88.7
FREQ00011316,ALU00943,2026-12-01,88.92
FREQ00011317,ALU00944,2026-01-01,93.1
FREQ00011318,ALU00944,2026-02-01,91.43
FREQ00011319,ALU00944,2026-03-01,92.08
FREQ00011320,ALU00944,2026-04-01,98.79
FREQ00011321,ALU00944,2026-05-01,92.99
FREQ00011322,ALU00944,2026-06-01,95.21
FREQ00011323,ALU00944,2026-07-01,91.75
FREQ00011324,ALU00944,2026-08-01,95.96
FREQ00011325,ALU00944,2026-09-01,89.79
FREQ00011326,ALU00944,2026-10-01,93.45
FREQ00011327,ALU00944,2026-11-01,95.96
FREQ00011328,ALU00944,2026-12-01,91.33
FREQ00011329,ALU00945,2026-01-01,97.04
FREQ00011330,ALU00945,2026-02-01,90.33
FREQ00011331,ALU00945,2026-03-01,95.73
FREQ00011332,ALU00945,2026-04-01,90.65
FREQ00011333,ALU00945,2026-05-01,92.65
FREQ00011334,ALU00945,2026-06-01,91.99
FREQ00011335,ALU00945,2026-07-01,90.78
FREQ00011336,ALU00945,2026-08-01,96.87
FREQ00011337,ALU00945,2026-09-01,92.96
FREQ00011338,ALU00945,2026-10-01,98.96
FREQ00011339,ALU00945,2026-11-01,97.61
FREQ00011340,ALU00945,2026-12-01,90.64
FREQ00011341,ALU00946,2026-01-01,88.1
FREQ00011342,ALU00946,2026-02-01,94.24
FREQ00011343,ALU00946,2026-03-01,89.82
FREQ00011344,ALU00946,2026-04-01,94.5
FREQ00011345,ALU00946,2026-05-01,92.2
FREQ00011346,ALU00946,2026-06-01,95.06
FREQ00011347,ALU00946,2026-07-01,90.68
FREQ00011348,ALU00946,2026-08-01,90.51
FREQ00011349,ALU00946,2026-09-01,90.81
FREQ00011350,ALU00946,2026-10-01,88.56
FREQ00011351,ALU00946,2026-11-01,88.76
FREQ00011352,ALU00946,2026-12-01,87.31
FREQ00011353,ALU00947,2026-01-01,88.5
FREQ00011354,ALU00947,2026-02-01,98.31
FREQ00011355,ALU00947,2026-03-01,93.44
FREQ00011356,ALU00947,2026-04-01,93.62
FREQ00011357,ALU00947,2026-05-01,89.35
FREQ00011358,ALU00947,2026-06-01,95.26
FREQ00011359,ALU00947,2026-07-01,90.1
FREQ00011360,ALU00947,2026-08-01,91.71
FREQ00011361,ALU00947,2026-09-01,93.09
FREQ00011362,ALU00947,2026-10-01,93.48
FREQ00011363,ALU00947,2026-11-01,91.35
FREQ00011364,ALU00947,2026-12-01,90.46
FREQ00011365,ALU00948,2026-01-01,98.03
FREQ00011366,ALU00948,2026-02-01,88.14
FREQ00011367,ALU00948,2026-03-01,94.93
FREQ00011368,ALU00948,2026-04-01,95.28
FREQ00011369,ALU00948,2026-05-01,90.08
FREQ00011370,ALU00948,2026-06-01,93.69
FREQ00011371,ALU00948,2026-07-01,97.49
FREQ00011372,ALU00948,2026-08-01,94.29
FREQ00011373,ALU00948,2026-09-01,97.61
FREQ00011374,ALU00948,2026-10-01,89.35
FREQ00011375,ALU00948,2026-11-01,88.25
FREQ00011376,ALU00948,2026-12-01,93.4
FREQ00011377,ALU00949,2026-01-01,96.91
FREQ00011378,ALU00949,2026-02-01,93.89
FREQ00011379,ALU00949,2026-03-01,88.71
FREQ00011380,ALU00949,2026-04-01,94.47
FREQ00011381,ALU00949,2026-05-01,92.81
FREQ00011382,ALU00949,2026-06-01,98.08
FREQ00011383,ALU00949,2026-07-01,97.36
FREQ00011384,ALU00949,2026-08-01,92.59
FREQ00011385,ALU00949,2026-09-01,93.1
FREQ00011386,ALU00949,2026-10-01,87.13
FREQ00011387,ALU00949,2026-11-01,91.49
FREQ00011388,ALU00949,2026-12-01,94.65
FREQ00011389,ALU00950,2026-01-01,87.68
FREQ00011390,ALU00950,2026-02-01,95.39
FREQ00011391,ALU00950,2026-03-01,94.03
FREQ00011392,ALU00950,2026-04-01,93.34
FREQ00011393,ALU00950,2026-05-01,94.76
FREQ00011394,ALU00950,2026-06-01,96.34
FREQ00011395,ALU00950,2026-07-01,94.66
FREQ00011396,ALU00950,2026-08-01,91.67
FREQ00011397,ALU00950,2026-09-01,95.78
FREQ00011398,ALU00950,2026-10-01,98.36
FREQ00011399,ALU00950,2026-11-01,92.39
FREQ00011400,ALU00950,2026-12-01,91.37
FREQ00011401,ALU00951,2026-01-01,95.67
FREQ00011402,ALU00951,2026-02-01,98.59
FREQ00011403,ALU00951,2026-03-01,93.49
FREQ00011404,ALU00951,2026-04-01,95.76
FREQ00011405,ALU00951,2026-05-01,92.65
FREQ00011406,ALU00951,2026-06-01,87.69
FREQ00011407,ALU00951,2026-07-01,98.21
FREQ00011408,ALU00951,2026-08-01,89.8
FREQ00011409,ALU00951,2026-09-01,91.07
FREQ00011410,ALU00951,2026-10-01,95.86
FREQ00011411,ALU00951,2026-11-01,89.23
FREQ00011412,ALU00951,2026-12-01,87.42
FREQ00011413,ALU00952,2026-01-01,94.49
FREQ00011414,ALU00952,2026-02-01,93.02
FREQ00011415,ALU00952,2026-03-01,97.63
FREQ00011416,ALU00952,2026-04-01,97.67
FREQ00011417,ALU00952,2026-05-01,87.64
FREQ00011418,ALU00952,2026-06-01,90.11
FREQ00011419,ALU00952,2026-07-01,97.14
FREQ00011420,ALU00952,2026-08-01,88.31
FREQ00011421,ALU00952,2026-09-01,95.96
FREQ00011422,ALU00952,2026-10-01,88.52
FREQ00011423,ALU00952,2026-11-01,92.39
FREQ00011424,ALU00952,2026-12-01,98.48
FREQ00011425,ALU00953,2026-01-01,89.43
FREQ00011426,ALU00953,2026-02-01,93.43
FREQ00011427,ALU00953,2026-03-01,91.1
FREQ00011428,ALU00953,2026-04-01,97.0
FREQ00011429,ALU00953,2026-05-01,87.27
FREQ00011430,ALU00953,2026-06-01,89.05
FREQ00011431,ALU00953,2026-07-01,94.6
FREQ00011432,ALU00953,2026-08-01,89.58
FREQ00011433,ALU00953,2026-09-01,88.0
FREQ00011434,ALU00953,2026-10-01,90.07
FREQ00011435,ALU00953,2026-11-01,97.07
FREQ00011436,ALU00953,2026-12-01,92.58
FREQ00011437,ALU00954,2026-01-01,95.1
FREQ00011438,ALU00954,2026-02-01,96.74
FREQ00011439,ALU00954,2026-03-01,87.37
FREQ00011440,ALU00954,2026-04-01,95.14
FREQ00011441,ALU00954,2026-05-01,93.44
FREQ00011442,ALU00954,2026-06-01,94.27
FREQ00011443,ALU00954,2026-07-01,87.01
FREQ00011444,ALU00954,2026-08-01,95.91
FREQ00011445,ALU00954,2026-09-01,96.28
FREQ00011446,ALU00954,2026-10-01,93.76
FREQ00011447,ALU00954,2026-11-01,91.33
FREQ00011448,ALU00954,2026-12-01,95.06
FREQ00011449,ALU00955,2026-01-01,94.97
FREQ00011450,ALU00955,2026-02-01,87.61
FREQ00011451,ALU00955,2026-03-01,88.64
FREQ00011452,ALU00955,2026-04-01,97.17
FREQ00011453,ALU00955,2026-05-01,97.61
FREQ00011454,ALU00955,2026-06-01,91.07
FREQ00011455,ALU00955,2026-07-01,87.53
FREQ00011456,ALU00955,2026-08-01,87.28
FREQ00011457,ALU00955,2026-09-01,98.67
FREQ00011458,ALU00955,2026-10-01,91.5
FREQ00011459,ALU00955,2026-11-01,94.51
FREQ00011460,ALU00955,2026-12-01,96.38
FREQ00011461,ALU00956,2026-01-01,91.12
FREQ00011462,ALU00956,2026-02-01,98.16
FREQ00011463,ALU00956,2026-03-01,98.35
FREQ00011464,ALU00956,2026-04-01,98.83
FREQ00011465,ALU00956,2026-05-01,93.61
FREQ00011466,ALU00956,2026-06-01,95.54
FREQ00011467,ALU00956,2026-07-01,90.1
FREQ00011468,ALU00956,2026-08-01,97.18
FREQ00011469,ALU00956,2026-09-01,95.16
FREQ00011470,ALU00956,2026-10-01,93.6
FREQ00011471,ALU00956,2026-11-01,93.57
FREQ00011472,ALU00956,2026-12-01,94.77
FREQ00011473,ALU00957,2026-01-01,96.17
FREQ00011474,ALU00957,2026-02-01,96.92
FREQ00011475,ALU00957,2026-03-01,87.86
FREQ00011476,ALU00957,2026-04-01,98.25
FREQ00011477,ALU00957,2026-05-01,89.88
FREQ00011478,ALU00957,2026-06-01,96.33
FREQ00011479,ALU00957,2026-07-01,90.2
FREQ00011480,ALU00957,2026-08-01,97.74
FREQ00011481,ALU00957,2026-09-01,95.54
FREQ00011482,ALU00957,2026-10-01,92.38
FREQ00011483,ALU00957,2026-11-01,97.92
FREQ00011484,ALU00957,2026-12-01,89.8
FREQ00011485,ALU00958,2026-01-01,94.15
FREQ00011486,ALU00958,2026-02-01,96.65
FREQ00011487,ALU00958,2026-03-01,98.21
FREQ00011488,ALU00958,2026-04-01,92.68
FREQ00011489,ALU00958,2026-05-01,90.69
FREQ00011490,ALU00958,2026-06-01,94.2
FREQ00011491,ALU00958,2026-07-01,98.45
FREQ00011492,ALU00958,2026-08-01,89.01
FREQ00011493,ALU00958,2026-09-01,87.81
FREQ00011494,ALU00958,2026-10-01,87.15
FREQ00011495,ALU00958,2026-11-01,96.29
FREQ00011496,ALU00958,2026-12-01,91.32
FREQ00011497,ALU00959,2026-01-01,92.52
FREQ00011498,ALU00959,2026-02-01,92.43
FREQ00011499,ALU00959,2026-03-01,97.23
FREQ00011500,ALU00959,2026-04-01,88.69
FREQ00011501,ALU00959,2026-05-01,91.75
FREQ00011502,ALU00959,2026-06-01,97.17
FREQ00011503,ALU00959,2026-07-01,93.99
FREQ00011504,ALU00959,2026-08-01,92.9
FREQ00011505,ALU00959,2026-09-01,90.38
FREQ00011506,ALU00959,2026-10-01,96.43
FREQ00011507,ALU00959,2026-11-01,88.36
FREQ00011508,ALU00959,2026-12-01,88.87
FREQ00011509,ALU00960,2026-01-01,95.12
FREQ00011510,ALU00960,2026-02-01,88.62
FREQ00011511,ALU00960,2026-03-01,98.69
FREQ00011512,ALU00960,2026-04-01,93.25
FREQ00011513,ALU00960,2026-05-01,98.77
FREQ00011514,ALU00960,2026-06-01,98.77
FREQ00011515,ALU00960,2026-07-01,96.02
FREQ00011516,ALU00960,2026-08-01,87.18
FREQ00011517,ALU00960,2026-09-01,88.25
FREQ00011518,ALU00960,2026-10-01,93.31
FREQ00011519,ALU00960,2026-11-01,97.52
FREQ00011520,ALU00960,2026-12-01,95.47
FREQ00011521,ALU00961,2026-01-01,93.33
FREQ00011522,ALU00961,2026-02-01,92.76
FREQ00011523,ALU00961,2026-03-01,97.8
FREQ00011524,ALU00961,2026-04-01,98.01
FREQ00011525,ALU00961,2026-05-01,87.4
FREQ00011526,ALU00961,2026-06-01,93.95
FREQ00011527,ALU00961,2026-07-01,94.37
FREQ00011528,ALU00961,2026-08-01,94.16
FREQ00011529,ALU00961,2026-09-01,93.74
FREQ00011530,ALU00961,2026-10-01,90.07
FREQ00011531,ALU00961,2026-11-01,91.95
FREQ00011532,ALU00961,2026-12-01,97.88
FREQ00011533,ALU00962,2026-01-01,87.68
FREQ00011534,ALU00962,2026-02-01,88.16
FREQ00011535,ALU00962,2026-03-01,91.14
FREQ00011536,ALU00962,2026-04-01,97.18
FREQ00011537,ALU00962,2026-05-01,92.63
FREQ00011538,ALU00962,2026-06-01,97.37
FREQ00011539,ALU00962,2026-07-01,97.34
FREQ00011540,ALU00962,2026-08-01,88.09
FREQ00011541,ALU00962,2026-09-01,95.64
FREQ00011542,ALU00962,2026-10-01,89.43
FREQ00011543,ALU00962,2026-11-01,90.29
FREQ00011544,ALU00962,2026-12-01,87.38
FREQ00011545,ALU00963,2026-01-01,92.99
FREQ00011546,ALU00963,2026-02-01,97.39
FREQ00011547,ALU00963,2026-03-01,90.04
FREQ00011548,ALU00963,2026-04-01,98.59
FREQ00011549,ALU00963,2026-05-01,89.97
FREQ00011550,ALU00963,2026-06-01,95.09
FREQ00011551,ALU00963,2026-07-01,91.9
FREQ00011552,ALU00963,2026-08-01,95.01
FREQ00011553,ALU00963,2026-09-01,95.26
FREQ00011554,ALU00963,2026-10-01,97.39
FREQ00011555,ALU00963,2026-11-01,96.78
FREQ00011556,ALU00963,2026-12-01,92.81
FREQ00011557,ALU00964,2026-01-01,97.13
FREQ00011558,ALU00964,2026-02-01,90.84
FREQ00011559,ALU00964,2026-03-01,91.64
FREQ00011560,ALU00964,2026-04-01,97.06
FREQ00011561,ALU00964,2026-05-01,94.55
FREQ00011562,ALU00964,2026-06-01,98.35
FREQ00011563,ALU00964,2026-07-01,98.41
FREQ00011564,ALU00964,2026-08-01,90.54
FREQ00011565,ALU00964,2026-09-01,90.19
FREQ00011566,ALU00964,2026-10-01,89.94
FREQ00011567,ALU00964,2026-11-01,93.13
FREQ00011568,ALU00964,2026-12-01,93.07
FREQ00011569,ALU00965,2026-01-01,90.93
FREQ00011570,ALU00965,2026-02-01,91.58
FREQ00011571,ALU00965,2026-03-01,89.52
FREQ00011572,ALU00965,2026-04-01,88.37
FREQ00011573,ALU00965,2026-05-01,90.77
FREQ00011574,ALU00965,2026-06-01,87.51
FREQ00011575,ALU00965,2026-07-01,98.81
FREQ00011576,ALU00965,2026-08-01,93.81
FREQ00011577,ALU00965,2026-09-01,87.1
FREQ00011578,ALU00965,2026-10-01,96.72
FREQ00011579,ALU00965,2026-11-01,91.43
FREQ00011580,ALU00965,2026-12-01,94.65
FREQ00011581,ALU00966,2026-01-01,88.76
FREQ00011582,ALU00966,2026-02-01,90.75
FREQ00011583,ALU00966,2026-03-01,89.43
FREQ00011584,ALU00966,2026-04-01,89.5
FREQ00011585,ALU00966,2026-05-01,88.77
FREQ00011586,ALU00966,2026-06-01,89.56
FREQ00011587,ALU00966,2026-07-01,90.8
FREQ00011588,ALU00966,2026-08-01,92.66
FREQ00011589,ALU00966,2026-09-01,88.88
FREQ00011590,ALU00966,2026-10-01,92.25
FREQ00011591,ALU00966,2026-11-01,88.65
FREQ00011592,ALU00966,2026-12-01,95.34
FREQ00011593,ALU00967,2026-01-01,92.51
FREQ00011594,ALU00967,2026-02-01,98.06
FREQ00011595,ALU00967,2026-03-01,90.95
FREQ00011596,ALU00967,2026-04-01,98.83
FREQ00011597,ALU00967,2026-05-01,96.42
FREQ00011598,ALU00967,2026-06-01,91.06
FREQ00011599,ALU00967,2026-07-01,95.59
FREQ00011600,ALU00967,2026-08-01,92.17
FREQ00011601,ALU00967,2026-09-01,97.19
FREQ00011602,ALU00967,2026-10-01,90.75
FREQ00011603,ALU00967,2026-11-01,90.72
FREQ00011604,ALU00967,2026-12-01,92.45
FREQ00011605,ALU00968,2026-01-01,93.2
FREQ00011606,ALU00968,2026-02-01,88.16
FREQ00011607,ALU00968,2026-03-01,96.54
FREQ00011608,ALU00968,2026-04-01,92.56
FREQ00011609,ALU00968,2026-05-01,90.44
FREQ00011610,ALU00968,2026-06-01,88.33
FREQ00011611,ALU00968,2026-07-01,94.44
FREQ00011612,ALU00968,2026-08-01,96.81
FREQ00011613,ALU00968,2026-09-01,91.64
FREQ00011614,ALU00968,2026-10-01,95.42
FREQ00011615,ALU00968,2026-11-01,92.39
FREQ00011616,ALU00968,2026-12-01,95.48
FREQ00011617,ALU00969,2026-01-01,93.08
FREQ00011618,ALU00969,2026-02-01,88.27
FREQ00011619,ALU00969,2026-03-01,88.54
FREQ00011620,ALU00969,2026-04-01,97.51
FREQ00011621,ALU00969,2026-05-01,87.01
FREQ00011622,ALU00969,2026-06-01,93.68
FREQ00011623,ALU00969,2026-07-01,88.86
FREQ00011624,ALU00969,2026-08-01,90.36
FREQ00011625,ALU00969,2026-09-01,89.86
FREQ00011626,ALU00969,2026-10-01,91.34
FREQ00011627,ALU00969,2026-11-01,96.57
FREQ00011628,ALU00969,2026-12-01,93.91
FREQ00011629,ALU00970,2026-01-01,93.17
FREQ00011630,ALU00970,2026-02-01,88.22
FREQ00011631,ALU00970,2026-03-01,89.91
FREQ00011632,ALU00970,2026-04-01,94.14
FREQ00011633,ALU00970,2026-05-01,96.5
FREQ00011634,ALU00970,2026-06-01,90.61
FREQ00011635,ALU00970,2026-07-01,95.62
FREQ00011636,ALU00970,2026-08-01,93.66
FREQ00011637,ALU00970,2026-09-01,95.48
FREQ00011638,ALU00970,2026-10-01,97.06
FREQ00011639,ALU00970,2026-11-01,87.22
FREQ00011640,ALU00970,2026-12-01,97.34
FREQ00011641,ALU00971,2026-01-01,96.35
FREQ00011642,ALU00971,2026-02-01,91.01
FREQ00011643,ALU00971,2026-03-01,90.61
FREQ00011644,ALU00971,2026-04-01,88.7
FREQ00011645,ALU00971,2026-05-01,89.94
FREQ00011646,ALU00971,2026-06-01,90.92
FREQ00011647,ALU00971,2026-07-01,95.33
FREQ00011648,ALU00971,2026-08-01,87.78
FREQ00011649,ALU00971,2026-09-01,89.66
FREQ00011650,ALU00971,2026-10-01,92.16
FREQ00011651,ALU00971,2026-11-01,92.05
FREQ00011652,ALU00971,2026-12-01,87.94
FREQ00011653,ALU00972,2026-01-01,97.11
FREQ00011654,ALU00972,2026-02-01,92.68
FREQ00011655,ALU00972,2026-03-01,92.03
FREQ00011656,ALU00972,2026-04-01,91.35
FREQ00011657,ALU00972,2026-05-01,96.9
FREQ00011658,ALU00972,2026-06-01,88.12
FREQ00011659,ALU00972,2026-07-01,95.46
FREQ00011660,ALU00972,2026-08-01,88.02
FREQ00011661,ALU00972,2026-09-01,92.53
FREQ00011662,ALU00972,2026-10-01,91.53
FREQ00011663,ALU00972,2026-11-01,87.15
FREQ00011664,ALU00972,2026-12-01,91.71
FREQ00011665,ALU00973,2026-01-01,95.69
FREQ00011666,ALU00973,2026-02-01,90.99
FREQ00011667,ALU00973,2026-03-01,97.81
FREQ00011668,ALU00973,2026-04-01,88.13
FREQ00011669,ALU00973,2026-05-01,95.88
FREQ00011670,ALU00973,2026-06-01,91.6
FREQ00011671,ALU00973,2026-07-01,89.89
FREQ00011672,ALU00973,2026-08-01,90.14
FREQ00011673,ALU00973,2026-09-01,91.07
FREQ00011674,ALU00973,2026-10-01,98.57
FREQ00011675,ALU00973,2026-11-01,90.26
FREQ00011676,ALU00973,2026-12-01,87.23
FREQ00011677,ALU00974,2026-01-01,87.38
FREQ00011678,ALU00974,2026-02-01,87.59
FREQ00011679,ALU00974,2026-03-01,88.86
FREQ00011680,ALU00974,2026-04-01,98.11
FREQ00011681,ALU00974,2026-05-01,91.04
FREQ00011682,ALU00974,2026-06-01,93.81
FREQ00011683,ALU00974,2026-07-01,87.24
FREQ00011684,ALU00974,2026-08-01,88.77
FREQ00011685,ALU00974,2026-09-01,98.45
FREQ00011686,ALU00974,2026-10-01,97.31
FREQ00011687,ALU00974,2026-11-01,90.54
FREQ00011688,ALU00974,2026-12-01,88.25
FREQ00011689,ALU00975,2026-01-01,93.03
FREQ00011690,ALU00975,2026-02-01,92.72
FREQ00011691,ALU00975,2026-03-01,92.82
FREQ00011692,ALU00975,2026-04-01,96.18
FREQ00011693,ALU00975,2026-05-01,95.62
FREQ00011694,ALU00975,2026-06-01,96.58
FREQ00011695,ALU00975,2026-07-01,92.27
FREQ00011696,ALU00975,2026-08-01,87.43
FREQ00011697,ALU00975,2026-09-01,98.99
FREQ00011698,ALU00975,2026-10-01,93.36
FREQ00011699,ALU00975,2026-11-01,91.96
FREQ00011700,ALU00975,2026-12-01,87.9
FREQ00011701,ALU00976,2026-01-01,95.68
FREQ00011702,ALU00976,2026-02-01,98.79
FREQ00011703,ALU00976,2026-03-01,93.54
FREQ00011704,ALU00976,2026-04-01,92.85
FREQ00011705,ALU00976,2026-05-01,88.54
FREQ00011706,ALU00976,2026-06-01,96.36
FREQ00011707,ALU00976,2026-07-01,87.91
FREQ00011708,ALU00976,2026-08-01,89.48
FREQ00011709,ALU00976,2026-09-01,92.99
FREQ00011710,ALU00976,2026-10-01,88.75
FREQ00011711,ALU00976,2026-11-01,92.25
FREQ00011712,ALU00976,2026-12-01,89.57
FREQ00011713,ALU00977,2026-01-01,87.44
FREQ00011714,ALU00977,2026-02-01,88.53
FREQ00011715,ALU00977,2026-03-01,90.49
FREQ00011716,ALU00977,2026-04-01,94.33
FREQ00011717,ALU00977,2026-05-01,96.86
FREQ00011718,ALU00977,2026-06-01,96.26
FREQ00011719,ALU00977,2026-07-01,91.71
FREQ00011720,ALU00977,2026-08-01,96.09
FREQ00011721,ALU00977,2026-09-01,96.01
FREQ00011722,ALU00977,2026-10-01,87.17
FREQ00011723,ALU00977,2026-11-01,88.05
FREQ00011724,ALU00977,2026-12-01,97.79
FREQ00011725,ALU00978,2026-01-01,90.44
FREQ00011726,ALU00978,2026-02-01,94.66
FREQ00011727,ALU00978,2026-03-01,93.45
FREQ00011728,ALU00978,2026-04-01,94.1
FREQ00011729,ALU00978,2026-05-01,98.25
FREQ00011730,ALU00978,2026-06-01,94.79
FREQ00011731,ALU00978,2026-07-01,88.7
FREQ00011732,ALU00978,2026-08-01,88.35
FREQ00011733,ALU00978,2026-09-01,89.19
FREQ00011734,ALU00978,2026-10-01,98.96
FREQ00011735,ALU00978,2026-11-01,95.84
FREQ00011736,ALU00978,2026-12-01,93.47
FREQ00011737,ALU00979,2026-01-01,90.63
FREQ00011738,ALU00979,2026-02-01,96.87
FREQ00011739,ALU00979,2026-03-01,91.39
FREQ00011740,ALU00979,2026-04-01,90.26
FREQ00011741,ALU00979,2026-05-01,91.09
FREQ00011742,ALU00979,2026-06-01,90.31
FREQ00011743,ALU00979,2026-07-01,98.85
FREQ00011744,ALU00979,2026-08-01,92.71
FREQ00011745,ALU00979,2026-09-01,94.39
FREQ00011746,ALU00979,2026-10-01,87.56
FREQ00011747,ALU00979,2026-11-01,97.05
FREQ00011748,ALU00979,2026-12-01,96.14
FREQ00011749,ALU00980,2026-01-01,97.0
FREQ00011750,ALU00980,2026-02-01,97.71
FREQ00011751,ALU00980,2026-03-01,88.85
FREQ00011752,ALU00980,2026-04-01,94.88
FREQ00011753,ALU00980,2026-05-01,94.15
FREQ00011754,ALU00980,2026-06-01,96.85
FREQ00011755,ALU00980,2026-07-01,95.16
FREQ00011756,ALU00980,2026-08-01,87.04
FREQ00011757,ALU00980,2026-09-01,93.91
FREQ00011758,ALU00980,2026-10-01,92.52
FREQ00011759,ALU00980,2026-11-01,93.29
FREQ00011760,ALU00980,2026-12-01,88.91
FREQ00011761,ALU00981,2026-01-01,93.94
FREQ00011762,ALU00981,2026-02-01,93.31
FREQ00011763,ALU00981,2026-03-01,98.2
FREQ00011764,ALU00981,2026-04-01,87.9
FREQ00011765,ALU00981,2026-05-01,94.8
FREQ00011766,ALU00981,2026-06-01,96.32
FREQ00011767,ALU00981,2026-07-01,94.45
FREQ00011768,ALU00981,2026-08-01,89.93
FREQ00011769,ALU00981,2026-09-01,90.29
FREQ00011770,ALU00981,2026-10-01,88.97
FREQ00011771,ALU00981,2026-11-01,97.35
FREQ00011772,ALU00981,2026-12-01,89.14
FREQ00011773,ALU00982,2026-01-01,97.81
FREQ00011774,ALU00982,2026-02-01,94.81
FREQ00011775,ALU00982,2026-03-01,88.9
FREQ00011776,ALU00982,2026-04-01,96.73
FREQ00011777,ALU00982,2026-05-01,88.6
FREQ00011778,ALU00982,2026-06-01,98.99
FREQ00011779,ALU00982,2026-07-01,91.73
FREQ00011780,ALU00982,2026-08-01,93.09
FREQ00011781,ALU00982,2026-09-01,94.59
FREQ00011782,ALU00982,2026-10-01,91.33
FREQ00011783,ALU00982,2026-11-01,98.11
FREQ00011784,ALU00982,2026-12-01,96.27
FREQ00011785,ALU00983,2026-01-01,96.16
FREQ00011786,ALU00983,2026-02-01,91.88
FREQ00011787,ALU00983,2026-03-01,94.34
FREQ00011788,ALU00983,2026-04-01,91.56
FREQ00011789,ALU00983,2026-05-01,90.82
FREQ00011790,ALU00983,2026-06-01,94.61
FREQ00011791,ALU00983,2026-07-01,92.42
FREQ00011792,ALU00983,2026-08-01,90.66
FREQ00011793,ALU00983,2026-09-01,97.84
FREQ00011794,ALU00983,2026-10-01,87.82
FREQ00011795,ALU00983,2026-11-01,92.63
FREQ00011796,ALU00983,2026-12-01,95.23
FREQ00011797,ALU00984,2026-01-01,93.72
FREQ00011798,ALU00984,2026-02-01,98.38
FREQ00011799,ALU00984,2026-03-01,98.32
FREQ00011800,ALU00984,2026-04-01,94.18
FREQ00011801,ALU00984,2026-05-01,93.88
FREQ00011802,ALU00984,2026-06-01,93.52
FREQ00011803,ALU00984,2026-07-01,87.55
FREQ00011804,ALU00984,2026-08-01,90.24
FREQ00011805,ALU00984,2026-09-01,91.72
FREQ00011806,ALU00984,2026-10-01,87.42
FREQ00011807,ALU00984,2026-11-01,91.57
FREQ00011808,ALU00984,2026-12-01,89.71
FREQ00011809,ALU00985,2026-01-01,87.07
FREQ00011810,ALU00985,2026-02-01,87.06
FREQ00011811,ALU00985,2026-03-01,94.51
FREQ00011812,ALU00985,2026-04-01,94.72
FREQ00011813,ALU00985,2026-05-01,91.36
FREQ00011814,ALU00985,2026-06-01,95.05
FREQ00011815,ALU00985,2026-07-01,88.78
FREQ00011816,ALU00985,2026-08-01,97.49
FREQ00011817,ALU00985,2026-09-01,87.04
FREQ00011818,ALU00985,2026-10-01,92.56
FREQ00011819,ALU00985,2026-11-01,98.74
FREQ00011820,ALU00985,2026-12-01,98.6
FREQ00011821,ALU00986,2026-01-01,88.79
FREQ00011822,ALU00986,2026-02-01,94.06
FREQ00011823,ALU00986,2026-03-01,88.82
FREQ00011824,ALU00986,2026-04-01,88.37
FREQ00011825,ALU00986,2026-05-01,93.46
FREQ00011826,ALU00986,2026-06-01,94.62
FREQ00011827,ALU00986,2026-07-01,95.14
FREQ00011828,ALU00986,2026-08-01,95.54
FREQ00011829,ALU00986,2026-09-01,92.08
FREQ00011830,ALU00986,2026-10-01,97.64
FREQ00011831,ALU00986,2026-11-01,92.1
FREQ00011832,ALU00986,2026-12-01,98.86
FREQ00011833,ALU00987,2026-01-01,89.77
FREQ00011834,ALU00987,2026-02-01,92.29
FREQ00011835,ALU00987,2026-03-01,96.64
FREQ00011836,ALU00987,2026-04-01,96.25
FREQ00011837,ALU00987,2026-05-01,97.09
FREQ00011838,ALU00987,2026-06-01,90.14
FREQ00011839,ALU00987,2026-07-01,98.94
FREQ00011840,ALU00987,2026-08-01,89.01
FREQ00011841,ALU00987,2026-09-01,88.01
FREQ00011842,ALU00987,2026-10-01,98.16
FREQ00011843,ALU00987,2026-11-01,92.15
FREQ00011844,ALU00987,2026-12-01,91.6
FREQ00011845,ALU00988,2026-01-01,90.92
FREQ00011846,ALU00988,2026-02-01,89.59
FREQ00011847,ALU00988,2026-03-01,97.81
FREQ00011848,ALU00988,2026-04-01,97.75
FREQ00011849,ALU00988,2026-05-01,89.65
FREQ00011850,ALU00988,2026-06-01,91.32
FREQ00011851,ALU00988,2026-07-01,97.57
FREQ00011852,ALU00988,2026-08-01,90.21
FREQ00011853,ALU00988,2026-09-01,89.73
FREQ00011854,ALU00988,2026-10-01,96.65
FREQ00011855,ALU00988,2026-11-01,90.24
FREQ00011856,ALU00988,2026-12-01,97.57
FREQ00011857,ALU00989,2026-01-01,92.72
FREQ00011858,ALU00989,2026-02-01,93.1
FREQ00011859,ALU00989,2026-03-01,97.93
FREQ00011860,ALU00989,2026-04-01,95.56
FREQ00011861,ALU00989,2026-05-01,92.98
FREQ00011862,ALU00989,2026-06-01,87.32
FREQ00011863,ALU00989,2026-07-01,88.42
FREQ00011864,ALU00989,2026-08-01,93.36
FREQ00011865,ALU00989,2026-09-01,93.06
FREQ00011866,ALU00989,2026-10-01,91.99
FREQ00011867,ALU00989,2026-11-01,92.36
FREQ00011868,ALU00989,2026-12-01,88.37
FREQ00011869,ALU00990,2026-01-01,93.48
FREQ00011870,ALU00990,2026-02-01,93.09
FREQ00011871,ALU00990,2026-03-01,90.78
FREQ00011872,ALU00990,2026-04-01,98.7
FREQ00011873,ALU00990,2026-05-01,95.92
FREQ00011874,ALU00990,2026-06-01,97.67
FREQ00011875,ALU00990,2026-07-01,89.24
FREQ00011876,ALU00990,2026-08-01,87.08
FREQ00011877,ALU00990,2026-09-01,94.89
FREQ00011878,ALU00990,2026-10-01,88.23
FREQ00011879,ALU00990,2026-11-01,92.99
FREQ00011880,ALU00990,2026-12-01,93.04
FREQ00011881,ALU00991,2026-01-01,96.01
FREQ00011882,ALU00991,2026-02-01,98.42
FREQ00011883,ALU00991,2026-03-01,87.77
FREQ00011884,ALU00991,2026-04-01,96.72
FREQ00011885,ALU00991,2026-05-01,92.35
FREQ00011886,ALU00991,2026-06-01,90.76
FREQ00011887,ALU00991,2026-07-01,90.3
FREQ00011888,ALU00991,2026-08-01,89.07
FREQ00011889,ALU00991,2026-09-01,95.2
FREQ00011890,ALU00991,2026-10-01,87.48
FREQ00011891,ALU00991,2026-11-01,93.69
FREQ00011892,ALU00991,2026-12-01,90.82
FREQ00011893,ALU00992,2026-01-01,95.34
FREQ00011894,ALU00992,2026-02-01,89.73
FREQ00011895,ALU00992,2026-03-01,91.09
FREQ00011896,ALU00992,2026-04-01,93.21
FREQ00011897,ALU00992,2026-05-01,91.15
FREQ00011898,ALU00992,2026-06-01,92.92
FREQ00011899,ALU00992,2026-07-01,92.5
FREQ00011900,ALU00992,2026-08-01,97.32
FREQ00011901,ALU00992,2026-09-01,93.12
FREQ00011902,ALU00992,2026-10-01,98.47
FREQ00011903,ALU00992,2026-11-01,91.9
FREQ00011904,ALU00992,2026-12-01,97.42
FREQ00011905,ALU00993,2026-01-01,92.09
FREQ00011906,ALU00993,2026-02-01,98.33
FREQ00011907,ALU00993,2026-03-01,88.46
FREQ00011908,ALU00993,2026-04-01,94.22
FREQ00011909,ALU00993,2026-05-01,96.72
FREQ00011910,ALU00993,2026-06-01,93.73
FREQ00011911,ALU00993,2026-07-01,92.75
FREQ00011912,ALU00993,2026-08-01,96.49
FREQ00011913,ALU00993,2026-09-01,88.09
FREQ00011914,ALU00993,2026-10-01,93.59
FREQ00011915,ALU00993,2026-11-01,93.26
FREQ00011916,ALU00993,2026-12-01,95.03
FREQ00011917,ALU00994,2026-01-01,92.11
FREQ00011918,ALU00994,2026-02-01,95.16
FREQ00011919,ALU00994,2026-03-01,95.57
FREQ00011920,ALU00994,2026-04-01,92.11
FREQ00011921,ALU00994,2026-05-01,98.85
FREQ00011922,ALU00994,2026-06-01,96.79
FREQ00011923,ALU00994,2026-07-01,96.79
FREQ00011924,ALU00994,2026-08-01,91.77
FREQ00011925,ALU00994,2026-09-01,95.39
FREQ00011926,ALU00994,2026-10-01,98.29
FREQ00011927,ALU00994,2026-11-01,92.26
FREQ00011928,ALU00994,2026-12-01,95.42
FREQ00011929,ALU00995,2026-01-01,87.08
FREQ00011930,ALU00995,2026-02-01,88.77
FREQ00011931,ALU00995,2026-03-01,88.82
FREQ00011932,ALU00995,2026-04-01,98.81
FREQ00011933,ALU00995,2026-05-01,97.67
FREQ00011934,ALU00995,2026-06-01,92.6
FREQ00011935,ALU00995,2026-07-01,87.54
FREQ00011936,ALU00995,2026-08-01,94.44
FREQ00011937,ALU00995,2026-09-01,91.26
FREQ00011938,ALU00995,2026-10-01,96.05
FREQ00011939,ALU00995,2026-11-01,91.17
FREQ00011940,ALU00995,2026-12-01,98.99
FREQ00011941,ALU00996,2026-01-01,91.37
FREQ00011942,ALU00996,2026-02-01,87.48
FREQ00011943,ALU00996,2026-03-01,95.2
FREQ00011944,ALU00996,2026-04-01,91.9
FREQ00011945,ALU00996,2026-05-01,87.93
FREQ00011946,ALU00996,2026-06-01,91.57
FREQ00011947,ALU00996,2026-07-01,98.36
FREQ00011948,ALU00996,2026-08-01,88.82
FREQ00011949,ALU00996,2026-09-01,87.96
FREQ00011950,ALU00996,2026-10-01,89.33
FREQ00011951,ALU00996,2026-11-01,94.67
FREQ00011952,ALU00996,2026-12-01,96.23
FREQ00011953,ALU00997,2026-01-01,95.36
FREQ00011954,ALU00997,2026-02-01,88.23
FREQ00011955,ALU00997,2026-03-01,91.97
FREQ00011956,ALU00997,2026-04-01,93.3
FREQ00011957,ALU00997,2026-05-01,95.89
FREQ00011958,ALU00997,2026-06-01,96.2
FREQ00011959,ALU00997,2026-07-01,94.41
FREQ00011960,ALU00997,2026-08-01,87.77
FREQ00011961,ALU00997,2026-09-01,90.82
FREQ00011962,ALU00997,2026-10-01,96.22
FREQ00011963,ALU00997,2026-11-01,97.25
FREQ00011964,ALU00997,2026-12-01,87.18
FREQ00011965,ALU00998,2026-01-01,95.96
FREQ00011966,ALU00998,2026-02-01,98.81
FREQ00011967,ALU00998,2026-03-01,93.25
FREQ00011968,ALU00998,2026-04-01,96.22
FREQ00011969,ALU00998,2026-05-01,95.16
FREQ00011970,ALU00998,2026-06-01,90.76
FREQ00011971,ALU00998,2026-07-01,98.4
FREQ00011972,ALU00998,2026-08-01,97.74
FREQ00011973,ALU00998,2026-09-01,95.87
FREQ00011974,ALU00998,2026-10-01,89.53
FREQ00011975,ALU00998,2026-11-01,98.54
FREQ00011976,ALU00998,2026-12-01,96.35
FREQ00011977,ALU00999,2026-01-01,89.69
FREQ00011978,ALU00999,2026-02-01,96.98
FREQ00011979,ALU00999,2026-03-01,96.77
FREQ00011980,ALU00999,2026-04-01,88.52
FREQ00011981,ALU00999,2026-05-01,96.88
FREQ00011982,ALU00999,2026-06-01,87.5
FREQ00011983,ALU00999,2026-07-01,88.01
FREQ00011984,ALU00999,2026-08-01,96.41
FREQ00011985,ALU00999,2026-09-01,87.38
FREQ00011986,ALU00999,2026-10-01,88.07
FREQ00011987,ALU00999,2026-11-01,94.46
FREQ00011988,ALU00999,2026-12-01,90.23
FREQ00011989,ALU01000,2026-01-01,87.58
FREQ00011990,ALU01000,2026-02-01,87.5
FREQ00011991,ALU01000,2026-03-01,87.69
FREQ00011992,ALU01000,2026-04-01,93.85
FREQ00011993,ALU01000,2026-05-01,87.55
FREQ00011994,ALU01000,2026-06-01,97.17
FREQ00011995,ALU01000,2026-07-01,98.33
FREQ00011996,ALU01000,2026-08-01,95.49
FREQ00011997,ALU01000,2026-09-01,91.75
FREQ00011998,ALU01000,2026-10-01,87.2
FREQ00011999,ALU01000,2026-11-01,95.84
FREQ00012000,ALU01000,2026-12-01,87.22
FREQ00012001,ALU01001,2026-01-01,95.6
FREQ00012002,ALU01001,2026-02-01,94.11
FREQ00012003,ALU01001,2026-03-01,92.39
FREQ00012004,ALU01001,2026-04-01,98.54
FREQ00012005,ALU01001,2026-05-01,91.75
FREQ00012006,ALU01001,2026-06-01,89.53
FREQ00012007,ALU01001,2026-07-01,93.43
FREQ00012008,ALU01001,2026-08-01,93.43
FREQ00012009,ALU01001,2026-09-01,98.63
FREQ00012010,ALU01001,2026-10-01,98.73
FREQ00012011,ALU01001,2026-11-01,87.12
FREQ00012012,ALU01001,2026-12-01,92.81
FREQ00012013,ALU01002,2026-01-01,93.08
FREQ00012014,ALU01002,2026-02-01,91.02
FREQ00012015,ALU01002,2026-03-01,90.55
FREQ00012016,ALU01002,2026-04-01,88.0
FREQ00012017,ALU01002,2026-05-01,89.72
FREQ00012018,ALU01002,2026-06-01,94.91
FREQ00012019,ALU01002,2026-07-01,89.09
FREQ00012020,ALU01002,2026-08-01,92.5
FREQ00012021,ALU01002,2026-09-01,87.88
FREQ00012022,ALU01002,2026-10-01,98.01
FREQ00012023,ALU01002,2026-11-01,90.88
FREQ00012024,ALU01002,2026-12-01,97.87
FREQ00012025,ALU01003,2026-01-01,87.32
FREQ00012026,ALU01003,2026-02-01,89.74
FREQ00012027,ALU01003,2026-03-01,95.67
FREQ00012028,ALU01003,2026-04-01,87.88
FREQ00012029,ALU01003,2026-05-01,91.89
FREQ00012030,ALU01003,2026-06-01,97.49
FREQ00012031,ALU01003,2026-07-01,98.03
FREQ00012032,ALU01003,2026-08-01,93.75
FREQ00012033,ALU01003,2026-09-01,91.23
FREQ00012034,ALU01003,2026-10-01,89.76
FREQ00012035,ALU01003,2026-11-01,97.64
FREQ00012036,ALU01003,2026-12-01,90.91
FREQ00012037,ALU01004,2026-01-01,88.64
FREQ00012038,ALU01004,2026-02-01,96.89
FREQ00012039,ALU01004,2026-03-01,92.25
FREQ00012040,ALU01004,2026-04-01,97.04
FREQ00012041,ALU01004,2026-05-01,95.07
FREQ00012042,ALU01004,2026-06-01,97.58
FREQ00012043,ALU01004,2026-07-01,92.33
FREQ00012044,ALU01004,2026-08-01,96.59
FREQ00012045,ALU01004,2026-09-01,94.86
FREQ00012046,ALU01004,2026-10-01,91.79
FREQ00012047,ALU01004,2026-11-01,89.33
FREQ00012048,ALU01004,2026-12-01,94.65
FREQ00012049,ALU01005,2026-01-01,89.78
FREQ00012050,ALU01005,2026-02-01,95.67
FREQ00012051,ALU01005,2026-03-01,87.29
FREQ00012052,ALU01005,2026-04-01,93.02
FREQ00012053,ALU01005,2026-05-01,87.61
FREQ00012054,ALU01005,2026-06-01,92.74
FREQ00012055,ALU01005,2026-07-01,92.13
FREQ00012056,ALU01005,2026-08-01,94.21
FREQ00012057,ALU01005,2026-09-01,87.26
FREQ00012058,ALU01005,2026-10-01,97.08
FREQ00012059,ALU01005,2026-11-01,90.21
FREQ00012060,ALU01005,2026-12-01,90.64
FREQ00012061,ALU01006,2026-01-01,95.63
FREQ00012062,ALU01006,2026-02-01,93.93
FREQ00012063,ALU01006,2026-03-01,88.46
FREQ00012064,ALU01006,2026-04-01,94.85
FREQ00012065,ALU01006,2026-05-01,91.2
FREQ00012066,ALU01006,2026-06-01,96.34
FREQ00012067,ALU01006,2026-07-01,89.78
FREQ00012068,ALU01006,2026-08-01,87.75
FREQ00012069,ALU01006,2026-09-01,96.19
FREQ00012070,ALU01006,2026-10-01,90.05
FREQ00012071,ALU01006,2026-11-01,96.87
FREQ00012072,ALU01006,2026-12-01,88.28
FREQ00012073,ALU01007,2026-01-01,93.85
FREQ00012074,ALU01007,2026-02-01,95.54
FREQ00012075,ALU01007,2026-03-01,95.72
FREQ00012076,ALU01007,2026-04-01,95.61
FREQ00012077,ALU01007,2026-05-01,94.72
FREQ00012078,ALU01007,2026-06-01,88.67
FREQ00012079,ALU01007,2026-07-01,98.59
FREQ00012080,ALU01007,2026-08-01,87.99
FREQ00012081,ALU01007,2026-09-01,98.64
FREQ00012082,ALU01007,2026-10-01,88.48
FREQ00012083,ALU01007,2026-11-01,88.86
FREQ00012084,ALU01007,2026-12-01,90.8
FREQ00012085,ALU01008,2026-01-01,94.7
FREQ00012086,ALU01008,2026-02-01,93.98
FREQ00012087,ALU01008,2026-03-01,91.71
FREQ00012088,ALU01008,2026-04-01,95.04
FREQ00012089,ALU01008,2026-05-01,90.3
FREQ00012090,ALU01008,2026-06-01,88.31
FREQ00012091,ALU01008,2026-07-01,94.62
FREQ00012092,ALU01008,2026-08-01,98.1
FREQ00012093,ALU01008,2026-09-01,96.65
FREQ00012094,ALU01008,2026-10-01,94.38
FREQ00012095,ALU01008,2026-11-01,96.12
FREQ00012096,ALU01008,2026-12-01,93.56
FREQ00012097,ALU01009,2026-01-01,97.51
FREQ00012098,ALU01009,2026-02-01,90.08
FREQ00012099,ALU01009,2026-03-01,95.53
FREQ00012100,ALU01009,2026-04-01,98.39
FREQ00012101,ALU01009,2026-05-01,94.52
FREQ00012102,ALU01009,2026-06-01,93.28
FREQ00012103,ALU01009,2026-07-01,92.03
FREQ00012104,ALU01009,2026-08-01,96.56
FREQ00012105,ALU01009,2026-09-01,96.1
FREQ00012106,ALU01009,2026-10-01,96.72
FREQ00012107,ALU01009,2026-11-01,98.05
FREQ00012108,ALU01009,2026-12-01,90.75
FREQ00012109,ALU01010,2026-01-01,98.34
FREQ00012110,ALU01010,2026-02-01,93.85
FREQ00012111,ALU01010,2026-03-01,94.09
FREQ00012112,ALU01010,2026-04-01,93.61
FREQ00012113,ALU01010,2026-05-01,88.4
FREQ00012114,ALU01010,2026-06-01,88.58
FREQ00012115,ALU01010,2026-07-01,90.18
FREQ00012116,ALU01010,2026-08-01,97.5
FREQ00012117,ALU01010,2026-09-01,98.56
FREQ00012118,ALU01010,2026-10-01,96.56
FREQ00012119,ALU01010,2026-11-01,94.05
FREQ00012120,ALU01010,2026-12-01,90.23
FREQ00012121,ALU01011,2026-01-01,93.51
FREQ00012122,ALU01011,2026-02-01,87.59
FREQ00012123,ALU01011,2026-03-01,89.6
FREQ00012124,ALU01011,2026-04-01,88.57
FREQ00012125,ALU01011,2026-05-01,90.25
FREQ00012126,ALU01011,2026-06-01,89.09
FREQ00012127,ALU01011,2026-07-01,97.46
FREQ00012128,ALU01011,2026-08-01,94.63
FREQ00012129,ALU01011,2026-09-01,87.67
FREQ00012130,ALU01011,2026-10-01,90.57
FREQ00012131,ALU01011,2026-11-01,91.33
FREQ00012132,ALU01011,2026-12-01,88.39
FREQ00012133,ALU01012,2026-01-01,94.14
FREQ00012134,ALU01012,2026-02-01,89.05
FREQ00012135,ALU01012,2026-03-01,93.42
FREQ00012136,ALU01012,2026-04-01,91.98
FREQ00012137,ALU01012,2026-05-01,91.63
FREQ00012138,ALU01012,2026-06-01,97.53
FREQ00012139,ALU01012,2026-07-01,95.13
FREQ00012140,ALU01012,2026-08-01,88.81
FREQ00012141,ALU01012,2026-09-01,93.71
FREQ00012142,ALU01012,2026-10-01,92.26
FREQ00012143,ALU01012,2026-11-01,96.78
FREQ00012144,ALU01012,2026-12-01,97.23
FREQ00012145,ALU01013,2026-01-01,98.08
FREQ00012146,ALU01013,2026-02-01,87.44
FREQ00012147,ALU01013,2026-03-01,96.03
FREQ00012148,ALU01013,2026-04-01,93.28
FREQ00012149,ALU01013,2026-05-01,93.0
FREQ00012150,ALU01013,2026-06-01,93.05
FREQ00012151,ALU01013,2026-07-01,90.57
FREQ00012152,ALU01013,2026-08-01,94.7
FREQ00012153,ALU01013,2026-09-01,88.49
FREQ00012154,ALU01013,2026-10-01,97.59
FREQ00012155,ALU01013,2026-11-01,96.62
FREQ00012156,ALU01013,2026-12-01,95.08
FREQ00012157,ALU01014,2026-01-01,95.11
FREQ00012158,ALU01014,2026-02-01,97.63
FREQ00012159,ALU01014,2026-03-01,89.98
FREQ00012160,ALU01014,2026-04-01,93.37
FREQ00012161,ALU01014,2026-05-01,91.8
FREQ00012162,ALU01014,2026-06-01,87.69
FREQ00012163,ALU01014,2026-07-01,98.87
FREQ00012164,ALU01014,2026-08-01,88.38
FREQ00012165,ALU01014,2026-09-01,92.24
FREQ00012166,ALU01014,2026-10-01,94.66
FREQ00012167,ALU01014,2026-11-01,90.19
FREQ00012168,ALU01014,2026-12-01,91.3
FREQ00012169,ALU01015,2026-01-01,89.71
FREQ00012170,ALU01015,2026-02-01,87.6
FREQ00012171,ALU01015,2026-03-01,89.75
FREQ00012172,ALU01015,2026-04-01,97.29
FREQ00012173,ALU01015,2026-05-01,92.47
FREQ00012174,ALU01015,2026-06-01,88.33
FREQ00012175,ALU01015,2026-07-01,93.99
FREQ00012176,ALU01015,2026-08-01,95.81
FREQ00012177,ALU01015,2026-09-01,97.56
FREQ00012178,ALU01015,2026-10-01,93.25
FREQ00012179,ALU01015,2026-11-01,96.63
FREQ00012180,ALU01015,2026-12-01,94.02
FREQ00012181,ALU01016,2026-01-01,96.26
FREQ00012182,ALU01016,2026-02-01,95.69
FREQ00012183,ALU01016,2026-03-01,91.85
FREQ00012184,ALU01016,2026-04-01,88.72
FREQ00012185,ALU01016,2026-05-01,87.27
FREQ00012186,ALU01016,2026-06-01,95.55
FREQ00012187,ALU01016,2026-07-01,95.14
FREQ00012188,ALU01016,2026-08-01,94.3
FREQ00012189,ALU01016,2026-09-01,90.37
FREQ00012190,ALU01016,2026-10-01,97.56
FREQ00012191,ALU01016,2026-11-01,87.69
FREQ00012192,ALU01016,2026-12-01,98.52
FREQ00012193,ALU01017,2026-01-01,87.95
FREQ00012194,ALU01017,2026-02-01,87.94
FREQ00012195,ALU01017,2026-03-01,93.39
FREQ00012196,ALU01017,2026-04-01,94.82
FREQ00012197,ALU01017,2026-05-01,97.62
FREQ00012198,ALU01017,2026-06-01,97.45
FREQ00012199,ALU01017,2026-07-01,93.73
FREQ00012200,ALU01017,2026-08-01,89.4
FREQ00012201,ALU01017,2026-09-01,90.09
FREQ00012202,ALU01017,2026-10-01,89.7
FREQ00012203,ALU01017,2026-11-01,88.09
FREQ00012204,ALU01017,2026-12-01,93.29
FREQ00012205,ALU01018,2026-01-01,98.98
FREQ00012206,ALU01018,2026-02-01,92.79
FREQ00012207,ALU01018,2026-03-01,97.65
FREQ00012208,ALU01018,2026-04-01,91.12
FREQ00012209,ALU01018,2026-05-01,87.19
FREQ00012210,ALU01018,2026-06-01,89.67
FREQ00012211,ALU01018,2026-07-01,87.66
FREQ00012212,ALU01018,2026-08-01,94.3
FREQ00012213,ALU01018,2026-09-01,88.07
FREQ00012214,ALU01018,2026-10-01,90.53
FREQ00012215,ALU01018,2026-11-01,90.63
FREQ00012216,ALU01018,2026-12-01,96.68
FREQ00012217,ALU01019,2026-01-01,97.57
FREQ00012218,ALU01019,2026-02-01,87.94
FREQ00012219,ALU01019,2026-03-01,93.13
FREQ00012220,ALU01019,2026-04-01,97.73
FREQ00012221,ALU01019,2026-05-01,89.67
FREQ00012222,ALU01019,2026-06-01,87.85
FREQ00012223,ALU01019,2026-07-01,94.12
FREQ00012224,ALU01019,2026-08-01,94.21
FREQ00012225,ALU01019,2026-09-01,96.97
FREQ00012226,ALU01019,2026-10-01,96.5
FREQ00012227,ALU01019,2026-11-01,88.01
FREQ00012228,ALU01019,2026-12-01,96.94
FREQ00012229,ALU01020,2026-01-01,91.46
FREQ00012230,ALU01020,2026-02-01,94.59
FREQ00012231,ALU01020,2026-03-01,98.34
FREQ00012232,ALU01020,2026-04-01,89.88
FREQ00012233,ALU01020,2026-05-01,91.39
FREQ00012234,ALU01020,2026-06-01,88.91
FREQ00012235,ALU01020,2026-07-01,94.79
FREQ00012236,ALU01020,2026-08-01,91.92
FREQ00012237,ALU01020,2026-09-01,93.41
FREQ00012238,ALU01020,2026-10-01,98.71
FREQ00012239,ALU01020,2026-11-01,96.65
FREQ00012240,ALU01020,2026-12-01,90.14
FREQ00012241,ALU01021,2026-01-01,91.58
FREQ00012242,ALU01021,2026-02-01,87.31
FREQ00012243,ALU01021,2026-03-01,92.9
FREQ00012244,ALU01021,2026-04-01,93.52
FREQ00012245,ALU01021,2026-05-01,98.86
FREQ00012246,ALU01021,2026-06-01,93.42
FREQ00012247,ALU01021,2026-07-01,94.16
FREQ00012248,ALU01021,2026-08-01,93.71
FREQ00012249,ALU01021,2026-09-01,88.11
FREQ00012250,ALU01021,2026-10-01,93.64
FREQ00012251,ALU01021,2026-11-01,87.03
FREQ00012252,ALU01021,2026-12-01,98.38
FREQ00012253,ALU01022,2026-01-01,98.55
FREQ00012254,ALU01022,2026-02-01,96.14
FREQ00012255,ALU01022,2026-03-01,87.36
FREQ00012256,ALU01022,2026-04-01,93.49
FREQ00012257,ALU01022,2026-05-01,94.4
FREQ00012258,ALU01022,2026-06-01,97.19
FREQ00012259,ALU01022,2026-07-01,88.7
FREQ00012260,ALU01022,2026-08-01,96.13
FREQ00012261,ALU01022,2026-09-01,89.65
FREQ00012262,ALU01022,2026-10-01,97.66
FREQ00012263,ALU01022,2026-11-01,95.6
FREQ00012264,ALU01022,2026-12-01,91.54
FREQ00012265,ALU01023,2026-01-01,97.54
FREQ00012266,ALU01023,2026-02-01,97.95
FREQ00012267,ALU01023,2026-03-01,89.37
FREQ00012268,ALU01023,2026-04-01,91.44
FREQ00012269,ALU01023,2026-05-01,98.07
FREQ00012270,ALU01023,2026-06-01,92.49
FREQ00012271,ALU01023,2026-07-01,96.89
FREQ00012272,ALU01023,2026-08-01,97.76
FREQ00012273,ALU01023,2026-09-01,97.4
FREQ00012274,ALU01023,2026-10-01,92.1
FREQ00012275,ALU01023,2026-11-01,98.51
FREQ00012276,ALU01023,2026-12-01,95.99
FREQ00012277,ALU01024,2026-01-01,87.6
FREQ00012278,ALU01024,2026-02-01,89.17
FREQ00012279,ALU01024,2026-03-01,95.72
FREQ00012280,ALU01024,2026-04-01,87.82
FREQ00012281,ALU01024,2026-05-01,92.52
FREQ00012282,ALU01024,2026-06-01,88.0
FREQ00012283,ALU01024,2026-07-01,92.29
FREQ00012284,ALU01024,2026-08-01,94.48
FREQ00012285,ALU01024,2026-09-01,90.07
FREQ00012286,ALU01024,2026-10-01,94.53
FREQ00012287,ALU01024,2026-11-01,98.78
FREQ00012288,ALU01024,2026-12-01,90.14
FREQ00012289,ALU01025,2026-01-01,98.75
FREQ00012290,ALU01025,2026-02-01,89.37
FREQ00012291,ALU01025,2026-03-01,92.79
FREQ00012292,ALU01025,2026-04-01,97.64
FREQ00012293,ALU01025,2026-05-01,98.02
FREQ00012294,ALU01025,2026-06-01,97.56
FREQ00012295,ALU01025,2026-07-01,91.46
FREQ00012296,ALU01025,2026-08-01,95.84
FREQ00012297,ALU01025,2026-09-01,89.52
FREQ00012298,ALU01025,2026-10-01,92.23
FREQ00012299,ALU01025,2026-11-01,97.67
FREQ00012300,ALU01025,2026-12-01,96.86
FREQ00012301,ALU01026,2026-01-01,97.58
FREQ00012302,ALU01026,2026-02-01,95.05
FREQ00012303,ALU01026,2026-03-01,94.25
FREQ00012304,ALU01026,2026-04-01,87.53
FREQ00012305,ALU01026,2026-05-01,98.1
FREQ00012306,ALU01026,2026-06-01,98.23
FREQ00012307,ALU01026,2026-07-01,90.07
FREQ00012308,ALU01026,2026-08-01,97.61
FREQ00012309,ALU01026,2026-09-01,92.15
FREQ00012310,ALU01026,2026-10-01,98.94
FREQ00012311,ALU01026,2026-11-01,91.7
FREQ00012312,ALU01026,2026-12-01,97.31
FREQ00012313,ALU01027,2026-01-01,89.94
FREQ00012314,ALU01027,2026-02-01,89.52
FREQ00012315,ALU01027,2026-03-01,95.0
FREQ00012316,ALU01027,2026-04-01,89.27
FREQ00012317,ALU01027,2026-05-01,94.75
FREQ00012318,ALU01027,2026-06-01,98.62
FREQ00012319,ALU01027,2026-07-01,89.04
FREQ00012320,ALU01027,2026-08-01,95.42
FREQ00012321,ALU01027,2026-09-01,97.63
FREQ00012322,ALU01027,2026-10-01,87.89
FREQ00012323,ALU01027,2026-11-01,97.62
FREQ00012324,ALU01027,2026-12-01,92.88
FREQ00012325,ALU01028,2026-01-01,96.12
FREQ00012326,ALU01028,2026-02-01,98.19
FREQ00012327,ALU01028,2026-03-01,94.5
FREQ00012328,ALU01028,2026-04-01,98.64
FREQ00012329,ALU01028,2026-05-01,89.97
FREQ00012330,ALU01028,2026-06-01,93.98
FREQ00012331,ALU01028,2026-07-01,92.24
FREQ00012332,ALU01028,2026-08-01,95.02
FREQ00012333,ALU01028,2026-09-01,87.1
FREQ00012334,ALU01028,2026-10-01,89.9
FREQ00012335,ALU01028,2026-11-01,95.16
FREQ00012336,ALU01028,2026-12-01,96.93
FREQ00012337,ALU01029,2026-01-01,93.27
FREQ00012338,ALU01029,2026-02-01,91.45
FREQ00012339,ALU01029,2026-03-01,94.63
FREQ00012340,ALU01029,2026-04-01,91.84
FREQ00012341,ALU01029,2026-05-01,88.82
FREQ00012342,ALU01029,2026-06-01,88.0
FREQ00012343,ALU01029,2026-07-01,93.43
FREQ00012344,ALU01029,2026-08-01,90.43
FREQ00012345,ALU01029,2026-09-01,93.42
FREQ00012346,ALU01029,2026-10-01,89.18
FREQ00012347,ALU01029,2026-11-01,87.85
FREQ00012348,ALU01029,2026-12-01,87.66
FREQ00012349,ALU01030,2026-01-01,88.73
FREQ00012350,ALU01030,2026-02-01,98.51
FREQ00012351,ALU01030,2026-03-01,95.03
FREQ00012352,ALU01030,2026-04-01,90.84
FREQ00012353,ALU01030,2026-05-01,92.37
FREQ00012354,ALU01030,2026-06-01,97.55
FREQ00012355,ALU01030,2026-07-01,97.34
FREQ00012356,ALU01030,2026-08-01,94.8
FREQ00012357,ALU01030,2026-09-01,89.41
FREQ00012358,ALU01030,2026-10-01,87.75
FREQ00012359,ALU01030,2026-11-01,90.66
FREQ00012360,ALU01030,2026-12-01,90.67
FREQ00012361,ALU01031,2026-01-01,97.02
FREQ00012362,ALU01031,2026-02-01,95.65
FREQ00012363,ALU01031,2026-03-01,96.42
FREQ00012364,ALU01031,2026-04-01,95.33
FREQ00012365,ALU01031,2026-05-01,91.68
FREQ00012366,ALU01031,2026-06-01,94.84
FREQ00012367,ALU01031,2026-07-01,89.3
FREQ00012368,ALU01031,2026-08-01,92.74
FREQ00012369,ALU01031,2026-09-01,96.33
FREQ00012370,ALU01031,2026-10-01,96.74
FREQ00012371,ALU01031,2026-11-01,92.77
FREQ00012372,ALU01031,2026-12-01,87.3
FREQ00012373,ALU01032,2026-01-01,95.53
FREQ00012374,ALU01032,2026-02-01,92.78
FREQ00012375,ALU01032,2026-03-01,91.23
FREQ00012376,ALU01032,2026-04-01,98.99
FREQ00012377,ALU01032,2026-05-01,94.93
FREQ00012378,ALU01032,2026-06-01,90.24
FREQ00012379,ALU01032,2026-07-01,89.58
FREQ00012380,ALU01032,2026-08-01,98.81
FREQ00012381,ALU01032,2026-09-01,88.56
FREQ00012382,ALU01032,2026-10-01,90.2
FREQ00012383,ALU01032,2026-11-01,93.16
FREQ00012384,ALU01032,2026-12-01,94.76
FREQ00012385,ALU01033,2026-01-01,87.32
FREQ00012386,ALU01033,2026-02-01,96.47
FREQ00012387,ALU01033,2026-03-01,95.86
FREQ00012388,ALU01033,2026-04-01,89.67
FREQ00012389,ALU01033,2026-05-01,97.47
FREQ00012390,ALU01033,2026-06-01,96.44
FREQ00012391,ALU01033,2026-07-01,92.84
FREQ00012392,ALU01033,2026-08-01,90.04
FREQ00012393,ALU01033,2026-09-01,93.76
FREQ00012394,ALU01033,2026-10-01,91.08
FREQ00012395,ALU01033,2026-11-01,97.58
FREQ00012396,ALU01033,2026-12-01,96.86
FREQ00012397,ALU01034,2026-01-01,89.79
FREQ00012398,ALU01034,2026-02-01,89.08
FREQ00012399,ALU01034,2026-03-01,88.11
FREQ00012400,ALU01034,2026-04-01,89.42
FREQ00012401,ALU01034,2026-05-01,92.33
FREQ00012402,ALU01034,2026-06-01,91.72
FREQ00012403,ALU01034,2026-07-01,93.86
FREQ00012404,ALU01034,2026-08-01,92.43
FREQ00012405,ALU01034,2026-09-01,88.69
FREQ00012406,ALU01034,2026-10-01,92.05
FREQ00012407,ALU01034,2026-11-01,89.87
FREQ00012408,ALU01034,2026-12-01,94.65
FREQ00012409,ALU01035,2026-01-01,95.61
FREQ00012410,ALU01035,2026-02-01,94.45
FREQ00012411,ALU01035,2026-03-01,94.31
FREQ00012412,ALU01035,2026-04-01,97.69
FREQ00012413,ALU01035,2026-05-01,97.12
FREQ00012414,ALU01035,2026-06-01,87.01
FREQ00012415,ALU01035,2026-07-01,97.54
FREQ00012416,ALU01035,2026-08-01,95.36
FREQ00012417,ALU01035,2026-09-01,88.09
FREQ00012418,ALU01035,2026-10-01,89.44
FREQ00012419,ALU01035,2026-11-01,95.17
FREQ00012420,ALU01035,2026-12-01,89.88
FREQ00012421,ALU01036,2026-01-01,95.44
FREQ00012422,ALU01036,2026-02-01,87.82
FREQ00012423,ALU01036,2026-03-01,97.45
FREQ00012424,ALU01036,2026-04-01,91.07
FREQ00012425,ALU01036,2026-05-01,97.0
FREQ00012426,ALU01036,2026-06-01,95.46
FREQ00012427,ALU01036,2026-07-01,89.24
FREQ00012428,ALU01036,2026-08-01,91.82
FREQ00012429,ALU01036,2026-09-01,87.84
FREQ00012430,ALU01036,2026-10-01,92.59
FREQ00012431,ALU01036,2026-11-01,91.34
FREQ00012432,ALU01036,2026-12-01,98.56
FREQ00012433,ALU01037,2026-01-01,93.23
FREQ00012434,ALU01037,2026-02-01,91.22
FREQ00012435,ALU01037,2026-03-01,87.25
FREQ00012436,ALU01037,2026-04-01,95.67
FREQ00012437,ALU01037,2026-05-01,92.21
FREQ00012438,ALU01037,2026-06-01,91.54
FREQ00012439,ALU01037,2026-07-01,93.79
FREQ00012440,ALU01037,2026-08-01,90.36
FREQ00012441,ALU01037,2026-09-01,98.76
FREQ00012442,ALU01037,2026-10-01,96.76
FREQ00012443,ALU01037,2026-11-01,95.31
FREQ00012444,ALU01037,2026-12-01,96.15
FREQ00012445,ALU01038,2026-01-01,88.5
FREQ00012446,ALU01038,2026-02-01,95.89
FREQ00012447,ALU01038,2026-03-01,98.96
FREQ00012448,ALU01038,2026-04-01,91.05
FREQ00012449,ALU01038,2026-05-01,96.77
FREQ00012450,ALU01038,2026-06-01,90.51
FREQ00012451,ALU01038,2026-07-01,90.46
FREQ00012452,ALU01038,2026-08-01,87.43
FREQ00012453,ALU01038,2026-09-01,87.34
FREQ00012454,ALU01038,2026-10-01,90.46
FREQ00012455,ALU01038,2026-11-01,97.69
FREQ00012456,ALU01038,2026-12-01,89.23
FREQ00012457,ALU01039,2026-01-01,95.32
FREQ00012458,ALU01039,2026-02-01,92.92
FREQ00012459,ALU01039,2026-03-01,91.26
FREQ00012460,ALU01039,2026-04-01,88.98
FREQ00012461,ALU01039,2026-05-01,89.94
FREQ00012462,ALU01039,2026-06-01,89.56
FREQ00012463,ALU01039,2026-07-01,92.23
FREQ00012464,ALU01039,2026-08-01,87.06
FREQ00012465,ALU01039,2026-09-01,87.19
FREQ00012466,ALU01039,2026-10-01,97.4
FREQ00012467,ALU01039,2026-11-01,96.41
FREQ00012468,ALU01039,2026-12-01,97.2
FREQ00012469,ALU01040,2026-01-01,90.35
FREQ00012470,ALU01040,2026-02-01,90.77
FREQ00012471,ALU01040,2026-03-01,87.65
FREQ00012472,ALU01040,2026-04-01,92.86
FREQ00012473,ALU01040,2026-05-01,94.7
FREQ00012474,ALU01040,2026-06-01,93.78
FREQ00012475,ALU01040,2026-07-01,90.29
FREQ00012476,ALU01040,2026-08-01,91.3
FREQ00012477,ALU01040,2026-09-01,88.3
FREQ00012478,ALU01040,2026-10-01,89.88
FREQ00012479,ALU01040,2026-11-01,93.7
FREQ00012480,ALU01040,2026-12-01,96.57
FREQ00012481,ALU01041,2026-01-01,89.68
FREQ00012482,ALU01041,2026-02-01,92.74
FREQ00012483,ALU01041,2026-03-01,98.77
FREQ00012484,ALU01041,2026-04-01,93.67
FREQ00012485,ALU01041,2026-05-01,98.11
FREQ00012486,ALU01041,2026-06-01,97.16
FREQ00012487,ALU01041,2026-07-01,92.82
FREQ00012488,ALU01041,2026-08-01,98.69
FREQ00012489,ALU01041,2026-09-01,88.22
FREQ00012490,ALU01041,2026-10-01,89.22
FREQ00012491,ALU01041,2026-11-01,91.18
FREQ00012492,ALU01041,2026-12-01,92.26
FREQ00012493,ALU01042,2026-01-01,93.97
FREQ00012494,ALU01042,2026-02-01,92.31
FREQ00012495,ALU01042,2026-03-01,98.16
FREQ00012496,ALU01042,2026-04-01,91.45
FREQ00012497,ALU01042,2026-05-01,91.34
FREQ00012498,ALU01042,2026-06-01,96.3
FREQ00012499,ALU01042,2026-07-01,89.18
FREQ00012500,ALU01042,2026-08-01,98.96
FREQ00012501,ALU01042,2026-09-01,93.64
FREQ00012502,ALU01042,2026-10-01,87.65
FREQ00012503,ALU01042,2026-11-01,92.9
FREQ00012504,ALU01042,2026-12-01,97.71
FREQ00012505,ALU01043,2026-01-01,97.54
FREQ00012506,ALU01043,2026-02-01,97.3
FREQ00012507,ALU01043,2026-03-01,97.63
FREQ00012508,ALU01043,2026-04-01,90.8
FREQ00012509,ALU01043,2026-05-01,94.39
FREQ00012510,ALU01043,2026-06-01,90.12
FREQ00012511,ALU01043,2026-07-01,89.16
FREQ00012512,ALU01043,2026-08-01,92.26
FREQ00012513,ALU01043,2026-09-01,94.24
FREQ00012514,ALU01043,2026-10-01,94.86
FREQ00012515,ALU01043,2026-11-01,91.31
FREQ00012516,ALU01043,2026-12-01,88.44
FREQ00012517,ALU01044,2026-01-01,97.91
FREQ00012518,ALU01044,2026-02-01,90.73
FREQ00012519,ALU01044,2026-03-01,89.52
FREQ00012520,ALU01044,2026-04-01,94.99
FREQ00012521,ALU01044,2026-05-01,90.33
FREQ00012522,ALU01044,2026-06-01,96.81
FREQ00012523,ALU01044,2026-07-01,87.42
FREQ00012524,ALU01044,2026-08-01,89.78
FREQ00012525,ALU01044,2026-09-01,87.96
FREQ00012526,ALU01044,2026-10-01,87.6
FREQ00012527,ALU01044,2026-11-01,92.51
FREQ00012528,ALU01044,2026-12-01,88.73
FREQ00012529,ALU01045,2026-01-01,95.61
FREQ00012530,ALU01045,2026-02-01,89.05
FREQ00012531,ALU01045,2026-03-01,95.42
FREQ00012532,ALU01045,2026-04-01,92.72
FREQ00012533,ALU01045,2026-05-01,90.27
FREQ00012534,ALU01045,2026-06-01,93.77
FREQ00012535,ALU01045,2026-07-01,91.38
FREQ00012536,ALU01045,2026-08-01,89.69
FREQ00012537,ALU01045,2026-09-01,91.19
FREQ00012538,ALU01045,2026-10-01,97.03
FREQ00012539,ALU01045,2026-11-01,89.15
FREQ00012540,ALU01045,2026-12-01,94.78
FREQ00012541,ALU01046,2026-01-01,95.92
FREQ00012542,ALU01046,2026-02-01,98.66
FREQ00012543,ALU01046,2026-03-01,94.85
FREQ00012544,ALU01046,2026-04-01,93.67
FREQ00012545,ALU01046,2026-05-01,93.73
FREQ00012546,ALU01046,2026-06-01,95.64
FREQ00012547,ALU01046,2026-07-01,87.87
FREQ00012548,ALU01046,2026-08-01,91.46
FREQ00012549,ALU01046,2026-09-01,93.52
FREQ00012550,ALU01046,2026-10-01,96.77
FREQ00012551,ALU01046,2026-11-01,93.93
FREQ00012552,ALU01046,2026-12-01,88.16
FREQ00012553,ALU01047,2026-01-01,87.58
FREQ00012554,ALU01047,2026-02-01,93.77
FREQ00012555,ALU01047,2026-03-01,95.22
FREQ00012556,ALU01047,2026-04-01,87.04
FREQ00012557,ALU01047,2026-05-01,93.79
FREQ00012558,ALU01047,2026-06-01,92.57
FREQ00012559,ALU01047,2026-07-01,88.38
FREQ00012560,ALU01047,2026-08-01,97.94
FREQ00012561,ALU01047,2026-09-01,87.13
FREQ00012562,ALU01047,2026-10-01,98.77
FREQ00012563,ALU01047,2026-11-01,95.88
FREQ00012564,ALU01047,2026-12-01,95.2
FREQ00012565,ALU01048,2026-01-01,87.95
FREQ00012566,ALU01048,2026-02-01,97.51
FREQ00012567,ALU01048,2026-03-01,89.21
FREQ00012568,ALU01048,2026-04-01,89.72
FREQ00012569,ALU01048,2026-05-01,87.63
FREQ00012570,ALU01048,2026-06-01,95.61
FREQ00012571,ALU01048,2026-07-01,98.39
FREQ00012572,ALU01048,2026-08-01,93.16
FREQ00012573,ALU01048,2026-09-01,92.22
FREQ00012574,ALU01048,2026-10-01,94.58
FREQ00012575,ALU01048,2026-11-01,87.2
FREQ00012576,ALU01048,2026-12-01,94.32
FREQ00012577,ALU01049,2026-01-01,92.16
FREQ00012578,ALU01049,2026-02-01,92.38
FREQ00012579,ALU01049,2026-03-01,96.76
FREQ00012580,ALU01049,2026-04-01,96.11
FREQ00012581,ALU01049,2026-05-01,96.99
FREQ00012582,ALU01049,2026-06-01,92.08
FREQ00012583,ALU01049,2026-07-01,95.18
FREQ00012584,ALU01049,2026-08-01,93.55
FREQ00012585,ALU01049,2026-09-01,94.13
FREQ00012586,ALU01049,2026-10-01,89.04
FREQ00012587,ALU01049,2026-11-01,94.13
FREQ00012588,ALU01049,2026-12-01,91.75
FREQ00012589,ALU01050,2026-01-01,89.99
FREQ00012590,ALU01050,2026-02-01,93.47
FREQ00012591,ALU01050,2026-03-01,95.37
FREQ00012592,ALU01050,2026-04-01,90.26
FREQ00012593,ALU01050,2026-05-01,98.0
FREQ00012594,ALU01050,2026-06-01,95.15
FREQ00012595,ALU01050,2026-07-01,87.54
FREQ00012596,ALU01050,2026-08-01,98.16
FREQ00012597,ALU01050,2026-09-01,98.41
FREQ00012598,ALU01050,2026-10-01,91.92
FREQ00012599,ALU01050,2026-11-01,98.32
FREQ00012600,ALU01050,2026-12-01,92.65
FREQ00012601,ALU01051,2026-01-01,95.53
FREQ00012602,ALU01051,2026-02-01,94.69
FREQ00012603,ALU01051,2026-03-01,95.98
FREQ00012604,ALU01051,2026-04-01,94.72
FREQ00012605,ALU01051,2026-05-01,95.39
FREQ00012606,ALU01051,2026-06-01,91.54
FREQ00012607,ALU01051,2026-07-01,94.33
FREQ00012608,ALU01051,2026-08-01,87.32
FREQ00012609,ALU01051,2026-09-01,96.31
FREQ00012610,ALU01051,2026-10-01,88.07
FREQ00012611,ALU01051,2026-11-01,88.77
FREQ00012612,ALU01051,2026-12-01,96.58
FREQ00012613,ALU01052,2026-01-01,87.01
FREQ00012614,ALU01052,2026-02-01,98.42
FREQ00012615,ALU01052,2026-03-01,88.06
FREQ00012616,ALU01052,2026-04-01,96.41
FREQ00012617,ALU01052,2026-05-01,96.81
FREQ00012618,ALU01052,2026-06-01,91.42
FREQ00012619,ALU01052,2026-07-01,93.22
FREQ00012620,ALU01052,2026-08-01,97.96
FREQ00012621,ALU01052,2026-09-01,95.45
FREQ00012622,ALU01052,2026-10-01,87.2
FREQ00012623,ALU01052,2026-11-01,89.47
FREQ00012624,ALU01052,2026-12-01,93.01
FREQ00012625,ALU01053,2026-01-01,94.5
FREQ00012626,ALU01053,2026-02-01,91.66
FREQ00012627,ALU01053,2026-03-01,89.98
FREQ00012628,ALU01053,2026-04-01,93.71
FREQ00012629,ALU01053,2026-05-01,98.08
FREQ00012630,ALU01053,2026-06-01,92.25
FREQ00012631,ALU01053,2026-07-01,97.11
FREQ00012632,ALU01053,2026-08-01,90.47
FREQ00012633,ALU01053,2026-09-01,93.69
FREQ00012634,ALU01053,2026-10-01,91.54
FREQ00012635,ALU01053,2026-11-01,89.95
FREQ00012636,ALU01053,2026-12-01,91.3
FREQ00012637,ALU01054,2026-01-01,89.13
FREQ00012638,ALU01054,2026-02-01,89.49
FREQ00012639,ALU01054,2026-03-01,88.05
FREQ00012640,ALU01054,2026-04-01,91.73
FREQ00012641,ALU01054,2026-05-01,95.96
FREQ00012642,ALU01054,2026-06-01,88.59
FREQ00012643,ALU01054,2026-07-01,92.86
FREQ00012644,ALU01054,2026-08-01,91.29
FREQ00012645,ALU01054,2026-09-01,95.3
FREQ00012646,ALU01054,2026-10-01,97.44
FREQ00012647,ALU01054,2026-11-01,97.08
FREQ00012648,ALU01054,2026-12-01,90.68
FREQ00012649,ALU01055,2026-01-01,97.34
FREQ00012650,ALU01055,2026-02-01,92.23
FREQ00012651,ALU01055,2026-03-01,88.25
FREQ00012652,ALU01055,2026-04-01,88.68
FREQ00012653,ALU01055,2026-05-01,88.06
FREQ00012654,ALU01055,2026-06-01,92.31
FREQ00012655,ALU01055,2026-07-01,92.5
FREQ00012656,ALU01055,2026-08-01,91.59
FREQ00012657,ALU01055,2026-09-01,90.95
FREQ00012658,ALU01055,2026-10-01,91.13
FREQ00012659,ALU01055,2026-11-01,94.4
FREQ00012660,ALU01055,2026-12-01,95.51
FREQ00012661,ALU01056,2026-01-01,88.03
FREQ00012662,ALU01056,2026-02-01,98.84
FREQ00012663,ALU01056,2026-03-01,87.72
FREQ00012664,ALU01056,2026-04-01,89.94
FREQ00012665,ALU01056,2026-05-01,91.95
FREQ00012666,ALU01056,2026-06-01,88.63
FREQ00012667,ALU01056,2026-07-01,92.85
FREQ00012668,ALU01056,2026-08-01,97.47
FREQ00012669,ALU01056,2026-09-01,91.64
FREQ00012670,ALU01056,2026-10-01,90.14
FREQ00012671,ALU01056,2026-11-01,91.79
FREQ00012672,ALU01056,2026-12-01,88.24
FREQ00012673,ALU01057,2026-01-01,93.78
FREQ00012674,ALU01057,2026-02-01,87.8
FREQ00012675,ALU01057,2026-03-01,94.41
FREQ00012676,ALU01057,2026-04-01,90.1
FREQ00012677,ALU01057,2026-05-01,94.4
FREQ00012678,ALU01057,2026-06-01,91.09
FREQ00012679,ALU01057,2026-07-01,91.91
FREQ00012680,ALU01057,2026-08-01,88.17
FREQ00012681,ALU01057,2026-09-01,96.64
FREQ00012682,ALU01057,2026-10-01,94.4
FREQ00012683,ALU01057,2026-11-01,91.54
FREQ00012684,ALU01057,2026-12-01,97.28
FREQ00012685,ALU01058,2026-01-01,87.89
FREQ00012686,ALU01058,2026-02-01,93.92
FREQ00012687,ALU01058,2026-03-01,92.36
FREQ00012688,ALU01058,2026-04-01,95.08
FREQ00012689,ALU01058,2026-05-01,95.83
FREQ00012690,ALU01058,2026-06-01,94.4
FREQ00012691,ALU01058,2026-07-01,97.44
FREQ00012692,ALU01058,2026-08-01,97.43
FREQ00012693,ALU01058,2026-09-01,91.25
FREQ00012694,ALU01058,2026-10-01,91.0
FREQ00012695,ALU01058,2026-11-01,88.6
FREQ00012696,ALU01058,2026-12-01,93.08
FREQ00012697,ALU01059,2026-01-01,90.16
FREQ00012698,ALU01059,2026-02-01,92.89
FREQ00012699,ALU01059,2026-03-01,94.55
FREQ00012700,ALU01059,2026-04-01,87.06
FREQ00012701,ALU01059,2026-05-01,94.43
FREQ00012702,ALU01059,2026-06-01,97.62
FREQ00012703,ALU01059,2026-07-01,87.48
FREQ00012704,ALU01059,2026-08-01,89.82
FREQ00012705,ALU01059,2026-09-01,91.12
FREQ00012706,ALU01059,2026-10-01,96.41
FREQ00012707,ALU01059,2026-11-01,94.59
FREQ00012708,ALU01059,2026-12-01,95.58
FREQ00012709,ALU01060,2026-01-01,94.72
FREQ00012710,ALU01060,2026-02-01,91.63
FREQ00012711,ALU01060,2026-03-01,91.54
FREQ00012712,ALU01060,2026-04-01,97.25
FREQ00012713,ALU01060,2026-05-01,93.52
FREQ00012714,ALU01060,2026-06-01,98.0
FREQ00012715,ALU01060,2026-07-01,96.09
FREQ00012716,ALU01060,2026-08-01,98.95
FREQ00012717,ALU01060,2026-09-01,95.8
FREQ00012718,ALU01060,2026-10-01,97.48
FREQ00012719,ALU01060,2026-11-01,94.48
FREQ00012720,ALU01060,2026-12-01,97.04
FREQ00012721,ALU01061,2026-01-01,98.52
FREQ00012722,ALU01061,2026-02-01,98.89
FREQ00012723,ALU01061,2026-03-01,90.14
FREQ00012724,ALU01061,2026-04-01,91.27
FREQ00012725,ALU01061,2026-05-01,96.06
FREQ00012726,ALU01061,2026-06-01,92.08
FREQ00012727,ALU01061,2026-07-01,88.3
FREQ00012728,ALU01061,2026-08-01,98.13
FREQ00012729,ALU01061,2026-09-01,90.2
FREQ00012730,ALU01061,2026-10-01,92.73
FREQ00012731,ALU01061,2026-11-01,97.7
FREQ00012732,ALU01061,2026-12-01,97.87
FREQ00012733,ALU01062,2026-01-01,91.77
FREQ00012734,ALU01062,2026-02-01,98.55
FREQ00012735,ALU01062,2026-03-01,92.95
FREQ00012736,ALU01062,2026-04-01,88.35
FREQ00012737,ALU01062,2026-05-01,89.13
FREQ00012738,ALU01062,2026-06-01,93.65
FREQ00012739,ALU01062,2026-07-01,90.34
FREQ00012740,ALU01062,2026-08-01,98.2
FREQ00012741,ALU01062,2026-09-01,98.24
FREQ00012742,ALU01062,2026-10-01,94.57
FREQ00012743,ALU01062,2026-11-01,94.78
FREQ00012744,ALU01062,2026-12-01,95.45
FREQ00012745,ALU01063,2026-01-01,96.71
FREQ00012746,ALU01063,2026-02-01,96.08
FREQ00012747,ALU01063,2026-03-01,88.9
FREQ00012748,ALU01063,2026-04-01,88.21
FREQ00012749,ALU01063,2026-05-01,94.12
FREQ00012750,ALU01063,2026-06-01,87.91
FREQ00012751,ALU01063,2026-07-01,87.9
FREQ00012752,ALU01063,2026-08-01,91.02
FREQ00012753,ALU01063,2026-09-01,88.99
FREQ00012754,ALU01063,2026-10-01,93.12
FREQ00012755,ALU01063,2026-11-01,90.6
FREQ00012756,ALU01063,2026-12-01,94.27
FREQ00012757,ALU01064,2026-01-01,94.71
FREQ00012758,ALU01064,2026-02-01,93.88
FREQ00012759,ALU01064,2026-03-01,88.9
FREQ00012760,ALU01064,2026-04-01,93.51
FREQ00012761,ALU01064,2026-05-01,88.66
FREQ00012762,ALU01064,2026-06-01,91.49
FREQ00012763,ALU01064,2026-07-01,94.26
FREQ00012764,ALU01064,2026-08-01,95.86
FREQ00012765,ALU01064,2026-09-01,95.71
FREQ00012766,ALU01064,2026-10-01,87.49
FREQ00012767,ALU01064,2026-11-01,96.64
FREQ00012768,ALU01064,2026-12-01,88.59
FREQ00012769,ALU01065,2026-01-01,87.94
FREQ00012770,ALU01065,2026-02-01,90.29
FREQ00012771,ALU01065,2026-03-01,92.25
FREQ00012772,ALU01065,2026-04-01,87.85
FREQ00012773,ALU01065,2026-05-01,98.06
FREQ00012774,ALU01065,2026-06-01,96.73
FREQ00012775,ALU01065,2026-07-01,96.44
FREQ00012776,ALU01065,2026-08-01,93.81
FREQ00012777,ALU01065,2026-09-01,95.82
FREQ00012778,ALU01065,2026-10-01,98.44
FREQ00012779,ALU01065,2026-11-01,92.49
FREQ00012780,ALU01065,2026-12-01,98.63
FREQ00012781,ALU01066,2026-01-01,95.73
FREQ00012782,ALU01066,2026-02-01,90.9
FREQ00012783,ALU01066,2026-03-01,97.81
FREQ00012784,ALU01066,2026-04-01,93.61
FREQ00012785,ALU01066,2026-05-01,95.06
FREQ00012786,ALU01066,2026-06-01,97.79
FREQ00012787,ALU01066,2026-07-01,87.13
FREQ00012788,ALU01066,2026-08-01,96.37
FREQ00012789,ALU01066,2026-09-01,98.49
FREQ00012790,ALU01066,2026-10-01,92.0
FREQ00012791,ALU01066,2026-11-01,89.91
FREQ00012792,ALU01066,2026-12-01,94.99
FREQ00012793,ALU01067,2026-01-01,97.42
FREQ00012794,ALU01067,2026-02-01,91.79
FREQ00012795,ALU01067,2026-03-01,98.4
FREQ00012796,ALU01067,2026-04-01,87.61
FREQ00012797,ALU01067,2026-05-01,91.68
FREQ00012798,ALU01067,2026-06-01,92.45
FREQ00012799,ALU01067,2026-07-01,89.33
FREQ00012800,ALU01067,2026-08-01,93.76
FREQ00012801,ALU01067,2026-09-01,98.81
FREQ00012802,ALU01067,2026-10-01,93.39
FREQ00012803,ALU01067,2026-11-01,95.18
FREQ00012804,ALU01067,2026-12-01,88.86
FREQ00012805,ALU01068,2026-01-01,90.32
FREQ00012806,ALU01068,2026-02-01,95.7
FREQ00012807,ALU01068,2026-03-01,92.36
FREQ00012808,ALU01068,2026-04-01,94.08
FREQ00012809,ALU01068,2026-05-01,94.64
FREQ00012810,ALU01068,2026-06-01,96.89
FREQ00012811,ALU01068,2026-07-01,92.68
FREQ00012812,ALU01068,2026-08-01,92.6
FREQ00012813,ALU01068,2026-09-01,90.52
FREQ00012814,ALU01068,2026-10-01,89.88
FREQ00012815,ALU01068,2026-11-01,89.83
FREQ00012816,ALU01068,2026-12-01,91.49
FREQ00012817,ALU01069,2026-01-01,90.44
FREQ00012818,ALU01069,2026-02-01,98.71
FREQ00012819,ALU01069,2026-03-01,93.74
FREQ00012820,ALU01069,2026-04-01,98.2
FREQ00012821,ALU01069,2026-05-01,95.39
FREQ00012822,ALU01069,2026-06-01,88.68
FREQ00012823,ALU01069,2026-07-01,95.78
FREQ00012824,ALU01069,2026-08-01,98.8
FREQ00012825,ALU01069,2026-09-01,96.01
FREQ00012826,ALU01069,2026-10-01,95.67
FREQ00012827,ALU01069,2026-11-01,89.45
FREQ00012828,ALU01069,2026-12-01,92.09
FREQ00012829,ALU01070,2026-01-01,92.54
FREQ00012830,ALU01070,2026-02-01,90.33
FREQ00012831,ALU01070,2026-03-01,95.06
FREQ00012832,ALU01070,2026-04-01,92.03
FREQ00012833,ALU01070,2026-05-01,89.1
FREQ00012834,ALU01070,2026-06-01,94.17
FREQ00012835,ALU01070,2026-07-01,97.94
FREQ00012836,ALU01070,2026-08-01,90.79
FREQ00012837,ALU01070,2026-09-01,94.8
FREQ00012838,ALU01070,2026-10-01,96.47
FREQ00012839,ALU01070,2026-11-01,96.68
FREQ00012840,ALU01070,2026-12-01,87.6
FREQ00012841,ALU01071,2026-01-01,92.66
FREQ00012842,ALU01071,2026-02-01,87.68
FREQ00012843,ALU01071,2026-03-01,89.32
FREQ00012844,ALU01071,2026-04-01,95.16
FREQ00012845,ALU01071,2026-05-01,96.85
FREQ00012846,ALU01071,2026-06-01,91.28
FREQ00012847,ALU01071,2026-07-01,91.53
FREQ00012848,ALU01071,2026-08-01,96.92
FREQ00012849,ALU01071,2026-09-01,93.03
FREQ00012850,ALU01071,2026-10-01,94.67
FREQ00012851,ALU01071,2026-11-01,94.45
FREQ00012852,ALU01071,2026-12-01,91.46
FREQ00012853,ALU01072,2026-01-01,96.26
FREQ00012854,ALU01072,2026-02-01,96.4
FREQ00012855,ALU01072,2026-03-01,96.87
FREQ00012856,ALU01072,2026-04-01,89.42
FREQ00012857,ALU01072,2026-05-01,88.47
FREQ00012858,ALU01072,2026-06-01,91.12
FREQ00012859,ALU01072,2026-07-01,90.15
FREQ00012860,ALU01072,2026-08-01,98.02
FREQ00012861,ALU01072,2026-09-01,97.2
FREQ00012862,ALU01072,2026-10-01,87.35
FREQ00012863,ALU01072,2026-11-01,92.58
FREQ00012864,ALU01072,2026-12-01,98.49
FREQ00012865,ALU01073,2026-01-01,92.18
FREQ00012866,ALU01073,2026-02-01,90.21
FREQ00012867,ALU01073,2026-03-01,87.2
FREQ00012868,ALU01073,2026-04-01,91.95
FREQ00012869,ALU01073,2026-05-01,93.72
FREQ00012870,ALU01073,2026-06-01,94.34
FREQ00012871,ALU01073,2026-07-01,93.44
FREQ00012872,ALU01073,2026-08-01,97.11
FREQ00012873,ALU01073,2026-09-01,89.5
FREQ00012874,ALU01073,2026-10-01,90.69
FREQ00012875,ALU01073,2026-11-01,94.14
FREQ00012876,ALU01073,2026-12-01,95.2
FREQ00012877,ALU01074,2026-01-01,91.47
FREQ00012878,ALU01074,2026-02-01,98.77
FREQ00012879,ALU01074,2026-03-01,89.86
FREQ00012880,ALU01074,2026-04-01,98.25
FREQ00012881,ALU01074,2026-05-01,92.02
FREQ00012882,ALU01074,2026-06-01,92.2
FREQ00012883,ALU01074,2026-07-01,95.71
FREQ00012884,ALU01074,2026-08-01,88.35
FREQ00012885,ALU01074,2026-09-01,91.35
FREQ00012886,ALU01074,2026-10-01,89.91
FREQ00012887,ALU01074,2026-11-01,98.55
FREQ00012888,ALU01074,2026-12-01,97.57
FREQ00012889,ALU01075,2026-01-01,87.09
FREQ00012890,ALU01075,2026-02-01,94.4
FREQ00012891,ALU01075,2026-03-01,97.54
FREQ00012892,ALU01075,2026-04-01,94.96
FREQ00012893,ALU01075,2026-05-01,97.11
FREQ00012894,ALU01075,2026-06-01,96.77
FREQ00012895,ALU01075,2026-07-01,97.74
FREQ00012896,ALU01075,2026-08-01,90.34
FREQ00012897,ALU01075,2026-09-01,98.81
FREQ00012898,ALU01075,2026-10-01,93.77
FREQ00012899,ALU01075,2026-11-01,92.46
FREQ00012900,ALU01075,2026-12-01,91.44
FREQ00012901,ALU01076,2026-01-01,89.11
FREQ00012902,ALU01076,2026-02-01,92.97
FREQ00012903,ALU01076,2026-03-01,95.7
FREQ00012904,ALU01076,2026-04-01,92.59
FREQ00012905,ALU01076,2026-05-01,88.46
FREQ00012906,ALU01076,2026-06-01,97.92
FREQ00012907,ALU01076,2026-07-01,96.74
FREQ00012908,ALU01076,2026-08-01,92.47
FREQ00012909,ALU01076,2026-09-01,91.74
FREQ00012910,ALU01076,2026-10-01,92.69
FREQ00012911,ALU01076,2026-11-01,98.94
FREQ00012912,ALU01076,2026-12-01,89.01
FREQ00012913,ALU01077,2026-01-01,96.76
FREQ00012914,ALU01077,2026-02-01,96.47
FREQ00012915,ALU01077,2026-03-01,88.07
FREQ00012916,ALU01077,2026-04-01,95.38
FREQ00012917,ALU01077,2026-05-01,88.73
FREQ00012918,ALU01077,2026-06-01,90.95
FREQ00012919,ALU01077,2026-07-01,89.81
FREQ00012920,ALU01077,2026-08-01,95.08
FREQ00012921,ALU01077,2026-09-01,96.47
FREQ00012922,ALU01077,2026-10-01,98.85
FREQ00012923,ALU01077,2026-11-01,88.45
FREQ00012924,ALU01077,2026-12-01,96.46
FREQ00012925,ALU01078,2026-01-01,95.41
FREQ00012926,ALU01078,2026-02-01,89.12
FREQ00012927,ALU01078,2026-03-01,94.74
FREQ00012928,ALU01078,2026-04-01,91.27
FREQ00012929,ALU01078,2026-05-01,97.07
FREQ00012930,ALU01078,2026-06-01,87.7
FREQ00012931,ALU01078,2026-07-01,88.55
FREQ00012932,ALU01078,2026-08-01,94.6
FREQ00012933,ALU01078,2026-09-01,92.46
FREQ00012934,ALU01078,2026-10-01,89.81
FREQ00012935,ALU01078,2026-11-01,94.1
FREQ00012936,ALU01078,2026-12-01,91.52
FREQ00012937,ALU01079,2026-01-01,94.53
FREQ00012938,ALU01079,2026-02-01,93.35
FREQ00012939,ALU01079,2026-03-01,94.54
FREQ00012940,ALU01079,2026-04-01,97.44
FREQ00012941,ALU01079,2026-05-01,92.3
FREQ00012942,ALU01079,2026-06-01,93.9
FREQ00012943,ALU01079,2026-07-01,90.16
FREQ00012944,ALU01079,2026-08-01,89.54
FREQ00012945,ALU01079,2026-09-01,87.83
FREQ00012946,ALU01079,2026-10-01,96.91
FREQ00012947,ALU01079,2026-11-01,98.12
FREQ00012948,ALU01079,2026-12-01,97.2
FREQ00012949,ALU01080,2026-01-01,87.58
FREQ00012950,ALU01080,2026-02-01,97.05
FREQ00012951,ALU01080,2026-03-01,94.91
FREQ00012952,ALU01080,2026-04-01,87.46
FREQ00012953,ALU01080,2026-05-01,93.7
FREQ00012954,ALU01080,2026-06-01,96.08
FREQ00012955,ALU01080,2026-07-01,88.11
FREQ00012956,ALU01080,2026-08-01,97.34
FREQ00012957,ALU01080,2026-09-01,98.44
FREQ00012958,ALU01080,2026-10-01,91.54
FREQ00012959,ALU01080,2026-11-01,95.13
FREQ00012960,ALU01080,2026-12-01,87.62
FREQ00012961,ALU01081,2026-01-01,90.77
FREQ00012962,ALU01081,2026-02-01,96.07
FREQ00012963,ALU01081,2026-03-01,87.2
FREQ00012964,ALU01081,2026-04-01,91.72
FREQ00012965,ALU01081,2026-05-01,93.99
FREQ00012966,ALU01081,2026-06-01,97.02
FREQ00012967,ALU01081,2026-07-01,97.66
FREQ00012968,ALU01081,2026-08-01,92.24
FREQ00012969,ALU01081,2026-09-01,90.44
FREQ00012970,ALU01081,2026-10-01,88.41
FREQ00012971,ALU01081,2026-11-01,94.23
FREQ00012972,ALU01081,2026-12-01,96.61
FREQ00012973,ALU01082,2026-01-01,91.77
FREQ00012974,ALU01082,2026-02-01,98.9
FREQ00012975,ALU01082,2026-03-01,97.34
FREQ00012976,ALU01082,2026-04-01,89.36
FREQ00012977,ALU01082,2026-05-01,87.83
FREQ00012978,ALU01082,2026-06-01,91.34
FREQ00012979,ALU01082,2026-07-01,94.1
FREQ00012980,ALU01082,2026-08-01,98.29
FREQ00012981,ALU01082,2026-09-01,93.48
FREQ00012982,ALU01082,2026-10-01,94.69
FREQ00012983,ALU01082,2026-11-01,87.36
FREQ00012984,ALU01082,2026-12-01,95.52
FREQ00012985,ALU01083,2026-01-01,87.52
FREQ00012986,ALU01083,2026-02-01,88.19
FREQ00012987,ALU01083,2026-03-01,88.12
FREQ00012988,ALU01083,2026-04-01,95.01
FREQ00012989,ALU01083,2026-05-01,94.83
FREQ00012990,ALU01083,2026-06-01,92.89
FREQ00012991,ALU01083,2026-07-01,90.81
FREQ00012992,ALU01083,2026-08-01,90.55
FREQ00012993,ALU01083,2026-09-01,91.92
FREQ00012994,ALU01083,2026-10-01,88.75
FREQ00012995,ALU01083,2026-11-01,90.53
FREQ00012996,ALU01083,2026-12-01,87.38
FREQ00012997,ALU01084,2026-01-01,90.68
FREQ00012998,ALU01084,2026-02-01,94.78
FREQ00012999,ALU01084,2026-03-01,95.5
FREQ00013000,ALU01084,2026-04-01,87.07
FREQ00013001,ALU01084,2026-05-01,93.66
FREQ00013002,ALU01084,2026-06-01,91.04
FREQ00013003,ALU01084,2026-07-01,90.4
FREQ00013004,ALU01084,2026-08-01,97.95
FREQ00013005,ALU01084,2026-09-01,88.66
FREQ00013006,ALU01084,2026-10-01,95.62
FREQ00013007,ALU01084,2026-11-01,96.92
FREQ00013008,ALU01084,2026-12-01,92.95
FREQ00013009,ALU01085,2026-01-01,93.71
FREQ00013010,ALU01085,2026-02-01,96.04
FREQ00013011,ALU01085,2026-03-01,95.1
FREQ00013012,ALU01085,2026-04-01,93.83
FREQ00013013,ALU01085,2026-05-01,88.97
FREQ00013014,ALU01085,2026-06-01,98.27
FREQ00013015,ALU01085,2026-07-01,98.63
FREQ00013016,ALU01085,2026-08-01,87.91
FREQ00013017,ALU01085,2026-09-01,90.61
FREQ00013018,ALU01085,2026-10-01,88.73
FREQ00013019,ALU01085,2026-11-01,98.63
FREQ00013020,ALU01085,2026-12-01,89.38
FREQ00013021,ALU01086,2026-01-01,89.25
FREQ00013022,ALU01086,2026-02-01,88.98
FREQ00013023,ALU01086,2026-03-01,93.76
FREQ00013024,ALU01086,2026-04-01,95.35
FREQ00013025,ALU01086,2026-05-01,98.97
FREQ00013026,ALU01086,2026-06-01,89.94
FREQ00013027,ALU01086,2026-07-01,94.1
FREQ00013028,ALU01086,2026-08-01,98.73
FREQ00013029,ALU01086,2026-09-01,96.84
FREQ00013030,ALU01086,2026-10-01,89.18
FREQ00013031,ALU01086,2026-11-01,92.97
FREQ00013032,ALU01086,2026-12-01,95.83
FREQ00013033,ALU01087,2026-01-01,89.53
FREQ00013034,ALU01087,2026-02-01,90.83
FREQ00013035,ALU01087,2026-03-01,88.41
FREQ00013036,ALU01087,2026-04-01,92.98
FREQ00013037,ALU01087,2026-05-01,91.67
FREQ00013038,ALU01087,2026-06-01,89.97
FREQ00013039,ALU01087,2026-07-01,97.02
FREQ00013040,ALU01087,2026-08-01,89.33
FREQ00013041,ALU01087,2026-09-01,87.64
FREQ00013042,ALU01087,2026-10-01,95.97
FREQ00013043,ALU01087,2026-11-01,87.84
FREQ00013044,ALU01087,2026-12-01,95.8
FREQ00013045,ALU01088,2026-01-01,94.89
FREQ00013046,ALU01088,2026-02-01,95.58
FREQ00013047,ALU01088,2026-03-01,91.48
FREQ00013048,ALU01088,2026-04-01,97.23
FREQ00013049,ALU01088,2026-05-01,88.11
FREQ00013050,ALU01088,2026-06-01,98.56
FREQ00013051,ALU01088,2026-07-01,89.41
FREQ00013052,ALU01088,2026-08-01,91.01
FREQ00013053,ALU01088,2026-09-01,87.31
FREQ00013054,ALU01088,2026-10-01,97.37
FREQ00013055,ALU01088,2026-11-01,92.56
FREQ00013056,ALU01088,2026-12-01,95.51
FREQ00013057,ALU01089,2026-01-01,92.16
FREQ00013058,ALU01089,2026-02-01,96.29
FREQ00013059,ALU01089,2026-03-01,94.73
FREQ00013060,ALU01089,2026-04-01,90.76
FREQ00013061,ALU01089,2026-05-01,96.57
FREQ00013062,ALU01089,2026-06-01,94.95
FREQ00013063,ALU01089,2026-07-01,90.08
FREQ00013064,ALU01089,2026-08-01,98.36
FREQ00013065,ALU01089,2026-09-01,97.05
FREQ00013066,ALU01089,2026-10-01,97.39
FREQ00013067,ALU01089,2026-11-01,88.53
FREQ00013068,ALU01089,2026-12-01,90.11
FREQ00013069,ALU01090,2026-01-01,96.22
FREQ00013070,ALU01090,2026-02-01,89.07
FREQ00013071,ALU01090,2026-03-01,91.85
FREQ00013072,ALU01090,2026-04-01,90.09
FREQ00013073,ALU01090,2026-05-01,88.58
FREQ00013074,ALU01090,2026-06-01,94.03
FREQ00013075,ALU01090,2026-07-01,90.78
FREQ00013076,ALU01090,2026-08-01,98.03
FREQ00013077,ALU01090,2026-09-01,92.5
FREQ00013078,ALU01090,2026-10-01,94.53
FREQ00013079,ALU01090,2026-11-01,97.58
FREQ00013080,ALU01090,2026-12-01,98.91
FREQ00013081,ALU01091,2026-01-01,98.32
FREQ00013082,ALU01091,2026-02-01,98.62
FREQ00013083,ALU01091,2026-03-01,91.69
FREQ00013084,ALU01091,2026-04-01,89.63
FREQ00013085,ALU01091,2026-05-01,92.01
FREQ00013086,ALU01091,2026-06-01,88.08
FREQ00013087,ALU01091,2026-07-01,92.99
FREQ00013088,ALU01091,2026-08-01,94.23
FREQ00013089,ALU01091,2026-09-01,94.84
FREQ00013090,ALU01091,2026-10-01,95.38
FREQ00013091,ALU01091,2026-11-01,95.47
FREQ00013092,ALU01091,2026-12-01,96.42
FREQ00013093,ALU01092,2026-01-01,92.63
FREQ00013094,ALU01092,2026-02-01,89.64
FREQ00013095,ALU01092,2026-03-01,90.6
FREQ00013096,ALU01092,2026-04-01,87.35
FREQ00013097,ALU01092,2026-05-01,88.12
FREQ00013098,ALU01092,2026-06-01,89.38
FREQ00013099,ALU01092,2026-07-01,89.42
FREQ00013100,ALU01092,2026-08-01,96.65
FREQ00013101,ALU01092,2026-09-01,94.98
FREQ00013102,ALU01092,2026-10-01,98.98
FREQ00013103,ALU01092,2026-11-01,97.6
FREQ00013104,ALU01092,2026-12-01,93.08
FREQ00013105,ALU01093,2026-01-01,90.66
FREQ00013106,ALU01093,2026-02-01,89.48
FREQ00013107,ALU01093,2026-03-01,88.24
FREQ00013108,ALU01093,2026-04-01,90.52
FREQ00013109,ALU01093,2026-05-01,89.25
FREQ00013110,ALU01093,2026-06-01,98.16
FREQ00013111,ALU01093,2026-07-01,91.78
FREQ00013112,ALU01093,2026-08-01,97.64
FREQ00013113,ALU01093,2026-09-01,92.93
FREQ00013114,ALU01093,2026-10-01,93.56
FREQ00013115,ALU01093,2026-11-01,97.27
FREQ00013116,ALU01093,2026-12-01,90.95
FREQ00013117,ALU01094,2026-01-01,90.93
FREQ00013118,ALU01094,2026-02-01,98.71
FREQ00013119,ALU01094,2026-03-01,95.75
FREQ00013120,ALU01094,2026-04-01,96.55
FREQ00013121,ALU01094,2026-05-01,94.4
FREQ00013122,ALU01094,2026-06-01,93.29
FREQ00013123,ALU01094,2026-07-01,96.33
FREQ00013124,ALU01094,2026-08-01,95.17
FREQ00013125,ALU01094,2026-09-01,89.59
FREQ00013126,ALU01094,2026-10-01,93.46
FREQ00013127,ALU01094,2026-11-01,96.27
FREQ00013128,ALU01094,2026-12-01,89.73
FREQ00013129,ALU01095,2026-01-01,94.42
FREQ00013130,ALU01095,2026-02-01,94.24
FREQ00013131,ALU01095,2026-03-01,88.87
FREQ00013132,ALU01095,2026-04-01,91.17
FREQ00013133,ALU01095,2026-05-01,96.87
FREQ00013134,ALU01095,2026-06-01,96.71
FREQ00013135,ALU01095,2026-07-01,93.11
FREQ00013136,ALU01095,2026-08-01,92.91
FREQ00013137,ALU01095,2026-09-01,98.11
FREQ00013138,ALU01095,2026-10-01,94.65
FREQ00013139,ALU01095,2026-11-01,98.65
FREQ00013140,ALU01095,2026-12-01,93.72
FREQ00013141,ALU01096,2026-01-01,88.75
FREQ00013142,ALU01096,2026-02-01,91.05
FREQ00013143,ALU01096,2026-03-01,88.78
FREQ00013144,ALU01096,2026-04-01,98.14
FREQ00013145,ALU01096,2026-05-01,88.11
FREQ00013146,ALU01096,2026-06-01,92.88
FREQ00013147,ALU01096,2026-07-01,87.91
FREQ00013148,ALU01096,2026-08-01,92.69
FREQ00013149,ALU01096,2026-09-01,89.16
FREQ00013150,ALU01096,2026-10-01,97.95
FREQ00013151,ALU01096,2026-11-01,91.61
FREQ00013152,ALU01096,2026-12-01,97.49
FREQ00013153,ALU01097,2026-01-01,88.05
FREQ00013154,ALU01097,2026-02-01,98.17
FREQ00013155,ALU01097,2026-03-01,95.86
FREQ00013156,ALU01097,2026-04-01,97.64
FREQ00013157,ALU01097,2026-05-01,94.78
FREQ00013158,ALU01097,2026-06-01,91.04
FREQ00013159,ALU01097,2026-07-01,95.86
FREQ00013160,ALU01097,2026-08-01,94.6
FREQ00013161,ALU01097,2026-09-01,91.15
FREQ00013162,ALU01097,2026-10-01,94.0
FREQ00013163,ALU01097,2026-11-01,96.0
FREQ00013164,ALU01097,2026-12-01,95.57
FREQ00013165,ALU01098,2026-01-01,88.31
FREQ00013166,ALU01098,2026-02-01,87.33
FREQ00013167,ALU01098,2026-03-01,97.89
FREQ00013168,ALU01098,2026-04-01,98.16
FREQ00013169,ALU01098,2026-05-01,93.09
FREQ00013170,ALU01098,2026-06-01,94.48
FREQ00013171,ALU01098,2026-07-01,90.5
FREQ00013172,ALU01098,2026-08-01,88.25
FREQ00013173,ALU01098,2026-09-01,97.69
FREQ00013174,ALU01098,2026-10-01,93.56
FREQ00013175,ALU01098,2026-11-01,89.76
FREQ00013176,ALU01098,2026-12-01,95.36
FREQ00013177,ALU01099,2026-01-01,93.54
FREQ00013178,ALU01099,2026-02-01,98.6
FREQ00013179,ALU01099,2026-03-01,95.95
FREQ00013180,ALU01099,2026-04-01,96.94
FREQ00013181,ALU01099,2026-05-01,90.58
FREQ00013182,ALU01099,2026-06-01,88.81
FREQ00013183,ALU01099,2026-07-01,90.78
FREQ00013184,ALU01099,2026-08-01,87.74
FREQ00013185,ALU01099,2026-09-01,98.02
FREQ00013186,ALU01099,2026-10-01,94.58
FREQ00013187,ALU01099,2026-11-01,97.29
FREQ00013188,ALU01099,2026-12-01,97.62
FREQ00013189,ALU01100,2026-01-01,96.08
FREQ00013190,ALU01100,2026-02-01,96.02
FREQ00013191,ALU01100,2026-03-01,95.87
FREQ00013192,ALU01100,2026-04-01,92.35
FREQ00013193,ALU01100,2026-05-01,92.48
FREQ00013194,ALU01100,2026-06-01,97.04
FREQ00013195,ALU01100,2026-07-01,96.34
FREQ00013196,ALU01100,2026-08-01,87.56
FREQ00013197,ALU01100,2026-09-01,93.32
FREQ00013198,ALU01100,2026-10-01,96.49
FREQ00013199,ALU01100,2026-11-01,87.26
FREQ00013200,ALU01100,2026-12-01,87.25
FREQ00013201,ALU01101,2026-01-01,91.12
FREQ00013202,ALU01101,2026-02-01,98.02
FREQ00013203,ALU01101,2026-03-01,90.52
FREQ00013204,ALU01101,2026-04-01,89.58
FREQ00013205,ALU01101,2026-05-01,87.1
FREQ00013206,ALU01101,2026-06-01,90.7
FREQ00013207,ALU01101,2026-07-01,93.72
FREQ00013208,ALU01101,2026-08-01,92.19
FREQ00013209,ALU01101,2026-09-01,90.27
FREQ00013210,ALU01101,2026-10-01,98.26
FREQ00013211,ALU01101,2026-11-01,93.82
FREQ00013212,ALU01101,2026-12-01,91.16
FREQ00013213,ALU01102,2026-01-01,95.44
FREQ00013214,ALU01102,2026-02-01,89.73
FREQ00013215,ALU01102,2026-03-01,92.23
FREQ00013216,ALU01102,2026-04-01,94.71
FREQ00013217,ALU01102,2026-05-01,96.59
FREQ00013218,ALU01102,2026-06-01,93.4
FREQ00013219,ALU01102,2026-07-01,90.98
FREQ00013220,ALU01102,2026-08-01,91.76
FREQ00013221,ALU01102,2026-09-01,95.95
FREQ00013222,ALU01102,2026-10-01,95.88
FREQ00013223,ALU01102,2026-11-01,90.04
FREQ00013224,ALU01102,2026-12-01,94.6
FREQ00013225,ALU01103,2026-01-01,88.89
FREQ00013226,ALU01103,2026-02-01,90.19
FREQ00013227,ALU01103,2026-03-01,88.08
FREQ00013228,ALU01103,2026-04-01,94.28
FREQ00013229,ALU01103,2026-05-01,88.85
FREQ00013230,ALU01103,2026-06-01,94.82
FREQ00013231,ALU01103,2026-07-01,98.58
FREQ00013232,ALU01103,2026-08-01,93.36
FREQ00013233,ALU01103,2026-09-01,98.41
FREQ00013234,ALU01103,2026-10-01,87.24
FREQ00013235,ALU01103,2026-11-01,92.5
FREQ00013236,ALU01103,2026-12-01,98.87
FREQ00013237,ALU01104,2026-01-01,89.87
FREQ00013238,ALU01104,2026-02-01,87.64
FREQ00013239,ALU01104,2026-03-01,91.17
FREQ00013240,ALU01104,2026-04-01,96.14
FREQ00013241,ALU01104,2026-05-01,91.68
FREQ00013242,ALU01104,2026-06-01,92.67
FREQ00013243,ALU01104,2026-07-01,97.34
FREQ00013244,ALU01104,2026-08-01,87.01
FREQ00013245,ALU01104,2026-09-01,91.65
FREQ00013246,ALU01104,2026-10-01,87.5
FREQ00013247,ALU01104,2026-11-01,92.25
FREQ00013248,ALU01104,2026-12-01,88.09
FREQ00013249,ALU01105,2026-01-01,91.76
FREQ00013250,ALU01105,2026-02-01,97.33
FREQ00013251,ALU01105,2026-03-01,93.92
FREQ00013252,ALU01105,2026-04-01,88.32
FREQ00013253,ALU01105,2026-05-01,91.0
FREQ00013254,ALU01105,2026-06-01,98.52
FREQ00013255,ALU01105,2026-07-01,87.95
FREQ00013256,ALU01105,2026-08-01,90.09
FREQ00013257,ALU01105,2026-09-01,87.08
FREQ00013258,ALU01105,2026-10-01,98.85
FREQ00013259,ALU01105,2026-11-01,94.2
FREQ00013260,ALU01105,2026-12-01,95.07
FREQ00013261,ALU01106,2026-01-01,90.56
FREQ00013262,ALU01106,2026-02-01,87.71
FREQ00013263,ALU01106,2026-03-01,93.18
FREQ00013264,ALU01106,2026-04-01,87.84
FREQ00013265,ALU01106,2026-05-01,97.77
FREQ00013266,ALU01106,2026-06-01,94.51
FREQ00013267,ALU01106,2026-07-01,94.03
FREQ00013268,ALU01106,2026-08-01,98.2
FREQ00013269,ALU01106,2026-09-01,89.66
FREQ00013270,ALU01106,2026-10-01,96.17
FREQ00013271,ALU01106,2026-11-01,95.95
FREQ00013272,ALU01106,2026-12-01,87.94
FREQ00013273,ALU01107,2026-01-01,91.88
FREQ00013274,ALU01107,2026-02-01,87.37
FREQ00013275,ALU01107,2026-03-01,91.65
FREQ00013276,ALU01107,2026-04-01,93.21
FREQ00013277,ALU01107,2026-05-01,92.58
FREQ00013278,ALU01107,2026-06-01,98.67
FREQ00013279,ALU01107,2026-07-01,88.76
FREQ00013280,ALU01107,2026-08-01,94.91
FREQ00013281,ALU01107,2026-09-01,95.38
FREQ00013282,ALU01107,2026-10-01,90.59
FREQ00013283,ALU01107,2026-11-01,96.1
FREQ00013284,ALU01107,2026-12-01,95.78
FREQ00013285,ALU01108,2026-01-01,96.73
FREQ00013286,ALU01108,2026-02-01,98.67
FREQ00013287,ALU01108,2026-03-01,97.31
FREQ00013288,ALU01108,2026-04-01,94.45
FREQ00013289,ALU01108,2026-05-01,87.23
FREQ00013290,ALU01108,2026-06-01,92.24
FREQ00013291,ALU01108,2026-07-01,92.99
FREQ00013292,ALU01108,2026-08-01,94.21
FREQ00013293,ALU01108,2026-09-01,95.02
FREQ00013294,ALU01108,2026-10-01,96.88
FREQ00013295,ALU01108,2026-11-01,98.31
FREQ00013296,ALU01108,2026-12-01,97.46
FREQ00013297,ALU01109,2026-01-01,88.75
FREQ00013298,ALU01109,2026-02-01,87.83
FREQ00013299,ALU01109,2026-03-01,96.39
FREQ00013300,ALU01109,2026-04-01,90.95
FREQ00013301,ALU01109,2026-05-01,87.15
FREQ00013302,ALU01109,2026-06-01,89.61
FREQ00013303,ALU01109,2026-07-01,95.57
FREQ00013304,ALU01109,2026-08-01,92.57
FREQ00013305,ALU01109,2026-09-01,96.49
FREQ00013306,ALU01109,2026-10-01,87.75
FREQ00013307,ALU01109,2026-11-01,96.31
FREQ00013308,ALU01109,2026-12-01,98.16
FREQ00013309,ALU01110,2026-01-01,95.36
FREQ00013310,ALU01110,2026-02-01,95.29
FREQ00013311,ALU01110,2026-03-01,90.3
FREQ00013312,ALU01110,2026-04-01,88.57
FREQ00013313,ALU01110,2026-05-01,87.34
FREQ00013314,ALU01110,2026-06-01,97.29
FREQ00013315,ALU01110,2026-07-01,88.06
FREQ00013316,ALU01110,2026-08-01,97.89
FREQ00013317,ALU01110,2026-09-01,91.23
FREQ00013318,ALU01110,2026-10-01,93.87
FREQ00013319,ALU01110,2026-11-01,98.75
FREQ00013320,ALU01110,2026-12-01,87.77
FREQ00013321,ALU01111,2026-01-01,88.83
FREQ00013322,ALU01111,2026-02-01,91.62
FREQ00013323,ALU01111,2026-03-01,94.84
FREQ00013324,ALU01111,2026-04-01,97.59
FREQ00013325,ALU01111,2026-05-01,90.13
FREQ00013326,ALU01111,2026-06-01,88.73
FREQ00013327,ALU01111,2026-07-01,91.11
FREQ00013328,ALU01111,2026-08-01,98.14
FREQ00013329,ALU01111,2026-09-01,95.51
FREQ00013330,ALU01111,2026-10-01,87.31
FREQ00013331,ALU01111,2026-11-01,88.59
FREQ00013332,ALU01111,2026-12-01,91.1
FREQ00013333,ALU01112,2026-01-01,90.26
FREQ00013334,ALU01112,2026-02-01,91.89
FREQ00013335,ALU01112,2026-03-01,96.78
FREQ00013336,ALU01112,2026-04-01,92.5
FREQ00013337,ALU01112,2026-05-01,97.04
FREQ00013338,ALU01112,2026-06-01,96.83
FREQ00013339,ALU01112,2026-07-01,98.22
FREQ00013340,ALU01112,2026-08-01,87.86
FREQ00013341,ALU01112,2026-09-01,89.1
FREQ00013342,ALU01112,2026-10-01,95.47
FREQ00013343,ALU01112,2026-11-01,89.56
FREQ00013344,ALU01112,2026-12-01,92.45
FREQ00013345,ALU01113,2026-01-01,89.67
FREQ00013346,ALU01113,2026-02-01,94.22
FREQ00013347,ALU01113,2026-03-01,90.92
FREQ00013348,ALU01113,2026-04-01,98.67
FREQ00013349,ALU01113,2026-05-01,90.67
FREQ00013350,ALU01113,2026-06-01,96.26
FREQ00013351,ALU01113,2026-07-01,87.02
FREQ00013352,ALU01113,2026-08-01,95.35
FREQ00013353,ALU01113,2026-09-01,97.86
FREQ00013354,ALU01113,2026-10-01,89.45
FREQ00013355,ALU01113,2026-11-01,88.46
FREQ00013356,ALU01113,2026-12-01,98.19
FREQ00013357,ALU01114,2026-01-01,94.02
FREQ00013358,ALU01114,2026-02-01,91.81
FREQ00013359,ALU01114,2026-03-01,94.35
FREQ00013360,ALU01114,2026-04-01,90.4
FREQ00013361,ALU01114,2026-05-01,96.51
FREQ00013362,ALU01114,2026-06-01,92.71
FREQ00013363,ALU01114,2026-07-01,87.3
FREQ00013364,ALU01114,2026-08-01,90.35
FREQ00013365,ALU01114,2026-09-01,93.86
FREQ00013366,ALU01114,2026-10-01,92.15
FREQ00013367,ALU01114,2026-11-01,98.2
FREQ00013368,ALU01114,2026-12-01,97.99
FREQ00013369,ALU01115,2026-01-01,92.29
FREQ00013370,ALU01115,2026-02-01,87.3
FREQ00013371,ALU01115,2026-03-01,95.5
FREQ00013372,ALU01115,2026-04-01,97.1
FREQ00013373,ALU01115,2026-05-01,87.28
FREQ00013374,ALU01115,2026-06-01,94.7
FREQ00013375,ALU01115,2026-07-01,88.71
FREQ00013376,ALU01115,2026-08-01,94.58
FREQ00013377,ALU01115,2026-09-01,92.87
FREQ00013378,ALU01115,2026-10-01,87.37
FREQ00013379,ALU01115,2026-11-01,95.37
FREQ00013380,ALU01115,2026-12-01,94.39
FREQ00013381,ALU01116,2026-01-01,91.36
FREQ00013382,ALU01116,2026-02-01,91.6
FREQ00013383,ALU01116,2026-03-01,95.87
FREQ00013384,ALU01116,2026-04-01,87.57
FREQ00013385,ALU01116,2026-05-01,95.53
FREQ00013386,ALU01116,2026-06-01,96.83
FREQ00013387,ALU01116,2026-07-01,88.69
FREQ00013388,ALU01116,2026-08-01,91.51
FREQ00013389,ALU01116,2026-09-01,89.75
FREQ00013390,ALU01116,2026-10-01,97.79
FREQ00013391,ALU01116,2026-11-01,87.33
FREQ00013392,ALU01116,2026-12-01,88.08
FREQ00013393,ALU01117,2026-01-01,96.64
FREQ00013394,ALU01117,2026-02-01,98.44
FREQ00013395,ALU01117,2026-03-01,89.96
FREQ00013396,ALU01117,2026-04-01,89.91
FREQ00013397,ALU01117,2026-05-01,95.52
FREQ00013398,ALU01117,2026-06-01,97.15
FREQ00013399,ALU01117,2026-07-01,96.57
FREQ00013400,ALU01117,2026-08-01,92.46
FREQ00013401,ALU01117,2026-09-01,97.54
FREQ00013402,ALU01117,2026-10-01,89.9
FREQ00013403,ALU01117,2026-11-01,92.17
FREQ00013404,ALU01117,2026-12-01,96.39
FREQ00013405,ALU01118,2026-01-01,88.9
FREQ00013406,ALU01118,2026-02-01,88.99
FREQ00013407,ALU01118,2026-03-01,98.45
FREQ00013408,ALU01118,2026-04-01,95.76
FREQ00013409,ALU01118,2026-05-01,93.63
FREQ00013410,ALU01118,2026-06-01,97.43
FREQ00013411,ALU01118,2026-07-01,98.02
FREQ00013412,ALU01118,2026-08-01,98.85
FREQ00013413,ALU01118,2026-09-01,92.46
FREQ00013414,ALU01118,2026-10-01,95.47
FREQ00013415,ALU01118,2026-11-01,96.34
FREQ00013416,ALU01118,2026-12-01,88.9
FREQ00013417,ALU01119,2026-01-01,89.22
FREQ00013418,ALU01119,2026-02-01,92.63
FREQ00013419,ALU01119,2026-03-01,94.85
FREQ00013420,ALU01119,2026-04-01,90.19
FREQ00013421,ALU01119,2026-05-01,96.26
FREQ00013422,ALU01119,2026-06-01,94.21
FREQ00013423,ALU01119,2026-07-01,89.45
FREQ00013424,ALU01119,2026-08-01,89.42
FREQ00013425,ALU01119,2026-09-01,98.65
FREQ00013426,ALU01119,2026-10-01,94.6
FREQ00013427,ALU01119,2026-11-01,88.61
FREQ00013428,ALU01119,2026-12-01,94.39
FREQ00013429,ALU01120,2026-01-01,97.15
FREQ00013430,ALU01120,2026-02-01,90.81
FREQ00013431,ALU01120,2026-03-01,93.61
FREQ00013432,ALU01120,2026-04-01,88.76
FREQ00013433,ALU01120,2026-05-01,87.36
FREQ00013434,ALU01120,2026-06-01,94.57
FREQ00013435,ALU01120,2026-07-01,94.01
FREQ00013436,ALU01120,2026-08-01,93.75
FREQ00013437,ALU01120,2026-09-01,87.38
FREQ00013438,ALU01120,2026-10-01,92.01
FREQ00013439,ALU01120,2026-11-01,93.06
FREQ00013440,ALU01120,2026-12-01,90.53
FREQ00013441,ALU01121,2026-01-01,89.57
FREQ00013442,ALU01121,2026-02-01,95.13
FREQ00013443,ALU01121,2026-03-01,96.13
FREQ00013444,ALU01121,2026-04-01,95.22
FREQ00013445,ALU01121,2026-05-01,95.91
FREQ00013446,ALU01121,2026-06-01,91.47
FREQ00013447,ALU01121,2026-07-01,87.18
FREQ00013448,ALU01121,2026-08-01,89.55
FREQ00013449,ALU01121,2026-09-01,88.95
FREQ00013450,ALU01121,2026-10-01,97.02
FREQ00013451,ALU01121,2026-11-01,91.87
FREQ00013452,ALU01121,2026-12-01,89.34
FREQ00013453,ALU01122,2026-01-01,95.04
FREQ00013454,ALU01122,2026-02-01,96.18
FREQ00013455,ALU01122,2026-03-01,97.44
FREQ00013456,ALU01122,2026-04-01,90.07
FREQ00013457,ALU01122,2026-05-01,97.18
FREQ00013458,ALU01122,2026-06-01,92.74
FREQ00013459,ALU01122,2026-07-01,88.68
FREQ00013460,ALU01122,2026-08-01,91.32
FREQ00013461,ALU01122,2026-09-01,90.86
FREQ00013462,ALU01122,2026-10-01,87.64
FREQ00013463,ALU01122,2026-11-01,91.69
FREQ00013464,ALU01122,2026-12-01,92.95
FREQ00013465,ALU01123,2026-01-01,89.57
FREQ00013466,ALU01123,2026-02-01,90.68
FREQ00013467,ALU01123,2026-03-01,92.61
FREQ00013468,ALU01123,2026-04-01,95.33
FREQ00013469,ALU01123,2026-05-01,97.34
FREQ00013470,ALU01123,2026-06-01,89.0
FREQ00013471,ALU01123,2026-07-01,94.39
FREQ00013472,ALU01123,2026-08-01,95.53
FREQ00013473,ALU01123,2026-09-01,90.48
FREQ00013474,ALU01123,2026-10-01,97.72
FREQ00013475,ALU01123,2026-11-01,90.79
FREQ00013476,ALU01123,2026-12-01,90.96
FREQ00013477,ALU01124,2026-01-01,87.73
FREQ00013478,ALU01124,2026-02-01,88.68
FREQ00013479,ALU01124,2026-03-01,89.01
FREQ00013480,ALU01124,2026-04-01,95.04
FREQ00013481,ALU01124,2026-05-01,89.54
FREQ00013482,ALU01124,2026-06-01,87.62
FREQ00013483,ALU01124,2026-07-01,95.38
FREQ00013484,ALU01124,2026-08-01,88.01
FREQ00013485,ALU01124,2026-09-01,90.51
FREQ00013486,ALU01124,2026-10-01,94.8
FREQ00013487,ALU01124,2026-11-01,98.87
FREQ00013488,ALU01124,2026-12-01,98.11
FREQ00013489,ALU01125,2026-01-01,93.97
FREQ00013490,ALU01125,2026-02-01,91.34
FREQ00013491,ALU01125,2026-03-01,94.81
FREQ00013492,ALU01125,2026-04-01,98.54
FREQ00013493,ALU01125,2026-05-01,92.4
FREQ00013494,ALU01125,2026-06-01,98.7
FREQ00013495,ALU01125,2026-07-01,96.63
FREQ00013496,ALU01125,2026-08-01,90.27
FREQ00013497,ALU01125,2026-09-01,94.63
FREQ00013498,ALU01125,2026-10-01,95.17
FREQ00013499,ALU01125,2026-11-01,96.38
FREQ00013500,ALU01125,2026-12-01,94.81
FREQ00013501,ALU01126,2026-01-01,96.51
FREQ00013502,ALU01126,2026-02-01,88.32
FREQ00013503,ALU01126,2026-03-01,92.99
FREQ00013504,ALU01126,2026-04-01,90.55
FREQ00013505,ALU01126,2026-05-01,93.83
FREQ00013506,ALU01126,2026-06-01,88.78
FREQ00013507,ALU01126,2026-07-01,87.88
FREQ00013508,ALU01126,2026-08-01,93.89
FREQ00013509,ALU01126,2026-09-01,89.78
FREQ00013510,ALU01126,2026-10-01,89.15
FREQ00013511,ALU01126,2026-11-01,98.64
FREQ00013512,ALU01126,2026-12-01,98.42
FREQ00013513,ALU01127,2026-01-01,91.5
FREQ00013514,ALU01127,2026-02-01,94.25
FREQ00013515,ALU01127,2026-03-01,88.53
FREQ00013516,ALU01127,2026-04-01,93.75
FREQ00013517,ALU01127,2026-05-01,97.9
FREQ00013518,ALU01127,2026-06-01,98.86
FREQ00013519,ALU01127,2026-07-01,94.32
FREQ00013520,ALU01127,2026-08-01,95.97
FREQ00013521,ALU01127,2026-09-01,94.08
FREQ00013522,ALU01127,2026-10-01,94.33
FREQ00013523,ALU01127,2026-11-01,93.52
FREQ00013524,ALU01127,2026-12-01,92.01
FREQ00013525,ALU01128,2026-01-01,98.44
FREQ00013526,ALU01128,2026-02-01,90.68
FREQ00013527,ALU01128,2026-03-01,88.34
FREQ00013528,ALU01128,2026-04-01,90.02
FREQ00013529,ALU01128,2026-05-01,94.39
FREQ00013530,ALU01128,2026-06-01,90.5
FREQ00013531,ALU01128,2026-07-01,88.5
FREQ00013532,ALU01128,2026-08-01,89.53
FREQ00013533,ALU01128,2026-09-01,96.75
FREQ00013534,ALU01128,2026-10-01,88.28
FREQ00013535,ALU01128,2026-11-01,92.01
FREQ00013536,ALU01128,2026-12-01,87.98
FREQ00013537,ALU01129,2026-01-01,90.42
FREQ00013538,ALU01129,2026-02-01,93.98
FREQ00013539,ALU01129,2026-03-01,92.64
FREQ00013540,ALU01129,2026-04-01,94.87
FREQ00013541,ALU01129,2026-05-01,97.92
FREQ00013542,ALU01129,2026-06-01,94.68
FREQ00013543,ALU01129,2026-07-01,87.96
FREQ00013544,ALU01129,2026-08-01,93.03
FREQ00013545,ALU01129,2026-09-01,97.41
FREQ00013546,ALU01129,2026-10-01,95.55
FREQ00013547,ALU01129,2026-11-01,98.58
FREQ00013548,ALU01129,2026-12-01,95.14
FREQ00013549,ALU01130,2026-01-01,90.05
FREQ00013550,ALU01130,2026-02-01,93.89
FREQ00013551,ALU01130,2026-03-01,97.94
FREQ00013552,ALU01130,2026-04-01,87.84
FREQ00013553,ALU01130,2026-05-01,94.2
FREQ00013554,ALU01130,2026-06-01,93.35
FREQ00013555,ALU01130,2026-07-01,91.23
FREQ00013556,ALU01130,2026-08-01,90.27
FREQ00013557,ALU01130,2026-09-01,87.24
FREQ00013558,ALU01130,2026-10-01,96.83
FREQ00013559,ALU01130,2026-11-01,88.89
FREQ00013560,ALU01130,2026-12-01,93.22
FREQ00013561,ALU01131,2026-01-01,93.95
FREQ00013562,ALU01131,2026-02-01,96.02
FREQ00013563,ALU01131,2026-03-01,96.43
FREQ00013564,ALU01131,2026-04-01,96.41
FREQ00013565,ALU01131,2026-05-01,92.27
FREQ00013566,ALU01131,2026-06-01,95.83
FREQ00013567,ALU01131,2026-07-01,94.09
FREQ00013568,ALU01131,2026-08-01,92.7
FREQ00013569,ALU01131,2026-09-01,90.85
FREQ00013570,ALU01131,2026-10-01,93.81
FREQ00013571,ALU01131,2026-11-01,97.5
FREQ00013572,ALU01131,2026-12-01,94.25
