id_nota,id_aluno,disciplina,periodo,nota
NOT00000001,ALU00001,Português,2º Bimestre,9.4
NOT00000002,ALU00001,Matemática,1º Bimestre,5.7
NOT00000003,ALU00001,Ciências,3º Bimestre,9.4
NOT00000004,ALU00001,História,3º Bimestre,7.0
NOT00000005,ALU00001,Geografia,1º Bimestre,8.7
NOT00000006,ALU00001,Inglês,2º Bimestre,9.3
NOT00000007,ALU00002,Português,4º Bimestre,9.3
NOT00000008,ALU00002,Matemática,2º Bimestre,9.8
NOT00000009,ALU00002,Ciências,4º Bimestre,7.2
NOT00000010,ALU00002,História,4º Bimestre,7.9
NOT00000011,ALU00002,Geografia,3º Bimestre,6.2
NOT00000012,ALU00002,Inglês,4º Bimestre,7.8
NOT00000013,ALU00003,Português,2º Bimestre,5.9
NOT00000014,ALU00003,Matemática,2º Bimestre,6.6
NOT00000015,ALU00003,Ciências,2º Bimestre,8.1
NOT00000016,ALU00003,História,3º Bimestre,7.3
NOT00000017,ALU00003,Geografia,4º Bimestre,7.7
NOT00000018,ALU00003,Inglês,1º Bimestre,8.5
NOT00000019,ALU00004,Português,3º Bimestre,8.5
NOT00000020,ALU00004,Matemática,2º Bimestre,7.4
NOT00000021,ALU00004,Ciências,4º Bimestre,5.9
NOT00000022,ALU00004,História,1º Bimestre,9.6
NOT00000023,ALU00004,Geografia,2º Bimestre,7.0
NOT00000024,ALU00004,Inglês,1º Bimestre,7.8
NOT00000025,ALU00005,Português,1º Bimestre,7.5
NOT00000026,ALU00005,Matemática,3º Bimestre,9.2
NOT00000027,ALU00005,Ciências,4º Bimestre,8.8
NOT00000028,ALU00005,História,1º Bimestre,8.8
NOT00000029,ALU00005,Geografia,1º Bimestre,8.8
NOT00000030,ALU00005,Inglês,3º Bimestre,8.7
NOT00000031,ALU00006,Português,2º Bimestre,7.2
NOT00000032,ALU00006,Matemática,2º Bimestre,7.2
NOT00000033,ALU00006,Ciências,2º Bimestre,5.6
NOT00000034,ALU00006,História,3º Bimestre,6.3
NOT00000035,ALU00006,Geografia,4º Bimestre,8.6
NOT00000036,ALU00006,Inglês,4º Bimestre,5.5
NOT00000037,ALU00007,Português,4º Bimestre,8.8
NOT00000038,ALU00007,Matemática,2º Bimestre,6.4
NOT00000039,ALU00007,Ciências,3º Bimestre,9.2
NOT00000040,ALU00007,História,4º Bimestre,8.0
NOT00000041,ALU00007,Geografia,3º Bimestre,9.7
NOT00000042,ALU00007,Inglês,3º Bimestre,6.2
NOT00000043,ALU00008,Português,3º Bimestre,9.3
NOT00000044,ALU00008,Matemática,3º Bimestre,8.0
NOT00000045,ALU00008,Ciências,3º Bimestre,9.5
NOT00000046,ALU00008,História,1º Bimestre,6.9
NOT00000047,ALU00008,Geografia,4º Bimestre,8.3
NOT00000048,ALU00008,Inglês,4º Bimestre,7.8
NOT00000049,ALU00009,Português,1º Bimestre,8.6
NOT00000050,ALU00009,Matemática,1º Bimestre,6.1
NOT00000051,ALU00009,Ciências,1º Bimestre,8.4
NOT00000052,ALU00009,História,4º Bimestre,7.8
NOT00000053,ALU00009,Geografia,4º Bimestre,7.5
NOT00000054,ALU00009,Inglês,1º Bimestre,7.9
NOT00000055,ALU00010,Português,1º Bimestre,6.3
NOT00000056,ALU00010,Matemática,3º Bimestre,8.9
NOT00000057,ALU00010,Ciências,4º Bimestre,9.6
NOT00000058,ALU00010,História,4º Bimestre,9.0
NOT00000059,ALU00010,Geografia,1º Bimestre,7.8
NOT00000060,ALU00010,Inglês,3º Bimestre,8.5
NOT00000061,ALU00011,Português,2º Bimestre,7.0
NOT00000062,ALU00011,Matemática,2º Bimestre,9.2
NOT00000063,ALU00011,Ciências,3º Bimestre,8.7
NOT00000064,ALU00011,História,2º Bimestre,7.3
NOT00000065,ALU00011,Geografia,1º Bimestre,9.6
NOT00000066,ALU00011,Inglês,3º Bimestre,9.3
NOT00000067,ALU00012,Português,4º Bimestre,6.7
NOT00000068,ALU00012,Matemática,4º Bimestre,7.1
NOT00000069,ALU00012,Ciências,3º Bimestre,6.0
NOT00000070,ALU00012,História,4º Bimestre,7.9
NOT00000071,ALU00012,Geografia,2º Bimestre,7.3
NOT00000072,ALU00012,Inglês,3º Bimestre,7.6
NOT00000073,ALU00013,Português,1º Bimestre,8.4
NOT00000074,ALU00013,Matemática,1º Bimestre,6.7
NOT00000075,ALU00013,Ciências,1º Bimestre,6.6
NOT00000076,ALU00013,História,1º Bimestre,5.8
NOT00000077,ALU00013,Geografia,3º Bimestre,7.3
NOT00000078,ALU00013,Inglês,3º Bimestre,6.6
NOT00000079,ALU00014,Português,3º Bimestre,8.0
NOT00000080,ALU00014,Matemática,4º Bimestre,6.5
NOT00000081,ALU00014,Ciências,2º Bimestre,9.4
NOT00000082,ALU00014,História,3º Bimestre,6.7
NOT00000083,ALU00014,Geografia,2º Bimestre,7.5
NOT00000084,ALU00014,Inglês,2º Bimestre,6.3
NOT00000085,ALU00015,Português,4º Bimestre,5.6
NOT00000086,ALU00015,Matemática,1º Bimestre,5.8
NOT00000087,ALU00015,Ciências,1º Bimestre,8.4
NOT00000088,ALU00015,História,2º Bimestre,6.3
NOT00000089,ALU00015,Geografia,1º Bimestre,8.0
NOT00000090,ALU00015,Inglês,3º Bimestre,7.8
NOT00000091,ALU00016,Português,1º Bimestre,7.2
NOT00000092,ALU00016,Matemática,2º Bimestre,5.7
NOT00000093,ALU00016,Ciências,1º Bimestre,6.8
NOT00000094,ALU00016,História,3º Bimestre,9.3
NOT00000095,ALU00016,Geografia,1º Bimestre,8.1
NOT00000096,ALU00016,Inglês,4º Bimestre,6.7
NOT00000097,ALU00017,Português,3º Bimestre,8.0
NOT00000098,ALU00017,Matemática,2º Bimestre,8.6
NOT00000099,ALU00017,Ciências,2º Bimestre,9.2
NOT00000100,ALU00017,História,3º Bimestre,7.0
NOT00000101,ALU00017,Geografia,2º Bimestre,6.5
NOT00000102,ALU00017,Inglês,3º Bimestre,5.8
NOT00000103,ALU00018,Português,2º Bimestre,9.0
NOT00000104,ALU00018,Matemática,4º Bimestre,5.6
NOT00000105,ALU00018,Ciências,3º Bimestre,9.6
NOT00000106,ALU00018,História,2º Bimestre,8.2
NOT00000107,ALU00018,Geografia,1º Bimestre,7.7
NOT00000108,ALU00018,Inglês,3º Bimestre,6.1
NOT00000109,ALU00019,Português,2º Bimestre,8.4
NOT00000110,ALU00019,Matemática,2º Bimestre,6.0
NOT00000111,ALU00019,Ciências,1º Bimestre,9.0
NOT00000112,ALU00019,História,1º Bimestre,5.5
NOT00000113,ALU00019,Geografia,3º Bimestre,6.2
NOT00000114,ALU00019,Inglês,3º Bimestre,8.1
NOT00000115,ALU00020,Português,4º Bimestre,8.1
NOT00000116,ALU00020,Matemática,3º Bimestre,6.2
NOT00000117,ALU00020,Ciências,4º Bimestre,8.2
NOT00000118,ALU00020,História,3º Bimestre,6.0
NOT00000119,ALU00020,Geografia,4º Bimestre,6.1
NOT00000120,ALU00020,Inglês,4º Bimestre,9.7
NOT00000121,ALU00021,Português,1º Bimestre,7.3
NOT00000122,ALU00021,Matemática,4º Bimestre,7.6
NOT00000123,ALU00021,Ciências,2º Bimestre,7.1
NOT00000124,ALU00021,História,2º Bimestre,7.5
NOT00000125,ALU00021,Geografia,4º Bimestre,7.1
NOT00000126,ALU00021,Inglês,1º Bimestre,7.7
NOT00000127,ALU00022,Português,4º Bimestre,5.8
NOT00000128,ALU00022,Matemática,1º Bimestre,9.1
NOT00000129,ALU00022,Ciências,4º Bimestre,7.8
NOT00000130,ALU00022,História,2º Bimestre,7.7
NOT00000131,ALU00022,Geografia,4º Bimestre,7.7
NOT00000132,ALU00022,Inglês,1º Bimestre,5.6
NOT00000133,ALU00023,Português,3º Bimestre,6.3
NOT00000134,ALU00023,Matemática,1º Bimestre,6.4
NOT00000135,ALU00023,Ciências,2º Bimestre,7.7
NOT00000136,ALU00023,História,3º Bimestre,9.5
NOT00000137,ALU00023,Geografia,3º Bimestre,8.0
NOT00000138,ALU00023,Inglês,2º Bimestre,8.2
NOT00000139,ALU00024,Português,3º Bimestre,7.9
NOT00000140,ALU00024,Matemática,3º Bimestre,9.4
NOT00000141,ALU00024,Ciências,2º Bimestre,8.6
NOT00000142,ALU00024,História,4º Bimestre,6.5
NOT00000143,ALU00024,Geografia,4º Bimestre,7.4
NOT00000144,ALU00024,Inglês,3º Bimestre,7.6
NOT00000145,ALU00025,Português,3º Bimestre,6.8
NOT00000146,ALU00025,Matemática,1º Bimestre,7.5
NOT00000147,ALU00025,Ciências,1º Bimestre,9.4
NOT00000148,ALU00025,História,3º Bimestre,7.9
NOT00000149,ALU00025,Geografia,3º Bimestre,7.0
NOT00000150,ALU00025,Inglês,2º Bimestre,7.7
NOT00000151,ALU00026,Português,4º Bimestre,7.7
NOT00000152,ALU00026,Matemática,3º Bimestre,5.6
NOT00000153,ALU00026,Ciências,1º Bimestre,9.6
NOT00000154,ALU00026,História,1º Bimestre,6.6
NOT00000155,ALU00026,Geografia,1º Bimestre,7.0
NOT00000156,ALU00026,Inglês,4º Bimestre,7.0
NOT00000157,ALU00027,Português,4º Bimestre,9.5
NOT00000158,ALU00027,Matemática,1º Bimestre,5.6
NOT00000159,ALU00027,Ciências,2º Bimestre,5.9
NOT00000160,ALU00027,História,1º Bimestre,6.3
NOT00000161,ALU00027,Geografia,1º Bimestre,7.5
NOT00000162,ALU00027,Inglês,1º Bimestre,9.5
NOT00000163,ALU00028,Português,3º Bimestre,7.2
NOT00000164,ALU00028,Matemática,1º Bimestre,8.2
NOT00000165,ALU00028,Ciências,1º Bimestre,5.9
NOT00000166,ALU00028,História,4º Bimestre,6.5
NOT00000167,ALU00028,Geografia,2º Bimestre,8.1
NOT00000168,ALU00028,Inglês,2º Bimestre,8.1
NOT00000169,ALU00029,Português,3º Bimestre,5.7
NOT00000170,ALU00029,Matemática,2º Bimestre,8.7
NOT00000171,ALU00029,Ciências,3º Bimestre,7.1
NOT00000172,ALU00029,História,2º Bimestre,9.6
NOT00000173,ALU00029,Geografia,1º Bimestre,7.3
NOT00000174,ALU00029,Inglês,4º Bimestre,8.8
NOT00000175,ALU00030,Português,4º Bimestre,6.2
NOT00000176,ALU00030,Matemática,4º Bimestre,7.7
NOT00000177,ALU00030,Ciências,3º Bimestre,6.9
NOT00000178,ALU00030,História,3º Bimestre,6.0
NOT00000179,ALU00030,Geografia,4º Bimestre,9.7
NOT00000180,ALU00030,Inglês,4º Bimestre,6.5
NOT00000181,ALU00031,Português,2º Bimestre,7.2
NOT00000182,ALU00031,Matemática,4º Bimestre,5.7
NOT00000183,ALU00031,Ciências,2º Bimestre,6.2
NOT00000184,ALU00031,História,4º Bimestre,8.9
NOT00000185,ALU00031,Geografia,1º Bimestre,7.5
NOT00000186,ALU00031,Inglês,1º Bimestre,8.5
NOT00000187,ALU00032,Português,1º Bimestre,8.9
NOT00000188,ALU00032,Matemática,4º Bimestre,9.3
NOT00000189,ALU00032,Ciências,4º Bimestre,9.0
NOT00000190,ALU00032,História,4º Bimestre,9.3
NOT00000191,ALU00032,Geografia,2º Bimestre,9.7
NOT00000192,ALU00032,Inglês,4º Bimestre,9.6
NOT00000193,ALU00033,Português,2º Bimestre,7.1
NOT00000194,ALU00033,Matemática,4º Bimestre,7.0
NOT00000195,ALU00033,Ciências,4º Bimestre,7.9
NOT00000196,ALU00033,História,4º Bimestre,6.2
NOT00000197,ALU00033,Geografia,3º Bimestre,7.3
NOT00000198,ALU00033,Inglês,3º Bimestre,5.6
NOT00000199,ALU00034,Português,3º Bimestre,7.0
NOT00000200,ALU00034,Matemática,2º Bimestre,6.7
NOT00000201,ALU00034,Ciências,4º Bimestre,8.1
NOT00000202,ALU00034,História,2º Bimestre,9.0
NOT00000203,ALU00034,Geografia,4º Bimestre,8.2
NOT00000204,ALU00034,Inglês,4º Bimestre,6.8
NOT00000205,ALU00035,Português,1º Bimestre,9.5
NOT00000206,ALU00035,Matemática,4º Bimestre,8.7
NOT00000207,ALU00035,Ciências,4º Bimestre,8.3
NOT00000208,ALU00035,História,4º Bimestre,8.1
NOT00000209,ALU00035,Geografia,4º Bimestre,6.4
NOT00000210,ALU00035,Inglês,4º Bimestre,7.2
NOT00000211,ALU00036,Português,4º Bimestre,6.1
NOT00000212,ALU00036,Matemática,2º Bimestre,8.5
NOT00000213,ALU00036,Ciências,3º Bimestre,7.7
NOT00000214,ALU00036,História,3º Bimestre,6.9
NOT00000215,ALU00036,Geografia,2º Bimestre,9.5
NOT00000216,ALU00036,Inglês,3º Bimestre,6.0
NOT00000217,ALU00037,Português,2º Bimestre,9.3
NOT00000218,ALU00037,Matemática,1º Bimestre,6.6
NOT00000219,ALU00037,Ciências,1º Bimestre,7.6
NOT00000220,ALU00037,História,3º Bimestre,7.1
NOT00000221,ALU00037,Geografia,1º Bimestre,7.3
NOT00000222,ALU00037,Inglês,1º Bimestre,5.7
NOT00000223,ALU00038,Português,1º Bimestre,7.7
NOT00000224,ALU00038,Matemática,1º Bimestre,8.2
NOT00000225,ALU00038,Ciências,4º Bimestre,6.8
NOT00000226,ALU00038,História,3º Bimestre,8.6
NOT00000227,ALU00038,Geografia,4º Bimestre,6.6
NOT00000228,ALU00038,Inglês,1º Bimestre,9.7
NOT00000229,ALU00039,Português,3º Bimestre,8.5
NOT00000230,ALU00039,Matemática,2º Bimestre,8.5
NOT00000231,ALU00039,Ciências,3º Bimestre,7.3
NOT00000232,ALU00039,História,4º Bimestre,8.0
NOT00000233,ALU00039,Geografia,3º Bimestre,8.5
NOT00000234,ALU00039,Inglês,1º Bimestre,8.5
NOT00000235,ALU00040,Português,3º Bimestre,9.3
NOT00000236,ALU00040,Matemática,4º Bimestre,7.2
NOT00000237,ALU00040,Ciências,3º Bimestre,7.8
NOT00000238,ALU00040,História,3º Bimestre,9.2
NOT00000239,ALU00040,Geografia,2º Bimestre,9.4
NOT00000240,ALU00040,Inglês,4º Bimestre,9.1
NOT00000241,ALU00041,Português,2º Bimestre,7.5
NOT00000242,ALU00041,Matemática,4º Bimestre,5.6
NOT00000243,ALU00041,Ciências,1º Bimestre,7.1
NOT00000244,ALU00041,História,4º Bimestre,8.8
NOT00000245,ALU00041,Geografia,2º Bimestre,7.1
NOT00000246,ALU00041,Inglês,2º Bimestre,6.1
NOT00000247,ALU00042,Português,2º Bimestre,8.0
NOT00000248,ALU00042,Matemática,3º Bimestre,9.7
NOT00000249,ALU00042,Ciências,3º Bimestre,9.6
NOT00000250,ALU00042,História,4º Bimestre,6.6
NOT00000251,ALU00042,Geografia,4º Bimestre,6.3
NOT00000252,ALU00042,Inglês,1º Bimestre,8.1
NOT00000253,ALU00043,Português,1º Bimestre,5.6
NOT00000254,ALU00043,Matemática,1º Bimestre,5.7
NOT00000255,ALU00043,Ciências,3º Bimestre,6.8
NOT00000256,ALU00043,História,3º Bimestre,6.5
NOT00000257,ALU00043,Geografia,2º Bimestre,8.6
NOT00000258,ALU00043,Inglês,1º Bimestre,8.4
NOT00000259,ALU00044,Português,1º Bimestre,6.7
NOT00000260,ALU00044,Matemática,1º Bimestre,8.0
NOT00000261,ALU00044,Ciências,3º Bimestre,8.5
NOT00000262,ALU00044,História,1º Bimestre,6.2
NOT00000263,ALU00044,Geografia,1º Bimestre,5.6
NOT00000264,ALU00044,Inglês,4º Bimestre,7.8
NOT00000265,ALU00045,Português,4º Bimestre,6.2
NOT00000266,ALU00045,Matemática,4º Bimestre,9.4
NOT00000267,ALU00045,Ciências,1º Bimestre,5.8
NOT00000268,ALU00045,História,2º Bimestre,5.5
NOT00000269,ALU00045,Geografia,2º Bimestre,8.1
NOT00000270,ALU00045,Inglês,3º Bimestre,8.1
NOT00000271,ALU00046,Português,3º Bimestre,9.7
NOT00000272,ALU00046,Matemática,3º Bimestre,7.9
NOT00000273,ALU00046,Ciências,2º Bimestre,8.7
NOT00000274,ALU00046,História,2º Bimestre,9.2
NOT00000275,ALU00046,Geografia,2º Bimestre,7.9
NOT00000276,ALU00046,Inglês,3º Bimestre,9.7
NOT00000277,ALU00047,Português,3º Bimestre,8.3
NOT00000278,ALU00047,Matemática,1º Bimestre,8.0
NOT00000279,ALU00047,Ciências,4º Bimestre,7.2
NOT00000280,ALU00047,História,3º Bimestre,6.2
NOT00000281,ALU00047,Geografia,3º Bimestre,6.9
NOT00000282,ALU00047,Inglês,1º Bimestre,5.9
NOT00000283,ALU00048,Português,1º Bimestre,7.8
NOT00000284,ALU00048,Matemática,1º Bimestre,6.8
NOT00000285,ALU00048,Ciências,3º Bimestre,7.8
NOT00000286,ALU00048,História,3º Bimestre,5.5
NOT00000287,ALU00048,Geografia,2º Bimestre,5.9
NOT00000288,ALU00048,Inglês,2º Bimestre,7.8
NOT00000289,ALU00049,Português,3º Bimestre,7.7
NOT00000290,ALU00049,Matemática,4º Bimestre,7.2
NOT00000291,ALU00049,Ciências,3º Bimestre,6.7
NOT00000292,ALU00049,História,4º Bimestre,9.2
NOT00000293,ALU00049,Geografia,1º Bimestre,9.6
NOT00000294,ALU00049,Inglês,1º Bimestre,6.0
NOT00000295,ALU00050,Português,2º Bimestre,7.9
NOT00000296,ALU00050,Matemática,2º Bimestre,8.1
NOT00000297,ALU00050,Ciências,1º Bimestre,5.9
NOT00000298,ALU00050,História,4º Bimestre,7.8
NOT00000299,ALU00050,Geografia,2º Bimestre,6.0
NOT00000300,ALU00050,Inglês,3º Bimestre,8.9
NOT00000301,ALU00051,Português,2º Bimestre,6.2
NOT00000302,ALU00051,Matemática,3º Bimestre,7.1
NOT00000303,ALU00051,Ciências,2º Bimestre,8.5
NOT00000304,ALU00051,História,4º Bimestre,6.8
NOT00000305,ALU00051,Geografia,2º Bimestre,5.8
NOT00000306,ALU00051,Inglês,2º Bimestre,9.2
NOT00000307,ALU00052,Português,1º Bimestre,6.1
NOT00000308,ALU00052,Matemática,2º Bimestre,6.1
NOT00000309,ALU00052,Ciências,2º Bimestre,8.6
NOT00000310,ALU00052,História,3º Bimestre,8.3
NOT00000311,ALU00052,Geografia,1º Bimestre,7.9
NOT00000312,ALU00052,Inglês,1º Bimestre,8.1
NOT00000313,ALU00053,Português,3º Bimestre,8.3
NOT00000314,ALU00053,Matemática,4º Bimestre,6.1
NOT00000315,ALU00053,Ciências,1º Bimestre,7.2
NOT00000316,ALU00053,História,4º Bimestre,7.0
NOT00000317,ALU00053,Geografia,4º Bimestre,7.4
NOT00000318,ALU00053,Inglês,3º Bimestre,5.6
NOT00000319,ALU00054,Português,1º Bimestre,6.7
NOT00000320,ALU00054,Matemática,3º Bimestre,6.6
NOT00000321,ALU00054,Ciências,1º Bimestre,9.3
NOT00000322,ALU00054,História,1º Bimestre,6.2
NOT00000323,ALU00054,Geografia,1º Bimestre,8.9
NOT00000324,ALU00054,Inglês,4º Bimestre,7.3
NOT00000325,ALU00055,Português,1º Bimestre,5.6
NOT00000326,ALU00055,Matemática,2º Bimestre,7.1
NOT00000327,ALU00055,Ciências,1º Bimestre,7.1
NOT00000328,ALU00055,História,2º Bimestre,7.7
NOT00000329,ALU00055,Geografia,1º Bimestre,8.8
NOT00000330,ALU00055,Inglês,2º Bimestre,9.6
NOT00000331,ALU00056,Português,4º Bimestre,8.4
NOT00000332,ALU00056,Matemática,2º Bimestre,8.4
NOT00000333,ALU00056,Ciências,3º Bimestre,8.2
NOT00000334,ALU00056,História,2º Bimestre,9.7
NOT00000335,ALU00056,Geografia,2º Bimestre,7.5
NOT00000336,ALU00056,Inglês,3º Bimestre,8.9
NOT00000337,ALU00057,Português,4º Bimestre,8.6
NOT00000338,ALU00057,Matemática,1º Bimestre,6.9
NOT00000339,ALU00057,Ciências,2º Bimestre,7.2
NOT00000340,ALU00057,História,2º Bimestre,7.3
NOT00000341,ALU00057,Geografia,3º Bimestre,7.0
NOT00000342,ALU00057,Inglês,2º Bimestre,8.1
NOT00000343,ALU00058,Português,4º Bimestre,6.8
NOT00000344,ALU00058,Matemática,3º Bimestre,6.5
NOT00000345,ALU00058,Ciências,2º Bimestre,6.3
NOT00000346,ALU00058,História,1º Bimestre,7.6
NOT00000347,ALU00058,Geografia,2º Bimestre,7.7
NOT00000348,ALU00058,Inglês,2º Bimestre,8.7
NOT00000349,ALU00059,Português,4º Bimestre,6.1
NOT00000350,ALU00059,Matemática,1º Bimestre,8.6
NOT00000351,ALU00059,Ciências,1º Bimestre,9.3
NOT00000352,ALU00059,História,3º Bimestre,7.7
NOT00000353,ALU00059,Geografia,3º Bimestre,9.3
NOT00000354,ALU00059,Inglês,1º Bimestre,7.1
NOT00000355,ALU00060,Português,4º Bimestre,9.6
NOT00000356,ALU00060,Matemática,1º Bimestre,9.6
NOT00000357,ALU00060,Ciências,1º Bimestre,9.7
NOT00000358,ALU00060,História,3º Bimestre,6.8
NOT00000359,ALU00060,Geografia,2º Bimestre,5.8
NOT00000360,ALU00060,Inglês,3º Bimestre,5.8
NOT00000361,ALU00061,Português,3º Bimestre,9.1
NOT00000362,ALU00061,Matemática,3º Bimestre,6.4
NOT00000363,ALU00061,Ciências,3º Bimestre,9.5
NOT00000364,ALU00061,História,4º Bimestre,9.3
NOT00000365,ALU00061,Geografia,4º Bimestre,5.7
NOT00000366,ALU00061,Inglês,2º Bimestre,6.6
NOT00000367,ALU00062,Português,1º Bimestre,9.4
NOT00000368,ALU00062,Matemática,4º Bimestre,9.0
NOT00000369,ALU00062,Ciências,4º Bimestre,8.9
NOT00000370,ALU00062,História,4º Bimestre,6.2
NOT00000371,ALU00062,Geografia,2º Bimestre,9.2
NOT00000372,ALU00062,Inglês,3º Bimestre,6.3
NOT00000373,ALU00063,Português,2º Bimestre,7.0
NOT00000374,ALU00063,Matemática,1º Bimestre,7.2
NOT00000375,ALU00063,Ciências,3º Bimestre,5.7
NOT00000376,ALU00063,História,3º Bimestre,5.6
NOT00000377,ALU00063,Geografia,4º Bimestre,7.6
NOT00000378,ALU00063,Inglês,1º Bimestre,9.3
NOT00000379,ALU00064,Português,2º Bimestre,8.5
NOT00000380,ALU00064,Matemática,3º Bimestre,6.0
NOT00000381,ALU00064,Ciências,2º Bimestre,5.5
NOT00000382,ALU00064,História,1º Bimestre,7.2
NOT00000383,ALU00064,Geografia,4º Bimestre,9.3
NOT00000384,ALU00064,Inglês,3º Bimestre,9.0
NOT00000385,ALU00065,Português,2º Bimestre,8.7
NOT00000386,ALU00065,Matemática,1º Bimestre,6.2
NOT00000387,ALU00065,Ciências,1º Bimestre,5.9
NOT00000388,ALU00065,História,1º Bimestre,7.7
NOT00000389,ALU00065,Geografia,1º Bimestre,6.6
NOT00000390,ALU00065,Inglês,4º Bimestre,6.4
NOT00000391,ALU00066,Português,2º Bimestre,7.0
NOT00000392,ALU00066,Matemática,3º Bimestre,5.6
NOT00000393,ALU00066,Ciências,3º Bimestre,7.8
NOT00000394,ALU00066,História,4º Bimestre,7.7
NOT00000395,ALU00066,Geografia,4º Bimestre,5.8
NOT00000396,ALU00066,Inglês,3º Bimestre,9.3
NOT00000397,ALU00067,Português,3º Bimestre,7.0
NOT00000398,ALU00067,Matemática,2º Bimestre,6.1
NOT00000399,ALU00067,Ciências,2º Bimestre,9.4
NOT00000400,ALU00067,História,1º Bimestre,6.0
NOT00000401,ALU00067,Geografia,2º Bimestre,6.2
NOT00000402,ALU00067,Inglês,3º Bimestre,6.6
NOT00000403,ALU00068,Português,3º Bimestre,6.8
NOT00000404,ALU00068,Matemática,4º Bimestre,9.6
NOT00000405,ALU00068,Ciências,3º Bimestre,9.0
NOT00000406,ALU00068,História,3º Bimestre,6.5
NOT00000407,ALU00068,Geografia,2º Bimestre,8.0
NOT00000408,ALU00068,Inglês,1º Bimestre,5.7
NOT00000409,ALU00069,Português,1º Bimestre,7.3
NOT00000410,ALU00069,Matemática,3º Bimestre,7.7
NOT00000411,ALU00069,Ciências,1º Bimestre,7.2
NOT00000412,ALU00069,História,1º Bimestre,8.0
NOT00000413,ALU00069,Geografia,3º Bimestre,8.3
NOT00000414,ALU00069,Inglês,1º Bimestre,8.3
NOT00000415,ALU00070,Português,3º Bimestre,9.6
NOT00000416,ALU00070,Matemática,2º Bimestre,9.1
NOT00000417,ALU00070,Ciências,2º Bimestre,9.1
NOT00000418,ALU00070,História,4º Bimestre,7.3
NOT00000419,ALU00070,Geografia,1º Bimestre,9.7
NOT00000420,ALU00070,Inglês,1º Bimestre,7.5
NOT00000421,ALU00071,Português,2º Bimestre,9.1
NOT00000422,ALU00071,Matemática,1º Bimestre,8.7
NOT00000423,ALU00071,Ciências,2º Bimestre,7.9
NOT00000424,ALU00071,História,2º Bimestre,6.5
NOT00000425,ALU00071,Geografia,3º Bimestre,9.2
NOT00000426,ALU00071,Inglês,3º Bimestre,6.7
NOT00000427,ALU00072,Português,4º Bimestre,6.5
NOT00000428,ALU00072,Matemática,4º Bimestre,6.3
NOT00000429,ALU00072,Ciências,3º Bimestre,9.6
NOT00000430,ALU00072,História,1º Bimestre,8.8
NOT00000431,ALU00072,Geografia,2º Bimestre,6.7
NOT00000432,ALU00072,Inglês,1º Bimestre,7.7
NOT00000433,ALU00073,Português,2º Bimestre,5.9
NOT00000434,ALU00073,Matemática,3º Bimestre,5.9
NOT00000435,ALU00073,Ciências,1º Bimestre,9.1
NOT00000436,ALU00073,História,1º Bimestre,7.9
NOT00000437,ALU00073,Geografia,4º Bimestre,8.0
NOT00000438,ALU00073,Inglês,3º Bimestre,5.5
NOT00000439,ALU00074,Português,3º Bimestre,8.4
NOT00000440,ALU00074,Matemática,1º Bimestre,9.3
NOT00000441,ALU00074,Ciências,4º Bimestre,7.5
NOT00000442,ALU00074,História,3º Bimestre,9.1
NOT00000443,ALU00074,Geografia,4º Bimestre,6.7
NOT00000444,ALU00074,Inglês,4º Bimestre,7.3
NOT00000445,ALU00075,Português,3º Bimestre,9.7
NOT00000446,ALU00075,Matemática,2º Bimestre,5.9
NOT00000447,ALU00075,Ciências,2º Bimestre,6.3
NOT00000448,ALU00075,História,4º Bimestre,8.2
NOT00000449,ALU00075,Geografia,2º Bimestre,7.8
NOT00000450,ALU00075,Inglês,1º Bimestre,6.8
NOT00000451,ALU00076,Português,3º Bimestre,6.1
NOT00000452,ALU00076,Matemática,4º Bimestre,5.9
NOT00000453,ALU00076,Ciências,4º Bimestre,6.9
NOT00000454,ALU00076,História,1º Bimestre,9.2
NOT00000455,ALU00076,Geografia,4º Bimestre,9.4
NOT00000456,ALU00076,Inglês,1º Bimestre,7.6
NOT00000457,ALU00077,Português,1º Bimestre,9.4
NOT00000458,ALU00077,Matemática,2º Bimestre,7.2
NOT00000459,ALU00077,Ciências,1º Bimestre,6.7
NOT00000460,ALU00077,História,3º Bimestre,9.7
NOT00000461,ALU00077,Geografia,4º Bimestre,6.2
NOT00000462,ALU00077,Inglês,4º Bimestre,8.8
NOT00000463,ALU00078,Português,2º Bimestre,7.7
NOT00000464,ALU00078,Matemática,2º Bimestre,9.7
NOT00000465,ALU00078,Ciências,3º Bimestre,7.7
NOT00000466,ALU00078,História,3º Bimestre,8.3
NOT00000467,ALU00078,Geografia,3º Bimestre,7.0
NOT00000468,ALU00078,Inglês,2º Bimestre,6.1
NOT00000469,ALU00079,Português,3º Bimestre,5.8
NOT00000470,ALU00079,Matemática,4º Bimestre,6.5
NOT00000471,ALU00079,Ciências,1º Bimestre,9.8
NOT00000472,ALU00079,História,3º Bimestre,6.5
NOT00000473,ALU00079,Geografia,1º Bimestre,8.7
NOT00000474,ALU00079,Inglês,1º Bimestre,7.6
NOT00000475,ALU00080,Português,2º Bimestre,9.1
NOT00000476,ALU00080,Matemática,3º Bimestre,9.8
NOT00000477,ALU00080,Ciências,3º Bimestre,9.2
NOT00000478,ALU00080,História,4º Bimestre,6.6
NOT00000479,ALU00080,Geografia,3º Bimestre,9.2
NOT00000480,ALU00080,Inglês,4º Bimestre,8.0
NOT00000481,ALU00081,Português,2º Bimestre,6.6
NOT00000482,ALU00081,Matemática,1º Bimestre,6.8
NOT00000483,ALU00081,Ciências,3º Bimestre,5.7
NOT00000484,ALU00081,História,1º Bimestre,6.5
NOT00000485,ALU00081,Geografia,1º Bimestre,6.6
NOT00000486,ALU00081,Inglês,2º Bimestre,7.2
NOT00000487,ALU00082,Português,3º Bimestre,7.0
NOT00000488,ALU00082,Matemática,4º Bimestre,9.0
NOT00000489,ALU00082,Ciências,1º Bimestre,7.4
NOT00000490,ALU00082,História,1º Bimestre,9.4
NOT00000491,ALU00082,Geografia,3º Bimestre,8.0
NOT00000492,ALU00082,Inglês,3º Bimestre,9.3
NOT00000493,ALU00083,Português,1º Bimestre,7.7
NOT00000494,ALU00083,Matemática,2º Bimestre,6.3
NOT00000495,ALU00083,Ciências,2º Bimestre,7.9
NOT00000496,ALU00083,História,4º Bimestre,7.1
NOT00000497,ALU00083,Geografia,3º Bimestre,5.7
NOT00000498,ALU00083,Inglês,2º Bimestre,5.6
NOT00000499,ALU00084,Português,3º Bimestre,7.5
NOT00000500,ALU00084,Matemática,2º Bimestre,9.7
NOT00000501,ALU00084,Ciências,4º Bimestre,9.8
NOT00000502,ALU00084,História,3º Bimestre,8.9
NOT00000503,ALU00084,Geografia,1º Bimestre,8.3
NOT00000504,ALU00084,Inglês,3º Bimestre,7.6
NOT00000505,ALU00085,Português,2º Bimestre,9.0
NOT00000506,ALU00085,Matemática,4º Bimestre,8.1
NOT00000507,ALU00085,Ciências,1º Bimestre,8.1
NOT00000508,ALU00085,História,3º Bimestre,8.8
NOT00000509,ALU00085,Geografia,3º Bimestre,7.6
NOT00000510,ALU00085,Inglês,2º Bimestre,7.8
NOT00000511,ALU00086,Português,2º Bimestre,6.6
NOT00000512,ALU00086,Matemática,2º Bimestre,7.1
NOT00000513,ALU00086,Ciências,1º Bimestre,8.1
NOT00000514,ALU00086,História,2º Bimestre,5.6
NOT00000515,ALU00086,Geografia,1º Bimestre,8.8
NOT00000516,ALU00086,Inglês,1º Bimestre,8.5
NOT00000517,ALU00087,Português,4º Bimestre,9.3
NOT00000518,ALU00087,Matemática,1º Bimestre,7.3
NOT00000519,ALU00087,Ciências,4º Bimestre,9.8
NOT00000520,ALU00087,História,1º Bimestre,8.0
NOT00000521,ALU00087,Geografia,1º Bimestre,9.2
NOT00000522,ALU00087,Inglês,4º Bimestre,7.1
NOT00000523,ALU00088,Português,2º Bimestre,9.6
NOT00000524,ALU00088,Matemática,1º Bimestre,7.6
NOT00000525,ALU00088,Ciências,3º Bimestre,9.3
NOT00000526,ALU00088,História,1º Bimestre,8.3
NOT00000527,ALU00088,Geografia,4º Bimestre,8.6
NOT00000528,ALU00088,Inglês,3º Bimestre,9.4
NOT00000529,ALU00089,Português,4º Bimestre,7.2
NOT00000530,ALU00089,Matemática,3º Bimestre,6.1
NOT00000531,ALU00089,Ciências,4º Bimestre,7.5
NOT00000532,ALU00089,História,1º Bimestre,7.2
NOT00000533,ALU00089,Geografia,3º Bimestre,9.3
NOT00000534,ALU00089,Inglês,2º Bimestre,8.0
NOT00000535,ALU00090,Português,1º Bimestre,8.7
NOT00000536,ALU00090,Matemática,1º Bimestre,6.8
NOT00000537,ALU00090,Ciências,2º Bimestre,9.3
NOT00000538,ALU00090,História,1º Bimestre,6.1
NOT00000539,ALU00090,Geografia,2º Bimestre,6.4
NOT00000540,ALU00090,Inglês,1º Bimestre,7.4
NOT00000541,ALU00091,Português,4º Bimestre,5.6
NOT00000542,ALU00091,Matemática,2º Bimestre,6.5
NOT00000543,ALU00091,Ciências,1º Bimestre,6.1
NOT00000544,ALU00091,História,2º Bimestre,8.2
NOT00000545,ALU00091,Geografia,1º Bimestre,6.8
NOT00000546,ALU00091,Inglês,3º Bimestre,5.6
NOT00000547,ALU00092,Português,2º Bimestre,8.5
NOT00000548,ALU00092,Matemática,1º Bimestre,8.1
NOT00000549,ALU00092,Ciências,1º Bimestre,9.6
NOT00000550,ALU00092,História,4º Bimestre,5.6
NOT00000551,ALU00092,Geografia,4º Bimestre,7.1
NOT00000552,ALU00092,Inglês,2º Bimestre,9.2
NOT00000553,ALU00093,Português,3º Bimestre,6.4
NOT00000554,ALU00093,Matemática,4º Bimestre,8.6
NOT00000555,ALU00093,Ciências,3º Bimestre,9.4
NOT00000556,ALU00093,História,4º Bimestre,9.8
NOT00000557,ALU00093,Geografia,2º Bimestre,6.1
NOT00000558,ALU00093,Inglês,4º Bimestre,6.5
NOT00000559,ALU00094,Português,1º Bimestre,9.5
NOT00000560,ALU00094,Matemática,4º Bimestre,8.3
NOT00000561,ALU00094,Ciências,2º Bimestre,7.6
NOT00000562,ALU00094,História,2º Bimestre,8.7
NOT00000563,ALU00094,Geografia,4º Bimestre,6.9
NOT00000564,ALU00094,Inglês,2º Bimestre,7.2
NOT00000565,ALU00095,Português,4º Bimestre,8.6
NOT00000566,ALU00095,Matemática,3º Bimestre,7.7
NOT00000567,ALU00095,Ciências,4º Bimestre,6.8
NOT00000568,ALU00095,História,3º Bimestre,8.6
NOT00000569,ALU00095,Geografia,2º Bimestre,8.1
NOT00000570,ALU00095,Inglês,4º Bimestre,9.6
NOT00000571,ALU00096,Português,3º Bimestre,9.2
NOT00000572,ALU00096,Matemática,2º Bimestre,9.6
NOT00000573,ALU00096,Ciências,1º Bimestre,6.7
NOT00000574,ALU00096,História,2º Bimestre,9.5
NOT00000575,ALU00096,Geografia,3º Bimestre,9.8
NOT00000576,ALU00096,Inglês,2º Bimestre,9.0
NOT00000577,ALU00097,Português,3º Bimestre,5.9
NOT00000578,ALU00097,Matemática,4º Bimestre,5.7
NOT00000579,ALU00097,Ciências,2º Bimestre,6.5
NOT00000580,ALU00097,História,2º Bimestre,5.7
NOT00000581,ALU00097,Geografia,1º Bimestre,9.4
NOT00000582,ALU00097,Inglês,1º Bimestre,8.5
NOT00000583,ALU00098,Português,3º Bimestre,6.7
NOT00000584,ALU00098,Matemática,3º Bimestre,7.2
NOT00000585,ALU00098,Ciências,3º Bimestre,7.7
NOT00000586,ALU00098,História,4º Bimestre,5.7
NOT00000587,ALU00098,Geografia,4º Bimestre,9.2
NOT00000588,ALU00098,Inglês,3º Bimestre,9.7
NOT00000589,ALU00099,Português,4º Bimestre,6.7
NOT00000590,ALU00099,Matemática,3º Bimestre,6.7
NOT00000591,ALU00099,Ciências,3º Bimestre,6.5
NOT00000592,ALU00099,História,1º Bimestre,5.8
NOT00000593,ALU00099,Geografia,4º Bimestre,8.1
NOT00000594,ALU00099,Inglês,1º Bimestre,8.2
NOT00000595,ALU00100,Português,4º Bimestre,8.6
NOT00000596,ALU00100,Matemática,3º Bimestre,6.9
NOT00000597,ALU00100,Ciências,1º Bimestre,9.3
NOT00000598,ALU00100,História,3º Bimestre,9.4
NOT00000599,ALU00100,Geografia,1º Bimestre,9.2
NOT00000600,ALU00100,Inglês,2º Bimestre,6.4
NOT00000601,ALU00101,Português,2º Bimestre,8.7
NOT00000602,ALU00101,Matemática,3º Bimestre,9.1
NOT00000603,ALU00101,Ciências,1º Bimestre,7.4
NOT00000604,ALU00101,História,1º Bimestre,6.2
NOT00000605,ALU00101,Geografia,3º Bimestre,8.1
NOT00000606,ALU00101,Inglês,1º Bimestre,7.4
NOT00000607,ALU00102,Português,1º Bimestre,6.3
NOT00000608,ALU00102,Matemática,3º Bimestre,6.4
NOT00000609,ALU00102,Ciências,1º Bimestre,9.1
NOT00000610,ALU00102,História,2º Bimestre,8.3
NOT00000611,ALU00102,Geografia,4º Bimestre,9.2
NOT00000612,ALU00102,Inglês,1º Bimestre,6.0
NOT00000613,ALU00103,Português,3º Bimestre,6.6
NOT00000614,ALU00103,Matemática,4º Bimestre,6.7
NOT00000615,ALU00103,Ciências,4º Bimestre,6.3
NOT00000616,ALU00103,História,4º Bimestre,6.6
NOT00000617,ALU00103,Geografia,3º Bimestre,6.8
NOT00000618,ALU00103,Inglês,2º Bimestre,5.5
NOT00000619,ALU00104,Português,4º Bimestre,6.5
NOT00000620,ALU00104,Matemática,1º Bimestre,7.5
NOT00000621,ALU00104,Ciências,3º Bimestre,6.8
NOT00000622,ALU00104,História,4º Bimestre,6.2
NOT00000623,ALU00104,Geografia,1º Bimestre,7.6
NOT00000624,ALU00104,Inglês,2º Bimestre,8.8
NOT00000625,ALU00105,Português,4º Bimestre,6.5
NOT00000626,ALU00105,Matemática,4º Bimestre,6.3
NOT00000627,ALU00105,Ciências,2º Bimestre,7.6
NOT00000628,ALU00105,História,3º Bimestre,8.0
NOT00000629,ALU00105,Geografia,2º Bimestre,8.0
NOT00000630,ALU00105,Inglês,3º Bimestre,5.7
NOT00000631,ALU00106,Português,2º Bimestre,6.0
NOT00000632,ALU00106,Matemática,4º Bimestre,7.0
NOT00000633,ALU00106,Ciências,1º Bimestre,7.4
NOT00000634,ALU00106,História,3º Bimestre,7.1
NOT00000635,ALU00106,Geografia,2º Bimestre,9.0
NOT00000636,ALU00106,Inglês,4º Bimestre,6.4
NOT00000637,ALU00107,Português,2º Bimestre,6.7
NOT00000638,ALU00107,Matemática,3º Bimestre,9.4
NOT00000639,ALU00107,Ciências,3º Bimestre,7.0
NOT00000640,ALU00107,História,4º Bimestre,8.2
NOT00000641,ALU00107,Geografia,3º Bimestre,7.9
NOT00000642,ALU00107,Inglês,4º Bimestre,9.5
NOT00000643,ALU00108,Português,4º Bimestre,9.2
NOT00000644,ALU00108,Matemática,1º Bimestre,8.8
NOT00000645,ALU00108,Ciências,4º Bimestre,7.2
NOT00000646,ALU00108,História,4º Bimestre,8.6
NOT00000647,ALU00108,Geografia,1º Bimestre,8.9
NOT00000648,ALU00108,Inglês,1º Bimestre,8.7
NOT00000649,ALU00109,Português,4º Bimestre,8.3
NOT00000650,ALU00109,Matemática,4º Bimestre,7.6
NOT00000651,ALU00109,Ciências,2º Bimestre,6.2
NOT00000652,ALU00109,História,3º Bimestre,9.3
NOT00000653,ALU00109,Geografia,1º Bimestre,6.8
NOT00000654,ALU00109,Inglês,3º Bimestre,6.3
NOT00000655,ALU00110,Português,1º Bimestre,8.4
NOT00000656,ALU00110,Matemática,1º Bimestre,8.6
NOT00000657,ALU00110,Ciências,4º Bimestre,7.4
NOT00000658,ALU00110,História,4º Bimestre,6.4
NOT00000659,ALU00110,Geografia,1º Bimestre,9.2
NOT00000660,ALU00110,Inglês,2º Bimestre,6.0
NOT00000661,ALU00111,Português,2º Bimestre,9.1
NOT00000662,ALU00111,Matemática,3º Bimestre,7.0
NOT00000663,ALU00111,Ciências,2º Bimestre,9.7
NOT00000664,ALU00111,História,4º Bimestre,6.8
NOT00000665,ALU00111,Geografia,3º Bimestre,7.3
NOT00000666,ALU00111,Inglês,1º Bimestre,7.9
NOT00000667,ALU00112,Português,4º Bimestre,9.0
NOT00000668,ALU00112,Matemática,4º Bimestre,6.8
NOT00000669,ALU00112,Ciências,3º Bimestre,9.5
NOT00000670,ALU00112,História,2º Bimestre,9.1
NOT00000671,ALU00112,Geografia,1º Bimestre,9.7
NOT00000672,ALU00112,Inglês,2º Bimestre,5.8
NOT00000673,ALU00113,Português,2º Bimestre,7.0
NOT00000674,ALU00113,Matemática,1º Bimestre,5.5
NOT00000675,ALU00113,Ciências,3º Bimestre,6.6
NOT00000676,ALU00113,História,1º Bimestre,7.9
NOT00000677,ALU00113,Geografia,4º Bimestre,6.7
NOT00000678,ALU00113,Inglês,4º Bimestre,9.1
NOT00000679,ALU00114,Português,1º Bimestre,8.4
NOT00000680,ALU00114,Matemática,4º Bimestre,8.4
NOT00000681,ALU00114,Ciências,2º Bimestre,8.1
NOT00000682,ALU00114,História,1º Bimestre,7.8
NOT00000683,ALU00114,Geografia,4º Bimestre,8.4
NOT00000684,ALU00114,Inglês,2º Bimestre,6.2
NOT00000685,ALU00115,Português,2º Bimestre,7.6
NOT00000686,ALU00115,Matemática,2º Bimestre,6.3
NOT00000687,ALU00115,Ciências,1º Bimestre,8.6
NOT00000688,ALU00115,História,2º Bimestre,8.2
NOT00000689,ALU00115,Geografia,3º Bimestre,5.6
NOT00000690,ALU00115,Inglês,4º Bimestre,8.8
NOT00000691,ALU00116,Português,1º Bimestre,7.5
NOT00000692,ALU00116,Matemática,2º Bimestre,6.8
NOT00000693,ALU00116,Ciências,1º Bimestre,9.1
NOT00000694,ALU00116,História,2º Bimestre,7.2
NOT00000695,ALU00116,Geografia,4º Bimestre,9.2
NOT00000696,ALU00116,Inglês,3º Bimestre,6.1
NOT00000697,ALU00117,Português,4º Bimestre,8.6
NOT00000698,ALU00117,Matemática,2º Bimestre,6.4
NOT00000699,ALU00117,Ciências,3º Bimestre,6.4
NOT00000700,ALU00117,História,2º Bimestre,7.9
NOT00000701,ALU00117,Geografia,3º Bimestre,8.0
NOT00000702,ALU00117,Inglês,3º Bimestre,6.6
NOT00000703,ALU00118,Português,4º Bimestre,9.5
NOT00000704,ALU00118,Matemática,4º Bimestre,5.7
NOT00000705,ALU00118,Ciências,2º Bimestre,6.2
NOT00000706,ALU00118,História,2º Bimestre,9.7
NOT00000707,ALU00118,Geografia,3º Bimestre,6.5
NOT00000708,ALU00118,Inglês,4º Bimestre,6.2
NOT00000709,ALU00119,Português,4º Bimestre,6.4
NOT00000710,ALU00119,Matemática,3º Bimestre,8.5
NOT00000711,ALU00119,Ciências,4º Bimestre,5.6
NOT00000712,ALU00119,História,4º Bimestre,6.7
NOT00000713,ALU00119,Geografia,2º Bimestre,6.0
NOT00000714,ALU00119,Inglês,4º Bimestre,8.5
NOT00000715,ALU00120,Português,1º Bimestre,6.5
NOT00000716,ALU00120,Matemática,2º Bimestre,7.2
NOT00000717,ALU00120,Ciências,3º Bimestre,6.6
NOT00000718,ALU00120,História,1º Bimestre,7.3
NOT00000719,ALU00120,Geografia,3º Bimestre,5.9
NOT00000720,ALU00120,Inglês,2º Bimestre,8.6
NOT00000721,ALU00121,Português,2º Bimestre,5.8
NOT00000722,ALU00121,Matemática,3º Bimestre,7.5
NOT00000723,ALU00121,Ciências,4º Bimestre,6.2
NOT00000724,ALU00121,História,1º Bimestre,9.0
NOT00000725,ALU00121,Geografia,3º Bimestre,9.7
NOT00000726,ALU00121,Inglês,1º Bimestre,9.7
NOT00000727,ALU00122,Português,1º Bimestre,7.1
NOT00000728,ALU00122,Matemática,2º Bimestre,6.4
NOT00000729,ALU00122,Ciências,1º Bimestre,6.5
NOT00000730,ALU00122,História,2º Bimestre,8.5
NOT00000731,ALU00122,Geografia,2º Bimestre,5.7
NOT00000732,ALU00122,Inglês,3º Bimestre,7.4
NOT00000733,ALU00123,Português,2º Bimestre,8.1
NOT00000734,ALU00123,Matemática,2º Bimestre,8.7
NOT00000735,ALU00123,Ciências,4º Bimestre,8.8
NOT00000736,ALU00123,História,2º Bimestre,9.7
NOT00000737,ALU00123,Geografia,4º Bimestre,6.7
NOT00000738,ALU00123,Inglês,1º Bimestre,5.6
NOT00000739,ALU00124,Português,2º Bimestre,7.2
NOT00000740,ALU00124,Matemática,2º Bimestre,7.2
NOT00000741,ALU00124,Ciências,4º Bimestre,8.6
NOT00000742,ALU00124,História,3º Bimestre,8.6
NOT00000743,ALU00124,Geografia,2º Bimestre,8.5
NOT00000744,ALU00124,Inglês,1º Bimestre,6.7
NOT00000745,ALU00125,Português,2º Bimestre,5.9
NOT00000746,ALU00125,Matemática,3º Bimestre,7.8
NOT00000747,ALU00125,Ciências,4º Bimestre,9.0
NOT00000748,ALU00125,História,3º Bimestre,9.6
NOT00000749,ALU00125,Geografia,4º Bimestre,6.4
NOT00000750,ALU00125,Inglês,2º Bimestre,8.0
NOT00000751,ALU00126,Português,1º Bimestre,8.4
NOT00000752,ALU00126,Matemática,1º Bimestre,8.9
NOT00000753,ALU00126,Ciências,4º Bimestre,5.8
NOT00000754,ALU00126,História,4º Bimestre,5.5
NOT00000755,ALU00126,Geografia,4º Bimestre,9.2
NOT00000756,ALU00126,Inglês,3º Bimestre,6.7
NOT00000757,ALU00127,Português,3º Bimestre,8.0
NOT00000758,ALU00127,Matemática,1º Bimestre,5.8
NOT00000759,ALU00127,Ciências,2º Bimestre,7.0
NOT00000760,ALU00127,História,4º Bimestre,8.3
NOT00000761,ALU00127,Geografia,3º Bimestre,8.9
NOT00000762,ALU00127,Inglês,3º Bimestre,5.6
NOT00000763,ALU00128,Português,4º Bimestre,5.5
NOT00000764,ALU00128,Matemática,2º Bimestre,6.5
NOT00000765,ALU00128,Ciências,1º Bimestre,6.6
NOT00000766,ALU00128,História,1º Bimestre,6.8
NOT00000767,ALU00128,Geografia,3º Bimestre,7.7
NOT00000768,ALU00128,Inglês,3º Bimestre,7.0
NOT00000769,ALU00129,Português,4º Bimestre,6.8
NOT00000770,ALU00129,Matemática,3º Bimestre,6.5
NOT00000771,ALU00129,Ciências,1º Bimestre,8.3
NOT00000772,ALU00129,História,3º Bimestre,6.4
NOT00000773,ALU00129,Geografia,1º Bimestre,6.6
NOT00000774,ALU00129,Inglês,3º Bimestre,8.6
NOT00000775,ALU00130,Português,1º Bimestre,9.3
NOT00000776,ALU00130,Matemática,4º Bimestre,7.0
NOT00000777,ALU00130,Ciências,4º Bimestre,9.6
NOT00000778,ALU00130,História,3º Bimestre,8.5
NOT00000779,ALU00130,Geografia,1º Bimestre,6.6
NOT00000780,ALU00130,Inglês,3º Bimestre,6.4
NOT00000781,ALU00131,Português,3º Bimestre,7.1
NOT00000782,ALU00131,Matemática,2º Bimestre,8.6
NOT00000783,ALU00131,Ciências,2º Bimestre,8.6
NOT00000784,ALU00131,História,2º Bimestre,7.7
NOT00000785,ALU00131,Geografia,4º Bimestre,8.0
NOT00000786,ALU00131,Inglês,1º Bimestre,7.5
NOT00000787,ALU00132,Português,4º Bimestre,6.9
NOT00000788,ALU00132,Matemática,2º Bimestre,8.6
NOT00000789,ALU00132,Ciências,3º Bimestre,6.2
NOT00000790,ALU00132,História,3º Bimestre,9.0
NOT00000791,ALU00132,Geografia,3º Bimestre,8.6
NOT00000792,ALU00132,Inglês,1º Bimestre,8.3
NOT00000793,ALU00133,Português,1º Bimestre,7.4
NOT00000794,ALU00133,Matemática,3º Bimestre,6.6
NOT00000795,ALU00133,Ciências,1º Bimestre,8.4
NOT00000796,ALU00133,História,4º Bimestre,5.7
NOT00000797,ALU00133,Geografia,1º Bimestre,8.5
NOT00000798,ALU00133,Inglês,3º Bimestre,8.5
NOT00000799,ALU00134,Português,1º Bimestre,6.0
NOT00000800,ALU00134,Matemática,2º Bimestre,8.3
NOT00000801,ALU00134,Ciências,2º Bimestre,6.1
NOT00000802,ALU00134,História,3º Bimestre,9.4
NOT00000803,ALU00134,Geografia,2º Bimestre,8.0
NOT00000804,ALU00134,Inglês,1º Bimestre,6.8
NOT00000805,ALU00135,Português,2º Bimestre,7.2
NOT00000806,ALU00135,Matemática,4º Bimestre,8.4
NOT00000807,ALU00135,Ciências,4º Bimestre,8.3
NOT00000808,ALU00135,História,2º Bimestre,6.1
NOT00000809,ALU00135,Geografia,4º Bimestre,6.8
NOT00000810,ALU00135,Inglês,4º Bimestre,5.7
NOT00000811,ALU00136,Português,3º Bimestre,7.7
NOT00000812,ALU00136,Matemática,1º Bimestre,8.9
NOT00000813,ALU00136,Ciências,3º Bimestre,7.5
NOT00000814,ALU00136,História,3º Bimestre,7.8
NOT00000815,ALU00136,Geografia,3º Bimestre,9.8
NOT00000816,ALU00136,Inglês,2º Bimestre,8.5
NOT00000817,ALU00137,Português,1º Bimestre,9.6
NOT00000818,ALU00137,Matemática,1º Bimestre,6.4
NOT00000819,ALU00137,Ciências,3º Bimestre,5.9
NOT00000820,ALU00137,História,3º Bimestre,9.0
NOT00000821,ALU00137,Geografia,4º Bimestre,8.9
NOT00000822,ALU00137,Inglês,2º Bimestre,8.8
NOT00000823,ALU00138,Português,1º Bimestre,8.3
NOT00000824,ALU00138,Matemática,1º Bimestre,7.6
NOT00000825,ALU00138,Ciências,2º Bimestre,9.0
NOT00000826,ALU00138,História,2º Bimestre,7.7
NOT00000827,ALU00138,Geografia,3º Bimestre,6.8
NOT00000828,ALU00138,Inglês,2º Bimestre,8.8
NOT00000829,ALU00139,Português,2º Bimestre,6.4
NOT00000830,ALU00139,Matemática,2º Bimestre,6.5
NOT00000831,ALU00139,Ciências,2º Bimestre,6.7
NOT00000832,ALU00139,História,4º Bimestre,8.9
NOT00000833,ALU00139,Geografia,3º Bimestre,8.0
NOT00000834,ALU00139,Inglês,4º Bimestre,5.5
NOT00000835,ALU00140,Português,1º Bimestre,6.6
NOT00000836,ALU00140,Matemática,2º Bimestre,6.4
NOT00000837,ALU00140,Ciências,1º Bimestre,8.1
NOT00000838,ALU00140,História,1º Bimestre,7.0
NOT00000839,ALU00140,Geografia,1º Bimestre,6.2
NOT00000840,ALU00140,Inglês,2º Bimestre,9.7
NOT00000841,ALU00141,Português,4º Bimestre,5.9
NOT00000842,ALU00141,Matemática,2º Bimestre,7.5
NOT00000843,ALU00141,Ciências,4º Bimestre,6.6
NOT00000844,ALU00141,História,4º Bimestre,6.9
NOT00000845,ALU00141,Geografia,3º Bimestre,5.5
NOT00000846,ALU00141,Inglês,2º Bimestre,6.4
NOT00000847,ALU00142,Português,2º Bimestre,8.0
NOT00000848,ALU00142,Matemática,4º Bimestre,9.2
NOT00000849,ALU00142,Ciências,4º Bimestre,7.1
NOT00000850,ALU00142,História,1º Bimestre,7.1
NOT00000851,ALU00142,Geografia,1º Bimestre,8.2
NOT00000852,ALU00142,Inglês,2º Bimestre,9.0
NOT00000853,ALU00143,Português,4º Bimestre,8.5
NOT00000854,ALU00143,Matemática,3º Bimestre,9.2
NOT00000855,ALU00143,Ciências,2º Bimestre,9.2
NOT00000856,ALU00143,História,1º Bimestre,6.4
NOT00000857,ALU00143,Geografia,3º Bimestre,5.7
NOT00000858,ALU00143,Inglês,2º Bimestre,6.9
NOT00000859,ALU00144,Português,2º Bimestre,7.8
NOT00000860,ALU00144,Matemática,1º Bimestre,9.4
NOT00000861,ALU00144,Ciências,3º Bimestre,8.6
NOT00000862,ALU00144,História,1º Bimestre,5.9
NOT00000863,ALU00144,Geografia,4º Bimestre,9.4
NOT00000864,ALU00144,Inglês,1º Bimestre,8.9
NOT00000865,ALU00145,Português,1º Bimestre,6.0
NOT00000866,ALU00145,Matemática,1º Bimestre,8.8
NOT00000867,ALU00145,Ciências,2º Bimestre,5.8
NOT00000868,ALU00145,História,1º Bimestre,6.8
NOT00000869,ALU00145,Geografia,3º Bimestre,6.7
NOT00000870,ALU00145,Inglês,2º Bimestre,8.4
NOT00000871,ALU00146,Português,4º Bimestre,5.7
NOT00000872,ALU00146,Matemática,1º Bimestre,5.6
NOT00000873,ALU00146,Ciências,2º Bimestre,8.4
NOT00000874,ALU00146,História,1º Bimestre,5.5
NOT00000875,ALU00146,Geografia,3º Bimestre,6.8
NOT00000876,ALU00146,Inglês,2º Bimestre,7.6
NOT00000877,ALU00147,Português,4º Bimestre,6.1
NOT00000878,ALU00147,Matemática,4º Bimestre,8.7
NOT00000879,ALU00147,Ciências,1º Bimestre,6.1
NOT00000880,ALU00147,História,2º Bimestre,6.9
NOT00000881,ALU00147,Geografia,3º Bimestre,8.8
NOT00000882,ALU00147,Inglês,3º Bimestre,9.0
NOT00000883,ALU00148,Português,4º Bimestre,8.8
NOT00000884,ALU00148,Matemática,1º Bimestre,9.0
NOT00000885,ALU00148,Ciências,1º Bimestre,8.6
NOT00000886,ALU00148,História,1º Bimestre,6.2
NOT00000887,ALU00148,Geografia,3º Bimestre,7.1
NOT00000888,ALU00148,Inglês,1º Bimestre,9.7
NOT00000889,ALU00149,Português,1º Bimestre,8.2
NOT00000890,ALU00149,Matemática,3º Bimestre,7.8
NOT00000891,ALU00149,Ciências,4º Bimestre,6.2
NOT00000892,ALU00149,História,3º Bimestre,6.0
NOT00000893,ALU00149,Geografia,4º Bimestre,8.1
NOT00000894,ALU00149,Inglês,4º Bimestre,8.4
NOT00000895,ALU00150,Português,1º Bimestre,7.0
NOT00000896,ALU00150,Matemática,4º Bimestre,9.3
NOT00000897,ALU00150,Ciências,2º Bimestre,9.5
NOT00000898,ALU00150,História,2º Bimestre,8.0
NOT00000899,ALU00150,Geografia,3º Bimestre,9.3
NOT00000900,ALU00150,Inglês,4º Bimestre,6.5
NOT00000901,ALU00151,Português,4º Bimestre,6.5
NOT00000902,ALU00151,Matemática,2º Bimestre,8.5
NOT00000903,ALU00151,Ciências,2º Bimestre,8.8
NOT00000904,ALU00151,História,1º Bimestre,7.3
NOT00000905,ALU00151,Geografia,3º Bimestre,6.8
NOT00000906,ALU00151,Inglês,1º Bimestre,5.8
NOT00000907,ALU00152,Português,2º Bimestre,7.0
NOT00000908,ALU00152,Matemática,3º Bimestre,9.2
NOT00000909,ALU00152,Ciências,1º Bimestre,5.9
NOT00000910,ALU00152,História,3º Bimestre,8.9
NOT00000911,ALU00152,Geografia,4º Bimestre,9.6
NOT00000912,ALU00152,Inglês,2º Bimestre,8.8
NOT00000913,ALU00153,Português,3º Bimestre,8.3
NOT00000914,ALU00153,Matemática,4º Bimestre,7.9
NOT00000915,ALU00153,Ciências,1º Bimestre,7.1
NOT00000916,ALU00153,História,3º Bimestre,5.8
NOT00000917,ALU00153,Geografia,2º Bimestre,6.0
NOT00000918,ALU00153,Inglês,3º Bimestre,6.9
NOT00000919,ALU00154,Português,3º Bimestre,7.9
NOT00000920,ALU00154,Matemática,1º Bimestre,7.4
NOT00000921,ALU00154,Ciências,1º Bimestre,8.5
NOT00000922,ALU00154,História,4º Bimestre,8.7
NOT00000923,ALU00154,Geografia,3º Bimestre,9.5
NOT00000924,ALU00154,Inglês,2º Bimestre,8.8
NOT00000925,ALU00155,Português,1º Bimestre,9.6
NOT00000926,ALU00155,Matemática,4º Bimestre,6.0
NOT00000927,ALU00155,Ciências,2º Bimestre,8.6
NOT00000928,ALU00155,História,3º Bimestre,6.3
NOT00000929,ALU00155,Geografia,1º Bimestre,7.5
NOT00000930,ALU00155,Inglês,1º Bimestre,9.1
NOT00000931,ALU00156,Português,4º Bimestre,6.2
NOT00000932,ALU00156,Matemática,4º Bimestre,7.5
NOT00000933,ALU00156,Ciências,3º Bimestre,7.1
NOT00000934,ALU00156,História,3º Bimestre,7.7
NOT00000935,ALU00156,Geografia,4º Bimestre,8.0
NOT00000936,ALU00156,Inglês,1º Bimestre,9.0
NOT00000937,ALU00157,Português,1º Bimestre,9.4
NOT00000938,ALU00157,Matemática,4º Bimestre,9.2
NOT00000939,ALU00157,Ciências,1º Bimestre,9.7
NOT00000940,ALU00157,História,1º Bimestre,9.7
NOT00000941,ALU00157,Geografia,3º Bimestre,6.9
NOT00000942,ALU00157,Inglês,1º Bimestre,5.9
NOT00000943,ALU00158,Português,3º Bimestre,6.9
NOT00000944,ALU00158,Matemática,1º Bimestre,5.6
NOT00000945,ALU00158,Ciências,4º Bimestre,5.8
NOT00000946,ALU00158,História,1º Bimestre,8.7
NOT00000947,ALU00158,Geografia,4º Bimestre,6.2
NOT00000948,ALU00158,Inglês,3º Bimestre,7.2
NOT00000949,ALU00159,Português,4º Bimestre,9.2
NOT00000950,ALU00159,Matemática,3º Bimestre,9.6
NOT00000951,ALU00159,Ciências,2º Bimestre,7.6
NOT00000952,ALU00159,História,4º Bimestre,7.9
NOT00000953,ALU00159,Geografia,2º Bimestre,5.7
NOT00000954,ALU00159,Inglês,3º Bimestre,7.2
NOT00000955,ALU00160,Português,3º Bimestre,8.6
NOT00000956,ALU00160,Matemática,4º Bimestre,6.4
NOT00000957,ALU00160,Ciências,4º Bimestre,7.8
NOT00000958,ALU00160,História,2º Bimestre,6.3
NOT00000959,ALU00160,Geografia,3º Bimestre,9.2
NOT00000960,ALU00160,Inglês,2º Bimestre,9.6
NOT00000961,ALU00161,Português,3º Bimestre,6.7
NOT00000962,ALU00161,Matemática,3º Bimestre,6.1
NOT00000963,ALU00161,Ciências,4º Bimestre,9.2
NOT00000964,ALU00161,História,3º Bimestre,6.4
NOT00000965,ALU00161,Geografia,1º Bimestre,8.8
NOT00000966,ALU00161,Inglês,1º Bimestre,7.5
NOT00000967,ALU00162,Português,3º Bimestre,6.5
NOT00000968,ALU00162,Matemática,2º Bimestre,9.3
NOT00000969,ALU00162,Ciências,1º Bimestre,9.0
NOT00000970,ALU00162,História,1º Bimestre,7.6
NOT00000971,ALU00162,Geografia,3º Bimestre,8.3
NOT00000972,ALU00162,Inglês,2º Bimestre,6.2
NOT00000973,ALU00163,Português,3º Bimestre,7.2
NOT00000974,ALU00163,Matemática,3º Bimestre,9.0
NOT00000975,ALU00163,Ciências,3º Bimestre,6.8
NOT00000976,ALU00163,História,4º Bimestre,6.2
NOT00000977,ALU00163,Geografia,1º Bimestre,8.0
NOT00000978,ALU00163,Inglês,2º Bimestre,5.8
NOT00000979,ALU00164,Português,2º Bimestre,6.8
NOT00000980,ALU00164,Matemática,2º Bimestre,9.0
NOT00000981,ALU00164,Ciências,1º Bimestre,6.4
NOT00000982,ALU00164,História,1º Bimestre,8.4
NOT00000983,ALU00164,Geografia,3º Bimestre,9.1
NOT00000984,ALU00164,Inglês,3º Bimestre,8.0
NOT00000985,ALU00165,Português,3º Bimestre,8.5
NOT00000986,ALU00165,Matemática,1º Bimestre,9.0
NOT00000987,ALU00165,Ciências,4º Bimestre,8.0
NOT00000988,ALU00165,História,4º Bimestre,9.3
NOT00000989,ALU00165,Geografia,1º Bimestre,8.1
NOT00000990,ALU00165,Inglês,4º Bimestre,5.7
NOT00000991,ALU00166,Português,2º Bimestre,8.6
NOT00000992,ALU00166,Matemática,4º Bimestre,9.2
NOT00000993,ALU00166,Ciências,2º Bimestre,6.3
NOT00000994,ALU00166,História,4º Bimestre,5.5
NOT00000995,ALU00166,Geografia,4º Bimestre,8.9
NOT00000996,ALU00166,Inglês,4º Bimestre,7.6
NOT00000997,ALU00167,Português,3º Bimestre,7.1
NOT00000998,ALU00167,Matemática,3º Bimestre,5.6
NOT00000999,ALU00167,Ciências,4º Bimestre,6.9
NOT00001000,ALU00167,História,3º Bimestre,6.6
NOT00001001,ALU00167,Geografia,1º Bimestre,7.1
NOT00001002,ALU00167,Inglês,1º Bimestre,6.2
NOT00001003,ALU00168,Português,3º Bimestre,9.1
NOT00001004,ALU00168,Matemática,3º Bimestre,8.7
NOT00001005,ALU00168,Ciências,2º Bimestre,8.7
NOT00001006,ALU00168,História,1º Bimestre,7.8
NOT00001007,ALU00168,Geografia,4º Bimestre,5.9
NOT00001008,ALU00168,Inglês,1º Bimestre,8.4
NOT00001009,ALU00169,Português,4º Bimestre,6.8
NOT00001010,ALU00169,Matemática,3º Bimestre,9.2
NOT00001011,ALU00169,Ciências,3º Bimestre,6.4
NOT00001012,ALU00169,História,3º Bimestre,9.6
NOT00001013,ALU00169,Geografia,4º Bimestre,6.0
NOT00001014,ALU00169,Inglês,2º Bimestre,9.7
NOT00001015,ALU00170,Português,2º Bimestre,8.9
NOT00001016,ALU00170,Matemática,2º Bimestre,6.9
NOT00001017,ALU00170,Ciências,4º Bimestre,8.1
NOT00001018,ALU00170,História,3º Bimestre,5.6
NOT00001019,ALU00170,Geografia,3º Bimestre,5.9
NOT00001020,ALU00170,Inglês,1º Bimestre,6.6
NOT00001021,ALU00171,Português,1º Bimestre,6.6
NOT00001022,ALU00171,Matemática,2º Bimestre,7.1
NOT00001023,ALU00171,Ciências,3º Bimestre,6.1
NOT00001024,ALU00171,História,3º Bimestre,5.7
NOT00001025,ALU00171,Geografia,3º Bimestre,6.6
NOT00001026,ALU00171,Inglês,2º Bimestre,8.1
NOT00001027,ALU00172,Português,4º Bimestre,9.6
NOT00001028,ALU00172,Matemática,2º Bimestre,8.0
NOT00001029,ALU00172,Ciências,3º Bimestre,7.6
NOT00001030,ALU00172,História,1º Bimestre,7.9
NOT00001031,ALU00172,Geografia,3º Bimestre,9.4
NOT00001032,ALU00172,Inglês,2º Bimestre,8.5
NOT00001033,ALU00173,Português,1º Bimestre,9.2
NOT00001034,ALU00173,Matemática,1º Bimestre,8.2
NOT00001035,ALU00173,Ciências,1º Bimestre,8.3
NOT00001036,ALU00173,História,3º Bimestre,7.3
NOT00001037,ALU00173,Geografia,4º Bimestre,7.2
NOT00001038,ALU00173,Inglês,2º Bimestre,7.3
NOT00001039,ALU00174,Português,4º Bimestre,7.7
NOT00001040,ALU00174,Matemática,4º Bimestre,7.2
NOT00001041,ALU00174,Ciências,4º Bimestre,9.1
NOT00001042,ALU00174,História,4º Bimestre,7.6
NOT00001043,ALU00174,Geografia,3º Bimestre,8.4
NOT00001044,ALU00174,Inglês,4º Bimestre,9.6
NOT00001045,ALU00175,Português,4º Bimestre,9.3
NOT00001046,ALU00175,Matemática,4º Bimestre,5.8
NOT00001047,ALU00175,Ciências,4º Bimestre,6.4
NOT00001048,ALU00175,História,1º Bimestre,9.6
NOT00001049,ALU00175,Geografia,3º Bimestre,6.1
NOT00001050,ALU00175,Inglês,2º Bimestre,9.8
NOT00001051,ALU00176,Português,2º Bimestre,8.8
NOT00001052,ALU00176,Matemática,2º Bimestre,5.8
NOT00001053,ALU00176,Ciências,3º Bimestre,9.1
NOT00001054,ALU00176,História,1º Bimestre,5.8
NOT00001055,ALU00176,Geografia,1º Bimestre,8.3
NOT00001056,ALU00176,Inglês,4º Bimestre,5.8
NOT00001057,ALU00177,Português,3º Bimestre,6.1
NOT00001058,ALU00177,Matemática,1º Bimestre,5.9
NOT00001059,ALU00177,Ciências,4º Bimestre,9.3
NOT00001060,ALU00177,História,2º Bimestre,7.7
NOT00001061,ALU00177,Geografia,4º Bimestre,9.1
NOT00001062,ALU00177,Inglês,4º Bimestre,8.0
NOT00001063,ALU00178,Português,4º Bimestre,6.1
NOT00001064,ALU00178,Matemática,3º Bimestre,8.1
NOT00001065,ALU00178,Ciências,2º Bimestre,9.7
NOT00001066,ALU00178,História,3º Bimestre,7.1
NOT00001067,ALU00178,Geografia,1º Bimestre,9.4
NOT00001068,ALU00178,Inglês,1º Bimestre,8.5
NOT00001069,ALU00179,Português,1º Bimestre,6.3
NOT00001070,ALU00179,Matemática,3º Bimestre,7.3
NOT00001071,ALU00179,Ciências,4º Bimestre,6.5
NOT00001072,ALU00179,História,2º Bimestre,5.7
NOT00001073,ALU00179,Geografia,4º Bimestre,7.5
NOT00001074,ALU00179,Inglês,1º Bimestre,9.0
NOT00001075,ALU00180,Português,1º Bimestre,6.3
NOT00001076,ALU00180,Matemática,3º Bimestre,6.9
NOT00001077,ALU00180,Ciências,1º Bimestre,6.7
NOT00001078,ALU00180,História,2º Bimestre,6.5
NOT00001079,ALU00180,Geografia,1º Bimestre,5.8
NOT00001080,ALU00180,Inglês,3º Bimestre,9.4
NOT00001081,ALU00181,Português,4º Bimestre,5.9
NOT00001082,ALU00181,Matemática,1º Bimestre,7.5
NOT00001083,ALU00181,Ciências,1º Bimestre,6.7
NOT00001084,ALU00181,História,2º Bimestre,6.2
NOT00001085,ALU00181,Geografia,2º Bimestre,8.2
NOT00001086,ALU00181,Inglês,1º Bimestre,5.9
NOT00001087,ALU00182,Português,1º Bimestre,6.0
NOT00001088,ALU00182,Matemática,1º Bimestre,6.9
NOT00001089,ALU00182,Ciências,3º Bimestre,6.3
NOT00001090,ALU00182,História,4º Bimestre,7.1
NOT00001091,ALU00182,Geografia,4º Bimestre,8.7
NOT00001092,ALU00182,Inglês,4º Bimestre,8.1
NOT00001093,ALU00183,Português,1º Bimestre,8.6
NOT00001094,ALU00183,Matemática,3º Bimestre,6.3
NOT00001095,ALU00183,Ciências,1º Bimestre,7.8
NOT00001096,ALU00183,História,3º Bimestre,7.4
NOT00001097,ALU00183,Geografia,3º Bimestre,8.8
NOT00001098,ALU00183,Inglês,1º Bimestre,5.9
NOT00001099,ALU00184,Português,1º Bimestre,6.0
NOT00001100,ALU00184,Matemática,4º Bimestre,6.4
NOT00001101,ALU00184,Ciências,3º Bimestre,6.4
NOT00001102,ALU00184,História,3º Bimestre,6.2
NOT00001103,ALU00184,Geografia,2º Bimestre,9.7
NOT00001104,ALU00184,Inglês,2º Bimestre,6.1
NOT00001105,ALU00185,Português,4º Bimestre,9.5
NOT00001106,ALU00185,Matemática,1º Bimestre,8.5
NOT00001107,ALU00185,Ciências,3º Bimestre,7.9
NOT00001108,ALU00185,História,3º Bimestre,7.8
NOT00001109,ALU00185,Geografia,4º Bimestre,7.9
NOT00001110,ALU00185,Inglês,4º Bimestre,8.8
NOT00001111,ALU00186,Português,2º Bimestre,7.1
NOT00001112,ALU00186,Matemática,2º Bimestre,8.4
NOT00001113,ALU00186,Ciências,3º Bimestre,7.0
NOT00001114,ALU00186,História,1º Bimestre,9.5
NOT00001115,ALU00186,Geografia,3º Bimestre,8.1
NOT00001116,ALU00186,Inglês,1º Bimestre,6.0
NOT00001117,ALU00187,Português,2º Bimestre,5.7
NOT00001118,ALU00187,Matemática,1º Bimestre,8.5
NOT00001119,ALU00187,Ciências,1º Bimestre,8.0
NOT00001120,ALU00187,História,2º Bimestre,9.0
NOT00001121,ALU00187,Geografia,2º Bimestre,8.2
NOT00001122,ALU00187,Inglês,4º Bimestre,8.7
NOT00001123,ALU00188,Português,4º Bimestre,9.4
NOT00001124,ALU00188,Matemática,3º Bimestre,8.5
NOT00001125,ALU00188,Ciências,3º Bimestre,7.0
NOT00001126,ALU00188,História,3º Bimestre,5.7
NOT00001127,ALU00188,Geografia,2º Bimestre,7.7
NOT00001128,ALU00188,Inglês,1º Bimestre,7.4
NOT00001129,ALU00189,Português,1º Bimestre,9.1
NOT00001130,ALU00189,Matemática,2º Bimestre,9.7
NOT00001131,ALU00189,Ciências,2º Bimestre,7.6
NOT00001132,ALU00189,História,2º Bimestre,6.0
NOT00001133,ALU00189,Geografia,4º Bimestre,9.0
NOT00001134,ALU00189,Inglês,3º Bimestre,9.3
NOT00001135,ALU00190,Português,4º Bimestre,6.8
NOT00001136,ALU00190,Matemática,1º Bimestre,8.0
NOT00001137,ALU00190,Ciências,3º Bimestre,8.8
NOT00001138,ALU00190,História,2º Bimestre,5.7
NOT00001139,ALU00190,Geografia,3º Bimestre,6.5
NOT00001140,ALU00190,Inglês,3º Bimestre,8.2
NOT00001141,ALU00191,Português,1º Bimestre,8.2
NOT00001142,ALU00191,Matemática,2º Bimestre,7.3
NOT00001143,ALU00191,Ciências,1º Bimestre,7.9
NOT00001144,ALU00191,História,4º Bimestre,7.6
NOT00001145,ALU00191,Geografia,2º Bimestre,9.1
NOT00001146,ALU00191,Inglês,1º Bimestre,8.6
NOT00001147,ALU00192,Português,3º Bimestre,7.2
NOT00001148,ALU00192,Matemática,3º Bimestre,9.4
NOT00001149,ALU00192,Ciências,4º Bimestre,9.5
NOT00001150,ALU00192,História,4º Bimestre,7.2
NOT00001151,ALU00192,Geografia,3º Bimestre,7.7
NOT00001152,ALU00192,Inglês,2º Bimestre,7.3
NOT00001153,ALU00193,Português,4º Bimestre,7.8
NOT00001154,ALU00193,Matemática,1º Bimestre,9.7
NOT00001155,ALU00193,Ciências,1º Bimestre,8.3
NOT00001156,ALU00193,História,3º Bimestre,7.7
NOT00001157,ALU00193,Geografia,3º Bimestre,6.9
NOT00001158,ALU00193,Inglês,1º Bimestre,8.9
NOT00001159,ALU00194,Português,4º Bimestre,8.9
NOT00001160,ALU00194,Matemática,2º Bimestre,6.2
NOT00001161,ALU00194,Ciências,4º Bimestre,9.6
NOT00001162,ALU00194,História,4º Bimestre,8.8
NOT00001163,ALU00194,Geografia,1º Bimestre,8.8
NOT00001164,ALU00194,Inglês,4º Bimestre,9.2
NOT00001165,ALU00195,Português,4º Bimestre,8.1
NOT00001166,ALU00195,Matemática,3º Bimestre,9.6
NOT00001167,ALU00195,Ciências,1º Bimestre,5.5
NOT00001168,ALU00195,História,3º Bimestre,7.9
NOT00001169,ALU00195,Geografia,3º Bimestre,6.6
NOT00001170,ALU00195,Inglês,4º Bimestre,8.6
NOT00001171,ALU00196,Português,1º Bimestre,6.8
NOT00001172,ALU00196,Matemática,2º Bimestre,7.0
NOT00001173,ALU00196,Ciências,4º Bimestre,8.3
NOT00001174,ALU00196,História,3º Bimestre,7.9
NOT00001175,ALU00196,Geografia,4º Bimestre,9.6
NOT00001176,ALU00196,Inglês,3º Bimestre,7.1
NOT00001177,ALU00197,Português,2º Bimestre,9.1
NOT00001178,ALU00197,Matemática,3º Bimestre,6.8
NOT00001179,ALU00197,Ciências,2º Bimestre,9.0
NOT00001180,ALU00197,História,2º Bimestre,5.9
NOT00001181,ALU00197,Geografia,1º Bimestre,7.4
NOT00001182,ALU00197,Inglês,3º Bimestre,5.8
NOT00001183,ALU00198,Português,2º Bimestre,8.9
NOT00001184,ALU00198,Matemática,3º Bimestre,9.4
NOT00001185,ALU00198,Ciências,2º Bimestre,7.8
NOT00001186,ALU00198,História,2º Bimestre,7.4
NOT00001187,ALU00198,Geografia,4º Bimestre,8.5
NOT00001188,ALU00198,Inglês,2º Bimestre,9.6
NOT00001189,ALU00199,Português,1º Bimestre,6.6
NOT00001190,ALU00199,Matemática,3º Bimestre,5.9
NOT00001191,ALU00199,Ciências,2º Bimestre,8.9
NOT00001192,ALU00199,História,1º Bimestre,8.5
NOT00001193,ALU00199,Geografia,2º Bimestre,9.1
NOT00001194,ALU00199,Inglês,1º Bimestre,9.0
NOT00001195,ALU00200,Português,3º Bimestre,9.5
NOT00001196,ALU00200,Matemática,4º Bimestre,9.5
NOT00001197,ALU00200,Ciências,4º Bimestre,8.1
NOT00001198,ALU00200,História,3º Bimestre,5.6
NOT00001199,ALU00200,Geografia,4º Bimestre,7.3
NOT00001200,ALU00200,Inglês,3º Bimestre,6.0
NOT00001201,ALU00201,Português,4º Bimestre,7.5
NOT00001202,ALU00201,Matemática,4º Bimestre,6.0
NOT00001203,ALU00201,Ciências,3º Bimestre,9.4
NOT00001204,ALU00201,História,3º Bimestre,9.0
NOT00001205,ALU00201,Geografia,1º Bimestre,6.3
NOT00001206,ALU00201,Inglês,2º Bimestre,7.5
NOT00001207,ALU00202,Português,1º Bimestre,9.3
NOT00001208,ALU00202,Matemática,3º Bimestre,6.2
NOT00001209,ALU00202,Ciências,2º Bimestre,8.3
NOT00001210,ALU00202,História,2º Bimestre,9.6
NOT00001211,ALU00202,Geografia,3º Bimestre,9.8
NOT00001212,ALU00202,Inglês,4º Bimestre,6.2
NOT00001213,ALU00203,Português,1º Bimestre,7.2
NOT00001214,ALU00203,Matemática,2º Bimestre,8.7
NOT00001215,ALU00203,Ciências,4º Bimestre,7.0
NOT00001216,ALU00203,História,2º Bimestre,7.4
NOT00001217,ALU00203,Geografia,1º Bimestre,9.5
NOT00001218,ALU00203,Inglês,3º Bimestre,7.1
NOT00001219,ALU00204,Português,4º Bimestre,9.0
NOT00001220,ALU00204,Matemática,3º Bimestre,8.7
NOT00001221,ALU00204,Ciências,2º Bimestre,7.9
NOT00001222,ALU00204,História,1º Bimestre,7.4
NOT00001223,ALU00204,Geografia,2º Bimestre,8.2
NOT00001224,ALU00204,Inglês,1º Bimestre,6.1
NOT00001225,ALU00205,Português,4º Bimestre,8.9
NOT00001226,ALU00205,Matemática,1º Bimestre,8.1
NOT00001227,ALU00205,Ciências,4º Bimestre,7.9
NOT00001228,ALU00205,História,3º Bimestre,5.7
NOT00001229,ALU00205,Geografia,3º Bimestre,8.8
NOT00001230,ALU00205,Inglês,4º Bimestre,5.8
NOT00001231,ALU00206,Português,4º Bimestre,7.4
NOT00001232,ALU00206,Matemática,4º Bimestre,8.8
NOT00001233,ALU00206,Ciências,3º Bimestre,9.7
NOT00001234,ALU00206,História,4º Bimestre,5.9
NOT00001235,ALU00206,Geografia,2º Bimestre,9.0
NOT00001236,ALU00206,Inglês,3º Bimestre,9.2
NOT00001237,ALU00207,Português,2º Bimestre,6.5
NOT00001238,ALU00207,Matemática,4º Bimestre,6.2
NOT00001239,ALU00207,Ciências,1º Bimestre,8.2
NOT00001240,ALU00207,História,1º Bimestre,6.1
NOT00001241,ALU00207,Geografia,1º Bimestre,7.9
NOT00001242,ALU00207,Inglês,1º Bimestre,6.1
NOT00001243,ALU00208,Português,2º Bimestre,8.4
NOT00001244,ALU00208,Matemática,4º Bimestre,7.6
NOT00001245,ALU00208,Ciências,2º Bimestre,9.4
NOT00001246,ALU00208,História,2º Bimestre,8.0
NOT00001247,ALU00208,Geografia,2º Bimestre,9.7
NOT00001248,ALU00208,Inglês,2º Bimestre,9.5
NOT00001249,ALU00209,Português,4º Bimestre,6.6
NOT00001250,ALU00209,Matemática,1º Bimestre,7.6
NOT00001251,ALU00209,Ciências,2º Bimestre,5.6
NOT00001252,ALU00209,História,3º Bimestre,8.3
NOT00001253,ALU00209,Geografia,3º Bimestre,7.8
NOT00001254,ALU00209,Inglês,1º Bimestre,8.0
NOT00001255,ALU00210,Português,1º Bimestre,8.6
NOT00001256,ALU00210,Matemática,2º Bimestre,6.5
NOT00001257,ALU00210,Ciências,4º Bimestre,8.3
NOT00001258,ALU00210,História,2º Bimestre,5.5
NOT00001259,ALU00210,Geografia,4º Bimestre,9.6
NOT00001260,ALU00210,Inglês,2º Bimestre,8.0
NOT00001261,ALU00211,Português,1º Bimestre,9.1
NOT00001262,ALU00211,Matemática,3º Bimestre,9.0
NOT00001263,ALU00211,Ciências,2º Bimestre,8.9
NOT00001264,ALU00211,História,2º Bimestre,6.1
NOT00001265,ALU00211,Geografia,4º Bimestre,8.4
NOT00001266,ALU00211,Inglês,3º Bimestre,7.1
NOT00001267,ALU00212,Português,2º Bimestre,8.5
NOT00001268,ALU00212,Matemática,1º Bimestre,6.9
NOT00001269,ALU00212,Ciências,2º Bimestre,8.0
NOT00001270,ALU00212,História,3º Bimestre,8.2
NOT00001271,ALU00212,Geografia,1º Bimestre,6.0
NOT00001272,ALU00212,Inglês,3º Bimestre,8.2
NOT00001273,ALU00213,Português,1º Bimestre,9.1
NOT00001274,ALU00213,Matemática,2º Bimestre,9.5
NOT00001275,ALU00213,Ciências,4º Bimestre,6.4
NOT00001276,ALU00213,História,1º Bimestre,8.1
NOT00001277,ALU00213,Geografia,3º Bimestre,9.2
NOT00001278,ALU00213,Inglês,4º Bimestre,9.1
NOT00001279,ALU00214,Português,3º Bimestre,6.0
NOT00001280,ALU00214,Matemática,4º Bimestre,5.8
NOT00001281,ALU00214,Ciências,1º Bimestre,6.8
NOT00001282,ALU00214,História,3º Bimestre,7.8
NOT00001283,ALU00214,Geografia,4º Bimestre,9.0
NOT00001284,ALU00214,Inglês,4º Bimestre,8.1
NOT00001285,ALU00215,Português,4º Bimestre,9.6
NOT00001286,ALU00215,Matemática,4º Bimestre,7.7
NOT00001287,ALU00215,Ciências,2º Bimestre,8.8
NOT00001288,ALU00215,História,2º Bimestre,7.9
NOT00001289,ALU00215,Geografia,1º Bimestre,6.8
NOT00001290,ALU00215,Inglês,3º Bimestre,6.3
NOT00001291,ALU00216,Português,2º Bimestre,7.2
NOT00001292,ALU00216,Matemática,1º Bimestre,9.7
NOT00001293,ALU00216,Ciências,4º Bimestre,5.6
NOT00001294,ALU00216,História,3º Bimestre,9.6
NOT00001295,ALU00216,Geografia,1º Bimestre,9.6
NOT00001296,ALU00216,Inglês,4º Bimestre,7.7
NOT00001297,ALU00217,Português,3º Bimestre,8.6
NOT00001298,ALU00217,Matemática,4º Bimestre,9.7
NOT00001299,ALU00217,Ciências,1º Bimestre,8.9
NOT00001300,ALU00217,História,1º Bimestre,7.6
NOT00001301,ALU00217,Geografia,2º Bimestre,9.8
NOT00001302,ALU00217,Inglês,3º Bimestre,5.5
NOT00001303,ALU00218,Português,1º Bimestre,6.6
NOT00001304,ALU00218,Matemática,1º Bimestre,6.3
NOT00001305,ALU00218,Ciências,2º Bimestre,8.1
NOT00001306,ALU00218,História,2º Bimestre,6.6
NOT00001307,ALU00218,Geografia,2º Bimestre,6.1
NOT00001308,ALU00218,Inglês,3º Bimestre,8.4
NOT00001309,ALU00219,Português,3º Bimestre,9.7
NOT00001310,ALU00219,Matemática,2º Bimestre,9.7
NOT00001311,ALU00219,Ciências,1º Bimestre,5.6
NOT00001312,ALU00219,História,2º Bimestre,9.0
NOT00001313,ALU00219,Geografia,3º Bimestre,8.2
NOT00001314,ALU00219,Inglês,1º Bimestre,8.0
NOT00001315,ALU00220,Português,4º Bimestre,7.2
NOT00001316,ALU00220,Matemática,2º Bimestre,6.0
NOT00001317,ALU00220,Ciências,3º Bimestre,6.0
NOT00001318,ALU00220,História,4º Bimestre,9.1
NOT00001319,ALU00220,Geografia,3º Bimestre,7.9
NOT00001320,ALU00220,Inglês,1º Bimestre,8.8
NOT00001321,ALU00221,Português,3º Bimestre,6.6
NOT00001322,ALU00221,Matemática,1º Bimestre,9.5
NOT00001323,ALU00221,Ciências,4º Bimestre,9.3
NOT00001324,ALU00221,História,4º Bimestre,7.9
NOT00001325,ALU00221,Geografia,3º Bimestre,8.1
NOT00001326,ALU00221,Inglês,1º Bimestre,8.6
NOT00001327,ALU00222,Português,2º Bimestre,8.8
NOT00001328,ALU00222,Matemática,1º Bimestre,9.2
NOT00001329,ALU00222,Ciências,4º Bimestre,7.1
NOT00001330,ALU00222,História,2º Bimestre,5.6
NOT00001331,ALU00222,Geografia,1º Bimestre,6.7
NOT00001332,ALU00222,Inglês,2º Bimestre,6.2
NOT00001333,ALU00223,Português,4º Bimestre,8.7
NOT00001334,ALU00223,Matemática,3º Bimestre,7.1
NOT00001335,ALU00223,Ciências,1º Bimestre,8.0
NOT00001336,ALU00223,História,1º Bimestre,6.1
NOT00001337,ALU00223,Geografia,1º Bimestre,7.7
NOT00001338,ALU00223,Inglês,4º Bimestre,6.3
NOT00001339,ALU00224,Português,2º Bimestre,8.8
NOT00001340,ALU00224,Matemática,2º Bimestre,5.8
NOT00001341,ALU00224,Ciências,3º Bimestre,9.3
NOT00001342,ALU00224,História,4º Bimestre,9.1
NOT00001343,ALU00224,Geografia,1º Bimestre,6.8
NOT00001344,ALU00224,Inglês,4º Bimestre,7.0
NOT00001345,ALU00225,Português,3º Bimestre,6.9
NOT00001346,ALU00225,Matemática,2º Bimestre,8.0
NOT00001347,ALU00225,Ciências,3º Bimestre,7.1
NOT00001348,ALU00225,História,1º Bimestre,9.0
NOT00001349,ALU00225,Geografia,4º Bimestre,6.8
NOT00001350,ALU00225,Inglês,2º Bimestre,8.3
NOT00001351,ALU00226,Português,2º Bimestre,6.0
NOT00001352,ALU00226,Matemática,2º Bimestre,8.4
NOT00001353,ALU00226,Ciências,3º Bimestre,6.8
NOT00001354,ALU00226,História,4º Bimestre,8.2
NOT00001355,ALU00226,Geografia,4º Bimestre,6.4
NOT00001356,ALU00226,Inglês,1º Bimestre,6.5
NOT00001357,ALU00227,Português,2º Bimestre,9.1
NOT00001358,ALU00227,Matemática,4º Bimestre,6.4
NOT00001359,ALU00227,Ciências,1º Bimestre,8.9
NOT00001360,ALU00227,História,3º Bimestre,7.7
NOT00001361,ALU00227,Geografia,1º Bimestre,9.3
NOT00001362,ALU00227,Inglês,2º Bimestre,8.2
NOT00001363,ALU00228,Português,3º Bimestre,8.5
NOT00001364,ALU00228,Matemática,2º Bimestre,7.0
NOT00001365,ALU00228,Ciências,1º Bimestre,6.1
NOT00001366,ALU00228,História,2º Bimestre,7.3
NOT00001367,ALU00228,Geografia,1º Bimestre,8.4
NOT00001368,ALU00228,Inglês,2º Bimestre,6.7
NOT00001369,ALU00229,Português,2º Bimestre,8.6
NOT00001370,ALU00229,Matemática,1º Bimestre,9.3
NOT00001371,ALU00229,Ciências,4º Bimestre,8.3
NOT00001372,ALU00229,História,3º Bimestre,6.9
NOT00001373,ALU00229,Geografia,1º Bimestre,9.6
NOT00001374,ALU00229,Inglês,3º Bimestre,5.9
NOT00001375,ALU00230,Português,2º Bimestre,9.4
NOT00001376,ALU00230,Matemática,2º Bimestre,6.9
NOT00001377,ALU00230,Ciências,1º Bimestre,9.1
NOT00001378,ALU00230,História,1º Bimestre,5.8
NOT00001379,ALU00230,Geografia,1º Bimestre,8.8
NOT00001380,ALU00230,Inglês,2º Bimestre,5.8
NOT00001381,ALU00231,Português,2º Bimestre,7.0
NOT00001382,ALU00231,Matemática,1º Bimestre,8.6
NOT00001383,ALU00231,Ciências,4º Bimestre,7.0
NOT00001384,ALU00231,História,2º Bimestre,7.3
NOT00001385,ALU00231,Geografia,2º Bimestre,6.4
NOT00001386,ALU00231,Inglês,3º Bimestre,7.7
NOT00001387,ALU00232,Português,4º Bimestre,8.3
NOT00001388,ALU00232,Matemática,2º Bimestre,8.8
NOT00001389,ALU00232,Ciências,4º Bimestre,8.1
NOT00001390,ALU00232,História,3º Bimestre,8.0
NOT00001391,ALU00232,Geografia,2º Bimestre,7.2
NOT00001392,ALU00232,Inglês,1º Bimestre,8.7
NOT00001393,ALU00233,Português,1º Bimestre,7.6
NOT00001394,ALU00233,Matemática,3º Bimestre,8.5
NOT00001395,ALU00233,Ciências,3º Bimestre,7.3
NOT00001396,ALU00233,História,4º Bimestre,8.8
NOT00001397,ALU00233,Geografia,3º Bimestre,5.8
NOT00001398,ALU00233,Inglês,3º Bimestre,7.7
NOT00001399,ALU00234,Português,4º Bimestre,7.0
NOT00001400,ALU00234,Matemática,1º Bimestre,9.2
NOT00001401,ALU00234,Ciências,3º Bimestre,6.3
NOT00001402,ALU00234,História,3º Bimestre,7.3
NOT00001403,ALU00234,Geografia,3º Bimestre,7.3
NOT00001404,ALU00234,Inglês,2º Bimestre,9.5
NOT00001405,ALU00235,Português,3º Bimestre,5.8
NOT00001406,ALU00235,Matemática,3º Bimestre,9.7
NOT00001407,ALU00235,Ciências,2º Bimestre,9.0
NOT00001408,ALU00235,História,4º Bimestre,5.7
NOT00001409,ALU00235,Geografia,2º Bimestre,7.6
NOT00001410,ALU00235,Inglês,1º Bimestre,8.4
NOT00001411,ALU00236,Português,4º Bimestre,8.4
NOT00001412,ALU00236,Matemática,4º Bimestre,7.3
NOT00001413,ALU00236,Ciências,3º Bimestre,6.1
NOT00001414,ALU00236,História,1º Bimestre,5.6
NOT00001415,ALU00236,Geografia,2º Bimestre,9.8
NOT00001416,ALU00236,Inglês,1º Bimestre,7.0
NOT00001417,ALU00237,Português,4º Bimestre,6.6
NOT00001418,ALU00237,Matemática,2º Bimestre,7.2
NOT00001419,ALU00237,Ciências,1º Bimestre,6.8
NOT00001420,ALU00237,História,1º Bimestre,6.6
NOT00001421,ALU00237,Geografia,3º Bimestre,7.2
NOT00001422,ALU00237,Inglês,2º Bimestre,5.8
NOT00001423,ALU00238,Português,3º Bimestre,7.5
NOT00001424,ALU00238,Matemática,2º Bimestre,9.7
NOT00001425,ALU00238,Ciências,2º Bimestre,8.4
NOT00001426,ALU00238,História,1º Bimestre,8.3
NOT00001427,ALU00238,Geografia,3º Bimestre,8.6
NOT00001428,ALU00238,Inglês,4º Bimestre,8.9
NOT00001429,ALU00239,Português,4º Bimestre,7.3
NOT00001430,ALU00239,Matemática,1º Bimestre,6.5
NOT00001431,ALU00239,Ciências,4º Bimestre,7.3
NOT00001432,ALU00239,História,2º Bimestre,9.8
NOT00001433,ALU00239,Geografia,3º Bimestre,6.8
NOT00001434,ALU00239,Inglês,2º Bimestre,9.7
NOT00001435,ALU00240,Português,2º Bimestre,8.7
NOT00001436,ALU00240,Matemática,3º Bimestre,6.9
NOT00001437,ALU00240,Ciências,2º Bimestre,6.6
NOT00001438,ALU00240,História,1º Bimestre,9.4
NOT00001439,ALU00240,Geografia,4º Bimestre,8.9
NOT00001440,ALU00240,Inglês,2º Bimestre,7.8
NOT00001441,ALU00241,Português,2º Bimestre,8.9
NOT00001442,ALU00241,Matemática,3º Bimestre,5.9
NOT00001443,ALU00241,Ciências,4º Bimestre,5.7
NOT00001444,ALU00241,História,1º Bimestre,6.3
NOT00001445,ALU00241,Geografia,1º Bimestre,8.4
NOT00001446,ALU00241,Inglês,1º Bimestre,8.4
NOT00001447,ALU00242,Português,4º Bimestre,7.6
NOT00001448,ALU00242,Matemática,2º Bimestre,7.4
NOT00001449,ALU00242,Ciências,4º Bimestre,5.9
NOT00001450,ALU00242,História,3º Bimestre,7.6
NOT00001451,ALU00242,Geografia,4º Bimestre,6.0
NOT00001452,ALU00242,Inglês,2º Bimestre,9.8
NOT00001453,ALU00243,Português,4º Bimestre,6.1
NOT00001454,ALU00243,Matemática,2º Bimestre,8.0
NOT00001455,ALU00243,Ciências,2º Bimestre,6.2
NOT00001456,ALU00243,História,4º Bimestre,7.0
NOT00001457,ALU00243,Geografia,1º Bimestre,6.6
NOT00001458,ALU00243,Inglês,2º Bimestre,8.1
NOT00001459,ALU00244,Português,1º Bimestre,9.7
NOT00001460,ALU00244,Matemática,4º Bimestre,8.0
NOT00001461,ALU00244,Ciências,3º Bimestre,6.4
NOT00001462,ALU00244,História,4º Bimestre,8.7
NOT00001463,ALU00244,Geografia,3º Bimestre,8.2
NOT00001464,ALU00244,Inglês,2º Bimestre,8.0
NOT00001465,ALU00245,Português,2º Bimestre,8.7
NOT00001466,ALU00245,Matemática,1º Bimestre,9.0
NOT00001467,ALU00245,Ciências,1º Bimestre,9.8
NOT00001468,ALU00245,História,2º Bimestre,6.2
NOT00001469,ALU00245,Geografia,1º Bimestre,9.7
NOT00001470,ALU00245,Inglês,4º Bimestre,8.9
NOT00001471,ALU00246,Português,2º Bimestre,8.7
NOT00001472,ALU00246,Matemática,1º Bimestre,8.8
NOT00001473,ALU00246,Ciências,1º Bimestre,7.6
NOT00001474,ALU00246,História,2º Bimestre,6.8
NOT00001475,ALU00246,Geografia,1º Bimestre,8.8
NOT00001476,ALU00246,Inglês,4º Bimestre,8.7
NOT00001477,ALU00247,Português,1º Bimestre,8.8
NOT00001478,ALU00247,Matemática,3º Bimestre,8.3
NOT00001479,ALU00247,Ciências,1º Bimestre,9.6
NOT00001480,ALU00247,História,2º Bimestre,7.8
NOT00001481,ALU00247,Geografia,3º Bimestre,9.0
NOT00001482,ALU00247,Inglês,1º Bimestre,8.3
NOT00001483,ALU00248,Português,1º Bimestre,9.2
NOT00001484,ALU00248,Matemática,3º Bimestre,6.5
NOT00001485,ALU00248,Ciências,1º Bimestre,9.4
NOT00001486,ALU00248,História,4º Bimestre,7.4
NOT00001487,ALU00248,Geografia,1º Bimestre,7.8
NOT00001488,ALU00248,Inglês,4º Bimestre,8.8
NOT00001489,ALU00249,Português,1º Bimestre,8.2
NOT00001490,ALU00249,Matemática,1º Bimestre,6.2
NOT00001491,ALU00249,Ciências,1º Bimestre,9.2
NOT00001492,ALU00249,História,3º Bimestre,7.4
NOT00001493,ALU00249,Geografia,4º Bimestre,8.7
NOT00001494,ALU00249,Inglês,2º Bimestre,8.1
NOT00001495,ALU00250,Português,4º Bimestre,5.7
NOT00001496,ALU00250,Matemática,2º Bimestre,8.2
NOT00001497,ALU00250,Ciências,1º Bimestre,6.8
NOT00001498,ALU00250,História,1º Bimestre,8.9
NOT00001499,ALU00250,Geografia,3º Bimestre,6.3
NOT00001500,ALU00250,Inglês,3º Bimestre,7.0
NOT00001501,ALU00251,Português,3º Bimestre,7.0
NOT00001502,ALU00251,Matemática,1º Bimestre,6.3
NOT00001503,ALU00251,Ciências,4º Bimestre,7.6
NOT00001504,ALU00251,História,3º Bimestre,8.4
NOT00001505,ALU00251,Geografia,2º Bimestre,6.9
NOT00001506,ALU00251,Inglês,1º Bimestre,6.8
NOT00001507,ALU00252,Português,1º Bimestre,5.9
NOT00001508,ALU00252,Matemática,3º Bimestre,9.0
NOT00001509,ALU00252,Ciências,1º Bimestre,8.6
NOT00001510,ALU00252,História,4º Bimestre,6.5
NOT00001511,ALU00252,Geografia,3º Bimestre,6.5
NOT00001512,ALU00252,Inglês,3º Bimestre,9.4
NOT00001513,ALU00253,Português,2º Bimestre,7.5
NOT00001514,ALU00253,Matemática,3º Bimestre,8.3
NOT00001515,ALU00253,Ciências,1º Bimestre,8.4
NOT00001516,ALU00253,História,4º Bimestre,6.5
NOT00001517,ALU00253,Geografia,4º Bimestre,8.4
NOT00001518,ALU00253,Inglês,1º Bimestre,6.1
NOT00001519,ALU00254,Português,1º Bimestre,7.8
NOT00001520,ALU00254,Matemática,4º Bimestre,6.4
NOT00001521,ALU00254,Ciências,2º Bimestre,9.1
NOT00001522,ALU00254,História,2º Bimestre,9.5
NOT00001523,ALU00254,Geografia,4º Bimestre,9.1
NOT00001524,ALU00254,Inglês,2º Bimestre,9.7
NOT00001525,ALU00255,Português,1º Bimestre,6.6
NOT00001526,ALU00255,Matemática,1º Bimestre,7.2
NOT00001527,ALU00255,Ciências,2º Bimestre,9.3
NOT00001528,ALU00255,História,4º Bimestre,7.6
NOT00001529,ALU00255,Geografia,1º Bimestre,8.2
NOT00001530,ALU00255,Inglês,2º Bimestre,6.0
NOT00001531,ALU00256,Português,3º Bimestre,7.4
NOT00001532,ALU00256,Matemática,3º Bimestre,7.3
NOT00001533,ALU00256,Ciências,2º Bimestre,6.8
NOT00001534,ALU00256,História,1º Bimestre,8.2
NOT00001535,ALU00256,Geografia,1º Bimestre,8.3
NOT00001536,ALU00256,Inglês,2º Bimestre,9.6
NOT00001537,ALU00257,Português,2º Bimestre,5.5
NOT00001538,ALU00257,Matemática,1º Bimestre,6.4
NOT00001539,ALU00257,Ciências,3º Bimestre,6.8
NOT00001540,ALU00257,História,2º Bimestre,7.2
NOT00001541,ALU00257,Geografia,4º Bimestre,7.1
NOT00001542,ALU00257,Inglês,1º Bimestre,6.1
NOT00001543,ALU00258,Português,1º Bimestre,8.7
NOT00001544,ALU00258,Matemática,1º Bimestre,6.0
NOT00001545,ALU00258,Ciências,3º Bimestre,8.7
NOT00001546,ALU00258,História,2º Bimestre,6.0
NOT00001547,ALU00258,Geografia,1º Bimestre,9.6
NOT00001548,ALU00258,Inglês,3º Bimestre,9.2
NOT00001549,ALU00259,Português,1º Bimestre,6.2
NOT00001550,ALU00259,Matemática,4º Bimestre,8.0
NOT00001551,ALU00259,Ciências,2º Bimestre,8.4
NOT00001552,ALU00259,História,2º Bimestre,7.5
NOT00001553,ALU00259,Geografia,3º Bimestre,9.5
NOT00001554,ALU00259,Inglês,3º Bimestre,8.9
NOT00001555,ALU00260,Português,4º Bimestre,8.8
NOT00001556,ALU00260,Matemática,1º Bimestre,6.0
NOT00001557,ALU00260,Ciências,3º Bimestre,9.7
NOT00001558,ALU00260,História,3º Bimestre,8.6
NOT00001559,ALU00260,Geografia,4º Bimestre,8.8
NOT00001560,ALU00260,Inglês,4º Bimestre,8.1
NOT00001561,ALU00261,Português,2º Bimestre,9.4
NOT00001562,ALU00261,Matemática,3º Bimestre,7.1
NOT00001563,ALU00261,Ciências,4º Bimestre,6.1
NOT00001564,ALU00261,História,3º Bimestre,7.4
NOT00001565,ALU00261,Geografia,2º Bimestre,8.0
NOT00001566,ALU00261,Inglês,2º Bimestre,9.3
NOT00001567,ALU00262,Português,4º Bimestre,6.2
NOT00001568,ALU00262,Matemática,4º Bimestre,7.4
NOT00001569,ALU00262,Ciências,3º Bimestre,6.3
NOT00001570,ALU00262,História,4º Bimestre,8.6
NOT00001571,ALU00262,Geografia,3º Bimestre,9.7
NOT00001572,ALU00262,Inglês,3º Bimestre,9.7
NOT00001573,ALU00263,Português,4º Bimestre,7.7
NOT00001574,ALU00263,Matemática,3º Bimestre,8.7
NOT00001575,ALU00263,Ciências,3º Bimestre,9.4
NOT00001576,ALU00263,História,1º Bimestre,6.5
NOT00001577,ALU00263,Geografia,3º Bimestre,6.9
NOT00001578,ALU00263,Inglês,4º Bimestre,5.9
NOT00001579,ALU00264,Português,3º Bimestre,6.1
NOT00001580,ALU00264,Matemática,3º Bimestre,8.9
NOT00001581,ALU00264,Ciências,3º Bimestre,7.2
NOT00001582,ALU00264,História,2º Bimestre,7.1
NOT00001583,ALU00264,Geografia,3º Bimestre,9.5
NOT00001584,ALU00264,Inglês,2º Bimestre,6.8
NOT00001585,ALU00265,Português,4º Bimestre,9.1
NOT00001586,ALU00265,Matemática,4º Bimestre,5.8
NOT00001587,ALU00265,Ciências,3º Bimestre,6.7
NOT00001588,ALU00265,História,2º Bimestre,9.1
NOT00001589,ALU00265,Geografia,2º Bimestre,8.0
NOT00001590,ALU00265,Inglês,3º Bimestre,8.6
NOT00001591,ALU00266,Português,1º Bimestre,9.3
NOT00001592,ALU00266,Matemática,3º Bimestre,8.1
NOT00001593,ALU00266,Ciências,2º Bimestre,6.5
NOT00001594,ALU00266,História,3º Bimestre,5.7
NOT00001595,ALU00266,Geografia,3º Bimestre,8.1
NOT00001596,ALU00266,Inglês,1º Bimestre,9.3
NOT00001597,ALU00267,Português,3º Bimestre,6.5
NOT00001598,ALU00267,Matemática,1º Bimestre,8.7
NOT00001599,ALU00267,Ciências,4º Bimestre,7.6
NOT00001600,ALU00267,História,3º Bimestre,9.7
NOT00001601,ALU00267,Geografia,3º Bimestre,8.9
NOT00001602,ALU00267,Inglês,1º Bimestre,7.2
NOT00001603,ALU00268,Português,4º Bimestre,7.7
NOT00001604,ALU00268,Matemática,1º Bimestre,6.9
NOT00001605,ALU00268,Ciências,4º Bimestre,7.2
NOT00001606,ALU00268,História,4º Bimestre,9.0
NOT00001607,ALU00268,Geografia,3º Bimestre,8.6
NOT00001608,ALU00268,Inglês,1º Bimestre,5.8
NOT00001609,ALU00269,Português,1º Bimestre,7.5
NOT00001610,ALU00269,Matemática,4º Bimestre,7.5
NOT00001611,ALU00269,Ciências,2º Bimestre,9.2
NOT00001612,ALU00269,História,3º Bimestre,7.3
NOT00001613,ALU00269,Geografia,4º Bimestre,9.8
NOT00001614,ALU00269,Inglês,3º Bimestre,7.9
NOT00001615,ALU00270,Português,4º Bimestre,5.6
NOT00001616,ALU00270,Matemática,2º Bimestre,9.5
NOT00001617,ALU00270,Ciências,3º Bimestre,9.2
NOT00001618,ALU00270,História,3º Bimestre,5.7
NOT00001619,ALU00270,Geografia,4º Bimestre,5.7
NOT00001620,ALU00270,Inglês,4º Bimestre,9.6
NOT00001621,ALU00271,Português,1º Bimestre,6.6
NOT00001622,ALU00271,Matemática,3º Bimestre,7.0
NOT00001623,ALU00271,Ciências,2º Bimestre,6.1
NOT00001624,ALU00271,História,2º Bimestre,6.8
NOT00001625,ALU00271,Geografia,1º Bimestre,7.2
NOT00001626,ALU00271,Inglês,3º Bimestre,8.7
NOT00001627,ALU00272,Português,3º Bimestre,7.8
NOT00001628,ALU00272,Matemática,2º Bimestre,9.6
NOT00001629,ALU00272,Ciências,1º Bimestre,8.9
NOT00001630,ALU00272,História,1º Bimestre,8.8
NOT00001631,ALU00272,Geografia,2º Bimestre,9.5
NOT00001632,ALU00272,Inglês,4º Bimestre,6.8
NOT00001633,ALU00273,Português,1º Bimestre,6.1
NOT00001634,ALU00273,Matemática,1º Bimestre,8.1
NOT00001635,ALU00273,Ciências,3º Bimestre,6.8
NOT00001636,ALU00273,História,4º Bimestre,9.2
NOT00001637,ALU00273,Geografia,2º Bimestre,6.2
NOT00001638,ALU00273,Inglês,2º Bimestre,6.5
NOT00001639,ALU00274,Português,2º Bimestre,6.3
NOT00001640,ALU00274,Matemática,1º Bimestre,9.7
NOT00001641,ALU00274,Ciências,2º Bimestre,6.9
NOT00001642,ALU00274,História,1º Bimestre,7.3
NOT00001643,ALU00274,Geografia,2º Bimestre,6.4
NOT00001644,ALU00274,Inglês,3º Bimestre,9.5
NOT00001645,ALU00275,Português,2º Bimestre,8.5
NOT00001646,ALU00275,Matemática,3º Bimestre,7.9
NOT00001647,ALU00275,Ciências,4º Bimestre,7.9
NOT00001648,ALU00275,História,2º Bimestre,8.1
NOT00001649,ALU00275,Geografia,3º Bimestre,9.1
NOT00001650,ALU00275,Inglês,2º Bimestre,7.0
NOT00001651,ALU00276,Português,2º Bimestre,6.9
NOT00001652,ALU00276,Matemática,3º Bimestre,7.9
NOT00001653,ALU00276,Ciências,2º Bimestre,7.7
NOT00001654,ALU00276,História,3º Bimestre,6.5
NOT00001655,ALU00276,Geografia,2º Bimestre,8.7
NOT00001656,ALU00276,Inglês,2º Bimestre,6.4
NOT00001657,ALU00277,Português,4º Bimestre,7.5
NOT00001658,ALU00277,Matemática,4º Bimestre,7.7
NOT00001659,ALU00277,Ciências,2º Bimestre,7.3
NOT00001660,ALU00277,História,3º Bimestre,5.7
NOT00001661,ALU00277,Geografia,4º Bimestre,6.1
NOT00001662,ALU00277,Inglês,1º Bimestre,8.7
NOT00001663,ALU00278,Português,3º Bimestre,9.4
NOT00001664,ALU00278,Matemática,2º Bimestre,5.6
NOT00001665,ALU00278,Ciências,4º Bimestre,7.5
NOT00001666,ALU00278,História,2º Bimestre,9.4
NOT00001667,ALU00278,Geografia,3º Bimestre,6.2
NOT00001668,ALU00278,Inglês,2º Bimestre,9.1
NOT00001669,ALU00279,Português,2º Bimestre,9.2
NOT00001670,ALU00279,Matemática,2º Bimestre,7.0
NOT00001671,ALU00279,Ciências,1º Bimestre,8.0
NOT00001672,ALU00279,História,1º Bimestre,7.7
NOT00001673,ALU00279,Geografia,2º Bimestre,8.7
NOT00001674,ALU00279,Inglês,3º Bimestre,5.8
NOT00001675,ALU00280,Português,1º Bimestre,6.7
NOT00001676,ALU00280,Matemática,3º Bimestre,6.2
NOT00001677,ALU00280,Ciências,3º Bimestre,5.8
NOT00001678,ALU00280,História,1º Bimestre,9.7
NOT00001679,ALU00280,Geografia,2º Bimestre,6.6
NOT00001680,ALU00280,Inglês,4º Bimestre,5.5
NOT00001681,ALU00281,Português,4º Bimestre,8.3
NOT00001682,ALU00281,Matemática,3º Bimestre,6.4
NOT00001683,ALU00281,Ciências,3º Bimestre,9.2
NOT00001684,ALU00281,História,3º Bimestre,9.2
NOT00001685,ALU00281,Geografia,3º Bimestre,8.9
NOT00001686,ALU00281,Inglês,4º Bimestre,9.7
NOT00001687,ALU00282,Português,2º Bimestre,7.7
NOT00001688,ALU00282,Matemática,1º Bimestre,6.9
NOT00001689,ALU00282,Ciências,1º Bimestre,8.5
NOT00001690,ALU00282,História,1º Bimestre,7.3
NOT00001691,ALU00282,Geografia,2º Bimestre,9.3
NOT00001692,ALU00282,Inglês,3º Bimestre,7.3
NOT00001693,ALU00283,Português,1º Bimestre,8.1
NOT00001694,ALU00283,Matemática,2º Bimestre,7.4
NOT00001695,ALU00283,Ciências,3º Bimestre,6.8
NOT00001696,ALU00283,História,2º Bimestre,6.1
NOT00001697,ALU00283,Geografia,1º Bimestre,8.9
NOT00001698,ALU00283,Inglês,4º Bimestre,8.6
NOT00001699,ALU00284,Português,3º Bimestre,7.4
NOT00001700,ALU00284,Matemática,2º Bimestre,8.4
NOT00001701,ALU00284,Ciências,1º Bimestre,8.5
NOT00001702,ALU00284,História,1º Bimestre,8.8
NOT00001703,ALU00284,Geografia,4º Bimestre,6.0
NOT00001704,ALU00284,Inglês,1º Bimestre,7.1
NOT00001705,ALU00285,Português,3º Bimestre,8.9
NOT00001706,ALU00285,Matemática,3º Bimestre,9.3
NOT00001707,ALU00285,Ciências,4º Bimestre,5.9
NOT00001708,ALU00285,História,1º Bimestre,7.5
NOT00001709,ALU00285,Geografia,4º Bimestre,8.7
NOT00001710,ALU00285,Inglês,1º Bimestre,8.3
NOT00001711,ALU00286,Português,3º Bimestre,6.1
NOT00001712,ALU00286,Matemática,1º Bimestre,5.8
NOT00001713,ALU00286,Ciências,2º Bimestre,7.0
NOT00001714,ALU00286,História,2º Bimestre,6.8
NOT00001715,ALU00286,Geografia,1º Bimestre,9.3
NOT00001716,ALU00286,Inglês,4º Bimestre,9.4
NOT00001717,ALU00287,Português,2º Bimestre,6.5
NOT00001718,ALU00287,Matemática,2º Bimestre,7.5
NOT00001719,ALU00287,Ciências,3º Bimestre,9.3
NOT00001720,ALU00287,História,4º Bimestre,8.2
NOT00001721,ALU00287,Geografia,3º Bimestre,8.0
NOT00001722,ALU00287,Inglês,1º Bimestre,9.1
NOT00001723,ALU00288,Português,2º Bimestre,8.0
NOT00001724,ALU00288,Matemática,1º Bimestre,8.4
NOT00001725,ALU00288,Ciências,4º Bimestre,7.4
NOT00001726,ALU00288,História,4º Bimestre,8.5
NOT00001727,ALU00288,Geografia,1º Bimestre,8.7
NOT00001728,ALU00288,Inglês,1º Bimestre,7.6
NOT00001729,ALU00289,Português,2º Bimestre,6.0
NOT00001730,ALU00289,Matemática,2º Bimestre,6.1
NOT00001731,ALU00289,Ciências,2º Bimestre,6.0
NOT00001732,ALU00289,História,4º Bimestre,9.5
NOT00001733,ALU00289,Geografia,4º Bimestre,7.3
NOT00001734,ALU00289,Inglês,1º Bimestre,7.6
NOT00001735,ALU00290,Português,1º Bimestre,7.4
NOT00001736,ALU00290,Matemática,3º Bimestre,6.2
NOT00001737,ALU00290,Ciências,2º Bimestre,6.2
NOT00001738,ALU00290,História,4º Bimestre,5.7
NOT00001739,ALU00290,Geografia,3º Bimestre,7.2
NOT00001740,ALU00290,Inglês,3º Bimestre,6.5
NOT00001741,ALU00291,Português,4º Bimestre,7.7
NOT00001742,ALU00291,Matemática,2º Bimestre,6.2
NOT00001743,ALU00291,Ciências,4º Bimestre,8.7
NOT00001744,ALU00291,História,4º Bimestre,6.7
NOT00001745,ALU00291,Geografia,2º Bimestre,6.6
NOT00001746,ALU00291,Inglês,1º Bimestre,7.1
NOT00001747,ALU00292,Português,3º Bimestre,8.7
NOT00001748,ALU00292,Matemática,2º Bimestre,8.3
NOT00001749,ALU00292,Ciências,4º Bimestre,5.9
NOT00001750,ALU00292,História,2º Bimestre,6.3
NOT00001751,ALU00292,Geografia,3º Bimestre,9.4
NOT00001752,ALU00292,Inglês,2º Bimestre,7.0
NOT00001753,ALU00293,Português,4º Bimestre,7.4
NOT00001754,ALU00293,Matemática,2º Bimestre,6.5
NOT00001755,ALU00293,Ciências,1º Bimestre,8.9
NOT00001756,ALU00293,História,2º Bimestre,7.8
NOT00001757,ALU00293,Geografia,2º Bimestre,6.4
NOT00001758,ALU00293,Inglês,3º Bimestre,8.6
NOT00001759,ALU00294,Português,2º Bimestre,6.3
NOT00001760,ALU00294,Matemática,2º Bimestre,8.9
NOT00001761,ALU00294,Ciências,1º Bimestre,8.8
NOT00001762,ALU00294,História,2º Bimestre,8.6
NOT00001763,ALU00294,Geografia,2º Bimestre,8.6
NOT00001764,ALU00294,Inglês,3º Bimestre,8.0
NOT00001765,ALU00295,Português,3º Bimestre,6.3
NOT00001766,ALU00295,Matemática,2º Bimestre,5.7
NOT00001767,ALU00295,Ciências,1º Bimestre,8.2
NOT00001768,ALU00295,História,1º Bimestre,6.7
NOT00001769,ALU00295,Geografia,4º Bimestre,9.1
NOT00001770,ALU00295,Inglês,2º Bimestre,8.6
NOT00001771,ALU00296,Português,1º Bimestre,5.5
NOT00001772,ALU00296,Matemática,3º Bimestre,7.3
NOT00001773,ALU00296,Ciências,2º Bimestre,7.8
NOT00001774,ALU00296,História,2º Bimestre,9.3
NOT00001775,ALU00296,Geografia,1º Bimestre,8.7
NOT00001776,ALU00296,Inglês,1º Bimestre,6.2
NOT00001777,ALU00297,Português,1º Bimestre,8.1
NOT00001778,ALU00297,Matemática,3º Bimestre,8.5
NOT00001779,ALU00297,Ciências,4º Bimestre,9.2
NOT00001780,ALU00297,História,4º Bimestre,7.8
NOT00001781,ALU00297,Geografia,2º Bimestre,7.3
NOT00001782,ALU00297,Inglês,2º Bimestre,8.6
NOT00001783,ALU00298,Português,1º Bimestre,6.6
NOT00001784,ALU00298,Matemática,3º Bimestre,6.8
NOT00001785,ALU00298,Ciências,4º Bimestre,5.8
NOT00001786,ALU00298,História,1º Bimestre,5.6
NOT00001787,ALU00298,Geografia,3º Bimestre,6.8
NOT00001788,ALU00298,Inglês,1º Bimestre,9.7
NOT00001789,ALU00299,Português,2º Bimestre,8.7
NOT00001790,ALU00299,Matemática,2º Bimestre,9.0
NOT00001791,ALU00299,Ciências,3º Bimestre,6.4
NOT00001792,ALU00299,História,4º Bimestre,9.2
NOT00001793,ALU00299,Geografia,4º Bimestre,7.4
NOT00001794,ALU00299,Inglês,2º Bimestre,7.0
NOT00001795,ALU00300,Português,1º Bimestre,6.1
NOT00001796,ALU00300,Matemática,2º Bimestre,8.9
NOT00001797,ALU00300,Ciências,3º Bimestre,8.6
NOT00001798,ALU00300,História,1º Bimestre,6.2
NOT00001799,ALU00300,Geografia,3º Bimestre,8.1
NOT00001800,ALU00300,Inglês,3º Bimestre,9.1
NOT00001801,ALU00301,Português,4º Bimestre,7.4
NOT00001802,ALU00301,Matemática,3º Bimestre,8.5
NOT00001803,ALU00301,Ciências,1º Bimestre,5.9
NOT00001804,ALU00301,História,2º Bimestre,8.0
NOT00001805,ALU00301,Geografia,2º Bimestre,8.4
NOT00001806,ALU00301,Inglês,1º Bimestre,8.9
NOT00001807,ALU00302,Português,4º Bimestre,7.9
NOT00001808,ALU00302,Matemática,2º Bimestre,6.6
NOT00001809,ALU00302,Ciências,2º Bimestre,6.0
NOT00001810,ALU00302,História,1º Bimestre,8.8
NOT00001811,ALU00302,Geografia,2º Bimestre,5.8
NOT00001812,ALU00302,Inglês,2º Bimestre,8.4
NOT00001813,ALU00303,Português,2º Bimestre,7.7
NOT00001814,ALU00303,Matemática,2º Bimestre,9.3
NOT00001815,ALU00303,Ciências,3º Bimestre,8.7
NOT00001816,ALU00303,História,2º Bimestre,8.7
NOT00001817,ALU00303,Geografia,3º Bimestre,9.3
NOT00001818,ALU00303,Inglês,2º Bimestre,6.8
NOT00001819,ALU00304,Português,3º Bimestre,8.0
NOT00001820,ALU00304,Matemática,2º Bimestre,7.8
NOT00001821,ALU00304,Ciências,4º Bimestre,5.7
NOT00001822,ALU00304,História,1º Bimestre,5.5
NOT00001823,ALU00304,Geografia,1º Bimestre,7.0
NOT00001824,ALU00304,Inglês,4º Bimestre,6.6
NOT00001825,ALU00305,Português,4º Bimestre,7.4
NOT00001826,ALU00305,Matemática,1º Bimestre,7.3
NOT00001827,ALU00305,Ciências,2º Bimestre,5.8
NOT00001828,ALU00305,História,4º Bimestre,6.7
NOT00001829,ALU00305,Geografia,2º Bimestre,6.1
NOT00001830,ALU00305,Inglês,4º Bimestre,8.2
NOT00001831,ALU00306,Português,2º Bimestre,7.1
NOT00001832,ALU00306,Matemática,1º Bimestre,7.3
NOT00001833,ALU00306,Ciências,3º Bimestre,6.9
NOT00001834,ALU00306,História,1º Bimestre,6.4
NOT00001835,ALU00306,Geografia,4º Bimestre,5.8
NOT00001836,ALU00306,Inglês,1º Bimestre,8.8
NOT00001837,ALU00307,Português,4º Bimestre,8.5
NOT00001838,ALU00307,Matemática,4º Bimestre,6.6
NOT00001839,ALU00307,Ciências,2º Bimestre,6.4
NOT00001840,ALU00307,História,2º Bimestre,7.5
NOT00001841,ALU00307,Geografia,1º Bimestre,5.9
NOT00001842,ALU00307,Inglês,4º Bimestre,8.7
NOT00001843,ALU00308,Português,1º Bimestre,6.9
NOT00001844,ALU00308,Matemática,2º Bimestre,8.6
NOT00001845,ALU00308,Ciências,1º Bimestre,8.0
NOT00001846,ALU00308,História,2º Bimestre,8.8
NOT00001847,ALU00308,Geografia,4º Bimestre,7.5
NOT00001848,ALU00308,Inglês,1º Bimestre,8.6
NOT00001849,ALU00309,Português,2º Bimestre,7.0
NOT00001850,ALU00309,Matemática,4º Bimestre,7.3
NOT00001851,ALU00309,Ciências,3º Bimestre,8.9
NOT00001852,ALU00309,História,3º Bimestre,7.9
NOT00001853,ALU00309,Geografia,4º Bimestre,6.8
NOT00001854,ALU00309,Inglês,4º Bimestre,9.0
NOT00001855,ALU00310,Português,3º Bimestre,6.0
NOT00001856,ALU00310,Matemática,4º Bimestre,9.7
NOT00001857,ALU00310,Ciências,3º Bimestre,5.7
NOT00001858,ALU00310,História,2º Bimestre,8.8
NOT00001859,ALU00310,Geografia,2º Bimestre,6.2
NOT00001860,ALU00310,Inglês,1º Bimestre,6.8
NOT00001861,ALU00311,Português,2º Bimestre,6.0
NOT00001862,ALU00311,Matemática,4º Bimestre,9.3
NOT00001863,ALU00311,Ciências,4º Bimestre,5.5
NOT00001864,ALU00311,História,3º Bimestre,5.8
NOT00001865,ALU00311,Geografia,1º Bimestre,7.5
NOT00001866,ALU00311,Inglês,2º Bimestre,7.3
NOT00001867,ALU00312,Português,1º Bimestre,9.3
NOT00001868,ALU00312,Matemática,3º Bimestre,6.6
NOT00001869,ALU00312,Ciências,1º Bimestre,8.3
NOT00001870,ALU00312,História,2º Bimestre,7.3
NOT00001871,ALU00312,Geografia,1º Bimestre,5.8
NOT00001872,ALU00312,Inglês,3º Bimestre,8.9
NOT00001873,ALU00313,Português,3º Bimestre,9.7
NOT00001874,ALU00313,Matemática,1º Bimestre,9.2
NOT00001875,ALU00313,Ciências,4º Bimestre,9.7
NOT00001876,ALU00313,História,4º Bimestre,7.0
NOT00001877,ALU00313,Geografia,3º Bimestre,7.0
NOT00001878,ALU00313,Inglês,4º Bimestre,9.5
NOT00001879,ALU00314,Português,4º Bimestre,5.6
NOT00001880,ALU00314,Matemática,1º Bimestre,8.6
NOT00001881,ALU00314,Ciências,1º Bimestre,9.5
NOT00001882,ALU00314,História,2º Bimestre,9.5
NOT00001883,ALU00314,Geografia,1º Bimestre,8.4
NOT00001884,ALU00314,Inglês,4º Bimestre,7.3
NOT00001885,ALU00315,Português,2º Bimestre,7.7
NOT00001886,ALU00315,Matemática,1º Bimestre,8.4
NOT00001887,ALU00315,Ciências,4º Bimestre,9.0
NOT00001888,ALU00315,História,2º Bimestre,6.5
NOT00001889,ALU00315,Geografia,4º Bimestre,8.3
NOT00001890,ALU00315,Inglês,2º Bimestre,7.0
NOT00001891,ALU00316,Português,1º Bimestre,8.8
NOT00001892,ALU00316,Matemática,2º Bimestre,6.1
NOT00001893,ALU00316,Ciências,1º Bimestre,9.1
NOT00001894,ALU00316,História,4º Bimestre,9.6
NOT00001895,ALU00316,Geografia,4º Bimestre,7.2
NOT00001896,ALU00316,Inglês,3º Bimestre,6.7
NOT00001897,ALU00317,Português,3º Bimestre,7.0
NOT00001898,ALU00317,Matemática,1º Bimestre,5.6
NOT00001899,ALU00317,Ciências,2º Bimestre,7.0
NOT00001900,ALU00317,História,2º Bimestre,6.9
NOT00001901,ALU00317,Geografia,2º Bimestre,7.2
NOT00001902,ALU00317,Inglês,2º Bimestre,7.0
NOT00001903,ALU00318,Português,4º Bimestre,7.3
NOT00001904,ALU00318,Matemática,3º Bimestre,9.3
NOT00001905,ALU00318,Ciências,3º Bimestre,6.9
NOT00001906,ALU00318,História,1º Bimestre,8.7
NOT00001907,ALU00318,Geografia,3º Bimestre,8.2
NOT00001908,ALU00318,Inglês,1º Bimestre,6.5
NOT00001909,ALU00319,Português,4º Bimestre,5.7
NOT00001910,ALU00319,Matemática,4º Bimestre,6.9
NOT00001911,ALU00319,Ciências,2º Bimestre,5.7
NOT00001912,ALU00319,História,2º Bimestre,7.9
NOT00001913,ALU00319,Geografia,3º Bimestre,9.4
NOT00001914,ALU00319,Inglês,3º Bimestre,7.8
NOT00001915,ALU00320,Português,2º Bimestre,9.3
NOT00001916,ALU00320,Matemática,4º Bimestre,9.5
NOT00001917,ALU00320,Ciências,2º Bimestre,6.3
NOT00001918,ALU00320,História,2º Bimestre,7.6
NOT00001919,ALU00320,Geografia,4º Bimestre,5.7
NOT00001920,ALU00320,Inglês,3º Bimestre,5.8
NOT00001921,ALU00321,Português,1º Bimestre,7.1
NOT00001922,ALU00321,Matemática,4º Bimestre,7.6
NOT00001923,ALU00321,Ciências,2º Bimestre,6.0
NOT00001924,ALU00321,História,2º Bimestre,8.9
NOT00001925,ALU00321,Geografia,2º Bimestre,9.8
NOT00001926,ALU00321,Inglês,4º Bimestre,7.8
NOT00001927,ALU00322,Português,3º Bimestre,7.7
NOT00001928,ALU00322,Matemática,4º Bimestre,9.7
NOT00001929,ALU00322,Ciências,1º Bimestre,5.6
NOT00001930,ALU00322,História,1º Bimestre,9.7
NOT00001931,ALU00322,Geografia,3º Bimestre,7.7
NOT00001932,ALU00322,Inglês,2º Bimestre,7.1
NOT00001933,ALU00323,Português,4º Bimestre,9.4
NOT00001934,ALU00323,Matemática,3º Bimestre,7.3
NOT00001935,ALU00323,Ciências,1º Bimestre,7.1
NOT00001936,ALU00323,História,4º Bimestre,6.2
NOT00001937,ALU00323,Geografia,3º Bimestre,9.3
NOT00001938,ALU00323,Inglês,4º Bimestre,5.8
NOT00001939,ALU00324,Português,1º Bimestre,7.0
NOT00001940,ALU00324,Matemática,3º Bimestre,8.9
NOT00001941,ALU00324,Ciências,2º Bimestre,6.8
NOT00001942,ALU00324,História,2º Bimestre,9.6
NOT00001943,ALU00324,Geografia,3º Bimestre,5.9
NOT00001944,ALU00324,Inglês,4º Bimestre,9.2
NOT00001945,ALU00325,Português,4º Bimestre,8.9
NOT00001946,ALU00325,Matemática,2º Bimestre,5.8
NOT00001947,ALU00325,Ciências,3º Bimestre,8.7
NOT00001948,ALU00325,História,2º Bimestre,7.0
NOT00001949,ALU00325,Geografia,4º Bimestre,5.7
NOT00001950,ALU00325,Inglês,3º Bimestre,9.4
NOT00001951,ALU00326,Português,2º Bimestre,6.8
NOT00001952,ALU00326,Matemática,2º Bimestre,8.0
NOT00001953,ALU00326,Ciências,2º Bimestre,9.4
NOT00001954,ALU00326,História,1º Bimestre,8.5
NOT00001955,ALU00326,Geografia,3º Bimestre,5.6
NOT00001956,ALU00326,Inglês,2º Bimestre,5.9
NOT00001957,ALU00327,Português,1º Bimestre,7.9
NOT00001958,ALU00327,Matemática,4º Bimestre,7.0
NOT00001959,ALU00327,Ciências,2º Bimestre,9.2
NOT00001960,ALU00327,História,2º Bimestre,6.7
NOT00001961,ALU00327,Geografia,4º Bimestre,9.6
NOT00001962,ALU00327,Inglês,2º Bimestre,7.0
NOT00001963,ALU00328,Português,3º Bimestre,9.4
NOT00001964,ALU00328,Matemática,4º Bimestre,8.6
NOT00001965,ALU00328,Ciências,3º Bimestre,7.0
NOT00001966,ALU00328,História,1º Bimestre,6.4
NOT00001967,ALU00328,Geografia,4º Bimestre,8.2
NOT00001968,ALU00328,Inglês,1º Bimestre,7.5
NOT00001969,ALU00329,Português,3º Bimestre,6.0
NOT00001970,ALU00329,Matemática,1º Bimestre,9.3
NOT00001971,ALU00329,Ciências,2º Bimestre,7.7
NOT00001972,ALU00329,História,1º Bimestre,7.0
NOT00001973,ALU00329,Geografia,2º Bimestre,8.0
NOT00001974,ALU00329,Inglês,4º Bimestre,6.0
NOT00001975,ALU00330,Português,2º Bimestre,5.7
NOT00001976,ALU00330,Matemática,3º Bimestre,9.4
NOT00001977,ALU00330,Ciências,2º Bimestre,6.3
NOT00001978,ALU00330,História,3º Bimestre,8.3
NOT00001979,ALU00330,Geografia,2º Bimestre,5.6
NOT00001980,ALU00330,Inglês,2º Bimestre,6.3
NOT00001981,ALU00331,Português,1º Bimestre,7.9
NOT00001982,ALU00331,Matemática,2º Bimestre,9.7
NOT00001983,ALU00331,Ciências,1º Bimestre,8.8
NOT00001984,ALU00331,História,3º Bimestre,7.2
NOT00001985,ALU00331,Geografia,4º Bimestre,8.1
NOT00001986,ALU00331,Inglês,4º Bimestre,9.4
NOT00001987,ALU00332,Português,3º Bimestre,7.4
NOT00001988,ALU00332,Matemática,4º Bimestre,7.8
NOT00001989,ALU00332,Ciências,3º Bimestre,6.4
NOT00001990,ALU00332,História,3º Bimestre,7.2
NOT00001991,ALU00332,Geografia,3º Bimestre,9.2
NOT00001992,ALU00332,Inglês,4º Bimestre,9.3
NOT00001993,ALU00333,Português,4º Bimestre,5.8
NOT00001994,ALU00333,Matemática,1º Bimestre,8.7
NOT00001995,ALU00333,Ciências,2º Bimestre,5.7
NOT00001996,ALU00333,História,4º Bimestre,8.4
NOT00001997,ALU00333,Geografia,4º Bimestre,5.9
NOT00001998,ALU00333,Inglês,3º Bimestre,5.5
NOT00001999,ALU00334,Português,4º Bimestre,9.5
NOT00002000,ALU00334,Matemática,4º Bimestre,9.2
NOT00002001,ALU00334,Ciências,1º Bimestre,8.6
NOT00002002,ALU00334,História,4º Bimestre,7.1
NOT00002003,ALU00334,Geografia,4º Bimestre,6.4
NOT00002004,ALU00334,Inglês,2º Bimestre,8.0
NOT00002005,ALU00335,Português,4º Bimestre,8.1
NOT00002006,ALU00335,Matemática,1º Bimestre,8.0
NOT00002007,ALU00335,Ciências,3º Bimestre,6.7
NOT00002008,ALU00335,História,1º Bimestre,9.4
NOT00002009,ALU00335,Geografia,4º Bimestre,6.3
NOT00002010,ALU00335,Inglês,1º Bimestre,9.1
NOT00002011,ALU00336,Português,4º Bimestre,7.7
NOT00002012,ALU00336,Matemática,2º Bimestre,9.6
NOT00002013,ALU00336,Ciências,1º Bimestre,8.1
NOT00002014,ALU00336,História,3º Bimestre,8.5
NOT00002015,ALU00336,Geografia,2º Bimestre,7.7
NOT00002016,ALU00336,Inglês,3º Bimestre,8.9
NOT00002017,ALU00337,Português,1º Bimestre,6.1
NOT00002018,ALU00337,Matemática,3º Bimestre,9.8
NOT00002019,ALU00337,Ciências,2º Bimestre,8.2
NOT00002020,ALU00337,História,2º Bimestre,8.7
NOT00002021,ALU00337,Geografia,4º Bimestre,5.6
NOT00002022,ALU00337,Inglês,2º Bimestre,9.0
NOT00002023,ALU00338,Português,4º Bimestre,6.0
NOT00002024,ALU00338,Matemática,1º Bimestre,9.4
NOT00002025,ALU00338,Ciências,4º Bimestre,8.5
NOT00002026,ALU00338,História,4º Bimestre,7.3
NOT00002027,ALU00338,Geografia,3º Bimestre,6.8
NOT00002028,ALU00338,Inglês,1º Bimestre,7.7
NOT00002029,ALU00339,Português,1º Bimestre,8.3
NOT00002030,ALU00339,Matemática,2º Bimestre,8.9
NOT00002031,ALU00339,Ciências,2º Bimestre,7.8
NOT00002032,ALU00339,História,1º Bimestre,7.9
NOT00002033,ALU00339,Geografia,4º Bimestre,7.6
NOT00002034,ALU00339,Inglês,2º Bimestre,9.6
NOT00002035,ALU00340,Português,1º Bimestre,7.5
NOT00002036,ALU00340,Matemática,3º Bimestre,5.8
NOT00002037,ALU00340,Ciências,2º Bimestre,7.0
NOT00002038,ALU00340,História,2º Bimestre,8.0
NOT00002039,ALU00340,Geografia,3º Bimestre,7.9
NOT00002040,ALU00340,Inglês,1º Bimestre,6.6
NOT00002041,ALU00341,Português,2º Bimestre,6.7
NOT00002042,ALU00341,Matemática,4º Bimestre,9.6
NOT00002043,ALU00341,Ciências,2º Bimestre,8.3
NOT00002044,ALU00341,História,1º Bimestre,7.5
NOT00002045,ALU00341,Geografia,3º Bimestre,5.9
NOT00002046,ALU00341,Inglês,4º Bimestre,7.0
NOT00002047,ALU00342,Português,3º Bimestre,8.8
NOT00002048,ALU00342,Matemática,1º Bimestre,6.0
NOT00002049,ALU00342,Ciências,1º Bimestre,6.8
NOT00002050,ALU00342,História,4º Bimestre,8.9
NOT00002051,ALU00342,Geografia,1º Bimestre,6.7
NOT00002052,ALU00342,Inglês,2º Bimestre,6.0
NOT00002053,ALU00343,Português,3º Bimestre,7.6
NOT00002054,ALU00343,Matemática,1º Bimestre,9.2
NOT00002055,ALU00343,Ciências,1º Bimestre,6.2
NOT00002056,ALU00343,História,3º Bimestre,7.3
NOT00002057,ALU00343,Geografia,2º Bimestre,8.1
NOT00002058,ALU00343,Inglês,2º Bimestre,6.3
NOT00002059,ALU00344,Português,2º Bimestre,5.8
NOT00002060,ALU00344,Matemática,2º Bimestre,8.0
NOT00002061,ALU00344,Ciências,2º Bimestre,8.4
NOT00002062,ALU00344,História,1º Bimestre,9.7
NOT00002063,ALU00344,Geografia,1º Bimestre,6.5
NOT00002064,ALU00344,Inglês,4º Bimestre,7.2
NOT00002065,ALU00345,Português,3º Bimestre,5.7
NOT00002066,ALU00345,Matemática,2º Bimestre,9.2
NOT00002067,ALU00345,Ciências,2º Bimestre,8.5
NOT00002068,ALU00345,História,1º Bimestre,8.3
NOT00002069,ALU00345,Geografia,4º Bimestre,6.8
NOT00002070,ALU00345,Inglês,4º Bimestre,9.6
NOT00002071,ALU00346,Português,4º Bimestre,6.1
NOT00002072,ALU00346,Matemática,1º Bimestre,7.5
NOT00002073,ALU00346,Ciências,2º Bimestre,6.4
NOT00002074,ALU00346,História,1º Bimestre,6.5
NOT00002075,ALU00346,Geografia,3º Bimestre,9.0
NOT00002076,ALU00346,Inglês,4º Bimestre,8.4
NOT00002077,ALU00347,Português,2º Bimestre,9.5
NOT00002078,ALU00347,Matemática,1º Bimestre,6.1
NOT00002079,ALU00347,Ciências,4º Bimestre,6.6
NOT00002080,ALU00347,História,2º Bimestre,6.9
NOT00002081,ALU00347,Geografia,2º Bimestre,9.7
NOT00002082,ALU00347,Inglês,1º Bimestre,8.0
NOT00002083,ALU00348,Português,4º Bimestre,8.5
NOT00002084,ALU00348,Matemática,1º Bimestre,7.5
NOT00002085,ALU00348,Ciências,4º Bimestre,8.2
NOT00002086,ALU00348,História,3º Bimestre,8.6
NOT00002087,ALU00348,Geografia,4º Bimestre,7.8
NOT00002088,ALU00348,Inglês,4º Bimestre,7.4
NOT00002089,ALU00349,Português,1º Bimestre,8.0
NOT00002090,ALU00349,Matemática,1º Bimestre,5.9
NOT00002091,ALU00349,Ciências,3º Bimestre,8.6
NOT00002092,ALU00349,História,3º Bimestre,6.4
NOT00002093,ALU00349,Geografia,4º Bimestre,6.3
NOT00002094,ALU00349,Inglês,3º Bimestre,5.8
NOT00002095,ALU00350,Português,4º Bimestre,9.0
NOT00002096,ALU00350,Matemática,3º Bimestre,8.6
NOT00002097,ALU00350,Ciências,2º Bimestre,7.0
NOT00002098,ALU00350,História,2º Bimestre,6.1
NOT00002099,ALU00350,Geografia,1º Bimestre,6.1
NOT00002100,ALU00350,Inglês,4º Bimestre,6.9
NOT00002101,ALU00351,Português,2º Bimestre,6.8
NOT00002102,ALU00351,Matemática,2º Bimestre,6.1
NOT00002103,ALU00351,Ciências,3º Bimestre,7.9
NOT00002104,ALU00351,História,1º Bimestre,8.8
NOT00002105,ALU00351,Geografia,1º Bimestre,8.2
NOT00002106,ALU00351,Inglês,1º Bimestre,6.7
NOT00002107,ALU00352,Português,1º Bimestre,8.3
NOT00002108,ALU00352,Matemática,1º Bimestre,7.2
NOT00002109,ALU00352,Ciências,2º Bimestre,7.7
NOT00002110,ALU00352,História,2º Bimestre,6.9
NOT00002111,ALU00352,Geografia,3º Bimestre,6.6
NOT00002112,ALU00352,Inglês,2º Bimestre,8.2
NOT00002113,ALU00353,Português,3º Bimestre,7.9
NOT00002114,ALU00353,Matemática,4º Bimestre,9.5
NOT00002115,ALU00353,Ciências,3º Bimestre,7.5
NOT00002116,ALU00353,História,3º Bimestre,7.1
NOT00002117,ALU00353,Geografia,2º Bimestre,6.2
NOT00002118,ALU00353,Inglês,2º Bimestre,7.6
NOT00002119,ALU00354,Português,3º Bimestre,9.2
NOT00002120,ALU00354,Matemática,3º Bimestre,9.8
NOT00002121,ALU00354,Ciências,2º Bimestre,6.1
NOT00002122,ALU00354,História,3º Bimestre,9.1
NOT00002123,ALU00354,Geografia,3º Bimestre,9.5
NOT00002124,ALU00354,Inglês,1º Bimestre,8.1
NOT00002125,ALU00355,Português,3º Bimestre,7.3
NOT00002126,ALU00355,Matemática,3º Bimestre,6.0
NOT00002127,ALU00355,Ciências,4º Bimestre,6.9
NOT00002128,ALU00355,História,1º Bimestre,9.0
NOT00002129,ALU00355,Geografia,1º Bimestre,8.0
NOT00002130,ALU00355,Inglês,4º Bimestre,7.1
NOT00002131,ALU00356,Português,4º Bimestre,8.8
NOT00002132,ALU00356,Matemática,3º Bimestre,8.8
NOT00002133,ALU00356,Ciências,4º Bimestre,7.2
NOT00002134,ALU00356,História,4º Bimestre,9.8
NOT00002135,ALU00356,Geografia,3º Bimestre,7.2
NOT00002136,ALU00356,Inglês,2º Bimestre,8.3
NOT00002137,ALU00357,Português,3º Bimestre,9.7
NOT00002138,ALU00357,Matemática,1º Bimestre,9.6
NOT00002139,ALU00357,Ciências,1º Bimestre,7.9
NOT00002140,ALU00357,História,2º Bimestre,8.2
NOT00002141,ALU00357,Geografia,4º Bimestre,6.1
NOT00002142,ALU00357,Inglês,2º Bimestre,9.8
NOT00002143,ALU00358,Português,1º Bimestre,9.0
NOT00002144,ALU00358,Matemática,4º Bimestre,5.7
NOT00002145,ALU00358,Ciências,1º Bimestre,9.8
NOT00002146,ALU00358,História,1º Bimestre,6.3
NOT00002147,ALU00358,Geografia,3º Bimestre,9.1
NOT00002148,ALU00358,Inglês,3º Bimestre,7.7
NOT00002149,ALU00359,Português,3º Bimestre,7.9
NOT00002150,ALU00359,Matemática,4º Bimestre,5.8
NOT00002151,ALU00359,Ciências,2º Bimestre,8.5
NOT00002152,ALU00359,História,4º Bimestre,6.7
NOT00002153,ALU00359,Geografia,1º Bimestre,6.6
NOT00002154,ALU00359,Inglês,1º Bimestre,9.1
NOT00002155,ALU00360,Português,4º Bimestre,9.7
NOT00002156,ALU00360,Matemática,2º Bimestre,6.0
NOT00002157,ALU00360,Ciências,3º Bimestre,6.0
NOT00002158,ALU00360,História,4º Bimestre,7.0
NOT00002159,ALU00360,Geografia,1º Bimestre,5.6
NOT00002160,ALU00360,Inglês,4º Bimestre,6.6
NOT00002161,ALU00361,Português,4º Bimestre,7.6
NOT00002162,ALU00361,Matemática,1º Bimestre,6.4
NOT00002163,ALU00361,Ciências,3º Bimestre,9.3
NOT00002164,ALU00361,História,2º Bimestre,9.2
NOT00002165,ALU00361,Geografia,3º Bimestre,6.2
NOT00002166,ALU00361,Inglês,2º Bimestre,8.6
NOT00002167,ALU00362,Português,3º Bimestre,8.0
NOT00002168,ALU00362,Matemática,3º Bimestre,9.0
NOT00002169,ALU00362,Ciências,1º Bimestre,9.4
NOT00002170,ALU00362,História,4º Bimestre,6.8
NOT00002171,ALU00362,Geografia,2º Bimestre,8.0
NOT00002172,ALU00362,Inglês,4º Bimestre,9.2
NOT00002173,ALU00363,Português,2º Bimestre,7.7
NOT00002174,ALU00363,Matemática,2º Bimestre,6.8
NOT00002175,ALU00363,Ciências,2º Bimestre,9.1
NOT00002176,ALU00363,História,3º Bimestre,7.4
NOT00002177,ALU00363,Geografia,2º Bimestre,5.7
NOT00002178,ALU00363,Inglês,1º Bimestre,8.1
NOT00002179,ALU00364,Português,1º Bimestre,9.1
NOT00002180,ALU00364,Matemática,1º Bimestre,9.6
NOT00002181,ALU00364,Ciências,2º Bimestre,5.9
NOT00002182,ALU00364,História,1º Bimestre,6.2
NOT00002183,ALU00364,Geografia,2º Bimestre,6.8
NOT00002184,ALU00364,Inglês,3º Bimestre,8.6
NOT00002185,ALU00365,Português,2º Bimestre,6.9
NOT00002186,ALU00365,Matemática,1º Bimestre,9.3
NOT00002187,ALU00365,Ciências,3º Bimestre,7.7
NOT00002188,ALU00365,História,1º Bimestre,8.9
NOT00002189,ALU00365,Geografia,2º Bimestre,9.3
NOT00002190,ALU00365,Inglês,3º Bimestre,9.0
NOT00002191,ALU00366,Português,4º Bimestre,7.8
NOT00002192,ALU00366,Matemática,4º Bimestre,7.2
NOT00002193,ALU00366,Ciências,2º Bimestre,5.8
NOT00002194,ALU00366,História,1º Bimestre,8.9
NOT00002195,ALU00366,Geografia,4º Bimestre,9.7
NOT00002196,ALU00366,Inglês,2º Bimestre,8.3
NOT00002197,ALU00367,Português,3º Bimestre,6.4
NOT00002198,ALU00367,Matemática,1º Bimestre,6.4
NOT00002199,ALU00367,Ciências,1º Bimestre,8.2
NOT00002200,ALU00367,História,4º Bimestre,5.7
NOT00002201,ALU00367,Geografia,3º Bimestre,7.2
NOT00002202,ALU00367,Inglês,3º Bimestre,7.0
NOT00002203,ALU00368,Português,2º Bimestre,7.5
NOT00002204,ALU00368,Matemática,2º Bimestre,9.7
NOT00002205,ALU00368,Ciências,4º Bimestre,5.6
NOT00002206,ALU00368,História,1º Bimestre,6.0
NOT00002207,ALU00368,Geografia,1º Bimestre,5.6
NOT00002208,ALU00368,Inglês,4º Bimestre,9.7
NOT00002209,ALU00369,Português,1º Bimestre,6.6
NOT00002210,ALU00369,Matemática,1º Bimestre,8.0
NOT00002211,ALU00369,Ciências,2º Bimestre,7.1
NOT00002212,ALU00369,História,4º Bimestre,5.6
NOT00002213,ALU00369,Geografia,2º Bimestre,9.0
NOT00002214,ALU00369,Inglês,4º Bimestre,8.4
NOT00002215,ALU00370,Português,2º Bimestre,8.8
NOT00002216,ALU00370,Matemática,3º Bimestre,6.6
NOT00002217,ALU00370,Ciências,4º Bimestre,6.4
NOT00002218,ALU00370,História,4º Bimestre,8.9
NOT00002219,ALU00370,Geografia,3º Bimestre,9.1
NOT00002220,ALU00370,Inglês,1º Bimestre,6.0
NOT00002221,ALU00371,Português,1º Bimestre,8.2
NOT00002222,ALU00371,Matemática,2º Bimestre,9.5
NOT00002223,ALU00371,Ciências,2º Bimestre,5.5
NOT00002224,ALU00371,História,2º Bimestre,7.8
NOT00002225,ALU00371,Geografia,4º Bimestre,8.6
NOT00002226,ALU00371,Inglês,3º Bimestre,7.3
NOT00002227,ALU00372,Português,1º Bimestre,7.5
NOT00002228,ALU00372,Matemática,4º Bimestre,8.1
NOT00002229,ALU00372,Ciências,2º Bimestre,9.4
NOT00002230,ALU00372,História,1º Bimestre,8.5
NOT00002231,ALU00372,Geografia,2º Bimestre,7.0
NOT00002232,ALU00372,Inglês,3º Bimestre,7.6
NOT00002233,ALU00373,Português,2º Bimestre,6.9
NOT00002234,ALU00373,Matemática,2º Bimestre,5.9
NOT00002235,ALU00373,Ciências,4º Bimestre,7.2
NOT00002236,ALU00373,História,3º Bimestre,7.4
NOT00002237,ALU00373,Geografia,1º Bimestre,8.6
NOT00002238,ALU00373,Inglês,4º Bimestre,9.7
NOT00002239,ALU00374,Português,4º Bimestre,5.7
NOT00002240,ALU00374,Matemática,3º Bimestre,9.6
NOT00002241,ALU00374,Ciências,3º Bimestre,8.0
NOT00002242,ALU00374,História,4º Bimestre,7.6
NOT00002243,ALU00374,Geografia,3º Bimestre,9.3
NOT00002244,ALU00374,Inglês,1º Bimestre,9.2
NOT00002245,ALU00375,Português,4º Bimestre,8.0
NOT00002246,ALU00375,Matemática,2º Bimestre,6.8
NOT00002247,ALU00375,Ciências,1º Bimestre,7.8
NOT00002248,ALU00375,História,3º Bimestre,7.5
NOT00002249,ALU00375,Geografia,2º Bimestre,7.3
NOT00002250,ALU00375,Inglês,3º Bimestre,9.7
NOT00002251,ALU00376,Português,3º Bimestre,8.7
NOT00002252,ALU00376,Matemática,1º Bimestre,7.5
NOT00002253,ALU00376,Ciências,2º Bimestre,7.9
NOT00002254,ALU00376,História,4º Bimestre,6.0
NOT00002255,ALU00376,Geografia,2º Bimestre,9.2
NOT00002256,ALU00376,Inglês,3º Bimestre,7.1
NOT00002257,ALU00377,Português,4º Bimestre,6.3
NOT00002258,ALU00377,Matemática,3º Bimestre,6.6
NOT00002259,ALU00377,Ciências,3º Bimestre,8.1
NOT00002260,ALU00377,História,2º Bimestre,8.0
NOT00002261,ALU00377,Geografia,3º Bimestre,9.5
NOT00002262,ALU00377,Inglês,1º Bimestre,6.4
NOT00002263,ALU00378,Português,2º Bimestre,8.5
NOT00002264,ALU00378,Matemática,4º Bimestre,5.7
NOT00002265,ALU00378,Ciências,2º Bimestre,5.8
NOT00002266,ALU00378,História,2º Bimestre,7.0
NOT00002267,ALU00378,Geografia,2º Bimestre,9.5
NOT00002268,ALU00378,Inglês,4º Bimestre,7.7
NOT00002269,ALU00379,Português,1º Bimestre,6.2
NOT00002270,ALU00379,Matemática,1º Bimestre,9.3
NOT00002271,ALU00379,Ciências,1º Bimestre,6.3
NOT00002272,ALU00379,História,1º Bimestre,8.6
NOT00002273,ALU00379,Geografia,1º Bimestre,9.3
NOT00002274,ALU00379,Inglês,4º Bimestre,8.5
NOT00002275,ALU00380,Português,1º Bimestre,6.2
NOT00002276,ALU00380,Matemática,1º Bimestre,5.6
NOT00002277,ALU00380,Ciências,1º Bimestre,8.6
NOT00002278,ALU00380,História,2º Bimestre,8.5
NOT00002279,ALU00380,Geografia,1º Bimestre,6.5
NOT00002280,ALU00380,Inglês,3º Bimestre,6.5
NOT00002281,ALU00381,Português,3º Bimestre,6.9
NOT00002282,ALU00381,Matemática,1º Bimestre,8.3
NOT00002283,ALU00381,Ciências,4º Bimestre,5.6
NOT00002284,ALU00381,História,1º Bimestre,7.5
NOT00002285,ALU00381,Geografia,4º Bimestre,9.7
NOT00002286,ALU00381,Inglês,3º Bimestre,8.8
NOT00002287,ALU00382,Português,4º Bimestre,7.6
NOT00002288,ALU00382,Matemática,3º Bimestre,6.3
NOT00002289,ALU00382,Ciências,3º Bimestre,9.5
NOT00002290,ALU00382,História,3º Bimestre,9.5
NOT00002291,ALU00382,Geografia,4º Bimestre,7.1
NOT00002292,ALU00382,Inglês,3º Bimestre,6.8
NOT00002293,ALU00383,Português,2º Bimestre,6.8
NOT00002294,ALU00383,Matemática,2º Bimestre,7.7
NOT00002295,ALU00383,Ciências,4º Bimestre,9.4
NOT00002296,ALU00383,História,1º Bimestre,6.5
NOT00002297,ALU00383,Geografia,1º Bimestre,6.8
NOT00002298,ALU00383,Inglês,1º Bimestre,7.6
NOT00002299,ALU00384,Português,3º Bimestre,9.0
NOT00002300,ALU00384,Matemática,2º Bimestre,8.4
NOT00002301,ALU00384,Ciências,3º Bimestre,6.5
NOT00002302,ALU00384,História,3º Bimestre,6.8
NOT00002303,ALU00384,Geografia,4º Bimestre,7.1
NOT00002304,ALU00384,Inglês,1º Bimestre,6.5
NOT00002305,ALU00385,Português,1º Bimestre,7.4
NOT00002306,ALU00385,Matemática,4º Bimestre,8.3
NOT00002307,ALU00385,Ciências,2º Bimestre,7.1
NOT00002308,ALU00385,História,1º Bimestre,8.5
NOT00002309,ALU00385,Geografia,1º Bimestre,9.5
NOT00002310,ALU00385,Inglês,3º Bimestre,7.8
NOT00002311,ALU00386,Português,4º Bimestre,8.5
NOT00002312,ALU00386,Matemática,2º Bimestre,5.5
NOT00002313,ALU00386,Ciências,2º Bimestre,6.0
NOT00002314,ALU00386,História,2º Bimestre,6.0
NOT00002315,ALU00386,Geografia,3º Bimestre,7.7
NOT00002316,ALU00386,Inglês,3º Bimestre,9.2
NOT00002317,ALU00387,Português,3º Bimestre,7.1
NOT00002318,ALU00387,Matemática,3º Bimestre,7.5
NOT00002319,ALU00387,Ciências,1º Bimestre,7.5
NOT00002320,ALU00387,História,1º Bimestre,8.9
NOT00002321,ALU00387,Geografia,4º Bimestre,8.8
NOT00002322,ALU00387,Inglês,1º Bimestre,7.1
NOT00002323,ALU00388,Português,1º Bimestre,5.7
NOT00002324,ALU00388,Matemática,1º Bimestre,8.3
NOT00002325,ALU00388,Ciências,2º Bimestre,7.5
NOT00002326,ALU00388,História,4º Bimestre,8.6
NOT00002327,ALU00388,Geografia,4º Bimestre,9.4
NOT00002328,ALU00388,Inglês,3º Bimestre,8.9
NOT00002329,ALU00389,Português,2º Bimestre,8.5
NOT00002330,ALU00389,Matemática,4º Bimestre,7.0
NOT00002331,ALU00389,Ciências,2º Bimestre,8.8
NOT00002332,ALU00389,História,4º Bimestre,5.7
NOT00002333,ALU00389,Geografia,3º Bimestre,9.1
NOT00002334,ALU00389,Inglês,3º Bimestre,8.8
NOT00002335,ALU00390,Português,1º Bimestre,5.5
NOT00002336,ALU00390,Matemática,4º Bimestre,6.1
NOT00002337,ALU00390,Ciências,4º Bimestre,7.8
NOT00002338,ALU00390,História,2º Bimestre,7.5
NOT00002339,ALU00390,Geografia,2º Bimestre,9.2
NOT00002340,ALU00390,Inglês,1º Bimestre,8.8
NOT00002341,ALU00391,Português,2º Bimestre,6.5
NOT00002342,ALU00391,Matemática,2º Bimestre,6.8
NOT00002343,ALU00391,Ciências,3º Bimestre,6.7
NOT00002344,ALU00391,História,3º Bimestre,6.4
NOT00002345,ALU00391,Geografia,4º Bimestre,6.4
NOT00002346,ALU00391,Inglês,2º Bimestre,7.7
NOT00002347,ALU00392,Português,3º Bimestre,9.8
NOT00002348,ALU00392,Matemática,4º Bimestre,9.7
NOT00002349,ALU00392,Ciências,2º Bimestre,5.9
NOT00002350,ALU00392,História,4º Bimestre,7.4
NOT00002351,ALU00392,Geografia,4º Bimestre,7.7
NOT00002352,ALU00392,Inglês,1º Bimestre,6.5
NOT00002353,ALU00393,Português,4º Bimestre,7.8
NOT00002354,ALU00393,Matemática,4º Bimestre,7.8
NOT00002355,ALU00393,Ciências,2º Bimestre,9.7
NOT00002356,ALU00393,História,1º Bimestre,6.5
NOT00002357,ALU00393,Geografia,3º Bimestre,8.5
NOT00002358,ALU00393,Inglês,4º Bimestre,7.8
NOT00002359,ALU00394,Português,3º Bimestre,5.6
NOT00002360,ALU00394,Matemática,3º Bimestre,6.9
NOT00002361,ALU00394,Ciências,3º Bimestre,6.5
NOT00002362,ALU00394,História,3º Bimestre,6.7
NOT00002363,ALU00394,Geografia,1º Bimestre,9.0
NOT00002364,ALU00394,Inglês,1º Bimestre,6.4
NOT00002365,ALU00395,Português,1º Bimestre,7.3
NOT00002366,ALU00395,Matemática,3º Bimestre,8.4
NOT00002367,ALU00395,Ciências,1º Bimestre,9.1
NOT00002368,ALU00395,História,2º Bimestre,9.5
NOT00002369,ALU00395,Geografia,3º Bimestre,5.8
NOT00002370,ALU00395,Inglês,2º Bimestre,5.6
NOT00002371,ALU00396,Português,1º Bimestre,8.0
NOT00002372,ALU00396,Matemática,1º Bimestre,8.8
NOT00002373,ALU00396,Ciências,4º Bimestre,9.1
NOT00002374,ALU00396,História,1º Bimestre,8.9
NOT00002375,ALU00396,Geografia,4º Bimestre,7.8
NOT00002376,ALU00396,Inglês,4º Bimestre,8.7
NOT00002377,ALU00397,Português,1º Bimestre,8.8
NOT00002378,ALU00397,Matemática,3º Bimestre,8.2
NOT00002379,ALU00397,Ciências,3º Bimestre,6.2
NOT00002380,ALU00397,História,2º Bimestre,9.5
NOT00002381,ALU00397,Geografia,4º Bimestre,6.7
NOT00002382,ALU00397,Inglês,4º Bimestre,7.0
NOT00002383,ALU00398,Português,1º Bimestre,8.7
NOT00002384,ALU00398,Matemática,1º Bimestre,6.4
NOT00002385,ALU00398,Ciências,1º Bimestre,6.7
NOT00002386,ALU00398,História,4º Bimestre,6.8
NOT00002387,ALU00398,Geografia,4º Bimestre,8.4
NOT00002388,ALU00398,Inglês,2º Bimestre,7.5
NOT00002389,ALU00399,Português,2º Bimestre,9.0
NOT00002390,ALU00399,Matemática,2º Bimestre,7.5
NOT00002391,ALU00399,Ciências,2º Bimestre,8.2
NOT00002392,ALU00399,História,2º Bimestre,7.6
NOT00002393,ALU00399,Geografia,3º Bimestre,9.1
NOT00002394,ALU00399,Inglês,4º Bimestre,7.4
NOT00002395,ALU00400,Português,4º Bimestre,7.2
NOT00002396,ALU00400,Matemática,2º Bimestre,7.3
NOT00002397,ALU00400,Ciências,1º Bimestre,7.5
NOT00002398,ALU00400,História,3º Bimestre,7.0
NOT00002399,ALU00400,Geografia,4º Bimestre,8.5
NOT00002400,ALU00400,Inglês,4º Bimestre,6.5
NOT00002401,ALU00401,Português,4º Bimestre,8.5
NOT00002402,ALU00401,Matemática,1º Bimestre,6.7
NOT00002403,ALU00401,Ciências,3º Bimestre,9.7
NOT00002404,ALU00401,História,3º Bimestre,9.5
NOT00002405,ALU00401,Geografia,4º Bimestre,9.4
NOT00002406,ALU00401,Inglês,3º Bimestre,6.3
NOT00002407,ALU00402,Português,3º Bimestre,6.7
NOT00002408,ALU00402,Matemática,3º Bimestre,7.7
NOT00002409,ALU00402,Ciências,3º Bimestre,7.2
NOT00002410,ALU00402,História,3º Bimestre,6.4
NOT00002411,ALU00402,Geografia,3º Bimestre,8.7
NOT00002412,ALU00402,Inglês,2º Bimestre,8.9
NOT00002413,ALU00403,Português,4º Bimestre,8.5
NOT00002414,ALU00403,Matemática,1º Bimestre,9.4
NOT00002415,ALU00403,Ciências,3º Bimestre,6.5
NOT00002416,ALU00403,História,3º Bimestre,7.9
NOT00002417,ALU00403,Geografia,3º Bimestre,8.7
NOT00002418,ALU00403,Inglês,1º Bimestre,7.3
NOT00002419,ALU00404,Português,4º Bimestre,9.0
NOT00002420,ALU00404,Matemática,1º Bimestre,6.9
NOT00002421,ALU00404,Ciências,1º Bimestre,8.2
NOT00002422,ALU00404,História,3º Bimestre,7.4
NOT00002423,ALU00404,Geografia,2º Bimestre,9.7
NOT00002424,ALU00404,Inglês,4º Bimestre,7.1
NOT00002425,ALU00405,Português,1º Bimestre,9.4
NOT00002426,ALU00405,Matemática,4º Bimestre,7.7
NOT00002427,ALU00405,Ciências,3º Bimestre,7.8
NOT00002428,ALU00405,História,3º Bimestre,9.4
NOT00002429,ALU00405,Geografia,1º Bimestre,5.8
NOT00002430,ALU00405,Inglês,1º Bimestre,8.9
NOT00002431,ALU00406,Português,3º Bimestre,6.1
NOT00002432,ALU00406,Matemática,3º Bimestre,7.3
NOT00002433,ALU00406,Ciências,2º Bimestre,6.1
NOT00002434,ALU00406,História,3º Bimestre,7.3
NOT00002435,ALU00406,Geografia,1º Bimestre,9.7
NOT00002436,ALU00406,Inglês,3º Bimestre,6.3
NOT00002437,ALU00407,Português,2º Bimestre,6.6
NOT00002438,ALU00407,Matemática,2º Bimestre,6.6
NOT00002439,ALU00407,Ciências,3º Bimestre,7.0
NOT00002440,ALU00407,História,4º Bimestre,6.5
NOT00002441,ALU00407,Geografia,4º Bimestre,8.7
NOT00002442,ALU00407,Inglês,4º Bimestre,5.6
NOT00002443,ALU00408,Português,2º Bimestre,8.6
NOT00002444,ALU00408,Matemática,1º Bimestre,7.5
NOT00002445,ALU00408,Ciências,3º Bimestre,8.8
NOT00002446,ALU00408,História,4º Bimestre,6.7
NOT00002447,ALU00408,Geografia,3º Bimestre,6.8
NOT00002448,ALU00408,Inglês,1º Bimestre,5.9
NOT00002449,ALU00409,Português,2º Bimestre,7.9
NOT00002450,ALU00409,Matemática,3º Bimestre,5.8
NOT00002451,ALU00409,Ciências,3º Bimestre,6.5
NOT00002452,ALU00409,História,3º Bimestre,7.8
NOT00002453,ALU00409,Geografia,4º Bimestre,8.3
NOT00002454,ALU00409,Inglês,3º Bimestre,9.1
NOT00002455,ALU00410,Português,1º Bimestre,8.6
NOT00002456,ALU00410,Matemática,1º Bimestre,6.1
NOT00002457,ALU00410,Ciências,2º Bimestre,8.8
NOT00002458,ALU00410,História,4º Bimestre,6.2
NOT00002459,ALU00410,Geografia,3º Bimestre,7.5
NOT00002460,ALU00410,Inglês,4º Bimestre,9.6
NOT00002461,ALU00411,Português,4º Bimestre,6.2
NOT00002462,ALU00411,Matemática,3º Bimestre,9.4
NOT00002463,ALU00411,Ciências,2º Bimestre,5.7
NOT00002464,ALU00411,História,3º Bimestre,7.9
NOT00002465,ALU00411,Geografia,1º Bimestre,6.0
NOT00002466,ALU00411,Inglês,1º Bimestre,7.4
NOT00002467,ALU00412,Português,4º Bimestre,5.9
NOT00002468,ALU00412,Matemática,1º Bimestre,7.5
NOT00002469,ALU00412,Ciências,1º Bimestre,6.8
NOT00002470,ALU00412,História,4º Bimestre,9.5
NOT00002471,ALU00412,Geografia,2º Bimestre,6.5
NOT00002472,ALU00412,Inglês,3º Bimestre,7.3
NOT00002473,ALU00413,Português,2º Bimestre,7.2
NOT00002474,ALU00413,Matemática,2º Bimestre,6.5
NOT00002475,ALU00413,Ciências,1º Bimestre,5.6
NOT00002476,ALU00413,História,2º Bimestre,6.9
NOT00002477,ALU00413,Geografia,3º Bimestre,6.2
NOT00002478,ALU00413,Inglês,2º Bimestre,5.7
NOT00002479,ALU00414,Português,2º Bimestre,6.2
NOT00002480,ALU00414,Matemática,3º Bimestre,7.7
NOT00002481,ALU00414,Ciências,3º Bimestre,7.5
NOT00002482,ALU00414,História,4º Bimestre,9.1
NOT00002483,ALU00414,Geografia,2º Bimestre,8.9
NOT00002484,ALU00414,Inglês,1º Bimestre,8.2
NOT00002485,ALU00415,Português,2º Bimestre,7.7
NOT00002486,ALU00415,Matemática,4º Bimestre,9.5
NOT00002487,ALU00415,Ciências,4º Bimestre,7.2
NOT00002488,ALU00415,História,1º Bimestre,8.3
NOT00002489,ALU00415,Geografia,3º Bimestre,5.6
NOT00002490,ALU00415,Inglês,1º Bimestre,6.3
NOT00002491,ALU00416,Português,2º Bimestre,7.5
NOT00002492,ALU00416,Matemática,2º Bimestre,7.5
NOT00002493,ALU00416,Ciências,4º Bimestre,5.8
NOT00002494,ALU00416,História,3º Bimestre,6.7
NOT00002495,ALU00416,Geografia,3º Bimestre,7.0
NOT00002496,ALU00416,Inglês,3º Bimestre,6.3
NOT00002497,ALU00417,Português,2º Bimestre,8.3
NOT00002498,ALU00417,Matemática,1º Bimestre,7.2
NOT00002499,ALU00417,Ciências,2º Bimestre,5.9
NOT00002500,ALU00417,História,1º Bimestre,6.9
NOT00002501,ALU00417,Geografia,3º Bimestre,6.8
NOT00002502,ALU00417,Inglês,3º Bimestre,8.3
NOT00002503,ALU00418,Português,3º Bimestre,5.8
NOT00002504,ALU00418,Matemática,2º Bimestre,6.4
NOT00002505,ALU00418,Ciências,4º Bimestre,7.3
NOT00002506,ALU00418,História,4º Bimestre,7.0
NOT00002507,ALU00418,Geografia,3º Bimestre,8.6
NOT00002508,ALU00418,Inglês,4º Bimestre,7.6
NOT00002509,ALU00419,Português,2º Bimestre,7.8
NOT00002510,ALU00419,Matemática,3º Bimestre,9.4
NOT00002511,ALU00419,Ciências,1º Bimestre,7.1
NOT00002512,ALU00419,História,1º Bimestre,8.9
NOT00002513,ALU00419,Geografia,4º Bimestre,8.9
NOT00002514,ALU00419,Inglês,2º Bimestre,6.1
NOT00002515,ALU00420,Português,2º Bimestre,8.4
NOT00002516,ALU00420,Matemática,4º Bimestre,8.4
NOT00002517,ALU00420,Ciências,3º Bimestre,9.7
NOT00002518,ALU00420,História,2º Bimestre,7.6
NOT00002519,ALU00420,Geografia,1º Bimestre,9.6
NOT00002520,ALU00420,Inglês,3º Bimestre,7.2
NOT00002521,ALU00421,Português,2º Bimestre,8.2
NOT00002522,ALU00421,Matemática,4º Bimestre,5.7
NOT00002523,ALU00421,Ciências,2º Bimestre,6.3
NOT00002524,ALU00421,História,4º Bimestre,8.7
NOT00002525,ALU00421,Geografia,3º Bimestre,6.9
NOT00002526,ALU00421,Inglês,3º Bimestre,8.7
NOT00002527,ALU00422,Português,4º Bimestre,8.2
NOT00002528,ALU00422,Matemática,2º Bimestre,8.2
NOT00002529,ALU00422,Ciências,4º Bimestre,8.4
NOT00002530,ALU00422,História,2º Bimestre,6.2
NOT00002531,ALU00422,Geografia,3º Bimestre,9.2
NOT00002532,ALU00422,Inglês,3º Bimestre,6.6
NOT00002533,ALU00423,Português,1º Bimestre,7.7
NOT00002534,ALU00423,Matemática,1º Bimestre,7.7
NOT00002535,ALU00423,Ciências,3º Bimestre,8.7
NOT00002536,ALU00423,História,1º Bimestre,8.9
NOT00002537,ALU00423,Geografia,3º Bimestre,7.6
NOT00002538,ALU00423,Inglês,2º Bimestre,5.7
NOT00002539,ALU00424,Português,4º Bimestre,6.0
NOT00002540,ALU00424,Matemática,2º Bimestre,7.9
NOT00002541,ALU00424,Ciências,1º Bimestre,9.3
NOT00002542,ALU00424,História,2º Bimestre,8.9
NOT00002543,ALU00424,Geografia,3º Bimestre,6.9
NOT00002544,ALU00424,Inglês,3º Bimestre,8.8
NOT00002545,ALU00425,Português,3º Bimestre,8.8
NOT00002546,ALU00425,Matemática,3º Bimestre,7.8
NOT00002547,ALU00425,Ciências,4º Bimestre,7.1
NOT00002548,ALU00425,História,4º Bimestre,6.7
NOT00002549,ALU00425,Geografia,4º Bimestre,8.6
NOT00002550,ALU00425,Inglês,1º Bimestre,8.5
NOT00002551,ALU00426,Português,1º Bimestre,9.5
NOT00002552,ALU00426,Matemática,4º Bimestre,7.2
NOT00002553,ALU00426,Ciências,3º Bimestre,6.7
NOT00002554,ALU00426,História,4º Bimestre,8.8
NOT00002555,ALU00426,Geografia,3º Bimestre,8.0
NOT00002556,ALU00426,Inglês,4º Bimestre,9.3
NOT00002557,ALU00427,Português,4º Bimestre,7.0
NOT00002558,ALU00427,Matemática,4º Bimestre,8.6
NOT00002559,ALU00427,Ciências,1º Bimestre,5.7
NOT00002560,ALU00427,História,2º Bimestre,7.7
NOT00002561,ALU00427,Geografia,4º Bimestre,8.1
NOT00002562,ALU00427,Inglês,2º Bimestre,6.6
NOT00002563,ALU00428,Português,3º Bimestre,7.3
NOT00002564,ALU00428,Matemática,2º Bimestre,6.1
NOT00002565,ALU00428,Ciências,3º Bimestre,9.3
NOT00002566,ALU00428,História,4º Bimestre,5.5
NOT00002567,ALU00428,Geografia,1º Bimestre,7.0
NOT00002568,ALU00428,Inglês,3º Bimestre,7.1
NOT00002569,ALU00429,Português,4º Bimestre,8.7
NOT00002570,ALU00429,Matemática,2º Bimestre,6.6
NOT00002571,ALU00429,Ciências,3º Bimestre,8.0
NOT00002572,ALU00429,História,3º Bimestre,6.4
NOT00002573,ALU00429,Geografia,4º Bimestre,8.2
NOT00002574,ALU00429,Inglês,2º Bimestre,8.9
NOT00002575,ALU00430,Português,1º Bimestre,5.6
NOT00002576,ALU00430,Matemática,1º Bimestre,7.3
NOT00002577,ALU00430,Ciências,2º Bimestre,9.7
NOT00002578,ALU00430,História,1º Bimestre,5.6
NOT00002579,ALU00430,Geografia,3º Bimestre,7.4
NOT00002580,ALU00430,Inglês,3º Bimestre,8.0
NOT00002581,ALU00431,Português,1º Bimestre,6.7
NOT00002582,ALU00431,Matemática,1º Bimestre,9.0
NOT00002583,ALU00431,Ciências,3º Bimestre,7.2
NOT00002584,ALU00431,História,2º Bimestre,5.9
NOT00002585,ALU00431,Geografia,4º Bimestre,7.9
NOT00002586,ALU00431,Inglês,2º Bimestre,5.8
NOT00002587,ALU00432,Português,4º Bimestre,9.5
NOT00002588,ALU00432,Matemática,2º Bimestre,6.1
NOT00002589,ALU00432,Ciências,4º Bimestre,5.8
NOT00002590,ALU00432,História,1º Bimestre,8.4
NOT00002591,ALU00432,Geografia,4º Bimestre,9.4
NOT00002592,ALU00432,Inglês,3º Bimestre,9.3
NOT00002593,ALU00433,Português,3º Bimestre,7.3
NOT00002594,ALU00433,Matemática,4º Bimestre,8.5
NOT00002595,ALU00433,Ciências,4º Bimestre,9.4
NOT00002596,ALU00433,História,1º Bimestre,7.2
NOT00002597,ALU00433,Geografia,1º Bimestre,6.0
NOT00002598,ALU00433,Inglês,1º Bimestre,9.2
NOT00002599,ALU00434,Português,1º Bimestre,7.9
NOT00002600,ALU00434,Matemática,2º Bimestre,6.7
NOT00002601,ALU00434,Ciências,3º Bimestre,8.2
NOT00002602,ALU00434,História,3º Bimestre,7.8
NOT00002603,ALU00434,Geografia,3º Bimestre,9.0
NOT00002604,ALU00434,Inglês,3º Bimestre,7.1
NOT00002605,ALU00435,Português,4º Bimestre,6.1
NOT00002606,ALU00435,Matemática,3º Bimestre,7.7
NOT00002607,ALU00435,Ciências,4º Bimestre,7.5
NOT00002608,ALU00435,História,1º Bimestre,7.2
NOT00002609,ALU00435,Geografia,2º Bimestre,8.5
NOT00002610,ALU00435,Inglês,2º Bimestre,8.6
NOT00002611,ALU00436,Português,4º Bimestre,6.2
NOT00002612,ALU00436,Matemática,4º Bimestre,8.0
NOT00002613,ALU00436,Ciências,4º Bimestre,7.8
NOT00002614,ALU00436,História,2º Bimestre,6.9
NOT00002615,ALU00436,Geografia,4º Bimestre,5.9
NOT00002616,ALU00436,Inglês,4º Bimestre,6.6
NOT00002617,ALU00437,Português,1º Bimestre,8.7
NOT00002618,ALU00437,Matemática,3º Bimestre,9.5
NOT00002619,ALU00437,Ciências,4º Bimestre,7.8
NOT00002620,ALU00437,História,2º Bimestre,5.7
NOT00002621,ALU00437,Geografia,4º Bimestre,9.7
NOT00002622,ALU00437,Inglês,4º Bimestre,9.2
NOT00002623,ALU00438,Português,3º Bimestre,8.7
NOT00002624,ALU00438,Matemática,2º Bimestre,8.7
NOT00002625,ALU00438,Ciências,4º Bimestre,7.0
NOT00002626,ALU00438,História,2º Bimestre,7.1
NOT00002627,ALU00438,Geografia,1º Bimestre,7.8
NOT00002628,ALU00438,Inglês,1º Bimestre,7.3
NOT00002629,ALU00439,Português,2º Bimestre,8.2
NOT00002630,ALU00439,Matemática,1º Bimestre,9.1
NOT00002631,ALU00439,Ciências,4º Bimestre,5.7
NOT00002632,ALU00439,História,1º Bimestre,8.4
NOT00002633,ALU00439,Geografia,2º Bimestre,9.0
NOT00002634,ALU00439,Inglês,3º Bimestre,5.7
NOT00002635,ALU00440,Português,4º Bimestre,7.7
NOT00002636,ALU00440,Matemática,1º Bimestre,9.4
NOT00002637,ALU00440,Ciências,2º Bimestre,8.0
NOT00002638,ALU00440,História,3º Bimestre,8.3
NOT00002639,ALU00440,Geografia,3º Bimestre,6.2
NOT00002640,ALU00440,Inglês,1º Bimestre,8.2
NOT00002641,ALU00441,Português,1º Bimestre,6.3
NOT00002642,ALU00441,Matemática,4º Bimestre,6.8
NOT00002643,ALU00441,Ciências,1º Bimestre,9.2
NOT00002644,ALU00441,História,2º Bimestre,8.0
NOT00002645,ALU00441,Geografia,2º Bimestre,6.8
NOT00002646,ALU00441,Inglês,1º Bimestre,7.1
NOT00002647,ALU00442,Português,1º Bimestre,6.9
NOT00002648,ALU00442,Matemática,4º Bimestre,8.0
NOT00002649,ALU00442,Ciências,3º Bimestre,7.9
NOT00002650,ALU00442,História,3º Bimestre,9.8
NOT00002651,ALU00442,Geografia,4º Bimestre,9.1
NOT00002652,ALU00442,Inglês,4º Bimestre,7.9
NOT00002653,ALU00443,Português,1º Bimestre,9.6
NOT00002654,ALU00443,Matemática,1º Bimestre,8.4
NOT00002655,ALU00443,Ciências,3º Bimestre,5.8
NOT00002656,ALU00443,História,3º Bimestre,7.1
NOT00002657,ALU00443,Geografia,4º Bimestre,5.5
NOT00002658,ALU00443,Inglês,3º Bimestre,8.5
NOT00002659,ALU00444,Português,3º Bimestre,6.0
NOT00002660,ALU00444,Matemática,2º Bimestre,9.0
NOT00002661,ALU00444,Ciências,2º Bimestre,7.2
NOT00002662,ALU00444,História,2º Bimestre,8.6
NOT00002663,ALU00444,Geografia,2º Bimestre,7.9
NOT00002664,ALU00444,Inglês,2º Bimestre,7.6
NOT00002665,ALU00445,Português,2º Bimestre,7.7
NOT00002666,ALU00445,Matemática,1º Bimestre,5.7
NOT00002667,ALU00445,Ciências,4º Bimestre,9.2
NOT00002668,ALU00445,História,2º Bimestre,5.6
NOT00002669,ALU00445,Geografia,2º Bimestre,7.6
NOT00002670,ALU00445,Inglês,1º Bimestre,8.3
NOT00002671,ALU00446,Português,2º Bimestre,6.8
NOT00002672,ALU00446,Matemática,2º Bimestre,5.9
NOT00002673,ALU00446,Ciências,4º Bimestre,7.2
NOT00002674,ALU00446,História,1º Bimestre,7.1
NOT00002675,ALU00446,Geografia,2º Bimestre,8.5
NOT00002676,ALU00446,Inglês,3º Bimestre,8.3
NOT00002677,ALU00447,Português,1º Bimestre,5.9
NOT00002678,ALU00447,Matemática,2º Bimestre,8.3
NOT00002679,ALU00447,Ciências,2º Bimestre,6.2
NOT00002680,ALU00447,História,4º Bimestre,5.7
NOT00002681,ALU00447,Geografia,2º Bimestre,7.9
NOT00002682,ALU00447,Inglês,1º Bimestre,6.6
NOT00002683,ALU00448,Português,2º Bimestre,8.3
NOT00002684,ALU00448,Matemática,3º Bimestre,6.9
NOT00002685,ALU00448,Ciências,4º Bimestre,6.8
NOT00002686,ALU00448,História,1º Bimestre,9.4
NOT00002687,ALU00448,Geografia,4º Bimestre,7.9
NOT00002688,ALU00448,Inglês,4º Bimestre,7.0
NOT00002689,ALU00449,Português,3º Bimestre,5.9
NOT00002690,ALU00449,Matemática,1º Bimestre,8.0
NOT00002691,ALU00449,Ciências,1º Bimestre,8.6
NOT00002692,ALU00449,História,2º Bimestre,7.5
NOT00002693,ALU00449,Geografia,3º Bimestre,7.4
NOT00002694,ALU00449,Inglês,1º Bimestre,8.9
NOT00002695,ALU00450,Português,3º Bimestre,9.6
NOT00002696,ALU00450,Matemática,3º Bimestre,8.3
NOT00002697,ALU00450,Ciências,4º Bimestre,8.9
NOT00002698,ALU00450,História,4º Bimestre,8.1
NOT00002699,ALU00450,Geografia,2º Bimestre,8.1
NOT00002700,ALU00450,Inglês,3º Bimestre,6.6
NOT00002701,ALU00451,Português,1º Bimestre,7.7
NOT00002702,ALU00451,Matemática,3º Bimestre,6.2
NOT00002703,ALU00451,Ciências,4º Bimestre,7.3
NOT00002704,ALU00451,História,3º Bimestre,7.7
NOT00002705,ALU00451,Geografia,4º Bimestre,9.3
NOT00002706,ALU00451,Inglês,4º Bimestre,9.3
NOT00002707,ALU00452,Português,2º Bimestre,9.7
NOT00002708,ALU00452,Matemática,3º Bimestre,8.1
NOT00002709,ALU00452,Ciências,1º Bimestre,6.8
NOT00002710,ALU00452,História,3º Bimestre,9.1
NOT00002711,ALU00452,Geografia,4º Bimestre,5.5
NOT00002712,ALU00452,Inglês,2º Bimestre,6.7
NOT00002713,ALU00453,Português,2º Bimestre,8.3
NOT00002714,ALU00453,Matemática,2º Bimestre,9.7
NOT00002715,ALU00453,Ciências,3º Bimestre,7.8
NOT00002716,ALU00453,História,1º Bimestre,7.1
NOT00002717,ALU00453,Geografia,2º Bimestre,5.8
NOT00002718,ALU00453,Inglês,3º Bimestre,8.5
NOT00002719,ALU00454,Português,1º Bimestre,7.3
NOT00002720,ALU00454,Matemática,2º Bimestre,6.0
NOT00002721,ALU00454,Ciências,3º Bimestre,8.3
NOT00002722,ALU00454,História,4º Bimestre,7.4
NOT00002723,ALU00454,Geografia,4º Bimestre,6.6
NOT00002724,ALU00454,Inglês,1º Bimestre,7.9
NOT00002725,ALU00455,Português,3º Bimestre,9.2
NOT00002726,ALU00455,Matemática,2º Bimestre,7.9
NOT00002727,ALU00455,Ciências,4º Bimestre,8.7
NOT00002728,ALU00455,História,4º Bimestre,6.1
NOT00002729,ALU00455,Geografia,2º Bimestre,8.9
NOT00002730,ALU00455,Inglês,4º Bimestre,7.9
NOT00002731,ALU00456,Português,2º Bimestre,6.3
NOT00002732,ALU00456,Matemática,1º Bimestre,9.2
NOT00002733,ALU00456,Ciências,2º Bimestre,7.8
NOT00002734,ALU00456,História,1º Bimestre,7.9
NOT00002735,ALU00456,Geografia,1º Bimestre,8.1
NOT00002736,ALU00456,Inglês,1º Bimestre,6.7
NOT00002737,ALU00457,Português,3º Bimestre,8.8
NOT00002738,ALU00457,Matemática,4º Bimestre,8.3
NOT00002739,ALU00457,Ciências,3º Bimestre,5.9
NOT00002740,ALU00457,História,2º Bimestre,9.1
NOT00002741,ALU00457,Geografia,3º Bimestre,7.6
NOT00002742,ALU00457,Inglês,1º Bimestre,7.3
NOT00002743,ALU00458,Português,2º Bimestre,5.9
NOT00002744,ALU00458,Matemática,2º Bimestre,6.0
NOT00002745,ALU00458,Ciências,4º Bimestre,8.3
NOT00002746,ALU00458,História,1º Bimestre,9.3
NOT00002747,ALU00458,Geografia,2º Bimestre,5.5
NOT00002748,ALU00458,Inglês,2º Bimestre,8.4
NOT00002749,ALU00459,Português,1º Bimestre,8.8
NOT00002750,ALU00459,Matemática,3º Bimestre,5.9
NOT00002751,ALU00459,Ciências,3º Bimestre,5.5
NOT00002752,ALU00459,História,3º Bimestre,7.7
NOT00002753,ALU00459,Geografia,2º Bimestre,9.0
NOT00002754,ALU00459,Inglês,1º Bimestre,6.1
NOT00002755,ALU00460,Português,2º Bimestre,5.6
NOT00002756,ALU00460,Matemática,3º Bimestre,6.6
NOT00002757,ALU00460,Ciências,4º Bimestre,6.5
NOT00002758,ALU00460,História,1º Bimestre,5.6
NOT00002759,ALU00460,Geografia,3º Bimestre,8.5
NOT00002760,ALU00460,Inglês,2º Bimestre,6.6
NOT00002761,ALU00461,Português,3º Bimestre,9.6
NOT00002762,ALU00461,Matemática,3º Bimestre,7.4
NOT00002763,ALU00461,Ciências,3º Bimestre,6.0
NOT00002764,ALU00461,História,3º Bimestre,7.2
NOT00002765,ALU00461,Geografia,4º Bimestre,6.3
NOT00002766,ALU00461,Inglês,3º Bimestre,5.8
NOT00002767,ALU00462,Português,1º Bimestre,8.7
NOT00002768,ALU00462,Matemática,2º Bimestre,7.5
NOT00002769,ALU00462,Ciências,1º Bimestre,8.6
NOT00002770,ALU00462,História,1º Bimestre,6.7
NOT00002771,ALU00462,Geografia,1º Bimestre,7.0
NOT00002772,ALU00462,Inglês,1º Bimestre,8.5
NOT00002773,ALU00463,Português,3º Bimestre,7.7
NOT00002774,ALU00463,Matemática,4º Bimestre,9.5
NOT00002775,ALU00463,Ciências,4º Bimestre,7.0
NOT00002776,ALU00463,História,3º Bimestre,8.5
NOT00002777,ALU00463,Geografia,4º Bimestre,7.2
NOT00002778,ALU00463,Inglês,2º Bimestre,8.6
NOT00002779,ALU00464,Português,3º Bimestre,7.3
NOT00002780,ALU00464,Matemática,2º Bimestre,8.6
NOT00002781,ALU00464,Ciências,2º Bimestre,7.8
NOT00002782,ALU00464,História,1º Bimestre,9.5
NOT00002783,ALU00464,Geografia,4º Bimestre,5.8
NOT00002784,ALU00464,Inglês,3º Bimestre,9.6
NOT00002785,ALU00465,Português,1º Bimestre,9.0
NOT00002786,ALU00465,Matemática,2º Bimestre,8.9
NOT00002787,ALU00465,Ciências,2º Bimestre,7.8
NOT00002788,ALU00465,História,1º Bimestre,8.1
NOT00002789,ALU00465,Geografia,2º Bimestre,8.4
NOT00002790,ALU00465,Inglês,2º Bimestre,9.1
NOT00002791,ALU00466,Português,4º Bimestre,6.7
NOT00002792,ALU00466,Matemática,2º Bimestre,8.8
NOT00002793,ALU00466,Ciências,4º Bimestre,7.6
NOT00002794,ALU00466,História,1º Bimestre,5.8
NOT00002795,ALU00466,Geografia,4º Bimestre,6.3
NOT00002796,ALU00466,Inglês,3º Bimestre,8.2
NOT00002797,ALU00467,Português,4º Bimestre,8.4
NOT00002798,ALU00467,Matemática,3º Bimestre,7.5
NOT00002799,ALU00467,Ciências,3º Bimestre,5.8
NOT00002800,ALU00467,História,2º Bimestre,7.0
NOT00002801,ALU00467,Geografia,4º Bimestre,8.5
NOT00002802,ALU00467,Inglês,1º Bimestre,8.1
NOT00002803,ALU00468,Português,1º Bimestre,8.9
NOT00002804,ALU00468,Matemática,1º Bimestre,7.9
NOT00002805,ALU00468,Ciências,1º Bimestre,8.7
NOT00002806,ALU00468,História,2º Bimestre,8.9
NOT00002807,ALU00468,Geografia,1º Bimestre,9.1
NOT00002808,ALU00468,Inglês,1º Bimestre,6.3
NOT00002809,ALU00469,Português,2º Bimestre,9.1
NOT00002810,ALU00469,Matemática,1º Bimestre,8.5
NOT00002811,ALU00469,Ciências,4º Bimestre,7.9
NOT00002812,ALU00469,História,4º Bimestre,9.1
NOT00002813,ALU00469,Geografia,4º Bimestre,7.4
NOT00002814,ALU00469,Inglês,2º Bimestre,6.8
NOT00002815,ALU00470,Português,1º Bimestre,6.2
NOT00002816,ALU00470,Matemática,3º Bimestre,8.5
NOT00002817,ALU00470,Ciências,4º Bimestre,7.8
NOT00002818,ALU00470,História,4º Bimestre,6.9
NOT00002819,ALU00470,Geografia,3º Bimestre,7.3
NOT00002820,ALU00470,Inglês,3º Bimestre,7.2
NOT00002821,ALU00471,Português,3º Bimestre,7.7
NOT00002822,ALU00471,Matemática,3º Bimestre,7.3
NOT00002823,ALU00471,Ciências,1º Bimestre,9.3
NOT00002824,ALU00471,História,4º Bimestre,7.5
NOT00002825,ALU00471,Geografia,1º Bimestre,8.2
NOT00002826,ALU00471,Inglês,4º Bimestre,7.0
NOT00002827,ALU00472,Português,3º Bimestre,7.9
NOT00002828,ALU00472,Matemática,4º Bimestre,9.6
NOT00002829,ALU00472,Ciências,4º Bimestre,8.5
NOT00002830,ALU00472,História,2º Bimestre,7.5
NOT00002831,ALU00472,Geografia,1º Bimestre,7.2
NOT00002832,ALU00472,Inglês,3º Bimestre,7.0
NOT00002833,ALU00473,Português,4º Bimestre,9.6
NOT00002834,ALU00473,Matemática,2º Bimestre,7.9
NOT00002835,ALU00473,Ciências,2º Bimestre,7.2
NOT00002836,ALU00473,História,4º Bimestre,6.8
NOT00002837,ALU00473,Geografia,1º Bimestre,6.0
NOT00002838,ALU00473,Inglês,4º Bimestre,7.3
NOT00002839,ALU00474,Português,4º Bimestre,6.3
NOT00002840,ALU00474,Matemática,3º Bimestre,8.0
NOT00002841,ALU00474,Ciências,2º Bimestre,9.7
NOT00002842,ALU00474,História,3º Bimestre,7.8
NOT00002843,ALU00474,Geografia,4º Bimestre,6.9
NOT00002844,ALU00474,Inglês,3º Bimestre,9.3
NOT00002845,ALU00475,Português,1º Bimestre,5.7
NOT00002846,ALU00475,Matemática,3º Bimestre,9.7
NOT00002847,ALU00475,Ciências,3º Bimestre,7.7
NOT00002848,ALU00475,História,1º Bimestre,6.5
NOT00002849,ALU00475,Geografia,2º Bimestre,8.9
NOT00002850,ALU00475,Inglês,3º Bimestre,6.1
NOT00002851,ALU00476,Português,3º Bimestre,6.8
NOT00002852,ALU00476,Matemática,3º Bimestre,6.6
NOT00002853,ALU00476,Ciências,4º Bimestre,5.9
NOT00002854,ALU00476,História,4º Bimestre,7.3
NOT00002855,ALU00476,Geografia,1º Bimestre,6.3
NOT00002856,ALU00476,Inglês,2º Bimestre,7.6
NOT00002857,ALU00477,Português,2º Bimestre,9.3
NOT00002858,ALU00477,Matemática,3º Bimestre,6.4
NOT00002859,ALU00477,Ciências,1º Bimestre,7.5
NOT00002860,ALU00477,História,2º Bimestre,7.9
NOT00002861,ALU00477,Geografia,1º Bimestre,6.8
NOT00002862,ALU00477,Inglês,1º Bimestre,7.7
NOT00002863,ALU00478,Português,1º Bimestre,9.3
NOT00002864,ALU00478,Matemática,2º Bimestre,7.9
NOT00002865,ALU00478,Ciências,2º Bimestre,6.0
NOT00002866,ALU00478,História,3º Bimestre,9.8
NOT00002867,ALU00478,Geografia,3º Bimestre,7.5
NOT00002868,ALU00478,Inglês,4º Bimestre,7.8
NOT00002869,ALU00479,Português,2º Bimestre,7.3
NOT00002870,ALU00479,Matemática,4º Bimestre,7.7
NOT00002871,ALU00479,Ciências,4º Bimestre,8.3
NOT00002872,ALU00479,História,2º Bimestre,6.0
NOT00002873,ALU00479,Geografia,1º Bimestre,6.2
NOT00002874,ALU00479,Inglês,4º Bimestre,5.5
NOT00002875,ALU00480,Português,4º Bimestre,9.0
NOT00002876,ALU00480,Matemática,2º Bimestre,7.1
NOT00002877,ALU00480,Ciências,2º Bimestre,9.5
NOT00002878,ALU00480,História,2º Bimestre,8.9
NOT00002879,ALU00480,Geografia,4º Bimestre,5.6
NOT00002880,ALU00480,Inglês,1º Bimestre,9.7
NOT00002881,ALU00481,Português,1º Bimestre,8.4
NOT00002882,ALU00481,Matemática,2º Bimestre,9.6
NOT00002883,ALU00481,Ciências,2º Bimestre,8.7
NOT00002884,ALU00481,História,1º Bimestre,9.7
NOT00002885,ALU00481,Geografia,4º Bimestre,6.3
NOT00002886,ALU00481,Inglês,4º Bimestre,7.8
NOT00002887,ALU00482,Português,1º Bimestre,8.8
NOT00002888,ALU00482,Matemática,3º Bimestre,7.6
NOT00002889,ALU00482,Ciências,2º Bimestre,7.2
NOT00002890,ALU00482,História,1º Bimestre,8.4
NOT00002891,ALU00482,Geografia,1º Bimestre,6.8
NOT00002892,ALU00482,Inglês,3º Bimestre,7.3
NOT00002893,ALU00483,Português,3º Bimestre,5.6
NOT00002894,ALU00483,Matemática,4º Bimestre,9.6
NOT00002895,ALU00483,Ciências,2º Bimestre,8.6
NOT00002896,ALU00483,História,2º Bimestre,6.6
NOT00002897,ALU00483,Geografia,1º Bimestre,7.8
NOT00002898,ALU00483,Inglês,1º Bimestre,6.4
NOT00002899,ALU00484,Português,3º Bimestre,7.8
NOT00002900,ALU00484,Matemática,3º Bimestre,6.7
NOT00002901,ALU00484,Ciências,1º Bimestre,7.7
NOT00002902,ALU00484,História,4º Bimestre,5.5
NOT00002903,ALU00484,Geografia,4º Bimestre,9.6
NOT00002904,ALU00484,Inglês,2º Bimestre,7.5
NOT00002905,ALU00485,Português,1º Bimestre,6.7
NOT00002906,ALU00485,Matemática,4º Bimestre,9.1
NOT00002907,ALU00485,Ciências,1º Bimestre,8.2
NOT00002908,ALU00485,História,2º Bimestre,7.7
NOT00002909,ALU00485,Geografia,3º Bimestre,6.4
NOT00002910,ALU00485,Inglês,2º Bimestre,6.7
NOT00002911,ALU00486,Português,2º Bimestre,6.5
NOT00002912,ALU00486,Matemática,2º Bimestre,8.9
NOT00002913,ALU00486,Ciências,1º Bimestre,5.5
NOT00002914,ALU00486,História,3º Bimestre,8.0
NOT00002915,ALU00486,Geografia,3º Bimestre,7.7
NOT00002916,ALU00486,Inglês,2º Bimestre,7.0
NOT00002917,ALU00487,Português,4º Bimestre,8.3
NOT00002918,ALU00487,Matemática,4º Bimestre,7.5
NOT00002919,ALU00487,Ciências,3º Bimestre,5.7
NOT00002920,ALU00487,História,3º Bimestre,9.5
NOT00002921,ALU00487,Geografia,1º Bimestre,7.8
NOT00002922,ALU00487,Inglês,3º Bimestre,6.2
NOT00002923,ALU00488,Português,3º Bimestre,9.0
NOT00002924,ALU00488,Matemática,3º Bimestre,7.3
NOT00002925,ALU00488,Ciências,4º Bimestre,8.8
NOT00002926,ALU00488,História,1º Bimestre,8.5
NOT00002927,ALU00488,Geografia,1º Bimestre,7.6
NOT00002928,ALU00488,Inglês,2º Bimestre,6.6
NOT00002929,ALU00489,Português,4º Bimestre,6.7
NOT00002930,ALU00489,Matemática,2º Bimestre,8.9
NOT00002931,ALU00489,Ciências,1º Bimestre,8.3
NOT00002932,ALU00489,História,3º Bimestre,9.4
NOT00002933,ALU00489,Geografia,4º Bimestre,7.5
NOT00002934,ALU00489,Inglês,1º Bimestre,8.5
NOT00002935,ALU00490,Português,1º Bimestre,7.2
NOT00002936,ALU00490,Matemática,2º Bimestre,8.6
NOT00002937,ALU00490,Ciências,2º Bimestre,7.8
NOT00002938,ALU00490,História,1º Bimestre,5.8
NOT00002939,ALU00490,Geografia,3º Bimestre,8.6
NOT00002940,ALU00490,Inglês,3º Bimestre,8.6
NOT00002941,ALU00491,Português,3º Bimestre,6.5
NOT00002942,ALU00491,Matemática,3º Bimestre,7.6
NOT00002943,ALU00491,Ciências,1º Bimestre,5.7
NOT00002944,ALU00491,História,1º Bimestre,5.5
NOT00002945,ALU00491,Geografia,1º Bimestre,6.0
NOT00002946,ALU00491,Inglês,4º Bimestre,5.9
NOT00002947,ALU00492,Português,1º Bimestre,6.8
NOT00002948,ALU00492,Matemática,3º Bimestre,9.2
NOT00002949,ALU00492,Ciências,3º Bimestre,6.8
NOT00002950,ALU00492,História,2º Bimestre,6.2
NOT00002951,ALU00492,Geografia,2º Bimestre,9.4
NOT00002952,ALU00492,Inglês,3º Bimestre,5.9
NOT00002953,ALU00493,Português,1º Bimestre,8.9
NOT00002954,ALU00493,Matemática,2º Bimestre,6.2
NOT00002955,ALU00493,Ciências,2º Bimestre,7.5
NOT00002956,ALU00493,História,3º Bimestre,6.8
NOT00002957,ALU00493,Geografia,2º Bimestre,7.6
NOT00002958,ALU00493,Inglês,2º Bimestre,9.4
NOT00002959,ALU00494,Português,3º Bimestre,8.0
NOT00002960,ALU00494,Matemática,3º Bimestre,8.2
NOT00002961,ALU00494,Ciências,3º Bimestre,7.2
NOT00002962,ALU00494,História,4º Bimestre,8.2
NOT00002963,ALU00494,Geografia,4º Bimestre,8.8
NOT00002964,ALU00494,Inglês,1º Bimestre,7.2
NOT00002965,ALU00495,Português,1º Bimestre,7.9
NOT00002966,ALU00495,Matemática,3º Bimestre,8.4
NOT00002967,ALU00495,Ciências,2º Bimestre,9.6
NOT00002968,ALU00495,História,2º Bimestre,6.8
NOT00002969,ALU00495,Geografia,3º Bimestre,8.0
NOT00002970,ALU00495,Inglês,2º Bimestre,8.3
NOT00002971,ALU00496,Português,1º Bimestre,9.3
NOT00002972,ALU00496,Matemática,2º Bimestre,6.8
NOT00002973,ALU00496,Ciências,4º Bimestre,8.6
NOT00002974,ALU00496,História,1º Bimestre,8.8
NOT00002975,ALU00496,Geografia,4º Bimestre,6.0
NOT00002976,ALU00496,Inglês,2º Bimestre,8.9
NOT00002977,ALU00497,Português,2º Bimestre,9.3
NOT00002978,ALU00497,Matemática,1º Bimestre,6.1
NOT00002979,ALU00497,Ciências,4º Bimestre,6.2
NOT00002980,ALU00497,História,2º Bimestre,5.9
NOT00002981,ALU00497,Geografia,1º Bimestre,7.9
NOT00002982,ALU00497,Inglês,2º Bimestre,6.5
NOT00002983,ALU00498,Português,2º Bimestre,9.4
NOT00002984,ALU00498,Matemática,1º Bimestre,5.7
NOT00002985,ALU00498,Ciências,4º Bimestre,5.8
NOT00002986,ALU00498,História,2º Bimestre,6.6
NOT00002987,ALU00498,Geografia,3º Bimestre,7.4
NOT00002988,ALU00498,Inglês,3º Bimestre,8.4
NOT00002989,ALU00499,Português,2º Bimestre,5.6
NOT00002990,ALU00499,Matemática,1º Bimestre,5.5
NOT00002991,ALU00499,Ciências,2º Bimestre,6.5
NOT00002992,ALU00499,História,3º Bimestre,8.4
NOT00002993,ALU00499,Geografia,1º Bimestre,6.4
NOT00002994,ALU00499,Inglês,1º Bimestre,6.5
NOT00002995,ALU00500,Português,1º Bimestre,8.5
NOT00002996,ALU00500,Matemática,2º Bimestre,7.4
NOT00002997,ALU00500,Ciências,1º Bimestre,9.1
NOT00002998,ALU00500,História,2º Bimestre,7.3
NOT00002999,ALU00500,Geografia,4º Bimestre,7.4
NOT00003000,ALU00500,Inglês,3º Bimestre,8.7
NOT00003001,ALU00501,Português,1º Bimestre,8.7
NOT00003002,ALU00501,Matemática,4º Bimestre,6.5
NOT00003003,ALU00501,Ciências,4º Bimestre,8.5
NOT00003004,ALU00501,História,3º Bimestre,8.5
NOT00003005,ALU00501,Geografia,2º Bimestre,5.8
NOT00003006,ALU00501,Inglês,1º Bimestre,9.7
NOT00003007,ALU00502,Português,2º Bimestre,8.0
NOT00003008,ALU00502,Matemática,3º Bimestre,8.6
NOT00003009,ALU00502,Ciências,3º Bimestre,6.6
NOT00003010,ALU00502,História,3º Bimestre,7.5
NOT00003011,ALU00502,Geografia,3º Bimestre,8.2
NOT00003012,ALU00502,Inglês,2º Bimestre,5.5
NOT00003013,ALU00503,Português,1º Bimestre,9.7
NOT00003014,ALU00503,Matemática,2º Bimestre,6.4
NOT00003015,ALU00503,Ciências,3º Bimestre,6.1
NOT00003016,ALU00503,História,4º Bimestre,6.3
NOT00003017,ALU00503,Geografia,2º Bimestre,5.7
NOT00003018,ALU00503,Inglês,2º Bimestre,6.2
NOT00003019,ALU00504,Português,2º Bimestre,6.1
NOT00003020,ALU00504,Matemática,4º Bimestre,6.3
NOT00003021,ALU00504,Ciências,3º Bimestre,6.4
NOT00003022,ALU00504,História,3º Bimestre,5.6
NOT00003023,ALU00504,Geografia,2º Bimestre,6.1
NOT00003024,ALU00504,Inglês,2º Bimestre,6.8
NOT00003025,ALU00505,Português,3º Bimestre,7.1
NOT00003026,ALU00505,Matemática,4º Bimestre,6.9
NOT00003027,ALU00505,Ciências,2º Bimestre,6.8
NOT00003028,ALU00505,História,4º Bimestre,5.7
NOT00003029,ALU00505,Geografia,4º Bimestre,8.2
NOT00003030,ALU00505,Inglês,1º Bimestre,7.6
NOT00003031,ALU00506,Português,2º Bimestre,8.2
NOT00003032,ALU00506,Matemática,4º Bimestre,8.3
NOT00003033,ALU00506,Ciências,4º Bimestre,9.4
NOT00003034,ALU00506,História,4º Bimestre,8.5
NOT00003035,ALU00506,Geografia,1º Bimestre,8.1
NOT00003036,ALU00506,Inglês,2º Bimestre,5.5
NOT00003037,ALU00507,Português,1º Bimestre,7.2
NOT00003038,ALU00507,Matemática,2º Bimestre,8.8
NOT00003039,ALU00507,Ciências,2º Bimestre,6.6
NOT00003040,ALU00507,História,3º Bimestre,7.1
NOT00003041,ALU00507,Geografia,2º Bimestre,9.7
NOT00003042,ALU00507,Inglês,1º Bimestre,7.1
NOT00003043,ALU00508,Português,2º Bimestre,9.6
NOT00003044,ALU00508,Matemática,3º Bimestre,7.3
NOT00003045,ALU00508,Ciências,3º Bimestre,9.5
NOT00003046,ALU00508,História,4º Bimestre,6.9
NOT00003047,ALU00508,Geografia,3º Bimestre,7.2
NOT00003048,ALU00508,Inglês,3º Bimestre,6.3
NOT00003049,ALU00509,Português,3º Bimestre,7.1
NOT00003050,ALU00509,Matemática,2º Bimestre,7.0
NOT00003051,ALU00509,Ciências,3º Bimestre,6.6
NOT00003052,ALU00509,História,2º Bimestre,9.7
NOT00003053,ALU00509,Geografia,4º Bimestre,7.3
NOT00003054,ALU00509,Inglês,2º Bimestre,8.4
NOT00003055,ALU00510,Português,2º Bimestre,5.9
NOT00003056,ALU00510,Matemática,4º Bimestre,9.0
NOT00003057,ALU00510,Ciências,4º Bimestre,7.2
NOT00003058,ALU00510,História,1º Bimestre,7.9
NOT00003059,ALU00510,Geografia,1º Bimestre,8.2
NOT00003060,ALU00510,Inglês,2º Bimestre,7.9
NOT00003061,ALU00511,Português,4º Bimestre,7.6
NOT00003062,ALU00511,Matemática,3º Bimestre,6.8
NOT00003063,ALU00511,Ciências,3º Bimestre,7.8
NOT00003064,ALU00511,História,2º Bimestre,8.2
NOT00003065,ALU00511,Geografia,3º Bimestre,7.5
NOT00003066,ALU00511,Inglês,2º Bimestre,5.7
NOT00003067,ALU00512,Português,2º Bimestre,7.0
NOT00003068,ALU00512,Matemática,1º Bimestre,7.6
NOT00003069,ALU00512,Ciências,2º Bimestre,9.5
NOT00003070,ALU00512,História,3º Bimestre,6.7
NOT00003071,ALU00512,Geografia,2º Bimestre,8.6
NOT00003072,ALU00512,Inglês,1º Bimestre,6.0
NOT00003073,ALU00513,Português,2º Bimestre,6.4
NOT00003074,ALU00513,Matemática,2º Bimestre,6.1
NOT00003075,ALU00513,Ciências,3º Bimestre,9.2
NOT00003076,ALU00513,História,3º Bimestre,8.2
NOT00003077,ALU00513,Geografia,2º Bimestre,7.3
NOT00003078,ALU00513,Inglês,2º Bimestre,7.0
NOT00003079,ALU00514,Português,4º Bimestre,9.6
NOT00003080,ALU00514,Matemática,3º Bimestre,7.5
NOT00003081,ALU00514,Ciências,2º Bimestre,6.5
NOT00003082,ALU00514,História,2º Bimestre,8.8
NOT00003083,ALU00514,Geografia,3º Bimestre,8.1
NOT00003084,ALU00514,Inglês,3º Bimestre,5.8
NOT00003085,ALU00515,Português,3º Bimestre,9.1
NOT00003086,ALU00515,Matemática,4º Bimestre,7.3
NOT00003087,ALU00515,Ciências,4º Bimestre,8.0
NOT00003088,ALU00515,História,1º Bimestre,9.8
NOT00003089,ALU00515,Geografia,2º Bimestre,8.3
NOT00003090,ALU00515,Inglês,3º Bimestre,9.1
NOT00003091,ALU00516,Português,2º Bimestre,7.8
NOT00003092,ALU00516,Matemática,3º Bimestre,8.2
NOT00003093,ALU00516,Ciências,4º Bimestre,6.0
NOT00003094,ALU00516,História,1º Bimestre,6.7
NOT00003095,ALU00516,Geografia,1º Bimestre,6.0
NOT00003096,ALU00516,Inglês,3º Bimestre,9.3
NOT00003097,ALU00517,Português,4º Bimestre,9.7
NOT00003098,ALU00517,Matemática,3º Bimestre,9.4
NOT00003099,ALU00517,Ciências,3º Bimestre,6.0
NOT00003100,ALU00517,História,1º Bimestre,7.2
NOT00003101,ALU00517,Geografia,2º Bimestre,9.1
NOT00003102,ALU00517,Inglês,1º Bimestre,9.5
NOT00003103,ALU00518,Português,4º Bimestre,6.6
NOT00003104,ALU00518,Matemática,2º Bimestre,9.8
NOT00003105,ALU00518,Ciências,2º Bimestre,6.1
NOT00003106,ALU00518,História,3º Bimestre,9.8
NOT00003107,ALU00518,Geografia,1º Bimestre,8.7
NOT00003108,ALU00518,Inglês,2º Bimestre,9.8
NOT00003109,ALU00519,Português,2º Bimestre,9.5
NOT00003110,ALU00519,Matemática,2º Bimestre,9.4
NOT00003111,ALU00519,Ciências,2º Bimestre,9.6
NOT00003112,ALU00519,História,3º Bimestre,8.6
NOT00003113,ALU00519,Geografia,2º Bimestre,7.5
NOT00003114,ALU00519,Inglês,4º Bimestre,8.8
NOT00003115,ALU00520,Português,4º Bimestre,8.7
NOT00003116,ALU00520,Matemática,1º Bimestre,8.6
NOT00003117,ALU00520,Ciências,3º Bimestre,7.7
NOT00003118,ALU00520,História,1º Bimestre,6.9
NOT00003119,ALU00520,Geografia,1º Bimestre,5.5
NOT00003120,ALU00520,Inglês,1º Bimestre,9.3
NOT00003121,ALU00521,Português,4º Bimestre,5.7
NOT00003122,ALU00521,Matemática,4º Bimestre,8.3
NOT00003123,ALU00521,Ciências,4º Bimestre,8.8
NOT00003124,ALU00521,História,3º Bimestre,8.9
NOT00003125,ALU00521,Geografia,2º Bimestre,8.4
NOT00003126,ALU00521,Inglês,1º Bimestre,5.8
NOT00003127,ALU00522,Português,1º Bimestre,9.2
NOT00003128,ALU00522,Matemática,4º Bimestre,5.5
NOT00003129,ALU00522,Ciências,1º Bimestre,8.2
NOT00003130,ALU00522,História,3º Bimestre,8.0
NOT00003131,ALU00522,Geografia,1º Bimestre,8.7
NOT00003132,ALU00522,Inglês,3º Bimestre,6.2
NOT00003133,ALU00523,Português,1º Bimestre,9.0
NOT00003134,ALU00523,Matemática,1º Bimestre,5.7
NOT00003135,ALU00523,Ciências,1º Bimestre,9.5
NOT00003136,ALU00523,História,1º Bimestre,9.2
NOT00003137,ALU00523,Geografia,1º Bimestre,6.5
NOT00003138,ALU00523,Inglês,1º Bimestre,7.6
NOT00003139,ALU00524,Português,3º Bimestre,5.6
NOT00003140,ALU00524,Matemática,4º Bimestre,5.6
NOT00003141,ALU00524,Ciências,3º Bimestre,9.0
NOT00003142,ALU00524,História,2º Bimestre,7.4
NOT00003143,ALU00524,Geografia,4º Bimestre,8.7
NOT00003144,ALU00524,Inglês,1º Bimestre,9.0
NOT00003145,ALU00525,Português,2º Bimestre,7.8
NOT00003146,ALU00525,Matemática,2º Bimestre,5.7
NOT00003147,ALU00525,Ciências,4º Bimestre,9.5
NOT00003148,ALU00525,História,1º Bimestre,8.6
NOT00003149,ALU00525,Geografia,1º Bimestre,6.7
NOT00003150,ALU00525,Inglês,3º Bimestre,7.9
NOT00003151,ALU00526,Português,2º Bimestre,8.5
NOT00003152,ALU00526,Matemática,1º Bimestre,9.3
NOT00003153,ALU00526,Ciências,2º Bimestre,6.5
NOT00003154,ALU00526,História,2º Bimestre,6.0
NOT00003155,ALU00526,Geografia,1º Bimestre,8.6
NOT00003156,ALU00526,Inglês,3º Bimestre,9.2
NOT00003157,ALU00527,Português,4º Bimestre,5.7
NOT00003158,ALU00527,Matemática,1º Bimestre,5.7
NOT00003159,ALU00527,Ciências,1º Bimestre,6.1
NOT00003160,ALU00527,História,2º Bimestre,8.0
NOT00003161,ALU00527,Geografia,3º Bimestre,7.7
NOT00003162,ALU00527,Inglês,1º Bimestre,9.1
NOT00003163,ALU00528,Português,3º Bimestre,7.4
NOT00003164,ALU00528,Matemática,2º Bimestre,9.2
NOT00003165,ALU00528,Ciências,3º Bimestre,6.2
NOT00003166,ALU00528,História,1º Bimestre,9.5
NOT00003167,ALU00528,Geografia,4º Bimestre,6.8
NOT00003168,ALU00528,Inglês,4º Bimestre,9.0
NOT00003169,ALU00529,Português,1º Bimestre,8.6
NOT00003170,ALU00529,Matemática,3º Bimestre,7.2
NOT00003171,ALU00529,Ciências,2º Bimestre,7.1
NOT00003172,ALU00529,História,4º Bimestre,9.2
NOT00003173,ALU00529,Geografia,4º Bimestre,6.4
NOT00003174,ALU00529,Inglês,2º Bimestre,7.8
NOT00003175,ALU00530,Português,2º Bimestre,6.1
NOT00003176,ALU00530,Matemática,2º Bimestre,7.3
NOT00003177,ALU00530,Ciências,3º Bimestre,6.9
NOT00003178,ALU00530,História,1º Bimestre,5.6
NOT00003179,ALU00530,Geografia,3º Bimestre,7.9
NOT00003180,ALU00530,Inglês,1º Bimestre,8.8
NOT00003181,ALU00531,Português,3º Bimestre,7.1
NOT00003182,ALU00531,Matemática,4º Bimestre,9.5
NOT00003183,ALU00531,Ciências,2º Bimestre,8.4
NOT00003184,ALU00531,História,1º Bimestre,9.6
NOT00003185,ALU00531,Geografia,4º Bimestre,7.8
NOT00003186,ALU00531,Inglês,4º Bimestre,8.6
NOT00003187,ALU00532,Português,1º Bimestre,8.6
NOT00003188,ALU00532,Matemática,4º Bimestre,6.3
NOT00003189,ALU00532,Ciências,4º Bimestre,7.4
NOT00003190,ALU00532,História,2º Bimestre,7.1
NOT00003191,ALU00532,Geografia,1º Bimestre,8.2
NOT00003192,ALU00532,Inglês,2º Bimestre,6.3
NOT00003193,ALU00533,Português,4º Bimestre,8.8
NOT00003194,ALU00533,Matemática,1º Bimestre,9.7
NOT00003195,ALU00533,Ciências,1º Bimestre,9.2
NOT00003196,ALU00533,História,4º Bimestre,6.2
NOT00003197,ALU00533,Geografia,4º Bimestre,5.7
NOT00003198,ALU00533,Inglês,3º Bimestre,7.7
NOT00003199,ALU00534,Português,2º Bimestre,8.7
NOT00003200,ALU00534,Matemática,3º Bimestre,8.8
NOT00003201,ALU00534,Ciências,2º Bimestre,6.4
NOT00003202,ALU00534,História,3º Bimestre,6.8
NOT00003203,ALU00534,Geografia,1º Bimestre,6.5
NOT00003204,ALU00534,Inglês,4º Bimestre,9.0
NOT00003205,ALU00535,Português,4º Bimestre,6.0
NOT00003206,ALU00535,Matemática,4º Bimestre,9.5
NOT00003207,ALU00535,Ciências,4º Bimestre,8.4
NOT00003208,ALU00535,História,1º Bimestre,8.1
NOT00003209,ALU00535,Geografia,4º Bimestre,8.6
NOT00003210,ALU00535,Inglês,1º Bimestre,7.0
NOT00003211,ALU00536,Português,2º Bimestre,7.9
NOT00003212,ALU00536,Matemática,3º Bimestre,6.9
NOT00003213,ALU00536,Ciências,3º Bimestre,8.4
NOT00003214,ALU00536,História,1º Bimestre,6.9
NOT00003215,ALU00536,Geografia,1º Bimestre,8.5
NOT00003216,ALU00536,Inglês,4º Bimestre,7.5
NOT00003217,ALU00537,Português,2º Bimestre,9.7
NOT00003218,ALU00537,Matemática,2º Bimestre,6.4
NOT00003219,ALU00537,Ciências,4º Bimestre,7.6
NOT00003220,ALU00537,História,2º Bimestre,9.2
NOT00003221,ALU00537,Geografia,2º Bimestre,9.5
NOT00003222,ALU00537,Inglês,2º Bimestre,5.8
NOT00003223,ALU00538,Português,1º Bimestre,9.8
NOT00003224,ALU00538,Matemática,2º Bimestre,7.3
NOT00003225,ALU00538,Ciências,2º Bimestre,8.7
NOT00003226,ALU00538,História,1º Bimestre,6.9
NOT00003227,ALU00538,Geografia,3º Bimestre,5.6
NOT00003228,ALU00538,Inglês,4º Bimestre,8.3
NOT00003229,ALU00539,Português,1º Bimestre,9.5
NOT00003230,ALU00539,Matemática,2º Bimestre,6.4
NOT00003231,ALU00539,Ciências,4º Bimestre,9.7
NOT00003232,ALU00539,História,2º Bimestre,7.7
NOT00003233,ALU00539,Geografia,2º Bimestre,5.5
NOT00003234,ALU00539,Inglês,2º Bimestre,8.2
NOT00003235,ALU00540,Português,2º Bimestre,7.3
NOT00003236,ALU00540,Matemática,4º Bimestre,7.7
NOT00003237,ALU00540,Ciências,3º Bimestre,7.2
NOT00003238,ALU00540,História,1º Bimestre,7.1
NOT00003239,ALU00540,Geografia,2º Bimestre,6.7
NOT00003240,ALU00540,Inglês,4º Bimestre,8.8
NOT00003241,ALU00541,Português,2º Bimestre,6.2
NOT00003242,ALU00541,Matemática,4º Bimestre,7.8
NOT00003243,ALU00541,Ciências,1º Bimestre,8.6
NOT00003244,ALU00541,História,4º Bimestre,8.2
NOT00003245,ALU00541,Geografia,2º Bimestre,8.8
NOT00003246,ALU00541,Inglês,3º Bimestre,9.2
NOT00003247,ALU00542,Português,3º Bimestre,6.4
NOT00003248,ALU00542,Matemática,1º Bimestre,5.8
NOT00003249,ALU00542,Ciências,3º Bimestre,8.0
NOT00003250,ALU00542,História,4º Bimestre,9.5
NOT00003251,ALU00542,Geografia,4º Bimestre,9.7
NOT00003252,ALU00542,Inglês,2º Bimestre,9.6
NOT00003253,ALU00543,Português,1º Bimestre,8.4
NOT00003254,ALU00543,Matemática,2º Bimestre,6.7
NOT00003255,ALU00543,Ciências,4º Bimestre,7.4
NOT00003256,ALU00543,História,4º Bimestre,7.8
NOT00003257,ALU00543,Geografia,3º Bimestre,6.9
NOT00003258,ALU00543,Inglês,3º Bimestre,5.9
NOT00003259,ALU00544,Português,3º Bimestre,5.9
NOT00003260,ALU00544,Matemática,3º Bimestre,8.7
NOT00003261,ALU00544,Ciências,4º Bimestre,9.6
NOT00003262,ALU00544,História,4º Bimestre,6.6
NOT00003263,ALU00544,Geografia,3º Bimestre,8.4
NOT00003264,ALU00544,Inglês,2º Bimestre,7.2
NOT00003265,ALU00545,Português,2º Bimestre,7.1
NOT00003266,ALU00545,Matemática,1º Bimestre,9.3
NOT00003267,ALU00545,Ciências,1º Bimestre,9.5
NOT00003268,ALU00545,História,2º Bimestre,9.6
NOT00003269,ALU00545,Geografia,3º Bimestre,7.5
NOT00003270,ALU00545,Inglês,2º Bimestre,9.0
NOT00003271,ALU00546,Português,1º Bimestre,5.6
NOT00003272,ALU00546,Matemática,4º Bimestre,8.6
NOT00003273,ALU00546,Ciências,3º Bimestre,6.0
NOT00003274,ALU00546,História,4º Bimestre,6.1
NOT00003275,ALU00546,Geografia,4º Bimestre,8.5
NOT00003276,ALU00546,Inglês,2º Bimestre,9.3
NOT00003277,ALU00547,Português,3º Bimestre,8.8
NOT00003278,ALU00547,Matemática,4º Bimestre,9.5
NOT00003279,ALU00547,Ciências,2º Bimestre,5.6
NOT00003280,ALU00547,História,1º Bimestre,6.8
NOT00003281,ALU00547,Geografia,3º Bimestre,9.3
NOT00003282,ALU00547,Inglês,1º Bimestre,8.3
NOT00003283,ALU00548,Português,3º Bimestre,9.1
NOT00003284,ALU00548,Matemática,3º Bimestre,5.8
NOT00003285,ALU00548,Ciências,4º Bimestre,8.4
NOT00003286,ALU00548,História,3º Bimestre,8.1
NOT00003287,ALU00548,Geografia,4º Bimestre,9.6
NOT00003288,ALU00548,Inglês,2º Bimestre,9.2
NOT00003289,ALU00549,Português,4º Bimestre,8.3
NOT00003290,ALU00549,Matemática,1º Bimestre,6.3
NOT00003291,ALU00549,Ciências,2º Bimestre,8.3
NOT00003292,ALU00549,História,1º Bimestre,9.3
NOT00003293,ALU00549,Geografia,3º Bimestre,8.8
NOT00003294,ALU00549,Inglês,3º Bimestre,6.2
NOT00003295,ALU00550,Português,3º Bimestre,5.9
NOT00003296,ALU00550,Matemática,4º Bimestre,9.1
NOT00003297,ALU00550,Ciências,2º Bimestre,7.8
NOT00003298,ALU00550,História,1º Bimestre,9.2
NOT00003299,ALU00550,Geografia,1º Bimestre,5.7
NOT00003300,ALU00550,Inglês,2º Bimestre,7.0
NOT00003301,ALU00551,Português,1º Bimestre,6.6
NOT00003302,ALU00551,Matemática,3º Bimestre,6.6
NOT00003303,ALU00551,Ciências,1º Bimestre,8.0
NOT00003304,ALU00551,História,4º Bimestre,9.6
NOT00003305,ALU00551,Geografia,1º Bimestre,8.8
NOT00003306,ALU00551,Inglês,2º Bimestre,8.4
NOT00003307,ALU00552,Português,1º Bimestre,7.6
NOT00003308,ALU00552,Matemática,1º Bimestre,8.1
NOT00003309,ALU00552,Ciências,1º Bimestre,9.4
NOT00003310,ALU00552,História,4º Bimestre,6.8
NOT00003311,ALU00552,Geografia,1º Bimestre,6.2
NOT00003312,ALU00552,Inglês,3º Bimestre,8.2
NOT00003313,ALU00553,Português,4º Bimestre,6.7
NOT00003314,ALU00553,Matemática,1º Bimestre,6.9
NOT00003315,ALU00553,Ciências,4º Bimestre,5.6
NOT00003316,ALU00553,História,1º Bimestre,8.1
NOT00003317,ALU00553,Geografia,2º Bimestre,5.9
NOT00003318,ALU00553,Inglês,1º Bimestre,9.3
NOT00003319,ALU00554,Português,4º Bimestre,9.3
NOT00003320,ALU00554,Matemática,3º Bimestre,7.7
NOT00003321,ALU00554,Ciências,4º Bimestre,7.4
NOT00003322,ALU00554,História,1º Bimestre,6.0
NOT00003323,ALU00554,Geografia,1º Bimestre,5.6
NOT00003324,ALU00554,Inglês,2º Bimestre,7.9
NOT00003325,ALU00555,Português,4º Bimestre,6.4
NOT00003326,ALU00555,Matemática,4º Bimestre,6.3
NOT00003327,ALU00555,Ciências,2º Bimestre,7.0
NOT00003328,ALU00555,História,2º Bimestre,8.5
NOT00003329,ALU00555,Geografia,1º Bimestre,6.3
NOT00003330,ALU00555,Inglês,1º Bimestre,8.7
NOT00003331,ALU00556,Português,4º Bimestre,6.7
NOT00003332,ALU00556,Matemática,4º Bimestre,6.7
NOT00003333,ALU00556,Ciências,4º Bimestre,6.9
NOT00003334,ALU00556,História,2º Bimestre,5.9
NOT00003335,ALU00556,Geografia,1º Bimestre,9.4
NOT00003336,ALU00556,Inglês,3º Bimestre,8.9
NOT00003337,ALU00557,Português,1º Bimestre,6.5
NOT00003338,ALU00557,Matemática,4º Bimestre,5.9
NOT00003339,ALU00557,Ciências,3º Bimestre,6.4
NOT00003340,ALU00557,História,2º Bimestre,6.2
NOT00003341,ALU00557,Geografia,4º Bimestre,9.4
NOT00003342,ALU00557,Inglês,2º Bimestre,8.4
NOT00003343,ALU00558,Português,2º Bimestre,7.0
NOT00003344,ALU00558,Matemática,4º Bimestre,5.9
NOT00003345,ALU00558,Ciências,2º Bimestre,8.9
NOT00003346,ALU00558,História,1º Bimestre,8.3
NOT00003347,ALU00558,Geografia,1º Bimestre,7.9
NOT00003348,ALU00558,Inglês,2º Bimestre,9.1
NOT00003349,ALU00559,Português,1º Bimestre,7.4
NOT00003350,ALU00559,Matemática,3º Bimestre,9.0
NOT00003351,ALU00559,Ciências,3º Bimestre,9.5
NOT00003352,ALU00559,História,1º Bimestre,9.7
NOT00003353,ALU00559,Geografia,3º Bimestre,9.0
NOT00003354,ALU00559,Inglês,4º Bimestre,9.6
NOT00003355,ALU00560,Português,4º Bimestre,8.2
NOT00003356,ALU00560,Matemática,3º Bimestre,8.9
NOT00003357,ALU00560,Ciências,2º Bimestre,7.2
NOT00003358,ALU00560,História,2º Bimestre,8.3
NOT00003359,ALU00560,Geografia,3º Bimestre,8.9
NOT00003360,ALU00560,Inglês,2º Bimestre,6.2
NOT00003361,ALU00561,Português,4º Bimestre,7.8
NOT00003362,ALU00561,Matemática,1º Bimestre,8.9
NOT00003363,ALU00561,Ciências,4º Bimestre,8.6
NOT00003364,ALU00561,História,3º Bimestre,9.4
NOT00003365,ALU00561,Geografia,4º Bimestre,6.6
NOT00003366,ALU00561,Inglês,3º Bimestre,6.6
NOT00003367,ALU00562,Português,3º Bimestre,6.6
NOT00003368,ALU00562,Matemática,1º Bimestre,6.8
NOT00003369,ALU00562,Ciências,2º Bimestre,7.0
NOT00003370,ALU00562,História,4º Bimestre,8.7
NOT00003371,ALU00562,Geografia,1º Bimestre,8.8
NOT00003372,ALU00562,Inglês,2º Bimestre,7.6
NOT00003373,ALU00563,Português,4º Bimestre,9.2
NOT00003374,ALU00563,Matemática,1º Bimestre,9.7
NOT00003375,ALU00563,Ciências,3º Bimestre,8.8
NOT00003376,ALU00563,História,3º Bimestre,8.6
NOT00003377,ALU00563,Geografia,4º Bimestre,8.8
NOT00003378,ALU00563,Inglês,1º Bimestre,7.3
NOT00003379,ALU00564,Português,3º Bimestre,5.6
NOT00003380,ALU00564,Matemática,4º Bimestre,8.8
NOT00003381,ALU00564,Ciências,4º Bimestre,8.0
NOT00003382,ALU00564,História,3º Bimestre,8.4
NOT00003383,ALU00564,Geografia,2º Bimestre,5.8
NOT00003384,ALU00564,Inglês,2º Bimestre,8.0
NOT00003385,ALU00565,Português,4º Bimestre,9.1
NOT00003386,ALU00565,Matemática,2º Bimestre,6.3
NOT00003387,ALU00565,Ciências,1º Bimestre,8.6
NOT00003388,ALU00565,História,2º Bimestre,7.9
NOT00003389,ALU00565,Geografia,4º Bimestre,5.5
NOT00003390,ALU00565,Inglês,1º Bimestre,6.1
NOT00003391,ALU00566,Português,3º Bimestre,9.2
NOT00003392,ALU00566,Matemática,4º Bimestre,6.5
NOT00003393,ALU00566,Ciências,3º Bimestre,8.6
NOT00003394,ALU00566,História,4º Bimestre,9.7
NOT00003395,ALU00566,Geografia,4º Bimestre,8.1
NOT00003396,ALU00566,Inglês,1º Bimestre,9.7
NOT00003397,ALU00567,Português,1º Bimestre,8.2
NOT00003398,ALU00567,Matemática,1º Bimestre,7.2
NOT00003399,ALU00567,Ciências,3º Bimestre,6.6
NOT00003400,ALU00567,História,3º Bimestre,6.2
NOT00003401,ALU00567,Geografia,1º Bimestre,7.8
NOT00003402,ALU00567,Inglês,3º Bimestre,6.9
NOT00003403,ALU00568,Português,2º Bimestre,6.4
NOT00003404,ALU00568,Matemática,3º Bimestre,7.5
NOT00003405,ALU00568,Ciências,3º Bimestre,6.5
NOT00003406,ALU00568,História,2º Bimestre,8.3
NOT00003407,ALU00568,Geografia,2º Bimestre,9.7
NOT00003408,ALU00568,Inglês,4º Bimestre,8.6
NOT00003409,ALU00569,Português,1º Bimestre,8.3
NOT00003410,ALU00569,Matemática,2º Bimestre,9.2
NOT00003411,ALU00569,Ciências,3º Bimestre,6.1
NOT00003412,ALU00569,História,4º Bimestre,8.5
NOT00003413,ALU00569,Geografia,1º Bimestre,8.5
NOT00003414,ALU00569,Inglês,4º Bimestre,6.4
NOT00003415,ALU00570,Português,1º Bimestre,9.2
NOT00003416,ALU00570,Matemática,2º Bimestre,6.8
NOT00003417,ALU00570,Ciências,3º Bimestre,6.1
NOT00003418,ALU00570,História,1º Bimestre,7.1
NOT00003419,ALU00570,Geografia,4º Bimestre,6.9
NOT00003420,ALU00570,Inglês,1º Bimestre,9.1
NOT00003421,ALU00571,Português,2º Bimestre,9.4
NOT00003422,ALU00571,Matemática,2º Bimestre,8.4
NOT00003423,ALU00571,Ciências,3º Bimestre,7.5
NOT00003424,ALU00571,História,1º Bimestre,8.2
NOT00003425,ALU00571,Geografia,1º Bimestre,5.6
NOT00003426,ALU00571,Inglês,3º Bimestre,5.7
NOT00003427,ALU00572,Português,1º Bimestre,9.4
NOT00003428,ALU00572,Matemática,1º Bimestre,9.6
NOT00003429,ALU00572,Ciências,1º Bimestre,8.9
NOT00003430,ALU00572,História,4º Bimestre,7.0
NOT00003431,ALU00572,Geografia,3º Bimestre,8.9
NOT00003432,ALU00572,Inglês,2º Bimestre,9.6
NOT00003433,ALU00573,Português,1º Bimestre,7.3
NOT00003434,ALU00573,Matemática,1º Bimestre,9.5
NOT00003435,ALU00573,Ciências,4º Bimestre,8.6
NOT00003436,ALU00573,História,4º Bimestre,8.9
NOT00003437,ALU00573,Geografia,4º Bimestre,5.7
NOT00003438,ALU00573,Inglês,4º Bimestre,7.2
NOT00003439,ALU00574,Português,4º Bimestre,5.7
NOT00003440,ALU00574,Matemática,3º Bimestre,7.3
NOT00003441,ALU00574,Ciências,1º Bimestre,9.2
NOT00003442,ALU00574,História,4º Bimestre,6.0
NOT00003443,ALU00574,Geografia,2º Bimestre,8.2
NOT00003444,ALU00574,Inglês,4º Bimestre,6.4
NOT00003445,ALU00575,Português,3º Bimestre,8.1
NOT00003446,ALU00575,Matemática,1º Bimestre,9.3
NOT00003447,ALU00575,Ciências,2º Bimestre,7.0
NOT00003448,ALU00575,História,4º Bimestre,7.4
NOT00003449,ALU00575,Geografia,1º Bimestre,7.1
NOT00003450,ALU00575,Inglês,2º Bimestre,6.8
NOT00003451,ALU00576,Português,2º Bimestre,7.8
NOT00003452,ALU00576,Matemática,3º Bimestre,6.6
NOT00003453,ALU00576,Ciências,3º Bimestre,8.1
NOT00003454,ALU00576,História,1º Bimestre,8.2
NOT00003455,ALU00576,Geografia,1º Bimestre,9.5
NOT00003456,ALU00576,Inglês,4º Bimestre,8.3
NOT00003457,ALU00577,Português,1º Bimestre,7.3
NOT00003458,ALU00577,Matemática,1º Bimestre,6.0
NOT00003459,ALU00577,Ciências,3º Bimestre,9.1
NOT00003460,ALU00577,História,3º Bimestre,6.2
NOT00003461,ALU00577,Geografia,1º Bimestre,5.5
NOT00003462,ALU00577,Inglês,3º Bimestre,7.1
NOT00003463,ALU00578,Português,4º Bimestre,6.1
NOT00003464,ALU00578,Matemática,1º Bimestre,7.9
NOT00003465,ALU00578,Ciências,3º Bimestre,8.4
NOT00003466,ALU00578,História,4º Bimestre,7.1
NOT00003467,ALU00578,Geografia,2º Bimestre,6.5
NOT00003468,ALU00578,Inglês,4º Bimestre,7.6
NOT00003469,ALU00579,Português,1º Bimestre,8.7
NOT00003470,ALU00579,Matemática,2º Bimestre,6.2
NOT00003471,ALU00579,Ciências,4º Bimestre,8.3
NOT00003472,ALU00579,História,2º Bimestre,6.2
NOT00003473,ALU00579,Geografia,3º Bimestre,6.0
NOT00003474,ALU00579,Inglês,1º Bimestre,6.3
NOT00003475,ALU00580,Português,3º Bimestre,8.1
NOT00003476,ALU00580,Matemática,4º Bimestre,5.7
NOT00003477,ALU00580,Ciências,4º Bimestre,7.8
NOT00003478,ALU00580,História,3º Bimestre,7.1
NOT00003479,ALU00580,Geografia,1º Bimestre,9.6
NOT00003480,ALU00580,Inglês,4º Bimestre,6.3
NOT00003481,ALU00581,Português,4º Bimestre,7.6
NOT00003482,ALU00581,Matemática,3º Bimestre,7.6
NOT00003483,ALU00581,Ciências,3º Bimestre,9.7
NOT00003484,ALU00581,História,4º Bimestre,7.6
NOT00003485,ALU00581,Geografia,1º Bimestre,7.2
NOT00003486,ALU00581,Inglês,1º Bimestre,7.4
NOT00003487,ALU00582,Português,2º Bimestre,6.0
NOT00003488,ALU00582,Matemática,2º Bimestre,8.1
NOT00003489,ALU00582,Ciências,2º Bimestre,8.9
NOT00003490,ALU00582,História,2º Bimestre,6.8
NOT00003491,ALU00582,Geografia,1º Bimestre,8.3
NOT00003492,ALU00582,Inglês,1º Bimestre,7.0
NOT00003493,ALU00583,Português,3º Bimestre,6.9
NOT00003494,ALU00583,Matemática,3º Bimestre,9.3
NOT00003495,ALU00583,Ciências,4º Bimestre,8.7
NOT00003496,ALU00583,História,4º Bimestre,8.4
NOT00003497,ALU00583,Geografia,4º Bimestre,6.5
NOT00003498,ALU00583,Inglês,4º Bimestre,6.3
NOT00003499,ALU00584,Português,3º Bimestre,8.1
NOT00003500,ALU00584,Matemática,3º Bimestre,5.6
NOT00003501,ALU00584,Ciências,2º Bimestre,8.5
NOT00003502,ALU00584,História,3º Bimestre,7.3
NOT00003503,ALU00584,Geografia,2º Bimestre,5.6
NOT00003504,ALU00584,Inglês,3º Bimestre,6.5
NOT00003505,ALU00585,Português,1º Bimestre,5.9
NOT00003506,ALU00585,Matemática,4º Bimestre,9.4
NOT00003507,ALU00585,Ciências,3º Bimestre,8.2
NOT00003508,ALU00585,História,2º Bimestre,8.2
NOT00003509,ALU00585,Geografia,4º Bimestre,9.0
NOT00003510,ALU00585,Inglês,4º Bimestre,6.3
NOT00003511,ALU00586,Português,4º Bimestre,6.3
NOT00003512,ALU00586,Matemática,3º Bimestre,5.7
NOT00003513,ALU00586,Ciências,4º Bimestre,7.7
NOT00003514,ALU00586,História,3º Bimestre,9.2
NOT00003515,ALU00586,Geografia,3º Bimestre,8.1
NOT00003516,ALU00586,Inglês,3º Bimestre,7.7
NOT00003517,ALU00587,Português,4º Bimestre,7.5
NOT00003518,ALU00587,Matemática,4º Bimestre,9.6
NOT00003519,ALU00587,Ciências,3º Bimestre,8.2
NOT00003520,ALU00587,História,4º Bimestre,9.4
NOT00003521,ALU00587,Geografia,3º Bimestre,6.5
NOT00003522,ALU00587,Inglês,3º Bimestre,8.4
NOT00003523,ALU00588,Português,4º Bimestre,7.6
NOT00003524,ALU00588,Matemática,4º Bimestre,7.6
NOT00003525,ALU00588,Ciências,3º Bimestre,6.3
NOT00003526,ALU00588,História,4º Bimestre,5.7
NOT00003527,ALU00588,Geografia,3º Bimestre,7.7
NOT00003528,ALU00588,Inglês,4º Bimestre,8.8
NOT00003529,ALU00589,Português,4º Bimestre,5.8
NOT00003530,ALU00589,Matemática,3º Bimestre,8.2
NOT00003531,ALU00589,Ciências,4º Bimestre,7.5
NOT00003532,ALU00589,História,3º Bimestre,6.5
NOT00003533,ALU00589,Geografia,3º Bimestre,7.2
NOT00003534,ALU00589,Inglês,4º Bimestre,5.8
NOT00003535,ALU00590,Português,2º Bimestre,7.2
NOT00003536,ALU00590,Matemática,3º Bimestre,9.7
NOT00003537,ALU00590,Ciências,2º Bimestre,7.5
NOT00003538,ALU00590,História,4º Bimestre,9.6
NOT00003539,ALU00590,Geografia,3º Bimestre,9.4
NOT00003540,ALU00590,Inglês,1º Bimestre,7.2
NOT00003541,ALU00591,Português,3º Bimestre,5.5
NOT00003542,ALU00591,Matemática,2º Bimestre,9.6
NOT00003543,ALU00591,Ciências,3º Bimestre,6.2
NOT00003544,ALU00591,História,3º Bimestre,5.9
NOT00003545,ALU00591,Geografia,4º Bimestre,6.2
NOT00003546,ALU00591,Inglês,4º Bimestre,7.9
NOT00003547,ALU00592,Português,4º Bimestre,7.3
NOT00003548,ALU00592,Matemática,1º Bimestre,8.3
NOT00003549,ALU00592,Ciências,3º Bimestre,5.7
NOT00003550,ALU00592,História,3º Bimestre,7.3
NOT00003551,ALU00592,Geografia,2º Bimestre,5.7
NOT00003552,ALU00592,Inglês,4º Bimestre,6.5
NOT00003553,ALU00593,Português,3º Bimestre,9.5
NOT00003554,ALU00593,Matemática,3º Bimestre,6.8
NOT00003555,ALU00593,Ciências,4º Bimestre,7.0
NOT00003556,ALU00593,História,4º Bimestre,8.0
NOT00003557,ALU00593,Geografia,1º Bimestre,6.5
NOT00003558,ALU00593,Inglês,4º Bimestre,6.2
NOT00003559,ALU00594,Português,4º Bimestre,8.5
NOT00003560,ALU00594,Matemática,2º Bimestre,6.0
NOT00003561,ALU00594,Ciências,4º Bimestre,7.3
NOT00003562,ALU00594,História,3º Bimestre,6.2
NOT00003563,ALU00594,Geografia,1º Bimestre,5.6
NOT00003564,ALU00594,Inglês,1º Bimestre,9.3
NOT00003565,ALU00595,Português,3º Bimestre,8.2
NOT00003566,ALU00595,Matemática,4º Bimestre,8.0
NOT00003567,ALU00595,Ciências,3º Bimestre,6.1
NOT00003568,ALU00595,História,3º Bimestre,9.1
NOT00003569,ALU00595,Geografia,4º Bimestre,8.8
NOT00003570,ALU00595,Inglês,1º Bimestre,5.7
NOT00003571,ALU00596,Português,2º Bimestre,8.0
NOT00003572,ALU00596,Matemática,2º Bimestre,7.4
NOT00003573,ALU00596,Ciências,1º Bimestre,5.9
NOT00003574,ALU00596,História,2º Bimestre,6.8
NOT00003575,ALU00596,Geografia,2º Bimestre,9.2
NOT00003576,ALU00596,Inglês,1º Bimestre,9.6
NOT00003577,ALU00597,Português,4º Bimestre,6.4
NOT00003578,ALU00597,Matemática,3º Bimestre,7.0
NOT00003579,ALU00597,Ciências,4º Bimestre,5.6
NOT00003580,ALU00597,História,1º Bimestre,6.0
NOT00003581,ALU00597,Geografia,3º Bimestre,7.3
NOT00003582,ALU00597,Inglês,3º Bimestre,6.9
NOT00003583,ALU00598,Português,4º Bimestre,9.1
NOT00003584,ALU00598,Matemática,1º Bimestre,8.3
NOT00003585,ALU00598,Ciências,3º Bimestre,7.3
NOT00003586,ALU00598,História,3º Bimestre,9.0
NOT00003587,ALU00598,Geografia,3º Bimestre,6.1
NOT00003588,ALU00598,Inglês,2º Bimestre,9.6
NOT00003589,ALU00599,Português,3º Bimestre,5.9
NOT00003590,ALU00599,Matemática,1º Bimestre,9.3
NOT00003591,ALU00599,Ciências,4º Bimestre,7.6
NOT00003592,ALU00599,História,2º Bimestre,9.3
NOT00003593,ALU00599,Geografia,3º Bimestre,8.8
NOT00003594,ALU00599,Inglês,2º Bimestre,7.1
NOT00003595,ALU00600,Português,2º Bimestre,9.6
NOT00003596,ALU00600,Matemática,1º Bimestre,5.7
NOT00003597,ALU00600,Ciências,2º Bimestre,7.7
NOT00003598,ALU00600,História,3º Bimestre,6.6
NOT00003599,ALU00600,Geografia,3º Bimestre,6.3
NOT00003600,ALU00600,Inglês,4º Bimestre,6.7
NOT00003601,ALU00601,Português,3º Bimestre,6.9
NOT00003602,ALU00601,Matemática,1º Bimestre,5.8
NOT00003603,ALU00601,Ciências,1º Bimestre,8.9
NOT00003604,ALU00601,História,3º Bimestre,5.6
NOT00003605,ALU00601,Geografia,4º Bimestre,6.1
NOT00003606,ALU00601,Inglês,1º Bimestre,9.2
NOT00003607,ALU00602,Português,4º Bimestre,8.3
NOT00003608,ALU00602,Matemática,2º Bimestre,9.0
NOT00003609,ALU00602,Ciências,4º Bimestre,5.9
NOT00003610,ALU00602,História,3º Bimestre,5.6
NOT00003611,ALU00602,Geografia,4º Bimestre,5.8
NOT00003612,ALU00602,Inglês,2º Bimestre,7.6
NOT00003613,ALU00603,Português,2º Bimestre,9.7
NOT00003614,ALU00603,Matemática,3º Bimestre,9.7
NOT00003615,ALU00603,Ciências,1º Bimestre,9.5
NOT00003616,ALU00603,História,4º Bimestre,8.7
NOT00003617,ALU00603,Geografia,3º Bimestre,8.8
NOT00003618,ALU00603,Inglês,1º Bimestre,7.5
NOT00003619,ALU00604,Português,4º Bimestre,9.5
NOT00003620,ALU00604,Matemática,1º Bimestre,6.3
NOT00003621,ALU00604,Ciências,1º Bimestre,9.4
NOT00003622,ALU00604,História,2º Bimestre,8.3
NOT00003623,ALU00604,Geografia,1º Bimestre,8.2
NOT00003624,ALU00604,Inglês,1º Bimestre,6.8
NOT00003625,ALU00605,Português,1º Bimestre,7.2
NOT00003626,ALU00605,Matemática,2º Bimestre,7.4
NOT00003627,ALU00605,Ciências,1º Bimestre,9.0
NOT00003628,ALU00605,História,4º Bimestre,7.8
NOT00003629,ALU00605,Geografia,2º Bimestre,9.3
NOT00003630,ALU00605,Inglês,1º Bimestre,5.6
NOT00003631,ALU00606,Português,4º Bimestre,7.7
NOT00003632,ALU00606,Matemática,3º Bimestre,7.5
NOT00003633,ALU00606,Ciências,3º Bimestre,7.9
NOT00003634,ALU00606,História,4º Bimestre,5.7
NOT00003635,ALU00606,Geografia,4º Bimestre,6.0
NOT00003636,ALU00606,Inglês,2º Bimestre,7.9
NOT00003637,ALU00607,Português,1º Bimestre,8.5
NOT00003638,ALU00607,Matemática,2º Bimestre,6.7
NOT00003639,ALU00607,Ciências,2º Bimestre,6.6
NOT00003640,ALU00607,História,2º Bimestre,6.9
NOT00003641,ALU00607,Geografia,2º Bimestre,8.4
NOT00003642,ALU00607,Inglês,3º Bimestre,9.1
NOT00003643,ALU00608,Português,2º Bimestre,9.6
NOT00003644,ALU00608,Matemática,2º Bimestre,5.8
NOT00003645,ALU00608,Ciências,3º Bimestre,6.4
NOT00003646,ALU00608,História,3º Bimestre,8.0
NOT00003647,ALU00608,Geografia,2º Bimestre,5.9
NOT00003648,ALU00608,Inglês,4º Bimestre,6.0
NOT00003649,ALU00609,Português,1º Bimestre,9.6
NOT00003650,ALU00609,Matemática,2º Bimestre,6.3
NOT00003651,ALU00609,Ciências,2º Bimestre,7.7
NOT00003652,ALU00609,História,2º Bimestre,6.4
NOT00003653,ALU00609,Geografia,1º Bimestre,6.5
NOT00003654,ALU00609,Inglês,2º Bimestre,8.0
NOT00003655,ALU00610,Português,4º Bimestre,7.2
NOT00003656,ALU00610,Matemática,4º Bimestre,5.6
NOT00003657,ALU00610,Ciências,2º Bimestre,6.5
NOT00003658,ALU00610,História,3º Bimestre,5.8
NOT00003659,ALU00610,Geografia,3º Bimestre,6.3
NOT00003660,ALU00610,Inglês,1º Bimestre,5.6
NOT00003661,ALU00611,Português,4º Bimestre,8.9
NOT00003662,ALU00611,Matemática,4º Bimestre,5.8
NOT00003663,ALU00611,Ciências,4º Bimestre,9.2
NOT00003664,ALU00611,História,4º Bimestre,9.1
NOT00003665,ALU00611,Geografia,2º Bimestre,8.1
NOT00003666,ALU00611,Inglês,4º Bimestre,9.2
NOT00003667,ALU00612,Português,3º Bimestre,8.5
NOT00003668,ALU00612,Matemática,1º Bimestre,9.4
NOT00003669,ALU00612,Ciências,2º Bimestre,6.7
NOT00003670,ALU00612,História,1º Bimestre,6.2
NOT00003671,ALU00612,Geografia,3º Bimestre,6.1
NOT00003672,ALU00612,Inglês,4º Bimestre,9.3
NOT00003673,ALU00613,Português,4º Bimestre,7.7
NOT00003674,ALU00613,Matemática,2º Bimestre,8.6
NOT00003675,ALU00613,Ciências,2º Bimestre,9.0
NOT00003676,ALU00613,História,3º Bimestre,9.3
NOT00003677,ALU00613,Geografia,3º Bimestre,6.0
NOT00003678,ALU00613,Inglês,3º Bimestre,9.1
NOT00003679,ALU00614,Português,2º Bimestre,9.5
NOT00003680,ALU00614,Matemática,1º Bimestre,7.5
NOT00003681,ALU00614,Ciências,1º Bimestre,7.4
NOT00003682,ALU00614,História,4º Bimestre,6.5
NOT00003683,ALU00614,Geografia,3º Bimestre,6.3
NOT00003684,ALU00614,Inglês,1º Bimestre,5.6
NOT00003685,ALU00615,Português,1º Bimestre,6.9
NOT00003686,ALU00615,Matemática,2º Bimestre,9.0
NOT00003687,ALU00615,Ciências,4º Bimestre,5.6
NOT00003688,ALU00615,História,1º Bimestre,8.8
NOT00003689,ALU00615,Geografia,1º Bimestre,9.6
NOT00003690,ALU00615,Inglês,4º Bimestre,7.7
NOT00003691,ALU00616,Português,1º Bimestre,6.6
NOT00003692,ALU00616,Matemática,4º Bimestre,8.2
NOT00003693,ALU00616,Ciências,4º Bimestre,8.8
NOT00003694,ALU00616,História,2º Bimestre,7.3
NOT00003695,ALU00616,Geografia,2º Bimestre,7.5
NOT00003696,ALU00616,Inglês,3º Bimestre,6.3
NOT00003697,ALU00617,Português,3º Bimestre,7.6
NOT00003698,ALU00617,Matemática,2º Bimestre,5.6
NOT00003699,ALU00617,Ciências,1º Bimestre,9.5
NOT00003700,ALU00617,História,3º Bimestre,6.2
NOT00003701,ALU00617,Geografia,1º Bimestre,7.1
NOT00003702,ALU00617,Inglês,4º Bimestre,7.0
NOT00003703,ALU00618,Português,4º Bimestre,7.0
NOT00003704,ALU00618,Matemática,2º Bimestre,8.1
NOT00003705,ALU00618,Ciências,1º Bimestre,9.1
NOT00003706,ALU00618,História,4º Bimestre,8.1
NOT00003707,ALU00618,Geografia,2º Bimestre,9.5
NOT00003708,ALU00618,Inglês,2º Bimestre,7.0
NOT00003709,ALU00619,Português,3º Bimestre,8.6
NOT00003710,ALU00619,Matemática,2º Bimestre,6.9
NOT00003711,ALU00619,Ciências,1º Bimestre,8.7
NOT00003712,ALU00619,História,3º Bimestre,6.3
NOT00003713,ALU00619,Geografia,3º Bimestre,7.7
NOT00003714,ALU00619,Inglês,2º Bimestre,8.9
NOT00003715,ALU00620,Português,4º Bimestre,9.6
NOT00003716,ALU00620,Matemática,3º Bimestre,8.8
NOT00003717,ALU00620,Ciências,3º Bimestre,7.8
NOT00003718,ALU00620,História,4º Bimestre,6.1
NOT00003719,ALU00620,Geografia,1º Bimestre,6.4
NOT00003720,ALU00620,Inglês,2º Bimestre,5.5
NOT00003721,ALU00621,Português,1º Bimestre,9.0
NOT00003722,ALU00621,Matemática,1º Bimestre,6.5
NOT00003723,ALU00621,Ciências,3º Bimestre,8.2
NOT00003724,ALU00621,História,1º Bimestre,6.8
NOT00003725,ALU00621,Geografia,3º Bimestre,9.5
NOT00003726,ALU00621,Inglês,4º Bimestre,6.6
NOT00003727,ALU00622,Português,4º Bimestre,6.0
NOT00003728,ALU00622,Matemática,3º Bimestre,7.1
NOT00003729,ALU00622,Ciências,1º Bimestre,8.9
NOT00003730,ALU00622,História,3º Bimestre,7.9
NOT00003731,ALU00622,Geografia,1º Bimestre,9.2
NOT00003732,ALU00622,Inglês,1º Bimestre,8.6
NOT00003733,ALU00623,Português,4º Bimestre,8.1
NOT00003734,ALU00623,Matemática,2º Bimestre,9.3
NOT00003735,ALU00623,Ciências,4º Bimestre,7.5
NOT00003736,ALU00623,História,3º Bimestre,7.8
NOT00003737,ALU00623,Geografia,4º Bimestre,9.4
NOT00003738,ALU00623,Inglês,4º Bimestre,6.0
NOT00003739,ALU00624,Português,4º Bimestre,5.7
NOT00003740,ALU00624,Matemática,2º Bimestre,6.4
NOT00003741,ALU00624,Ciências,2º Bimestre,7.7
NOT00003742,ALU00624,História,1º Bimestre,9.0
NOT00003743,ALU00624,Geografia,4º Bimestre,9.7
NOT00003744,ALU00624,Inglês,3º Bimestre,9.1
NOT00003745,ALU00625,Português,1º Bimestre,6.9
NOT00003746,ALU00625,Matemática,3º Bimestre,9.5
NOT00003747,ALU00625,Ciências,4º Bimestre,9.3
NOT00003748,ALU00625,História,3º Bimestre,8.4
NOT00003749,ALU00625,Geografia,3º Bimestre,7.3
NOT00003750,ALU00625,Inglês,2º Bimestre,8.2
NOT00003751,ALU00626,Português,1º Bimestre,8.9
NOT00003752,ALU00626,Matemática,1º Bimestre,9.5
NOT00003753,ALU00626,Ciências,3º Bimestre,9.7
NOT00003754,ALU00626,História,1º Bimestre,8.6
NOT00003755,ALU00626,Geografia,4º Bimestre,8.4
NOT00003756,ALU00626,Inglês,2º Bimestre,8.4
NOT00003757,ALU00627,Português,1º Bimestre,6.8
NOT00003758,ALU00627,Matemática,2º Bimestre,8.2
NOT00003759,ALU00627,Ciências,1º Bimestre,9.7
NOT00003760,ALU00627,História,1º Bimestre,8.6
NOT00003761,ALU00627,Geografia,2º Bimestre,6.4
NOT00003762,ALU00627,Inglês,1º Bimestre,8.2
NOT00003763,ALU00628,Português,3º Bimestre,6.5
NOT00003764,ALU00628,Matemática,3º Bimestre,6.4
NOT00003765,ALU00628,Ciências,1º Bimestre,7.3
NOT00003766,ALU00628,História,3º Bimestre,9.0
NOT00003767,ALU00628,Geografia,1º Bimestre,7.7
NOT00003768,ALU00628,Inglês,4º Bimestre,6.3
NOT00003769,ALU00629,Português,3º Bimestre,6.0
NOT00003770,ALU00629,Matemática,4º Bimestre,6.1
NOT00003771,ALU00629,Ciências,3º Bimestre,5.6
NOT00003772,ALU00629,História,1º Bimestre,7.8
NOT00003773,ALU00629,Geografia,4º Bimestre,8.4
NOT00003774,ALU00629,Inglês,4º Bimestre,5.8
NOT00003775,ALU00630,Português,1º Bimestre,7.3
NOT00003776,ALU00630,Matemática,2º Bimestre,9.0
NOT00003777,ALU00630,Ciências,3º Bimestre,7.9
NOT00003778,ALU00630,História,3º Bimestre,6.0
NOT00003779,ALU00630,Geografia,2º Bimestre,9.7
NOT00003780,ALU00630,Inglês,1º Bimestre,9.3
NOT00003781,ALU00631,Português,2º Bimestre,8.9
NOT00003782,ALU00631,Matemática,2º Bimestre,8.3
NOT00003783,ALU00631,Ciências,3º Bimestre,6.7
NOT00003784,ALU00631,História,1º Bimestre,9.2
NOT00003785,ALU00631,Geografia,3º Bimestre,6.0
NOT00003786,ALU00631,Inglês,1º Bimestre,7.4
NOT00003787,ALU00632,Português,4º Bimestre,9.2
NOT00003788,ALU00632,Matemática,4º Bimestre,8.4
NOT00003789,ALU00632,Ciências,1º Bimestre,5.7
NOT00003790,ALU00632,História,3º Bimestre,6.3
NOT00003791,ALU00632,Geografia,1º Bimestre,5.9
NOT00003792,ALU00632,Inglês,3º Bimestre,7.7
NOT00003793,ALU00633,Português,4º Bimestre,9.0
NOT00003794,ALU00633,Matemática,4º Bimestre,9.1
NOT00003795,ALU00633,Ciências,3º Bimestre,7.7
NOT00003796,ALU00633,História,2º Bimestre,8.1
NOT00003797,ALU00633,Geografia,3º Bimestre,6.8
NOT00003798,ALU00633,Inglês,4º Bimestre,5.6
NOT00003799,ALU00634,Português,1º Bimestre,7.6
NOT00003800,ALU00634,Matemática,2º Bimestre,8.9
NOT00003801,ALU00634,Ciências,4º Bimestre,8.4
NOT00003802,ALU00634,História,2º Bimestre,7.5
NOT00003803,ALU00634,Geografia,2º Bimestre,5.5
NOT00003804,ALU00634,Inglês,2º Bimestre,7.1
NOT00003805,ALU00635,Português,3º Bimestre,5.9
NOT00003806,ALU00635,Matemática,4º Bimestre,6.0
NOT00003807,ALU00635,Ciências,3º Bimestre,7.6
NOT00003808,ALU00635,História,1º Bimestre,9.2
NOT00003809,ALU00635,Geografia,2º Bimestre,9.6
NOT00003810,ALU00635,Inglês,2º Bimestre,6.3
NOT00003811,ALU00636,Português,2º Bimestre,8.2
NOT00003812,ALU00636,Matemática,4º Bimestre,9.1
NOT00003813,ALU00636,Ciências,4º Bimestre,7.4
NOT00003814,ALU00636,História,4º Bimestre,9.4
NOT00003815,ALU00636,Geografia,4º Bimestre,9.4
NOT00003816,ALU00636,Inglês,1º Bimestre,6.6
NOT00003817,ALU00637,Português,4º Bimestre,7.6
NOT00003818,ALU00637,Matemática,4º Bimestre,7.1
NOT00003819,ALU00637,Ciências,4º Bimestre,7.0
NOT00003820,ALU00637,História,4º Bimestre,8.8
NOT00003821,ALU00637,Geografia,1º Bimestre,7.1
NOT00003822,ALU00637,Inglês,3º Bimestre,9.7
NOT00003823,ALU00638,Português,3º Bimestre,9.2
NOT00003824,ALU00638,Matemática,1º Bimestre,8.4
NOT00003825,ALU00638,Ciências,4º Bimestre,9.1
NOT00003826,ALU00638,História,3º Bimestre,8.5
NOT00003827,ALU00638,Geografia,2º Bimestre,8.2
NOT00003828,ALU00638,Inglês,4º Bimestre,8.3
NOT00003829,ALU00639,Português,3º Bimestre,6.3
NOT00003830,ALU00639,Matemática,4º Bimestre,8.2
NOT00003831,ALU00639,Ciências,2º Bimestre,6.1
NOT00003832,ALU00639,História,2º Bimestre,5.7
NOT00003833,ALU00639,Geografia,3º Bimestre,6.2
NOT00003834,ALU00639,Inglês,1º Bimestre,5.9
NOT00003835,ALU00640,Português,1º Bimestre,8.2
NOT00003836,ALU00640,Matemática,2º Bimestre,8.2
NOT00003837,ALU00640,Ciências,1º Bimestre,9.6
NOT00003838,ALU00640,História,3º Bimestre,7.4
NOT00003839,ALU00640,Geografia,2º Bimestre,8.2
NOT00003840,ALU00640,Inglês,4º Bimestre,9.4
NOT00003841,ALU00641,Português,3º Bimestre,9.6
NOT00003842,ALU00641,Matemática,3º Bimestre,9.5
NOT00003843,ALU00641,Ciências,2º Bimestre,8.3
NOT00003844,ALU00641,História,2º Bimestre,9.0
NOT00003845,ALU00641,Geografia,4º Bimestre,8.4
NOT00003846,ALU00641,Inglês,3º Bimestre,8.4
NOT00003847,ALU00642,Português,4º Bimestre,9.1
NOT00003848,ALU00642,Matemática,3º Bimestre,9.1
NOT00003849,ALU00642,Ciências,2º Bimestre,7.2
NOT00003850,ALU00642,História,4º Bimestre,8.0
NOT00003851,ALU00642,Geografia,2º Bimestre,7.8
NOT00003852,ALU00642,Inglês,1º Bimestre,7.5
NOT00003853,ALU00643,Português,1º Bimestre,9.6
NOT00003854,ALU00643,Matemática,3º Bimestre,7.1
NOT00003855,ALU00643,Ciências,4º Bimestre,6.4
NOT00003856,ALU00643,História,1º Bimestre,7.0
NOT00003857,ALU00643,Geografia,3º Bimestre,7.8
NOT00003858,ALU00643,Inglês,2º Bimestre,7.3
NOT00003859,ALU00644,Português,4º Bimestre,6.8
NOT00003860,ALU00644,Matemática,1º Bimestre,5.9
NOT00003861,ALU00644,Ciências,3º Bimestre,9.1
NOT00003862,ALU00644,História,1º Bimestre,7.2
NOT00003863,ALU00644,Geografia,4º Bimestre,5.5
NOT00003864,ALU00644,Inglês,1º Bimestre,5.7
NOT00003865,ALU00645,Português,1º Bimestre,8.5
NOT00003866,ALU00645,Matemática,2º Bimestre,7.0
NOT00003867,ALU00645,Ciências,4º Bimestre,7.9
NOT00003868,ALU00645,História,3º Bimestre,5.8
NOT00003869,ALU00645,Geografia,3º Bimestre,6.4
NOT00003870,ALU00645,Inglês,1º Bimestre,8.8
NOT00003871,ALU00646,Português,1º Bimestre,7.6
NOT00003872,ALU00646,Matemática,4º Bimestre,8.7
NOT00003873,ALU00646,Ciências,4º Bimestre,8.1
NOT00003874,ALU00646,História,2º Bimestre,6.5
NOT00003875,ALU00646,Geografia,1º Bimestre,6.2
NOT00003876,ALU00646,Inglês,2º Bimestre,7.3
NOT00003877,ALU00647,Português,3º Bimestre,5.9
NOT00003878,ALU00647,Matemática,2º Bimestre,6.0
NOT00003879,ALU00647,Ciências,1º Bimestre,8.9
NOT00003880,ALU00647,História,1º Bimestre,9.8
NOT00003881,ALU00647,Geografia,2º Bimestre,6.6
NOT00003882,ALU00647,Inglês,1º Bimestre,9.4
NOT00003883,ALU00648,Português,4º Bimestre,9.0
NOT00003884,ALU00648,Matemática,3º Bimestre,8.7
NOT00003885,ALU00648,Ciências,1º Bimestre,9.2
NOT00003886,ALU00648,História,1º Bimestre,7.2
NOT00003887,ALU00648,Geografia,4º Bimestre,7.9
NOT00003888,ALU00648,Inglês,3º Bimestre,7.2
NOT00003889,ALU00649,Português,2º Bimestre,5.8
NOT00003890,ALU00649,Matemática,2º Bimestre,8.8
NOT00003891,ALU00649,Ciências,2º Bimestre,9.1
NOT00003892,ALU00649,História,1º Bimestre,7.4
NOT00003893,ALU00649,Geografia,4º Bimestre,9.0
NOT00003894,ALU00649,Inglês,2º Bimestre,9.6
NOT00003895,ALU00650,Português,2º Bimestre,8.4
NOT00003896,ALU00650,Matemática,2º Bimestre,6.4
NOT00003897,ALU00650,Ciências,4º Bimestre,8.9
NOT00003898,ALU00650,História,2º Bimestre,9.1
NOT00003899,ALU00650,Geografia,4º Bimestre,9.3
NOT00003900,ALU00650,Inglês,2º Bimestre,7.6
NOT00003901,ALU00651,Português,1º Bimestre,6.2
NOT00003902,ALU00651,Matemática,1º Bimestre,9.7
NOT00003903,ALU00651,Ciências,4º Bimestre,9.0
NOT00003904,ALU00651,História,4º Bimestre,9.5
NOT00003905,ALU00651,Geografia,1º Bimestre,6.6
NOT00003906,ALU00651,Inglês,1º Bimestre,7.7
NOT00003907,ALU00652,Português,3º Bimestre,7.1
NOT00003908,ALU00652,Matemática,2º Bimestre,6.8
NOT00003909,ALU00652,Ciências,4º Bimestre,6.4
NOT00003910,ALU00652,História,2º Bimestre,8.1
NOT00003911,ALU00652,Geografia,3º Bimestre,7.0
NOT00003912,ALU00652,Inglês,2º Bimestre,7.5
NOT00003913,ALU00653,Português,1º Bimestre,5.7
NOT00003914,ALU00653,Matemática,1º Bimestre,9.2
NOT00003915,ALU00653,Ciências,4º Bimestre,6.6
NOT00003916,ALU00653,História,3º Bimestre,8.8
NOT00003917,ALU00653,Geografia,2º Bimestre,5.9
NOT00003918,ALU00653,Inglês,1º Bimestre,6.1
NOT00003919,ALU00654,Português,1º Bimestre,9.0
NOT00003920,ALU00654,Matemática,4º Bimestre,8.9
NOT00003921,ALU00654,Ciências,3º Bimestre,6.4
NOT00003922,ALU00654,História,4º Bimestre,8.5
NOT00003923,ALU00654,Geografia,4º Bimestre,7.0
NOT00003924,ALU00654,Inglês,2º Bimestre,8.3
NOT00003925,ALU00655,Português,2º Bimestre,8.7
NOT00003926,ALU00655,Matemática,2º Bimestre,6.3
NOT00003927,ALU00655,Ciências,1º Bimestre,8.9
NOT00003928,ALU00655,História,1º Bimestre,8.0
NOT00003929,ALU00655,Geografia,1º Bimestre,7.2
NOT00003930,ALU00655,Inglês,2º Bimestre,6.2
NOT00003931,ALU00656,Português,3º Bimestre,6.5
NOT00003932,ALU00656,Matemática,2º Bimestre,5.6
NOT00003933,ALU00656,Ciências,1º Bimestre,8.4
NOT00003934,ALU00656,História,2º Bimestre,8.9
NOT00003935,ALU00656,Geografia,4º Bimestre,6.5
NOT00003936,ALU00656,Inglês,1º Bimestre,7.0
NOT00003937,ALU00657,Português,2º Bimestre,7.4
NOT00003938,ALU00657,Matemática,3º Bimestre,9.3
NOT00003939,ALU00657,Ciências,3º Bimestre,9.3
NOT00003940,ALU00657,História,4º Bimestre,5.8
NOT00003941,ALU00657,Geografia,1º Bimestre,9.4
NOT00003942,ALU00657,Inglês,4º Bimestre,8.7
NOT00003943,ALU00658,Português,4º Bimestre,9.4
NOT00003944,ALU00658,Matemática,3º Bimestre,6.1
NOT00003945,ALU00658,Ciências,1º Bimestre,6.5
NOT00003946,ALU00658,História,3º Bimestre,7.1
NOT00003947,ALU00658,Geografia,3º Bimestre,9.3
NOT00003948,ALU00658,Inglês,3º Bimestre,6.9
NOT00003949,ALU00659,Português,2º Bimestre,6.0
NOT00003950,ALU00659,Matemática,2º Bimestre,6.7
NOT00003951,ALU00659,Ciências,4º Bimestre,6.2
NOT00003952,ALU00659,História,4º Bimestre,8.4
NOT00003953,ALU00659,Geografia,2º Bimestre,6.1
NOT00003954,ALU00659,Inglês,3º Bimestre,6.2
NOT00003955,ALU00660,Português,4º Bimestre,8.7
NOT00003956,ALU00660,Matemática,4º Bimestre,6.2
NOT00003957,ALU00660,Ciências,2º Bimestre,9.4
NOT00003958,ALU00660,História,3º Bimestre,7.6
NOT00003959,ALU00660,Geografia,2º Bimestre,7.6
NOT00003960,ALU00660,Inglês,2º Bimestre,7.9
NOT00003961,ALU00661,Português,2º Bimestre,9.3
NOT00003962,ALU00661,Matemática,3º Bimestre,8.4
NOT00003963,ALU00661,Ciências,1º Bimestre,7.6
NOT00003964,ALU00661,História,2º Bimestre,6.2
NOT00003965,ALU00661,Geografia,1º Bimestre,5.9
NOT00003966,ALU00661,Inglês,3º Bimestre,6.3
NOT00003967,ALU00662,Português,4º Bimestre,9.8
NOT00003968,ALU00662,Matemática,4º Bimestre,7.8
NOT00003969,ALU00662,Ciências,2º Bimestre,5.5
NOT00003970,ALU00662,História,2º Bimestre,6.4
NOT00003971,ALU00662,Geografia,3º Bimestre,7.0
NOT00003972,ALU00662,Inglês,2º Bimestre,7.1
NOT00003973,ALU00663,Português,4º Bimestre,9.4
NOT00003974,ALU00663,Matemática,4º Bimestre,7.4
NOT00003975,ALU00663,Ciências,4º Bimestre,7.8
NOT00003976,ALU00663,História,3º Bimestre,9.8
NOT00003977,ALU00663,Geografia,4º Bimestre,8.9
NOT00003978,ALU00663,Inglês,4º Bimestre,6.2
NOT00003979,ALU00664,Português,3º Bimestre,5.5
NOT00003980,ALU00664,Matemática,1º Bimestre,8.3
NOT00003981,ALU00664,Ciências,3º Bimestre,5.8
NOT00003982,ALU00664,História,1º Bimestre,5.8
NOT00003983,ALU00664,Geografia,3º Bimestre,7.6
NOT00003984,ALU00664,Inglês,3º Bimestre,7.0
NOT00003985,ALU00665,Português,1º Bimestre,8.1
NOT00003986,ALU00665,Matemática,1º Bimestre,9.1
NOT00003987,ALU00665,Ciências,1º Bimestre,7.2
NOT00003988,ALU00665,História,4º Bimestre,7.1
NOT00003989,ALU00665,Geografia,2º Bimestre,7.8
NOT00003990,ALU00665,Inglês,2º Bimestre,6.0
NOT00003991,ALU00666,Português,3º Bimestre,9.5
NOT00003992,ALU00666,Matemática,4º Bimestre,8.5
NOT00003993,ALU00666,Ciências,2º Bimestre,9.4
NOT00003994,ALU00666,História,1º Bimestre,9.7
NOT00003995,ALU00666,Geografia,2º Bimestre,9.4
NOT00003996,ALU00666,Inglês,3º Bimestre,6.7
NOT00003997,ALU00667,Português,1º Bimestre,6.5
NOT00003998,ALU00667,Matemática,2º Bimestre,8.0
NOT00003999,ALU00667,Ciências,4º Bimestre,8.6
NOT00004000,ALU00667,História,1º Bimestre,8.3
NOT00004001,ALU00667,Geografia,3º Bimestre,6.8
NOT00004002,ALU00667,Inglês,4º Bimestre,8.7
NOT00004003,ALU00668,Português,2º Bimestre,7.7
NOT00004004,ALU00668,Matemática,2º Bimestre,6.4
NOT00004005,ALU00668,Ciências,1º Bimestre,6.4
NOT00004006,ALU00668,História,1º Bimestre,6.7
NOT00004007,ALU00668,Geografia,1º Bimestre,5.6
NOT00004008,ALU00668,Inglês,1º Bimestre,7.1
NOT00004009,ALU00669,Português,2º Bimestre,7.5
NOT00004010,ALU00669,Matemática,4º Bimestre,7.6
NOT00004011,ALU00669,Ciências,1º Bimestre,8.2
NOT00004012,ALU00669,História,4º Bimestre,7.5
NOT00004013,ALU00669,Geografia,3º Bimestre,6.0
NOT00004014,ALU00669,Inglês,3º Bimestre,5.6
NOT00004015,ALU00670,Português,2º Bimestre,6.7
NOT00004016,ALU00670,Matemática,2º Bimestre,6.1
NOT00004017,ALU00670,Ciências,2º Bimestre,9.7
NOT00004018,ALU00670,História,2º Bimestre,7.0
NOT00004019,ALU00670,Geografia,2º Bimestre,9.3
NOT00004020,ALU00670,Inglês,4º Bimestre,7.2
NOT00004021,ALU00671,Português,1º Bimestre,8.7
NOT00004022,ALU00671,Matemática,4º Bimestre,6.1
NOT00004023,ALU00671,Ciências,2º Bimestre,9.0
NOT00004024,ALU00671,História,4º Bimestre,8.7
NOT00004025,ALU00671,Geografia,2º Bimestre,6.6
NOT00004026,ALU00671,Inglês,4º Bimestre,8.0
NOT00004027,ALU00672,Português,1º Bimestre,8.9
NOT00004028,ALU00672,Matemática,2º Bimestre,8.8
NOT00004029,ALU00672,Ciências,2º Bimestre,7.1
NOT00004030,ALU00672,História,1º Bimestre,6.3
NOT00004031,ALU00672,Geografia,2º Bimestre,8.8
NOT00004032,ALU00672,Inglês,4º Bimestre,7.8
NOT00004033,ALU00673,Português,3º Bimestre,8.1
NOT00004034,ALU00673,Matemática,2º Bimestre,8.5
NOT00004035,ALU00673,Ciências,4º Bimestre,6.4
NOT00004036,ALU00673,História,3º Bimestre,5.6
NOT00004037,ALU00673,Geografia,3º Bimestre,9.6
NOT00004038,ALU00673,Inglês,3º Bimestre,7.4
NOT00004039,ALU00674,Português,4º Bimestre,6.6
NOT00004040,ALU00674,Matemática,3º Bimestre,8.6
NOT00004041,ALU00674,Ciências,2º Bimestre,7.8
NOT00004042,ALU00674,História,2º Bimestre,9.2
NOT00004043,ALU00674,Geografia,1º Bimestre,9.4
NOT00004044,ALU00674,Inglês,3º Bimestre,9.2
NOT00004045,ALU00675,Português,3º Bimestre,7.7
NOT00004046,ALU00675,Matemática,2º Bimestre,9.0
NOT00004047,ALU00675,Ciências,4º Bimestre,7.2
NOT00004048,ALU00675,História,1º Bimestre,7.2
NOT00004049,ALU00675,Geografia,1º Bimestre,5.9
NOT00004050,ALU00675,Inglês,3º Bimestre,7.8
NOT00004051,ALU00676,Português,1º Bimestre,7.3
NOT00004052,ALU00676,Matemática,1º Bimestre,9.7
NOT00004053,ALU00676,Ciências,4º Bimestre,7.6
NOT00004054,ALU00676,História,3º Bimestre,8.8
NOT00004055,ALU00676,Geografia,4º Bimestre,5.9
NOT00004056,ALU00676,Inglês,4º Bimestre,8.0
NOT00004057,ALU00677,Português,1º Bimestre,8.5
NOT00004058,ALU00677,Matemática,3º Bimestre,8.8
NOT00004059,ALU00677,Ciências,1º Bimestre,9.2
NOT00004060,ALU00677,História,2º Bimestre,6.0
NOT00004061,ALU00677,Geografia,4º Bimestre,7.9
NOT00004062,ALU00677,Inglês,4º Bimestre,9.8
NOT00004063,ALU00678,Português,4º Bimestre,7.8
NOT00004064,ALU00678,Matemática,3º Bimestre,9.1
NOT00004065,ALU00678,Ciências,2º Bimestre,9.4
NOT00004066,ALU00678,História,2º Bimestre,6.8
NOT00004067,ALU00678,Geografia,2º Bimestre,9.6
NOT00004068,ALU00678,Inglês,3º Bimestre,6.8
NOT00004069,ALU00679,Português,4º Bimestre,7.5
NOT00004070,ALU00679,Matemática,4º Bimestre,8.4
NOT00004071,ALU00679,Ciências,3º Bimestre,5.9
NOT00004072,ALU00679,História,2º Bimestre,7.3
NOT00004073,ALU00679,Geografia,4º Bimestre,8.8
NOT00004074,ALU00679,Inglês,1º Bimestre,6.5
NOT00004075,ALU00680,Português,2º Bimestre,8.2
NOT00004076,ALU00680,Matemática,3º Bimestre,8.0
NOT00004077,ALU00680,Ciências,1º Bimestre,6.3
NOT00004078,ALU00680,História,4º Bimestre,9.1
NOT00004079,ALU00680,Geografia,3º Bimestre,5.6
NOT00004080,ALU00680,Inglês,1º Bimestre,8.2
NOT00004081,ALU00681,Português,3º Bimestre,7.1
NOT00004082,ALU00681,Matemática,1º Bimestre,6.2
NOT00004083,ALU00681,Ciências,4º Bimestre,9.0
NOT00004084,ALU00681,História,2º Bimestre,6.0
NOT00004085,ALU00681,Geografia,3º Bimestre,9.8
NOT00004086,ALU00681,Inglês,4º Bimestre,9.1
NOT00004087,ALU00682,Português,4º Bimestre,8.2
NOT00004088,ALU00682,Matemática,3º Bimestre,6.8
NOT00004089,ALU00682,Ciências,3º Bimestre,5.6
NOT00004090,ALU00682,História,4º Bimestre,8.1
NOT00004091,ALU00682,Geografia,2º Bimestre,8.6
NOT00004092,ALU00682,Inglês,4º Bimestre,6.7
NOT00004093,ALU00683,Português,1º Bimestre,9.1
NOT00004094,ALU00683,Matemática,3º Bimestre,5.9
NOT00004095,ALU00683,Ciências,4º Bimestre,7.4
NOT00004096,ALU00683,História,4º Bimestre,8.2
NOT00004097,ALU00683,Geografia,1º Bimestre,9.3
NOT00004098,ALU00683,Inglês,2º Bimestre,9.3
NOT00004099,ALU00684,Português,2º Bimestre,7.9
NOT00004100,ALU00684,Matemática,2º Bimestre,6.9
NOT00004101,ALU00684,Ciências,2º Bimestre,8.5
NOT00004102,ALU00684,História,3º Bimestre,7.0
NOT00004103,ALU00684,Geografia,1º Bimestre,6.5
NOT00004104,ALU00684,Inglês,1º Bimestre,8.6
NOT00004105,ALU00685,Português,1º Bimestre,5.6
NOT00004106,ALU00685,Matemática,4º Bimestre,8.1
NOT00004107,ALU00685,Ciências,2º Bimestre,8.2
NOT00004108,ALU00685,História,2º Bimestre,5.8
NOT00004109,ALU00685,Geografia,3º Bimestre,7.2
NOT00004110,ALU00685,Inglês,2º Bimestre,9.1
NOT00004111,ALU00686,Português,3º Bimestre,8.5
NOT00004112,ALU00686,Matemática,3º Bimestre,7.0
NOT00004113,ALU00686,Ciências,4º Bimestre,7.7
NOT00004114,ALU00686,História,1º Bimestre,7.6
NOT00004115,ALU00686,Geografia,1º Bimestre,7.7
NOT00004116,ALU00686,Inglês,2º Bimestre,5.6
NOT00004117,ALU00687,Português,3º Bimestre,9.0
NOT00004118,ALU00687,Matemática,3º Bimestre,7.4
NOT00004119,ALU00687,Ciências,1º Bimestre,9.2
NOT00004120,ALU00687,História,4º Bimestre,7.1
NOT00004121,ALU00687,Geografia,1º Bimestre,9.2
NOT00004122,ALU00687,Inglês,2º Bimestre,6.4
NOT00004123,ALU00688,Português,4º Bimestre,9.5
NOT00004124,ALU00688,Matemática,1º Bimestre,8.2
NOT00004125,ALU00688,Ciências,1º Bimestre,8.4
NOT00004126,ALU00688,História,3º Bimestre,9.1
NOT00004127,ALU00688,Geografia,3º Bimestre,6.6
NOT00004128,ALU00688,Inglês,4º Bimestre,8.2
NOT00004129,ALU00689,Português,4º Bimestre,6.9
NOT00004130,ALU00689,Matemática,1º Bimestre,9.4
NOT00004131,ALU00689,Ciências,2º Bimestre,8.9
NOT00004132,ALU00689,História,4º Bimestre,5.7
NOT00004133,ALU00689,Geografia,3º Bimestre,8.9
NOT00004134,ALU00689,Inglês,4º Bimestre,8.6
NOT00004135,ALU00690,Português,4º Bimestre,8.0
NOT00004136,ALU00690,Matemática,2º Bimestre,9.1
NOT00004137,ALU00690,Ciências,1º Bimestre,6.3
NOT00004138,ALU00690,História,1º Bimestre,9.7
NOT00004139,ALU00690,Geografia,1º Bimestre,9.0
NOT00004140,ALU00690,Inglês,3º Bimestre,6.2
NOT00004141,ALU00691,Português,2º Bimestre,7.9
NOT00004142,ALU00691,Matemática,4º Bimestre,8.9
NOT00004143,ALU00691,Ciências,2º Bimestre,9.6
NOT00004144,ALU00691,História,1º Bimestre,9.8
NOT00004145,ALU00691,Geografia,3º Bimestre,9.8
NOT00004146,ALU00691,Inglês,1º Bimestre,6.0
NOT00004147,ALU00692,Português,4º Bimestre,7.8
NOT00004148,ALU00692,Matemática,3º Bimestre,6.3
NOT00004149,ALU00692,Ciências,4º Bimestre,6.6
NOT00004150,ALU00692,História,2º Bimestre,7.0
NOT00004151,ALU00692,Geografia,2º Bimestre,9.8
NOT00004152,ALU00692,Inglês,4º Bimestre,6.7
NOT00004153,ALU00693,Português,3º Bimestre,6.0
NOT00004154,ALU00693,Matemática,2º Bimestre,9.0
NOT00004155,ALU00693,Ciências,1º Bimestre,9.2
NOT00004156,ALU00693,História,2º Bimestre,8.1
NOT00004157,ALU00693,Geografia,2º Bimestre,7.5
NOT00004158,ALU00693,Inglês,2º Bimestre,9.3
NOT00004159,ALU00694,Português,1º Bimestre,7.3
NOT00004160,ALU00694,Matemática,3º Bimestre,8.0
NOT00004161,ALU00694,Ciências,1º Bimestre,5.7
NOT00004162,ALU00694,História,2º Bimestre,7.3
NOT00004163,ALU00694,Geografia,4º Bimestre,8.9
NOT00004164,ALU00694,Inglês,1º Bimestre,6.9
NOT00004165,ALU00695,Português,4º Bimestre,9.4
NOT00004166,ALU00695,Matemática,3º Bimestre,7.4
NOT00004167,ALU00695,Ciências,2º Bimestre,5.6
NOT00004168,ALU00695,História,3º Bimestre,7.8
NOT00004169,ALU00695,Geografia,1º Bimestre,6.5
NOT00004170,ALU00695,Inglês,4º Bimestre,9.2
NOT00004171,ALU00696,Português,4º Bimestre,6.8
NOT00004172,ALU00696,Matemática,2º Bimestre,8.3
NOT00004173,ALU00696,Ciências,2º Bimestre,6.0
NOT00004174,ALU00696,História,1º Bimestre,6.0
NOT00004175,ALU00696,Geografia,3º Bimestre,7.2
NOT00004176,ALU00696,Inglês,2º Bimestre,6.0
NOT00004177,ALU00697,Português,2º Bimestre,9.2
NOT00004178,ALU00697,Matemática,2º Bimestre,8.4
NOT00004179,ALU00697,Ciências,4º Bimestre,6.3
NOT00004180,ALU00697,História,4º Bimestre,5.7
NOT00004181,ALU00697,Geografia,2º Bimestre,7.1
NOT00004182,ALU00697,Inglês,2º Bimestre,8.8
NOT00004183,ALU00698,Português,2º Bimestre,9.6
NOT00004184,ALU00698,Matemática,4º Bimestre,9.2
NOT00004185,ALU00698,Ciências,3º Bimestre,8.3
NOT00004186,ALU00698,História,3º Bimestre,9.3
NOT00004187,ALU00698,Geografia,1º Bimestre,6.2
NOT00004188,ALU00698,Inglês,1º Bimestre,8.9
NOT00004189,ALU00699,Português,4º Bimestre,7.9
NOT00004190,ALU00699,Matemática,3º Bimestre,9.2
NOT00004191,ALU00699,Ciências,4º Bimestre,7.4
NOT00004192,ALU00699,História,2º Bimestre,7.6
NOT00004193,ALU00699,Geografia,1º Bimestre,6.0
NOT00004194,ALU00699,Inglês,3º Bimestre,7.2
NOT00004195,ALU00700,Português,4º Bimestre,6.0
NOT00004196,ALU00700,Matemática,3º Bimestre,9.6
NOT00004197,ALU00700,Ciências,1º Bimestre,6.8
NOT00004198,ALU00700,História,2º Bimestre,6.0
NOT00004199,ALU00700,Geografia,2º Bimestre,9.6
NOT00004200,ALU00700,Inglês,3º Bimestre,7.4
NOT00004201,ALU00701,Português,4º Bimestre,5.8
NOT00004202,ALU00701,Matemática,2º Bimestre,6.3
NOT00004203,ALU00701,Ciências,1º Bimestre,7.2
NOT00004204,ALU00701,História,1º Bimestre,5.6
NOT00004205,ALU00701,Geografia,4º Bimestre,8.2
NOT00004206,ALU00701,Inglês,1º Bimestre,9.5
NOT00004207,ALU00702,Português,1º Bimestre,7.6
NOT00004208,ALU00702,Matemática,1º Bimestre,5.8
NOT00004209,ALU00702,Ciências,1º Bimestre,8.5
NOT00004210,ALU00702,História,3º Bimestre,7.0
NOT00004211,ALU00702,Geografia,4º Bimestre,9.3
NOT00004212,ALU00702,Inglês,2º Bimestre,8.7
NOT00004213,ALU00703,Português,1º Bimestre,8.6
NOT00004214,ALU00703,Matemática,2º Bimestre,6.5
NOT00004215,ALU00703,Ciências,4º Bimestre,6.7
NOT00004216,ALU00703,História,2º Bimestre,6.2
NOT00004217,ALU00703,Geografia,1º Bimestre,7.0
NOT00004218,ALU00703,Inglês,4º Bimestre,7.4
NOT00004219,ALU00704,Português,1º Bimestre,6.2
NOT00004220,ALU00704,Matemática,1º Bimestre,7.9
NOT00004221,ALU00704,Ciências,3º Bimestre,5.6
NOT00004222,ALU00704,História,3º Bimestre,7.6
NOT00004223,ALU00704,Geografia,4º Bimestre,6.6
NOT00004224,ALU00704,Inglês,3º Bimestre,9.5
NOT00004225,ALU00705,Português,2º Bimestre,5.6
NOT00004226,ALU00705,Matemática,2º Bimestre,6.2
NOT00004227,ALU00705,Ciências,1º Bimestre,6.9
NOT00004228,ALU00705,História,1º Bimestre,6.1
NOT00004229,ALU00705,Geografia,1º Bimestre,9.1
NOT00004230,ALU00705,Inglês,2º Bimestre,5.8
NOT00004231,ALU00706,Português,2º Bimestre,9.4
NOT00004232,ALU00706,Matemática,4º Bimestre,9.5
NOT00004233,ALU00706,Ciências,2º Bimestre,9.3
NOT00004234,ALU00706,História,1º Bimestre,8.5
NOT00004235,ALU00706,Geografia,4º Bimestre,6.8
NOT00004236,ALU00706,Inglês,1º Bimestre,9.2
NOT00004237,ALU00707,Português,1º Bimestre,9.4
NOT00004238,ALU00707,Matemática,3º Bimestre,8.3
NOT00004239,ALU00707,Ciências,4º Bimestre,8.9
NOT00004240,ALU00707,História,1º Bimestre,7.5
NOT00004241,ALU00707,Geografia,4º Bimestre,7.7
NOT00004242,ALU00707,Inglês,3º Bimestre,5.7
NOT00004243,ALU00708,Português,1º Bimestre,6.5
NOT00004244,ALU00708,Matemática,4º Bimestre,7.7
NOT00004245,ALU00708,Ciências,4º Bimestre,9.7
NOT00004246,ALU00708,História,4º Bimestre,8.9
NOT00004247,ALU00708,Geografia,1º Bimestre,6.7
NOT00004248,ALU00708,Inglês,3º Bimestre,9.1
NOT00004249,ALU00709,Português,1º Bimestre,5.5
NOT00004250,ALU00709,Matemática,1º Bimestre,9.4
NOT00004251,ALU00709,Ciências,2º Bimestre,8.7
NOT00004252,ALU00709,História,2º Bimestre,5.8
NOT00004253,ALU00709,Geografia,4º Bimestre,7.1
NOT00004254,ALU00709,Inglês,1º Bimestre,8.3
NOT00004255,ALU00710,Português,1º Bimestre,8.6
NOT00004256,ALU00710,Matemática,3º Bimestre,6.4
NOT00004257,ALU00710,Ciências,2º Bimestre,7.2
NOT00004258,ALU00710,História,4º Bimestre,7.9
NOT00004259,ALU00710,Geografia,1º Bimestre,8.7
NOT00004260,ALU00710,Inglês,4º Bimestre,6.1
NOT00004261,ALU00711,Português,1º Bimestre,7.6
NOT00004262,ALU00711,Matemática,1º Bimestre,7.6
NOT00004263,ALU00711,Ciências,1º Bimestre,5.9
NOT00004264,ALU00711,História,3º Bimestre,8.4
NOT00004265,ALU00711,Geografia,3º Bimestre,7.0
NOT00004266,ALU00711,Inglês,3º Bimestre,5.8
NOT00004267,ALU00712,Português,4º Bimestre,8.6
NOT00004268,ALU00712,Matemática,3º Bimestre,7.6
NOT00004269,ALU00712,Ciências,4º Bimestre,5.9
NOT00004270,ALU00712,História,1º Bimestre,6.0
NOT00004271,ALU00712,Geografia,4º Bimestre,5.8
NOT00004272,ALU00712,Inglês,1º Bimestre,6.2
NOT00004273,ALU00713,Português,4º Bimestre,6.5
NOT00004274,ALU00713,Matemática,3º Bimestre,6.2
NOT00004275,ALU00713,Ciências,2º Bimestre,6.0
NOT00004276,ALU00713,História,1º Bimestre,5.5
NOT00004277,ALU00713,Geografia,1º Bimestre,8.4
NOT00004278,ALU00713,Inglês,2º Bimestre,5.5
NOT00004279,ALU00714,Português,1º Bimestre,9.7
NOT00004280,ALU00714,Matemática,3º Bimestre,9.8
NOT00004281,ALU00714,Ciências,1º Bimestre,7.4
NOT00004282,ALU00714,História,3º Bimestre,8.0
NOT00004283,ALU00714,Geografia,4º Bimestre,9.2
NOT00004284,ALU00714,Inglês,2º Bimestre,6.2
NOT00004285,ALU00715,Português,2º Bimestre,6.3
NOT00004286,ALU00715,Matemática,4º Bimestre,5.8
NOT00004287,ALU00715,Ciências,3º Bimestre,9.3
NOT00004288,ALU00715,História,3º Bimestre,5.9
NOT00004289,ALU00715,Geografia,2º Bimestre,6.3
NOT00004290,ALU00715,Inglês,3º Bimestre,9.3
NOT00004291,ALU00716,Português,4º Bimestre,9.0
NOT00004292,ALU00716,Matemática,2º Bimestre,8.8
NOT00004293,ALU00716,Ciências,4º Bimestre,7.8
NOT00004294,ALU00716,História,1º Bimestre,7.0
NOT00004295,ALU00716,Geografia,1º Bimestre,6.9
NOT00004296,ALU00716,Inglês,1º Bimestre,6.9
NOT00004297,ALU00717,Português,2º Bimestre,9.7
NOT00004298,ALU00717,Matemática,1º Bimestre,7.8
NOT00004299,ALU00717,Ciências,3º Bimestre,6.4
NOT00004300,ALU00717,História,1º Bimestre,6.5
NOT00004301,ALU00717,Geografia,4º Bimestre,8.8
NOT00004302,ALU00717,Inglês,1º Bimestre,8.5
NOT00004303,ALU00718,Português,4º Bimestre,6.8
NOT00004304,ALU00718,Matemática,4º Bimestre,9.4
NOT00004305,ALU00718,Ciências,2º Bimestre,6.7
NOT00004306,ALU00718,História,4º Bimestre,8.2
NOT00004307,ALU00718,Geografia,1º Bimestre,9.0
NOT00004308,ALU00718,Inglês,4º Bimestre,7.5
NOT00004309,ALU00719,Português,3º Bimestre,9.7
NOT00004310,ALU00719,Matemática,3º Bimestre,5.5
NOT00004311,ALU00719,Ciências,4º Bimestre,8.0
NOT00004312,ALU00719,História,3º Bimestre,6.9
NOT00004313,ALU00719,Geografia,2º Bimestre,9.3
NOT00004314,ALU00719,Inglês,2º Bimestre,6.3
NOT00004315,ALU00720,Português,4º Bimestre,7.1
NOT00004316,ALU00720,Matemática,4º Bimestre,8.0
NOT00004317,ALU00720,Ciências,1º Bimestre,7.8
NOT00004318,ALU00720,História,3º Bimestre,7.0
NOT00004319,ALU00720,Geografia,4º Bimestre,9.3
NOT00004320,ALU00720,Inglês,4º Bimestre,9.8
NOT00004321,ALU00721,Português,3º Bimestre,8.9
NOT00004322,ALU00721,Matemática,1º Bimestre,8.9
NOT00004323,ALU00721,Ciências,4º Bimestre,6.4
NOT00004324,ALU00721,História,1º Bimestre,8.7
NOT00004325,ALU00721,Geografia,3º Bimestre,8.8
NOT00004326,ALU00721,Inglês,3º Bimestre,6.9
NOT00004327,ALU00722,Português,1º Bimestre,6.3
NOT00004328,ALU00722,Matemática,4º Bimestre,8.4
NOT00004329,ALU00722,Ciências,1º Bimestre,7.2
NOT00004330,ALU00722,História,1º Bimestre,6.7
NOT00004331,ALU00722,Geografia,3º Bimestre,7.5
NOT00004332,ALU00722,Inglês,3º Bimestre,5.8
NOT00004333,ALU00723,Português,4º Bimestre,6.5
NOT00004334,ALU00723,Matemática,2º Bimestre,8.5
NOT00004335,ALU00723,Ciências,1º Bimestre,9.0
NOT00004336,ALU00723,História,4º Bimestre,7.5
NOT00004337,ALU00723,Geografia,2º Bimestre,9.4
NOT00004338,ALU00723,Inglês,1º Bimestre,8.4
NOT00004339,ALU00724,Português,2º Bimestre,7.8
NOT00004340,ALU00724,Matemática,4º Bimestre,6.4
NOT00004341,ALU00724,Ciências,1º Bimestre,7.2
NOT00004342,ALU00724,História,2º Bimestre,7.6
NOT00004343,ALU00724,Geografia,1º Bimestre,8.2
NOT00004344,ALU00724,Inglês,2º Bimestre,6.3
NOT00004345,ALU00725,Português,2º Bimestre,8.9
NOT00004346,ALU00725,Matemática,3º Bimestre,9.1
NOT00004347,ALU00725,Ciências,3º Bimestre,7.8
NOT00004348,ALU00725,História,4º Bimestre,5.8
NOT00004349,ALU00725,Geografia,1º Bimestre,6.0
NOT00004350,ALU00725,Inglês,3º Bimestre,7.7
NOT00004351,ALU00726,Português,3º Bimestre,7.8
NOT00004352,ALU00726,Matemática,3º Bimestre,7.7
NOT00004353,ALU00726,Ciências,3º Bimestre,6.7
NOT00004354,ALU00726,História,3º Bimestre,7.7
NOT00004355,ALU00726,Geografia,4º Bimestre,6.5
NOT00004356,ALU00726,Inglês,1º Bimestre,7.7
NOT00004357,ALU00727,Português,1º Bimestre,7.3
NOT00004358,ALU00727,Matemática,2º Bimestre,6.9
NOT00004359,ALU00727,Ciências,3º Bimestre,9.6
NOT00004360,ALU00727,História,3º Bimestre,7.2
NOT00004361,ALU00727,Geografia,2º Bimestre,8.1
NOT00004362,ALU00727,Inglês,1º Bimestre,7.8
NOT00004363,ALU00728,Português,2º Bimestre,8.5
NOT00004364,ALU00728,Matemática,2º Bimestre,9.6
NOT00004365,ALU00728,Ciências,4º Bimestre,9.5
NOT00004366,ALU00728,História,4º Bimestre,8.7
NOT00004367,ALU00728,Geografia,4º Bimestre,6.8
NOT00004368,ALU00728,Inglês,4º Bimestre,9.2
NOT00004369,ALU00729,Português,4º Bimestre,6.6
NOT00004370,ALU00729,Matemática,1º Bimestre,7.8
NOT00004371,ALU00729,Ciências,2º Bimestre,8.8
NOT00004372,ALU00729,História,3º Bimestre,7.0
NOT00004373,ALU00729,Geografia,1º Bimestre,9.8
NOT00004374,ALU00729,Inglês,1º Bimestre,8.6
NOT00004375,ALU00730,Português,1º Bimestre,7.8
NOT00004376,ALU00730,Matemática,4º Bimestre,9.7
NOT00004377,ALU00730,Ciências,2º Bimestre,5.9
NOT00004378,ALU00730,História,1º Bimestre,8.0
NOT00004379,ALU00730,Geografia,3º Bimestre,7.3
NOT00004380,ALU00730,Inglês,4º Bimestre,8.0
NOT00004381,ALU00731,Português,3º Bimestre,9.2
NOT00004382,ALU00731,Matemática,1º Bimestre,8.1
NOT00004383,ALU00731,Ciências,2º Bimestre,9.2
NOT00004384,ALU00731,História,1º Bimestre,5.8
NOT00004385,ALU00731,Geografia,3º Bimestre,6.9
NOT00004386,ALU00731,Inglês,3º Bimestre,5.8
NOT00004387,ALU00732,Português,4º Bimestre,7.3
NOT00004388,ALU00732,Matemática,2º Bimestre,8.8
NOT00004389,ALU00732,Ciências,1º Bimestre,9.4
NOT00004390,ALU00732,História,3º Bimestre,8.7
NOT00004391,ALU00732,Geografia,1º Bimestre,5.8
NOT00004392,ALU00732,Inglês,2º Bimestre,8.3
NOT00004393,ALU00733,Português,1º Bimestre,7.1
NOT00004394,ALU00733,Matemática,1º Bimestre,7.4
NOT00004395,ALU00733,Ciências,4º Bimestre,6.8
NOT00004396,ALU00733,História,2º Bimestre,7.0
NOT00004397,ALU00733,Geografia,3º Bimestre,6.8
NOT00004398,ALU00733,Inglês,3º Bimestre,7.5
NOT00004399,ALU00734,Português,2º Bimestre,8.3
NOT00004400,ALU00734,Matemática,2º Bimestre,5.5
NOT00004401,ALU00734,Ciências,3º Bimestre,8.4
NOT00004402,ALU00734,História,3º Bimestre,9.4
NOT00004403,ALU00734,Geografia,3º Bimestre,5.7
NOT00004404,ALU00734,Inglês,3º Bimestre,8.8
NOT00004405,ALU00735,Português,4º Bimestre,8.6
NOT00004406,ALU00735,Matemática,4º Bimestre,9.5
NOT00004407,ALU00735,Ciências,2º Bimestre,6.1
NOT00004408,ALU00735,História,2º Bimestre,8.2
NOT00004409,ALU00735,Geografia,4º Bimestre,6.7
NOT00004410,ALU00735,Inglês,3º Bimestre,7.5
NOT00004411,ALU00736,Português,4º Bimestre,8.1
NOT00004412,ALU00736,Matemática,4º Bimestre,8.6
NOT00004413,ALU00736,Ciências,4º Bimestre,7.7
NOT00004414,ALU00736,História,2º Bimestre,7.0
NOT00004415,ALU00736,Geografia,3º Bimestre,6.3
NOT00004416,ALU00736,Inglês,2º Bimestre,7.0
NOT00004417,ALU00737,Português,4º Bimestre,6.3
NOT00004418,ALU00737,Matemática,4º Bimestre,5.8
NOT00004419,ALU00737,Ciências,1º Bimestre,6.0
NOT00004420,ALU00737,História,2º Bimestre,9.5
NOT00004421,ALU00737,Geografia,2º Bimestre,5.9
NOT00004422,ALU00737,Inglês,4º Bimestre,6.0
NOT00004423,ALU00738,Português,1º Bimestre,6.0
NOT00004424,ALU00738,Matemática,3º Bimestre,9.1
NOT00004425,ALU00738,Ciências,3º Bimestre,8.7
NOT00004426,ALU00738,História,4º Bimestre,8.0
NOT00004427,ALU00738,Geografia,2º Bimestre,7.2
NOT00004428,ALU00738,Inglês,3º Bimestre,7.0
NOT00004429,ALU00739,Português,3º Bimestre,5.6
NOT00004430,ALU00739,Matemática,2º Bimestre,6.3
NOT00004431,ALU00739,Ciências,3º Bimestre,7.0
NOT00004432,ALU00739,História,3º Bimestre,7.1
NOT00004433,ALU00739,Geografia,2º Bimestre,6.1
NOT00004434,ALU00739,Inglês,4º Bimestre,8.1
NOT00004435,ALU00740,Português,4º Bimestre,6.3
NOT00004436,ALU00740,Matemática,3º Bimestre,6.3
NOT00004437,ALU00740,Ciências,3º Bimestre,6.9
NOT00004438,ALU00740,História,4º Bimestre,7.2
NOT00004439,ALU00740,Geografia,1º Bimestre,9.4
NOT00004440,ALU00740,Inglês,1º Bimestre,6.7
NOT00004441,ALU00741,Português,2º Bimestre,7.8
NOT00004442,ALU00741,Matemática,2º Bimestre,8.1
NOT00004443,ALU00741,Ciências,1º Bimestre,7.6
NOT00004444,ALU00741,História,4º Bimestre,7.1
NOT00004445,ALU00741,Geografia,1º Bimestre,9.5
NOT00004446,ALU00741,Inglês,4º Bimestre,8.6
NOT00004447,ALU00742,Português,2º Bimestre,7.3
NOT00004448,ALU00742,Matemática,1º Bimestre,6.2
NOT00004449,ALU00742,Ciências,3º Bimestre,8.3
NOT00004450,ALU00742,História,1º Bimestre,6.8
NOT00004451,ALU00742,Geografia,1º Bimestre,8.6
NOT00004452,ALU00742,Inglês,1º Bimestre,7.5
NOT00004453,ALU00743,Português,2º Bimestre,9.2
NOT00004454,ALU00743,Matemática,4º Bimestre,8.9
NOT00004455,ALU00743,Ciências,1º Bimestre,6.8
NOT00004456,ALU00743,História,2º Bimestre,6.0
NOT00004457,ALU00743,Geografia,3º Bimestre,7.8
NOT00004458,ALU00743,Inglês,1º Bimestre,6.3
NOT00004459,ALU00744,Português,4º Bimestre,8.6
NOT00004460,ALU00744,Matemática,2º Bimestre,5.7
NOT00004461,ALU00744,Ciências,1º Bimestre,8.1
NOT00004462,ALU00744,História,3º Bimestre,7.8
NOT00004463,ALU00744,Geografia,3º Bimestre,7.3
NOT00004464,ALU00744,Inglês,4º Bimestre,7.9
NOT00004465,ALU00745,Português,3º Bimestre,9.1
NOT00004466,ALU00745,Matemática,4º Bimestre,7.1
NOT00004467,ALU00745,Ciências,1º Bimestre,7.6
NOT00004468,ALU00745,História,1º Bimestre,6.4
NOT00004469,ALU00745,Geografia,1º Bimestre,5.6
NOT00004470,ALU00745,Inglês,1º Bimestre,7.2
NOT00004471,ALU00746,Português,1º Bimestre,7.0
NOT00004472,ALU00746,Matemática,1º Bimestre,6.5
NOT00004473,ALU00746,Ciências,3º Bimestre,7.4
NOT00004474,ALU00746,História,4º Bimestre,7.8
NOT00004475,ALU00746,Geografia,2º Bimestre,6.4
NOT00004476,ALU00746,Inglês,4º Bimestre,6.1
NOT00004477,ALU00747,Português,1º Bimestre,6.4
NOT00004478,ALU00747,Matemática,1º Bimestre,6.1
NOT00004479,ALU00747,Ciências,1º Bimestre,8.5
NOT00004480,ALU00747,História,4º Bimestre,7.5
NOT00004481,ALU00747,Geografia,3º Bimestre,9.4
NOT00004482,ALU00747,Inglês,3º Bimestre,8.8
NOT00004483,ALU00748,Português,1º Bimestre,7.2
NOT00004484,ALU00748,Matemática,2º Bimestre,8.2
NOT00004485,ALU00748,Ciências,2º Bimestre,7.0
NOT00004486,ALU00748,História,1º Bimestre,6.6
NOT00004487,ALU00748,Geografia,3º Bimestre,8.0
NOT00004488,ALU00748,Inglês,2º Bimestre,7.9
NOT00004489,ALU00749,Português,4º Bimestre,9.6
NOT00004490,ALU00749,Matemática,3º Bimestre,7.0
NOT00004491,ALU00749,Ciências,2º Bimestre,7.6
NOT00004492,ALU00749,História,3º Bimestre,6.0
NOT00004493,ALU00749,Geografia,1º Bimestre,9.0
NOT00004494,ALU00749,Inglês,3º Bimestre,7.7
NOT00004495,ALU00750,Português,1º Bimestre,6.6
NOT00004496,ALU00750,Matemática,2º Bimestre,9.1
NOT00004497,ALU00750,Ciências,4º Bimestre,9.0
NOT00004498,ALU00750,História,2º Bimestre,7.3
NOT00004499,ALU00750,Geografia,3º Bimestre,9.1
NOT00004500,ALU00750,Inglês,1º Bimestre,6.3
NOT00004501,ALU00751,Português,3º Bimestre,8.1
NOT00004502,ALU00751,Matemática,1º Bimestre,7.4
NOT00004503,ALU00751,Ciências,2º Bimestre,9.5
NOT00004504,ALU00751,História,1º Bimestre,5.6
NOT00004505,ALU00751,Geografia,4º Bimestre,8.6
NOT00004506,ALU00751,Inglês,4º Bimestre,7.9
NOT00004507,ALU00752,Português,2º Bimestre,5.9
NOT00004508,ALU00752,Matemática,3º Bimestre,9.5
NOT00004509,ALU00752,Ciências,4º Bimestre,7.7
NOT00004510,ALU00752,História,2º Bimestre,6.5
NOT00004511,ALU00752,Geografia,4º Bimestre,7.1
NOT00004512,ALU00752,Inglês,3º Bimestre,5.9
NOT00004513,ALU00753,Português,1º Bimestre,7.8
NOT00004514,ALU00753,Matemática,3º Bimestre,9.4
NOT00004515,ALU00753,Ciências,1º Bimestre,8.3
NOT00004516,ALU00753,História,2º Bimestre,7.8
NOT00004517,ALU00753,Geografia,3º Bimestre,9.7
NOT00004518,ALU00753,Inglês,2º Bimestre,6.7
NOT00004519,ALU00754,Português,2º Bimestre,7.5
NOT00004520,ALU00754,Matemática,3º Bimestre,8.7
NOT00004521,ALU00754,Ciências,3º Bimestre,6.7
NOT00004522,ALU00754,História,4º Bimestre,8.5
NOT00004523,ALU00754,Geografia,1º Bimestre,8.9
NOT00004524,ALU00754,Inglês,3º Bimestre,6.3
NOT00004525,ALU00755,Português,2º Bimestre,5.7
NOT00004526,ALU00755,Matemática,2º Bimestre,6.4
NOT00004527,ALU00755,Ciências,3º Bimestre,6.4
NOT00004528,ALU00755,História,3º Bimestre,9.0
NOT00004529,ALU00755,Geografia,3º Bimestre,6.1
NOT00004530,ALU00755,Inglês,3º Bimestre,7.1
NOT00004531,ALU00756,Português,2º Bimestre,7.4
NOT00004532,ALU00756,Matemática,2º Bimestre,9.3
NOT00004533,ALU00756,Ciências,4º Bimestre,6.7
NOT00004534,ALU00756,História,3º Bimestre,9.4
NOT00004535,ALU00756,Geografia,1º Bimestre,6.8
NOT00004536,ALU00756,Inglês,3º Bimestre,8.0
NOT00004537,ALU00757,Português,2º Bimestre,6.1
NOT00004538,ALU00757,Matemática,2º Bimestre,6.9
NOT00004539,ALU00757,Ciências,4º Bimestre,5.7
NOT00004540,ALU00757,História,3º Bimestre,9.7
NOT00004541,ALU00757,Geografia,2º Bimestre,6.4
NOT00004542,ALU00757,Inglês,3º Bimestre,9.5
NOT00004543,ALU00758,Português,4º Bimestre,8.6
NOT00004544,ALU00758,Matemática,2º Bimestre,7.9
NOT00004545,ALU00758,Ciências,3º Bimestre,7.5
NOT00004546,ALU00758,História,4º Bimestre,7.8
NOT00004547,ALU00758,Geografia,1º Bimestre,9.5
NOT00004548,ALU00758,Inglês,1º Bimestre,8.0
NOT00004549,ALU00759,Português,3º Bimestre,8.5
NOT00004550,ALU00759,Matemática,3º Bimestre,7.3
NOT00004551,ALU00759,Ciências,1º Bimestre,8.4
NOT00004552,ALU00759,História,4º Bimestre,6.2
NOT00004553,ALU00759,Geografia,2º Bimestre,7.3
NOT00004554,ALU00759,Inglês,3º Bimestre,9.1
NOT00004555,ALU00760,Português,3º Bimestre,5.6
NOT00004556,ALU00760,Matemática,2º Bimestre,5.5
NOT00004557,ALU00760,Ciências,2º Bimestre,7.7
NOT00004558,ALU00760,História,1º Bimestre,7.8
NOT00004559,ALU00760,Geografia,2º Bimestre,6.7
NOT00004560,ALU00760,Inglês,4º Bimestre,5.9
NOT00004561,ALU00761,Português,4º Bimestre,6.3
NOT00004562,ALU00761,Matemática,4º Bimestre,6.4
NOT00004563,ALU00761,Ciências,3º Bimestre,6.1
NOT00004564,ALU00761,História,2º Bimestre,7.8
NOT00004565,ALU00761,Geografia,3º Bimestre,5.6
NOT00004566,ALU00761,Inglês,4º Bimestre,5.6
NOT00004567,ALU00762,Português,4º Bimestre,6.1
NOT00004568,ALU00762,Matemática,1º Bimestre,8.0
NOT00004569,ALU00762,Ciências,1º Bimestre,8.7
NOT00004570,ALU00762,História,1º Bimestre,7.9
NOT00004571,ALU00762,Geografia,2º Bimestre,7.6
NOT00004572,ALU00762,Inglês,2º Bimestre,7.3
NOT00004573,ALU00763,Português,3º Bimestre,9.5
NOT00004574,ALU00763,Matemática,3º Bimestre,8.0
NOT00004575,ALU00763,Ciências,2º Bimestre,9.8
NOT00004576,ALU00763,História,3º Bimestre,9.5
NOT00004577,ALU00763,Geografia,3º Bimestre,6.5
NOT00004578,ALU00763,Inglês,1º Bimestre,8.6
NOT00004579,ALU00764,Português,3º Bimestre,7.6
NOT00004580,ALU00764,Matemática,4º Bimestre,7.5
NOT00004581,ALU00764,Ciências,3º Bimestre,8.0
NOT00004582,ALU00764,História,1º Bimestre,9.6
NOT00004583,ALU00764,Geografia,4º Bimestre,7.8
NOT00004584,ALU00764,Inglês,2º Bimestre,8.7
NOT00004585,ALU00765,Português,2º Bimestre,8.8
NOT00004586,ALU00765,Matemática,1º Bimestre,5.6
NOT00004587,ALU00765,Ciências,3º Bimestre,5.7
NOT00004588,ALU00765,História,2º Bimestre,8.0
NOT00004589,ALU00765,Geografia,3º Bimestre,6.6
NOT00004590,ALU00765,Inglês,1º Bimestre,8.5
NOT00004591,ALU00766,Português,1º Bimestre,5.9
NOT00004592,ALU00766,Matemática,4º Bimestre,9.2
NOT00004593,ALU00766,Ciências,2º Bimestre,6.6
NOT00004594,ALU00766,História,1º Bimestre,7.4
NOT00004595,ALU00766,Geografia,1º Bimestre,6.0
NOT00004596,ALU00766,Inglês,1º Bimestre,7.9
NOT00004597,ALU00767,Português,2º Bimestre,8.6
NOT00004598,ALU00767,Matemática,4º Bimestre,8.8
NOT00004599,ALU00767,Ciências,2º Bimestre,9.2
NOT00004600,ALU00767,História,1º Bimestre,9.7
NOT00004601,ALU00767,Geografia,3º Bimestre,6.6
NOT00004602,ALU00767,Inglês,3º Bimestre,6.5
NOT00004603,ALU00768,Português,2º Bimestre,9.7
NOT00004604,ALU00768,Matemática,2º Bimestre,6.8
NOT00004605,ALU00768,Ciências,2º Bimestre,7.4
NOT00004606,ALU00768,História,1º Bimestre,9.6
NOT00004607,ALU00768,Geografia,2º Bimestre,8.6
NOT00004608,ALU00768,Inglês,4º Bimestre,8.0
NOT00004609,ALU00769,Português,1º Bimestre,5.9
NOT00004610,ALU00769,Matemática,4º Bimestre,9.6
NOT00004611,ALU00769,Ciências,1º Bimestre,7.7
NOT00004612,ALU00769,História,4º Bimestre,9.8
NOT00004613,ALU00769,Geografia,1º Bimestre,9.2
NOT00004614,ALU00769,Inglês,2º Bimestre,7.2
NOT00004615,ALU00770,Português,3º Bimestre,7.0
NOT00004616,ALU00770,Matemática,2º Bimestre,8.0
NOT00004617,ALU00770,Ciências,2º Bimestre,6.4
NOT00004618,ALU00770,História,2º Bimestre,8.5
NOT00004619,ALU00770,Geografia,1º Bimestre,6.5
NOT00004620,ALU00770,Inglês,4º Bimestre,8.6
NOT00004621,ALU00771,Português,3º Bimestre,6.8
NOT00004622,ALU00771,Matemática,4º Bimestre,7.3
NOT00004623,ALU00771,Ciências,2º Bimestre,6.9
NOT00004624,ALU00771,História,2º Bimestre,9.6
NOT00004625,ALU00771,Geografia,2º Bimestre,8.2
NOT00004626,ALU00771,Inglês,4º Bimestre,7.8
NOT00004627,ALU00772,Português,4º Bimestre,9.7
NOT00004628,ALU00772,Matemática,3º Bimestre,8.0
NOT00004629,ALU00772,Ciências,2º Bimestre,8.8
NOT00004630,ALU00772,História,2º Bimestre,5.9
NOT00004631,ALU00772,Geografia,2º Bimestre,9.4
NOT00004632,ALU00772,Inglês,3º Bimestre,6.3
NOT00004633,ALU00773,Português,2º Bimestre,6.6
NOT00004634,ALU00773,Matemática,4º Bimestre,8.3
NOT00004635,ALU00773,Ciências,4º Bimestre,9.2
NOT00004636,ALU00773,História,4º Bimestre,6.7
NOT00004637,ALU00773,Geografia,2º Bimestre,8.1
NOT00004638,ALU00773,Inglês,2º Bimestre,6.6
NOT00004639,ALU00774,Português,3º Bimestre,8.0
NOT00004640,ALU00774,Matemática,4º Bimestre,6.2
NOT00004641,ALU00774,Ciências,4º Bimestre,9.0
NOT00004642,ALU00774,História,2º Bimestre,9.2
NOT00004643,ALU00774,Geografia,3º Bimestre,7.7
NOT00004644,ALU00774,Inglês,2º Bimestre,6.7
NOT00004645,ALU00775,Português,1º Bimestre,5.8
NOT00004646,ALU00775,Matemática,4º Bimestre,5.9
NOT00004647,ALU00775,Ciências,3º Bimestre,8.3
NOT00004648,ALU00775,História,4º Bimestre,6.3
NOT00004649,ALU00775,Geografia,3º Bimestre,6.1
NOT00004650,ALU00775,Inglês,1º Bimestre,9.6
NOT00004651,ALU00776,Português,4º Bimestre,8.0
NOT00004652,ALU00776,Matemática,3º Bimestre,9.0
NOT00004653,ALU00776,Ciências,1º Bimestre,6.1
NOT00004654,ALU00776,História,3º Bimestre,6.0
NOT00004655,ALU00776,Geografia,1º Bimestre,6.1
NOT00004656,ALU00776,Inglês,4º Bimestre,7.9
NOT00004657,ALU00777,Português,2º Bimestre,7.3
NOT00004658,ALU00777,Matemática,4º Bimestre,9.5
NOT00004659,ALU00777,Ciências,4º Bimestre,5.6
NOT00004660,ALU00777,História,2º Bimestre,6.7
NOT00004661,ALU00777,Geografia,1º Bimestre,9.5
NOT00004662,ALU00777,Inglês,3º Bimestre,7.9
NOT00004663,ALU00778,Português,3º Bimestre,5.5
NOT00004664,ALU00778,Matemática,3º Bimestre,9.7
NOT00004665,ALU00778,Ciências,3º Bimestre,5.9
NOT00004666,ALU00778,História,4º Bimestre,7.9
NOT00004667,ALU00778,Geografia,3º Bimestre,5.7
NOT00004668,ALU00778,Inglês,1º Bimestre,7.2
NOT00004669,ALU00779,Português,2º Bimestre,8.8
NOT00004670,ALU00779,Matemática,3º Bimestre,8.0
NOT00004671,ALU00779,Ciências,3º Bimestre,9.4
NOT00004672,ALU00779,História,1º Bimestre,6.6
NOT00004673,ALU00779,Geografia,2º Bimestre,5.6
NOT00004674,ALU00779,Inglês,4º Bimestre,8.8
NOT00004675,ALU00780,Português,4º Bimestre,6.7
NOT00004676,ALU00780,Matemática,1º Bimestre,7.0
NOT00004677,ALU00780,Ciências,1º Bimestre,6.8
NOT00004678,ALU00780,História,4º Bimestre,6.5
NOT00004679,ALU00780,Geografia,4º Bimestre,9.5
NOT00004680,ALU00780,Inglês,2º Bimestre,8.6
NOT00004681,ALU00781,Português,2º Bimestre,9.5
NOT00004682,ALU00781,Matemática,4º Bimestre,6.2
NOT00004683,ALU00781,Ciências,1º Bimestre,9.6
NOT00004684,ALU00781,História,4º Bimestre,7.8
NOT00004685,ALU00781,Geografia,3º Bimestre,7.5
NOT00004686,ALU00781,Inglês,1º Bimestre,8.2
NOT00004687,ALU00782,Português,3º Bimestre,8.4
NOT00004688,ALU00782,Matemática,1º Bimestre,7.1
NOT00004689,ALU00782,Ciências,3º Bimestre,5.6
NOT00004690,ALU00782,História,2º Bimestre,8.9
NOT00004691,ALU00782,Geografia,4º Bimestre,8.4
NOT00004692,ALU00782,Inglês,1º Bimestre,7.2
NOT00004693,ALU00783,Português,1º Bimestre,7.1
NOT00004694,ALU00783,Matemática,4º Bimestre,7.8
NOT00004695,ALU00783,Ciências,1º Bimestre,8.8
NOT00004696,ALU00783,História,4º Bimestre,6.1
NOT00004697,ALU00783,Geografia,3º Bimestre,6.9
NOT00004698,ALU00783,Inglês,1º Bimestre,8.3
NOT00004699,ALU00784,Português,3º Bimestre,7.1
NOT00004700,ALU00784,Matemática,4º Bimestre,7.3
NOT00004701,ALU00784,Ciências,4º Bimestre,6.7
NOT00004702,ALU00784,História,2º Bimestre,8.3
NOT00004703,ALU00784,Geografia,4º Bimestre,9.5
NOT00004704,ALU00784,Inglês,1º Bimestre,5.6
NOT00004705,ALU00785,Português,1º Bimestre,6.5
NOT00004706,ALU00785,Matemática,1º Bimestre,9.0
NOT00004707,ALU00785,Ciências,3º Bimestre,8.7
NOT00004708,ALU00785,História,2º Bimestre,8.4
NOT00004709,ALU00785,Geografia,4º Bimestre,8.5
NOT00004710,ALU00785,Inglês,2º Bimestre,8.2
NOT00004711,ALU00786,Português,2º Bimestre,8.8
NOT00004712,ALU00786,Matemática,3º Bimestre,8.7
NOT00004713,ALU00786,Ciências,1º Bimestre,7.5
NOT00004714,ALU00786,História,4º Bimestre,7.7
NOT00004715,ALU00786,Geografia,1º Bimestre,9.5
NOT00004716,ALU00786,Inglês,2º Bimestre,6.2
NOT00004717,ALU00787,Português,2º Bimestre,7.5
NOT00004718,ALU00787,Matemática,4º Bimestre,7.5
NOT00004719,ALU00787,Ciências,2º Bimestre,9.5
NOT00004720,ALU00787,História,4º Bimestre,8.6
NOT00004721,ALU00787,Geografia,2º Bimestre,5.8
NOT00004722,ALU00787,Inglês,3º Bimestre,6.3
NOT00004723,ALU00788,Português,1º Bimestre,5.5
NOT00004724,ALU00788,Matemática,1º Bimestre,8.8
NOT00004725,ALU00788,Ciências,4º Bimestre,6.1
NOT00004726,ALU00788,História,4º Bimestre,9.8
NOT00004727,ALU00788,Geografia,3º Bimestre,8.8
NOT00004728,ALU00788,Inglês,3º Bimestre,8.9
NOT00004729,ALU00789,Português,4º Bimestre,9.5
NOT00004730,ALU00789,Matemática,2º Bimestre,7.1
NOT00004731,ALU00789,Ciências,4º Bimestre,7.2
NOT00004732,ALU00789,História,1º Bimestre,8.9
NOT00004733,ALU00789,Geografia,4º Bimestre,5.9
NOT00004734,ALU00789,Inglês,3º Bimestre,8.4
NOT00004735,ALU00790,Português,1º Bimestre,5.8
NOT00004736,ALU00790,Matemática,3º Bimestre,5.5
NOT00004737,ALU00790,Ciências,3º Bimestre,9.4
NOT00004738,ALU00790,História,3º Bimestre,7.9
NOT00004739,ALU00790,Geografia,3º Bimestre,7.2
NOT00004740,ALU00790,Inglês,4º Bimestre,7.9
NOT00004741,ALU00791,Português,4º Bimestre,9.4
NOT00004742,ALU00791,Matemática,3º Bimestre,9.4
NOT00004743,ALU00791,Ciências,3º Bimestre,8.8
NOT00004744,ALU00791,História,2º Bimestre,8.6
NOT00004745,ALU00791,Geografia,3º Bimestre,8.9
NOT00004746,ALU00791,Inglês,4º Bimestre,6.0
NOT00004747,ALU00792,Português,3º Bimestre,6.6
NOT00004748,ALU00792,Matemática,3º Bimestre,6.5
NOT00004749,ALU00792,Ciências,3º Bimestre,6.2
NOT00004750,ALU00792,História,2º Bimestre,6.6
NOT00004751,ALU00792,Geografia,4º Bimestre,8.1
NOT00004752,ALU00792,Inglês,3º Bimestre,7.2
NOT00004753,ALU00793,Português,1º Bimestre,5.7
NOT00004754,ALU00793,Matemática,3º Bimestre,6.1
NOT00004755,ALU00793,Ciências,4º Bimestre,7.4
NOT00004756,ALU00793,História,4º Bimestre,6.1
NOT00004757,ALU00793,Geografia,4º Bimestre,5.5
NOT00004758,ALU00793,Inglês,2º Bimestre,5.8
NOT00004759,ALU00794,Português,3º Bimestre,8.6
NOT00004760,ALU00794,Matemática,1º Bimestre,6.5
NOT00004761,ALU00794,Ciências,2º Bimestre,8.6
NOT00004762,ALU00794,História,2º Bimestre,7.8
NOT00004763,ALU00794,Geografia,4º Bimestre,6.2
NOT00004764,ALU00794,Inglês,1º Bimestre,5.6
NOT00004765,ALU00795,Português,4º Bimestre,9.6
NOT00004766,ALU00795,Matemática,4º Bimestre,6.3
NOT00004767,ALU00795,Ciências,3º Bimestre,6.3
NOT00004768,ALU00795,História,3º Bimestre,6.2
NOT00004769,ALU00795,Geografia,1º Bimestre,6.1
NOT00004770,ALU00795,Inglês,1º Bimestre,5.5
NOT00004771,ALU00796,Português,1º Bimestre,7.4
NOT00004772,ALU00796,Matemática,2º Bimestre,6.5
NOT00004773,ALU00796,Ciências,4º Bimestre,6.4
NOT00004774,ALU00796,História,3º Bimestre,8.1
NOT00004775,ALU00796,Geografia,2º Bimestre,9.8
NOT00004776,ALU00796,Inglês,4º Bimestre,6.5
NOT00004777,ALU00797,Português,1º Bimestre,8.1
NOT00004778,ALU00797,Matemática,2º Bimestre,6.0
NOT00004779,ALU00797,Ciências,2º Bimestre,9.5
NOT00004780,ALU00797,História,1º Bimestre,9.2
NOT00004781,ALU00797,Geografia,2º Bimestre,6.7
NOT00004782,ALU00797,Inglês,3º Bimestre,8.6
NOT00004783,ALU00798,Português,4º Bimestre,6.0
NOT00004784,ALU00798,Matemática,1º Bimestre,8.8
NOT00004785,ALU00798,Ciências,3º Bimestre,5.8
NOT00004786,ALU00798,História,2º Bimestre,9.8
NOT00004787,ALU00798,Geografia,2º Bimestre,9.0
NOT00004788,ALU00798,Inglês,1º Bimestre,6.4
NOT00004789,ALU00799,Português,2º Bimestre,5.7
NOT00004790,ALU00799,Matemática,4º Bimestre,8.3
NOT00004791,ALU00799,Ciências,1º Bimestre,6.3
NOT00004792,ALU00799,História,2º Bimestre,5.7
NOT00004793,ALU00799,Geografia,2º Bimestre,7.0
NOT00004794,ALU00799,Inglês,1º Bimestre,6.4
NOT00004795,ALU00800,Português,3º Bimestre,7.0
NOT00004796,ALU00800,Matemática,4º Bimestre,7.1
NOT00004797,ALU00800,Ciências,3º Bimestre,7.9
NOT00004798,ALU00800,História,4º Bimestre,7.2
NOT00004799,ALU00800,Geografia,1º Bimestre,6.8
NOT00004800,ALU00800,Inglês,4º Bimestre,9.0
NOT00004801,ALU00801,Português,2º Bimestre,8.5
NOT00004802,ALU00801,Matemática,3º Bimestre,7.3
NOT00004803,ALU00801,Ciências,3º Bimestre,5.7
NOT00004804,ALU00801,História,4º Bimestre,9.7
NOT00004805,ALU00801,Geografia,3º Bimestre,8.6
NOT00004806,ALU00801,Inglês,4º Bimestre,8.8
NOT00004807,ALU00802,Português,3º Bimestre,6.0
NOT00004808,ALU00802,Matemática,3º Bimestre,7.8
NOT00004809,ALU00802,Ciências,1º Bimestre,8.8
NOT00004810,ALU00802,História,3º Bimestre,8.8
NOT00004811,ALU00802,Geografia,3º Bimestre,7.5
NOT00004812,ALU00802,Inglês,1º Bimestre,6.6
NOT00004813,ALU00803,Português,4º Bimestre,7.7
NOT00004814,ALU00803,Matemática,2º Bimestre,5.5
NOT00004815,ALU00803,Ciências,1º Bimestre,8.1
NOT00004816,ALU00803,História,4º Bimestre,8.6
NOT00004817,ALU00803,Geografia,2º Bimestre,9.1
NOT00004818,ALU00803,Inglês,1º Bimestre,9.7
NOT00004819,ALU00804,Português,2º Bimestre,7.4
NOT00004820,ALU00804,Matemática,4º Bimestre,6.4
NOT00004821,ALU00804,Ciências,1º Bimestre,7.3
NOT00004822,ALU00804,História,4º Bimestre,5.9
NOT00004823,ALU00804,Geografia,4º Bimestre,9.6
NOT00004824,ALU00804,Inglês,1º Bimestre,7.6
NOT00004825,ALU00805,Português,3º Bimestre,9.5
NOT00004826,ALU00805,Matemática,4º Bimestre,5.6
NOT00004827,ALU00805,Ciências,1º Bimestre,9.2
NOT00004828,ALU00805,História,3º Bimestre,7.3
NOT00004829,ALU00805,Geografia,2º Bimestre,8.8
NOT00004830,ALU00805,Inglês,3º Bimestre,8.4
NOT00004831,ALU00806,Português,2º Bimestre,6.3
NOT00004832,ALU00806,Matemática,4º Bimestre,6.0
NOT00004833,ALU00806,Ciências,1º Bimestre,7.1
NOT00004834,ALU00806,História,1º Bimestre,8.3
NOT00004835,ALU00806,Geografia,2º Bimestre,6.1
NOT00004836,ALU00806,Inglês,4º Bimestre,7.6
NOT00004837,ALU00807,Português,4º Bimestre,5.8
NOT00004838,ALU00807,Matemática,2º Bimestre,6.1
NOT00004839,ALU00807,Ciências,4º Bimestre,6.4
NOT00004840,ALU00807,História,4º Bimestre,9.2
NOT00004841,ALU00807,Geografia,1º Bimestre,8.1
NOT00004842,ALU00807,Inglês,3º Bimestre,7.3
NOT00004843,ALU00808,Português,2º Bimestre,5.7
NOT00004844,ALU00808,Matemática,3º Bimestre,5.6
NOT00004845,ALU00808,Ciências,3º Bimestre,5.8
NOT00004846,ALU00808,História,4º Bimestre,5.8
NOT00004847,ALU00808,Geografia,1º Bimestre,6.5
NOT00004848,ALU00808,Inglês,2º Bimestre,5.5
NOT00004849,ALU00809,Português,2º Bimestre,7.3
NOT00004850,ALU00809,Matemática,3º Bimestre,8.0
NOT00004851,ALU00809,Ciências,4º Bimestre,9.4
NOT00004852,ALU00809,História,2º Bimestre,5.8
NOT00004853,ALU00809,Geografia,1º Bimestre,7.0
NOT00004854,ALU00809,Inglês,4º Bimestre,5.6
NOT00004855,ALU00810,Português,3º Bimestre,6.7
NOT00004856,ALU00810,Matemática,2º Bimestre,7.4
NOT00004857,ALU00810,Ciências,4º Bimestre,6.4
NOT00004858,ALU00810,História,3º Bimestre,6.6
NOT00004859,ALU00810,Geografia,4º Bimestre,8.6
NOT00004860,ALU00810,Inglês,3º Bimestre,7.5
NOT00004861,ALU00811,Português,2º Bimestre,5.6
NOT00004862,ALU00811,Matemática,3º Bimestre,8.7
NOT00004863,ALU00811,Ciências,2º Bimestre,6.5
NOT00004864,ALU00811,História,4º Bimestre,5.9
NOT00004865,ALU00811,Geografia,4º Bimestre,6.2
NOT00004866,ALU00811,Inglês,2º Bimestre,5.5
NOT00004867,ALU00812,Português,1º Bimestre,7.9
NOT00004868,ALU00812,Matemática,4º Bimestre,5.8
NOT00004869,ALU00812,Ciências,3º Bimestre,8.8
NOT00004870,ALU00812,História,1º Bimestre,6.2
NOT00004871,ALU00812,Geografia,4º Bimestre,5.5
NOT00004872,ALU00812,Inglês,2º Bimestre,9.6
NOT00004873,ALU00813,Português,3º Bimestre,8.1
NOT00004874,ALU00813,Matemática,2º Bimestre,7.3
NOT00004875,ALU00813,Ciências,1º Bimestre,8.7
NOT00004876,ALU00813,História,1º Bimestre,7.7
NOT00004877,ALU00813,Geografia,4º Bimestre,6.1
NOT00004878,ALU00813,Inglês,1º Bimestre,9.3
NOT00004879,ALU00814,Português,1º Bimestre,8.7
NOT00004880,ALU00814,Matemática,4º Bimestre,6.4
NOT00004881,ALU00814,Ciências,4º Bimestre,7.4
NOT00004882,ALU00814,História,4º Bimestre,6.6
NOT00004883,ALU00814,Geografia,2º Bimestre,8.9
NOT00004884,ALU00814,Inglês,3º Bimestre,5.7
NOT00004885,ALU00815,Português,2º Bimestre,8.3
NOT00004886,ALU00815,Matemática,3º Bimestre,5.9
NOT00004887,ALU00815,Ciências,1º Bimestre,6.5
NOT00004888,ALU00815,História,2º Bimestre,7.8
NOT00004889,ALU00815,Geografia,4º Bimestre,7.4
NOT00004890,ALU00815,Inglês,3º Bimestre,5.6
NOT00004891,ALU00816,Português,2º Bimestre,6.0
NOT00004892,ALU00816,Matemática,4º Bimestre,5.7
NOT00004893,ALU00816,Ciências,4º Bimestre,9.2
NOT00004894,ALU00816,História,3º Bimestre,5.8
NOT00004895,ALU00816,Geografia,3º Bimestre,6.9
NOT00004896,ALU00816,Inglês,4º Bimestre,6.3
NOT00004897,ALU00817,Português,1º Bimestre,9.7
NOT00004898,ALU00817,Matemática,4º Bimestre,9.0
NOT00004899,ALU00817,Ciências,4º Bimestre,9.7
NOT00004900,ALU00817,História,2º Bimestre,6.1
NOT00004901,ALU00817,Geografia,4º Bimestre,6.7
NOT00004902,ALU00817,Inglês,3º Bimestre,6.6
NOT00004903,ALU00818,Português,2º Bimestre,6.3
NOT00004904,ALU00818,Matemática,1º Bimestre,5.8
NOT00004905,ALU00818,Ciências,1º Bimestre,6.8
NOT00004906,ALU00818,História,2º Bimestre,7.7
NOT00004907,ALU00818,Geografia,1º Bimestre,7.0
NOT00004908,ALU00818,Inglês,4º Bimestre,8.9
NOT00004909,ALU00819,Português,1º Bimestre,8.0
NOT00004910,ALU00819,Matemática,3º Bimestre,9.3
NOT00004911,ALU00819,Ciências,4º Bimestre,6.3
NOT00004912,ALU00819,História,4º Bimestre,9.0
NOT00004913,ALU00819,Geografia,1º Bimestre,9.1
NOT00004914,ALU00819,Inglês,1º Bimestre,5.9
NOT00004915,ALU00820,Português,1º Bimestre,6.1
NOT00004916,ALU00820,Matemática,4º Bimestre,8.7
NOT00004917,ALU00820,Ciências,2º Bimestre,8.5
NOT00004918,ALU00820,História,2º Bimestre,9.8
NOT00004919,ALU00820,Geografia,2º Bimestre,9.2
NOT00004920,ALU00820,Inglês,3º Bimestre,9.6
NOT00004921,ALU00821,Português,3º Bimestre,7.4
NOT00004922,ALU00821,Matemática,3º Bimestre,8.7
NOT00004923,ALU00821,Ciências,2º Bimestre,9.0
NOT00004924,ALU00821,História,2º Bimestre,9.6
NOT00004925,ALU00821,Geografia,3º Bimestre,7.7
NOT00004926,ALU00821,Inglês,2º Bimestre,7.9
NOT00004927,ALU00822,Português,1º Bimestre,9.6
NOT00004928,ALU00822,Matemática,4º Bimestre,6.8
NOT00004929,ALU00822,Ciências,3º Bimestre,8.3
NOT00004930,ALU00822,História,3º Bimestre,6.3
NOT00004931,ALU00822,Geografia,2º Bimestre,9.3
NOT00004932,ALU00822,Inglês,3º Bimestre,6.4
NOT00004933,ALU00823,Português,4º Bimestre,8.4
NOT00004934,ALU00823,Matemática,4º Bimestre,6.8
NOT00004935,ALU00823,Ciências,1º Bimestre,7.1
NOT00004936,ALU00823,História,3º Bimestre,9.0
NOT00004937,ALU00823,Geografia,2º Bimestre,6.2
NOT00004938,ALU00823,Inglês,3º Bimestre,8.4
NOT00004939,ALU00824,Português,2º Bimestre,6.0
NOT00004940,ALU00824,Matemática,1º Bimestre,8.2
NOT00004941,ALU00824,Ciências,3º Bimestre,9.3
NOT00004942,ALU00824,História,3º Bimestre,6.8
NOT00004943,ALU00824,Geografia,2º Bimestre,6.2
NOT00004944,ALU00824,Inglês,4º Bimestre,6.1
NOT00004945,ALU00825,Português,2º Bimestre,8.8
NOT00004946,ALU00825,Matemática,2º Bimestre,6.4
NOT00004947,ALU00825,Ciências,4º Bimestre,8.2
NOT00004948,ALU00825,História,2º Bimestre,8.6
NOT00004949,ALU00825,Geografia,2º Bimestre,5.9
NOT00004950,ALU00825,Inglês,2º Bimestre,8.7
NOT00004951,ALU00826,Português,1º Bimestre,5.6
NOT00004952,ALU00826,Matemática,3º Bimestre,6.9
NOT00004953,ALU00826,Ciências,4º Bimestre,7.7
NOT00004954,ALU00826,História,4º Bimestre,7.9
NOT00004955,ALU00826,Geografia,2º Bimestre,6.2
NOT00004956,ALU00826,Inglês,3º Bimestre,9.5
NOT00004957,ALU00827,Português,3º Bimestre,8.8
NOT00004958,ALU00827,Matemática,2º Bimestre,9.0
NOT00004959,ALU00827,Ciências,1º Bimestre,7.2
NOT00004960,ALU00827,História,4º Bimestre,5.9
NOT00004961,ALU00827,Geografia,1º Bimestre,9.0
NOT00004962,ALU00827,Inglês,1º Bimestre,7.4
NOT00004963,ALU00828,Português,2º Bimestre,9.7
NOT00004964,ALU00828,Matemática,1º Bimestre,8.6
NOT00004965,ALU00828,Ciências,2º Bimestre,8.1
NOT00004966,ALU00828,História,2º Bimestre,7.5
NOT00004967,ALU00828,Geografia,1º Bimestre,5.7
NOT00004968,ALU00828,Inglês,4º Bimestre,8.5
NOT00004969,ALU00829,Português,3º Bimestre,7.1
NOT00004970,ALU00829,Matemática,1º Bimestre,9.2
NOT00004971,ALU00829,Ciências,1º Bimestre,6.5
NOT00004972,ALU00829,História,3º Bimestre,9.2
NOT00004973,ALU00829,Geografia,2º Bimestre,9.8
NOT00004974,ALU00829,Inglês,4º Bimestre,9.2
NOT00004975,ALU00830,Português,3º Bimestre,7.8
NOT00004976,ALU00830,Matemática,2º Bimestre,6.8
NOT00004977,ALU00830,Ciências,3º Bimestre,9.4
NOT00004978,ALU00830,História,3º Bimestre,6.6
NOT00004979,ALU00830,Geografia,4º Bimestre,9.3
NOT00004980,ALU00830,Inglês,4º Bimestre,9.2
NOT00004981,ALU00831,Português,4º Bimestre,9.7
NOT00004982,ALU00831,Matemática,2º Bimestre,7.2
NOT00004983,ALU00831,Ciências,4º Bimestre,8.6
NOT00004984,ALU00831,História,1º Bimestre,8.0
NOT00004985,ALU00831,Geografia,2º Bimestre,9.1
NOT00004986,ALU00831,Inglês,4º Bimestre,6.2
NOT00004987,ALU00832,Português,1º Bimestre,6.8
NOT00004988,ALU00832,Matemática,4º Bimestre,5.5
NOT00004989,ALU00832,Ciências,3º Bimestre,7.8
NOT00004990,ALU00832,História,4º Bimestre,7.5
NOT00004991,ALU00832,Geografia,4º Bimestre,6.1
NOT00004992,ALU00832,Inglês,2º Bimestre,8.2
NOT00004993,ALU00833,Português,2º Bimestre,5.7
NOT00004994,ALU00833,Matemática,4º Bimestre,5.5
NOT00004995,ALU00833,Ciências,1º Bimestre,5.6
NOT00004996,ALU00833,História,4º Bimestre,6.9
NOT00004997,ALU00833,Geografia,3º Bimestre,7.1
NOT00004998,ALU00833,Inglês,1º Bimestre,9.3
NOT00004999,ALU00834,Português,3º Bimestre,8.3
NOT00005000,ALU00834,Matemática,3º Bimestre,9.7
NOT00005001,ALU00834,Ciências,1º Bimestre,9.6
NOT00005002,ALU00834,História,4º Bimestre,7.8
NOT00005003,ALU00834,Geografia,1º Bimestre,7.5
NOT00005004,ALU00834,Inglês,2º Bimestre,6.6
NOT00005005,ALU00835,Português,4º Bimestre,6.7
NOT00005006,ALU00835,Matemática,1º Bimestre,8.2
NOT00005007,ALU00835,Ciências,2º Bimestre,7.9
NOT00005008,ALU00835,História,3º Bimestre,9.0
NOT00005009,ALU00835,Geografia,1º Bimestre,5.8
NOT00005010,ALU00835,Inglês,1º Bimestre,6.8
NOT00005011,ALU00836,Português,4º Bimestre,5.7
NOT00005012,ALU00836,Matemática,2º Bimestre,7.5
NOT00005013,ALU00836,Ciências,2º Bimestre,8.2
NOT00005014,ALU00836,História,4º Bimestre,8.3
NOT00005015,ALU00836,Geografia,2º Bimestre,9.8
NOT00005016,ALU00836,Inglês,2º Bimestre,9.2
NOT00005017,ALU00837,Português,1º Bimestre,6.2
NOT00005018,ALU00837,Matemática,1º Bimestre,9.5
NOT00005019,ALU00837,Ciências,3º Bimestre,7.9
NOT00005020,ALU00837,História,1º Bimestre,6.4
NOT00005021,ALU00837,Geografia,2º Bimestre,9.1
NOT00005022,ALU00837,Inglês,3º Bimestre,8.9
NOT00005023,ALU00838,Português,1º Bimestre,7.0
NOT00005024,ALU00838,Matemática,2º Bimestre,9.5
NOT00005025,ALU00838,Ciências,4º Bimestre,9.5
NOT00005026,ALU00838,História,3º Bimestre,5.7
NOT00005027,ALU00838,Geografia,1º Bimestre,9.5
NOT00005028,ALU00838,Inglês,2º Bimestre,6.3
NOT00005029,ALU00839,Português,2º Bimestre,7.2
NOT00005030,ALU00839,Matemática,3º Bimestre,7.8
NOT00005031,ALU00839,Ciências,2º Bimestre,8.2
NOT00005032,ALU00839,História,1º Bimestre,6.2
NOT00005033,ALU00839,Geografia,1º Bimestre,6.0
NOT00005034,ALU00839,Inglês,3º Bimestre,7.8
NOT00005035,ALU00840,Português,1º Bimestre,8.0
NOT00005036,ALU00840,Matemática,4º Bimestre,6.1
NOT00005037,ALU00840,Ciências,1º Bimestre,7.3
NOT00005038,ALU00840,História,2º Bimestre,6.5
NOT00005039,ALU00840,Geografia,3º Bimestre,7.4
NOT00005040,ALU00840,Inglês,1º Bimestre,8.6
NOT00005041,ALU00841,Português,4º Bimestre,9.2
NOT00005042,ALU00841,Matemática,2º Bimestre,6.5
NOT00005043,ALU00841,Ciências,2º Bimestre,7.9
NOT00005044,ALU00841,História,1º Bimestre,8.2
NOT00005045,ALU00841,Geografia,1º Bimestre,5.6
NOT00005046,ALU00841,Inglês,3º Bimestre,7.6
NOT00005047,ALU00842,Português,3º Bimestre,6.3
NOT00005048,ALU00842,Matemática,1º Bimestre,6.2
NOT00005049,ALU00842,Ciências,2º Bimestre,9.6
NOT00005050,ALU00842,História,4º Bimestre,5.6
NOT00005051,ALU00842,Geografia,2º Bimestre,9.0
NOT00005052,ALU00842,Inglês,2º Bimestre,6.8
NOT00005053,ALU00843,Português,2º Bimestre,8.4
NOT00005054,ALU00843,Matemática,2º Bimestre,8.5
NOT00005055,ALU00843,Ciências,3º Bimestre,7.3
NOT00005056,ALU00843,História,1º Bimestre,6.4
NOT00005057,ALU00843,Geografia,1º Bimestre,6.5
NOT00005058,ALU00843,Inglês,2º Bimestre,6.2
NOT00005059,ALU00844,Português,3º Bimestre,6.8
NOT00005060,ALU00844,Matemática,2º Bimestre,6.1
NOT00005061,ALU00844,Ciências,3º Bimestre,8.7
NOT00005062,ALU00844,História,3º Bimestre,9.6
NOT00005063,ALU00844,Geografia,3º Bimestre,8.0
NOT00005064,ALU00844,Inglês,1º Bimestre,7.1
NOT00005065,ALU00845,Português,4º Bimestre,7.8
NOT00005066,ALU00845,Matemática,4º Bimestre,7.7
NOT00005067,ALU00845,Ciências,4º Bimestre,8.2
NOT00005068,ALU00845,História,3º Bimestre,6.9
NOT00005069,ALU00845,Geografia,3º Bimestre,5.9
NOT00005070,ALU00845,Inglês,4º Bimestre,7.6
NOT00005071,ALU00846,Português,1º Bimestre,5.7
NOT00005072,ALU00846,Matemática,4º Bimestre,6.0
NOT00005073,ALU00846,Ciências,1º Bimestre,8.5
NOT00005074,ALU00846,História,2º Bimestre,8.8
NOT00005075,ALU00846,Geografia,2º Bimestre,5.8
NOT00005076,ALU00846,Inglês,4º Bimestre,8.5
NOT00005077,ALU00847,Português,4º Bimestre,7.1
NOT00005078,ALU00847,Matemática,2º Bimestre,8.1
NOT00005079,ALU00847,Ciências,2º Bimestre,9.6
NOT00005080,ALU00847,História,3º Bimestre,6.0
NOT00005081,ALU00847,Geografia,1º Bimestre,9.4
NOT00005082,ALU00847,Inglês,3º Bimestre,7.5
NOT00005083,ALU00848,Português,1º Bimestre,7.7
NOT00005084,ALU00848,Matemática,4º Bimestre,6.4
NOT00005085,ALU00848,Ciências,1º Bimestre,8.5
NOT00005086,ALU00848,História,3º Bimestre,5.9
NOT00005087,ALU00848,Geografia,2º Bimestre,5.6
NOT00005088,ALU00848,Inglês,3º Bimestre,8.9
NOT00005089,ALU00849,Português,1º Bimestre,6.3
NOT00005090,ALU00849,Matemática,4º Bimestre,6.8
NOT00005091,ALU00849,Ciências,4º Bimestre,6.7
NOT00005092,ALU00849,História,3º Bimestre,6.4
NOT00005093,ALU00849,Geografia,1º Bimestre,9.4
NOT00005094,ALU00849,Inglês,1º Bimestre,6.3
NOT00005095,ALU00850,Português,4º Bimestre,6.0
NOT00005096,ALU00850,Matemática,3º Bimestre,8.1
NOT00005097,ALU00850,Ciências,4º Bimestre,7.5
NOT00005098,ALU00850,História,1º Bimestre,6.3
NOT00005099,ALU00850,Geografia,2º Bimestre,9.6
NOT00005100,ALU00850,Inglês,3º Bimestre,8.9
NOT00005101,ALU00851,Português,3º Bimestre,9.1
NOT00005102,ALU00851,Matemática,1º Bimestre,6.0
NOT00005103,ALU00851,Ciências,2º Bimestre,6.9
NOT00005104,ALU00851,História,4º Bimestre,6.0
NOT00005105,ALU00851,Geografia,1º Bimestre,6.5
NOT00005106,ALU00851,Inglês,4º Bimestre,9.5
NOT00005107,ALU00852,Português,1º Bimestre,8.9
NOT00005108,ALU00852,Matemática,4º Bimestre,6.4
NOT00005109,ALU00852,Ciências,2º Bimestre,9.6
NOT00005110,ALU00852,História,2º Bimestre,5.9
NOT00005111,ALU00852,Geografia,2º Bimestre,7.4
NOT00005112,ALU00852,Inglês,2º Bimestre,7.4
NOT00005113,ALU00853,Português,2º Bimestre,5.5
NOT00005114,ALU00853,Matemática,2º Bimestre,6.7
NOT00005115,ALU00853,Ciências,2º Bimestre,7.9
NOT00005116,ALU00853,História,2º Bimestre,8.5
NOT00005117,ALU00853,Geografia,4º Bimestre,8.4
NOT00005118,ALU00853,Inglês,1º Bimestre,6.2
NOT00005119,ALU00854,Português,2º Bimestre,6.2
NOT00005120,ALU00854,Matemática,1º Bimestre,5.8
NOT00005121,ALU00854,Ciências,2º Bimestre,6.3
NOT00005122,ALU00854,História,3º Bimestre,6.7
NOT00005123,ALU00854,Geografia,2º Bimestre,9.7
NOT00005124,ALU00854,Inglês,4º Bimestre,7.9
NOT00005125,ALU00855,Português,1º Bimestre,6.8
NOT00005126,ALU00855,Matemática,4º Bimestre,8.1
NOT00005127,ALU00855,Ciências,4º Bimestre,9.4
NOT00005128,ALU00855,História,1º Bimestre,8.7
NOT00005129,ALU00855,Geografia,1º Bimestre,9.7
NOT00005130,ALU00855,Inglês,3º Bimestre,6.5
NOT00005131,ALU00856,Português,1º Bimestre,8.0
NOT00005132,ALU00856,Matemática,3º Bimestre,8.3
NOT00005133,ALU00856,Ciências,4º Bimestre,8.2
NOT00005134,ALU00856,História,3º Bimestre,9.0
NOT00005135,ALU00856,Geografia,1º Bimestre,9.5
NOT00005136,ALU00856,Inglês,2º Bimestre,7.1
NOT00005137,ALU00857,Português,1º Bimestre,6.2
NOT00005138,ALU00857,Matemática,1º Bimestre,7.5
NOT00005139,ALU00857,Ciências,1º Bimestre,6.9
NOT00005140,ALU00857,História,2º Bimestre,9.7
NOT00005141,ALU00857,Geografia,3º Bimestre,8.3
NOT00005142,ALU00857,Inglês,4º Bimestre,6.0
NOT00005143,ALU00858,Português,4º Bimestre,9.0
NOT00005144,ALU00858,Matemática,4º Bimestre,6.0
NOT00005145,ALU00858,Ciências,4º Bimestre,8.0
NOT00005146,ALU00858,História,1º Bimestre,6.5
NOT00005147,ALU00858,Geografia,4º Bimestre,6.2
NOT00005148,ALU00858,Inglês,4º Bimestre,6.2
NOT00005149,ALU00859,Português,1º Bimestre,9.5
NOT00005150,ALU00859,Matemática,2º Bimestre,8.8
NOT00005151,ALU00859,Ciências,2º Bimestre,9.7
NOT00005152,ALU00859,História,3º Bimestre,6.5
NOT00005153,ALU00859,Geografia,2º Bimestre,8.4
NOT00005154,ALU00859,Inglês,4º Bimestre,5.6
NOT00005155,ALU00860,Português,1º Bimestre,9.1
NOT00005156,ALU00860,Matemática,2º Bimestre,8.7
NOT00005157,ALU00860,Ciências,4º Bimestre,8.8
NOT00005158,ALU00860,História,2º Bimestre,9.1
NOT00005159,ALU00860,Geografia,2º Bimestre,7.9
NOT00005160,ALU00860,Inglês,4º Bimestre,8.3
NOT00005161,ALU00861,Português,1º Bimestre,7.8
NOT00005162,ALU00861,Matemática,1º Bimestre,8.1
NOT00005163,ALU00861,Ciências,3º Bimestre,8.2
NOT00005164,ALU00861,História,4º Bimestre,6.4
NOT00005165,ALU00861,Geografia,2º Bimestre,7.1
NOT00005166,ALU00861,Inglês,1º Bimestre,6.8
NOT00005167,ALU00862,Português,1º Bimestre,9.4
NOT00005168,ALU00862,Matemática,2º Bimestre,6.6
NOT00005169,ALU00862,Ciências,4º Bimestre,8.6
NOT00005170,ALU00862,História,4º Bimestre,7.9
NOT00005171,ALU00862,Geografia,1º Bimestre,5.9
NOT00005172,ALU00862,Inglês,3º Bimestre,6.1
NOT00005173,ALU00863,Português,1º Bimestre,5.9
NOT00005174,ALU00863,Matemática,4º Bimestre,9.1
NOT00005175,ALU00863,Ciências,4º Bimestre,8.1
NOT00005176,ALU00863,História,2º Bimestre,9.8
NOT00005177,ALU00863,Geografia,3º Bimestre,8.6
NOT00005178,ALU00863,Inglês,4º Bimestre,7.1
NOT00005179,ALU00864,Português,1º Bimestre,6.4
NOT00005180,ALU00864,Matemática,3º Bimestre,7.2
NOT00005181,ALU00864,Ciências,2º Bimestre,5.6
NOT00005182,ALU00864,História,3º Bimestre,8.5
NOT00005183,ALU00864,Geografia,3º Bimestre,5.5
NOT00005184,ALU00864,Inglês,4º Bimestre,8.8
NOT00005185,ALU00865,Português,3º Bimestre,9.1
NOT00005186,ALU00865,Matemática,3º Bimestre,7.0
NOT00005187,ALU00865,Ciências,2º Bimestre,6.3
NOT00005188,ALU00865,História,3º Bimestre,8.2
NOT00005189,ALU00865,Geografia,1º Bimestre,7.0
NOT00005190,ALU00865,Inglês,3º Bimestre,9.7
NOT00005191,ALU00866,Português,4º Bimestre,6.0
NOT00005192,ALU00866,Matemática,1º Bimestre,6.2
NOT00005193,ALU00866,Ciências,4º Bimestre,9.1
NOT00005194,ALU00866,História,3º Bimestre,6.0
NOT00005195,ALU00866,Geografia,2º Bimestre,5.7
NOT00005196,ALU00866,Inglês,3º Bimestre,5.8
NOT00005197,ALU00867,Português,1º Bimestre,8.3
NOT00005198,ALU00867,Matemática,1º Bimestre,8.5
NOT00005199,ALU00867,Ciências,1º Bimestre,9.8
NOT00005200,ALU00867,História,2º Bimestre,7.2
NOT00005201,ALU00867,Geografia,3º Bimestre,6.8
NOT00005202,ALU00867,Inglês,3º Bimestre,8.5
NOT00005203,ALU00868,Português,4º Bimestre,6.4
NOT00005204,ALU00868,Matemática,4º Bimestre,7.2
NOT00005205,ALU00868,Ciências,1º Bimestre,7.7
NOT00005206,ALU00868,História,1º Bimestre,6.3
NOT00005207,ALU00868,Geografia,4º Bimestre,6.6
NOT00005208,ALU00868,Inglês,2º Bimestre,8.3
NOT00005209,ALU00869,Português,3º Bimestre,7.0
NOT00005210,ALU00869,Matemática,2º Bimestre,9.0
NOT00005211,ALU00869,Ciências,2º Bimestre,8.4
NOT00005212,ALU00869,História,1º Bimestre,8.4
NOT00005213,ALU00869,Geografia,2º Bimestre,7.4
NOT00005214,ALU00869,Inglês,4º Bimestre,8.9
NOT00005215,ALU00870,Português,4º Bimestre,7.8
NOT00005216,ALU00870,Matemática,1º Bimestre,8.6
NOT00005217,ALU00870,Ciências,1º Bimestre,9.5
NOT00005218,ALU00870,História,4º Bimestre,8.7
NOT00005219,ALU00870,Geografia,3º Bimestre,9.8
NOT00005220,ALU00870,Inglês,2º Bimestre,5.6
NOT00005221,ALU00871,Português,2º Bimestre,5.6
NOT00005222,ALU00871,Matemática,3º Bimestre,7.5
NOT00005223,ALU00871,Ciências,1º Bimestre,6.8
NOT00005224,ALU00871,História,2º Bimestre,9.0
NOT00005225,ALU00871,Geografia,3º Bimestre,7.9
NOT00005226,ALU00871,Inglês,4º Bimestre,5.5
NOT00005227,ALU00872,Português,1º Bimestre,6.3
NOT00005228,ALU00872,Matemática,3º Bimestre,5.8
NOT00005229,ALU00872,Ciências,1º Bimestre,8.8
NOT00005230,ALU00872,História,3º Bimestre,8.4
NOT00005231,ALU00872,Geografia,4º Bimestre,7.0
NOT00005232,ALU00872,Inglês,4º Bimestre,8.5
NOT00005233,ALU00873,Português,1º Bimestre,5.8
NOT00005234,ALU00873,Matemática,1º Bimestre,6.5
NOT00005235,ALU00873,Ciências,2º Bimestre,9.0
NOT00005236,ALU00873,História,3º Bimestre,6.1
NOT00005237,ALU00873,Geografia,4º Bimestre,6.3
NOT00005238,ALU00873,Inglês,3º Bimestre,8.6
NOT00005239,ALU00874,Português,2º Bimestre,7.3
NOT00005240,ALU00874,Matemática,1º Bimestre,8.3
NOT00005241,ALU00874,Ciências,2º Bimestre,6.7
NOT00005242,ALU00874,História,3º Bimestre,7.7
NOT00005243,ALU00874,Geografia,4º Bimestre,9.0
NOT00005244,ALU00874,Inglês,1º Bimestre,6.6
NOT00005245,ALU00875,Português,2º Bimestre,8.2
NOT00005246,ALU00875,Matemática,4º Bimestre,7.5
NOT00005247,ALU00875,Ciências,1º Bimestre,8.4
NOT00005248,ALU00875,História,4º Bimestre,9.6
NOT00005249,ALU00875,Geografia,2º Bimestre,6.7
NOT00005250,ALU00875,Inglês,2º Bimestre,8.2
NOT00005251,ALU00876,Português,3º Bimestre,7.1
NOT00005252,ALU00876,Matemática,1º Bimestre,7.0
NOT00005253,ALU00876,Ciências,4º Bimestre,8.9
NOT00005254,ALU00876,História,4º Bimestre,8.5
NOT00005255,ALU00876,Geografia,1º Bimestre,8.9
NOT00005256,ALU00876,Inglês,3º Bimestre,7.8
NOT00005257,ALU00877,Português,2º Bimestre,5.7
NOT00005258,ALU00877,Matemática,3º Bimestre,9.2
NOT00005259,ALU00877,Ciências,3º Bimestre,6.4
NOT00005260,ALU00877,História,1º Bimestre,7.1
NOT00005261,ALU00877,Geografia,1º Bimestre,9.0
NOT00005262,ALU00877,Inglês,1º Bimestre,7.6
NOT00005263,ALU00878,Português,4º Bimestre,9.7
NOT00005264,ALU00878,Matemática,2º Bimestre,8.8
NOT00005265,ALU00878,Ciências,1º Bimestre,6.5
NOT00005266,ALU00878,História,1º Bimestre,9.0
NOT00005267,ALU00878,Geografia,1º Bimestre,5.7
NOT00005268,ALU00878,Inglês,3º Bimestre,8.4
NOT00005269,ALU00879,Português,1º Bimestre,5.5
NOT00005270,ALU00879,Matemática,2º Bimestre,6.8
NOT00005271,ALU00879,Ciências,3º Bimestre,9.8
NOT00005272,ALU00879,História,3º Bimestre,6.7
NOT00005273,ALU00879,Geografia,1º Bimestre,9.3
NOT00005274,ALU00879,Inglês,2º Bimestre,7.6
NOT00005275,ALU00880,Português,1º Bimestre,9.7
NOT00005276,ALU00880,Matemática,2º Bimestre,6.0
NOT00005277,ALU00880,Ciências,4º Bimestre,6.3
NOT00005278,ALU00880,História,2º Bimestre,8.6
NOT00005279,ALU00880,Geografia,4º Bimestre,6.0
NOT00005280,ALU00880,Inglês,2º Bimestre,8.7
NOT00005281,ALU00881,Português,1º Bimestre,9.3
NOT00005282,ALU00881,Matemática,4º Bimestre,7.9
NOT00005283,ALU00881,Ciências,4º Bimestre,8.5
NOT00005284,ALU00881,História,1º Bimestre,6.3
NOT00005285,ALU00881,Geografia,1º Bimestre,8.6
NOT00005286,ALU00881,Inglês,3º Bimestre,5.8
NOT00005287,ALU00882,Português,2º Bimestre,6.7
NOT00005288,ALU00882,Matemática,4º Bimestre,8.2
NOT00005289,ALU00882,Ciências,3º Bimestre,6.9
NOT00005290,ALU00882,História,2º Bimestre,8.0
NOT00005291,ALU00882,Geografia,2º Bimestre,6.8
NOT00005292,ALU00882,Inglês,2º Bimestre,6.0
NOT00005293,ALU00883,Português,4º Bimestre,6.1
NOT00005294,ALU00883,Matemática,3º Bimestre,6.5
NOT00005295,ALU00883,Ciências,4º Bimestre,7.6
NOT00005296,ALU00883,História,1º Bimestre,8.0
NOT00005297,ALU00883,Geografia,3º Bimestre,8.5
NOT00005298,ALU00883,Inglês,3º Bimestre,9.6
NOT00005299,ALU00884,Português,2º Bimestre,9.6
NOT00005300,ALU00884,Matemática,3º Bimestre,7.3
NOT00005301,ALU00884,Ciências,2º Bimestre,9.0
NOT00005302,ALU00884,História,2º Bimestre,5.7
NOT00005303,ALU00884,Geografia,4º Bimestre,6.3
NOT00005304,ALU00884,Inglês,4º Bimestre,7.0
NOT00005305,ALU00885,Português,4º Bimestre,8.4
NOT00005306,ALU00885,Matemática,2º Bimestre,9.5
NOT00005307,ALU00885,Ciências,2º Bimestre,6.0
NOT00005308,ALU00885,História,3º Bimestre,6.0
NOT00005309,ALU00885,Geografia,1º Bimestre,9.6
NOT00005310,ALU00885,Inglês,2º Bimestre,5.9
NOT00005311,ALU00886,Português,2º Bimestre,7.8
NOT00005312,ALU00886,Matemática,3º Bimestre,6.1
NOT00005313,ALU00886,Ciências,2º Bimestre,6.4
NOT00005314,ALU00886,História,2º Bimestre,9.5
NOT00005315,ALU00886,Geografia,4º Bimestre,8.0
NOT00005316,ALU00886,Inglês,3º Bimestre,6.0
NOT00005317,ALU00887,Português,4º Bimestre,6.8
NOT00005318,ALU00887,Matemática,4º Bimestre,8.8
NOT00005319,ALU00887,Ciências,3º Bimestre,6.5
NOT00005320,ALU00887,História,3º Bimestre,5.7
NOT00005321,ALU00887,Geografia,4º Bimestre,6.4
NOT00005322,ALU00887,Inglês,3º Bimestre,6.9
NOT00005323,ALU00888,Português,3º Bimestre,8.4
NOT00005324,ALU00888,Matemática,2º Bimestre,8.9
NOT00005325,ALU00888,Ciências,3º Bimestre,5.8
NOT00005326,ALU00888,História,4º Bimestre,6.3
NOT00005327,ALU00888,Geografia,1º Bimestre,6.3
NOT00005328,ALU00888,Inglês,4º Bimestre,9.6
NOT00005329,ALU00889,Português,3º Bimestre,6.8
NOT00005330,ALU00889,Matemática,2º Bimestre,8.9
NOT00005331,ALU00889,Ciências,3º Bimestre,8.5
NOT00005332,ALU00889,História,2º Bimestre,7.6
NOT00005333,ALU00889,Geografia,3º Bimestre,7.4
NOT00005334,ALU00889,Inglês,2º Bimestre,7.8
NOT00005335,ALU00890,Português,1º Bimestre,8.9
NOT00005336,ALU00890,Matemática,1º Bimestre,5.7
NOT00005337,ALU00890,Ciências,2º Bimestre,9.1
NOT00005338,ALU00890,História,2º Bimestre,9.0
NOT00005339,ALU00890,Geografia,2º Bimestre,7.7
NOT00005340,ALU00890,Inglês,1º Bimestre,8.2
NOT00005341,ALU00891,Português,1º Bimestre,5.7
NOT00005342,ALU00891,Matemática,1º Bimestre,6.5
NOT00005343,ALU00891,Ciências,3º Bimestre,6.9
NOT00005344,ALU00891,História,1º Bimestre,9.3
NOT00005345,ALU00891,Geografia,4º Bimestre,8.1
NOT00005346,ALU00891,Inglês,3º Bimestre,8.4
NOT00005347,ALU00892,Português,4º Bimestre,8.2
NOT00005348,ALU00892,Matemática,1º Bimestre,9.2
NOT00005349,ALU00892,Ciências,4º Bimestre,8.9
NOT00005350,ALU00892,História,1º Bimestre,8.2
NOT00005351,ALU00892,Geografia,4º Bimestre,6.7
NOT00005352,ALU00892,Inglês,1º Bimestre,6.1
NOT00005353,ALU00893,Português,2º Bimestre,6.6
NOT00005354,ALU00893,Matemática,4º Bimestre,6.2
NOT00005355,ALU00893,Ciências,3º Bimestre,6.0
NOT00005356,ALU00893,História,4º Bimestre,7.6
NOT00005357,ALU00893,Geografia,4º Bimestre,7.5
NOT00005358,ALU00893,Inglês,4º Bimestre,5.7
NOT00005359,ALU00894,Português,4º Bimestre,7.6
NOT00005360,ALU00894,Matemática,3º Bimestre,7.6
NOT00005361,ALU00894,Ciências,3º Bimestre,8.7
NOT00005362,ALU00894,História,4º Bimestre,8.6
NOT00005363,ALU00894,Geografia,2º Bimestre,9.6
NOT00005364,ALU00894,Inglês,4º Bimestre,6.5
NOT00005365,ALU00895,Português,1º Bimestre,6.4
NOT00005366,ALU00895,Matemática,1º Bimestre,9.4
NOT00005367,ALU00895,Ciências,4º Bimestre,6.4
NOT00005368,ALU00895,História,1º Bimestre,5.9
NOT00005369,ALU00895,Geografia,2º Bimestre,8.6
NOT00005370,ALU00895,Inglês,1º Bimestre,9.3
NOT00005371,ALU00896,Português,3º Bimestre,7.0
NOT00005372,ALU00896,Matemática,4º Bimestre,7.3
NOT00005373,ALU00896,Ciências,4º Bimestre,8.5
NOT00005374,ALU00896,História,2º Bimestre,6.3
NOT00005375,ALU00896,Geografia,4º Bimestre,5.7
NOT00005376,ALU00896,Inglês,3º Bimestre,8.4
NOT00005377,ALU00897,Português,4º Bimestre,7.7
NOT00005378,ALU00897,Matemática,3º Bimestre,6.9
NOT00005379,ALU00897,Ciências,2º Bimestre,8.6
NOT00005380,ALU00897,História,2º Bimestre,5.7
NOT00005381,ALU00897,Geografia,2º Bimestre,7.0
NOT00005382,ALU00897,Inglês,1º Bimestre,9.3
NOT00005383,ALU00898,Português,2º Bimestre,8.5
NOT00005384,ALU00898,Matemática,4º Bimestre,7.6
NOT00005385,ALU00898,Ciências,1º Bimestre,9.6
NOT00005386,ALU00898,História,3º Bimestre,9.2
NOT00005387,ALU00898,Geografia,4º Bimestre,6.0
NOT00005388,ALU00898,Inglês,1º Bimestre,6.1
NOT00005389,ALU00899,Português,4º Bimestre,6.1
NOT00005390,ALU00899,Matemática,4º Bimestre,7.6
NOT00005391,ALU00899,Ciências,4º Bimestre,7.8
NOT00005392,ALU00899,História,3º Bimestre,6.1
NOT00005393,ALU00899,Geografia,3º Bimestre,9.3
NOT00005394,ALU00899,Inglês,3º Bimestre,8.5
NOT00005395,ALU00900,Português,4º Bimestre,5.6
NOT00005396,ALU00900,Matemática,4º Bimestre,6.0
NOT00005397,ALU00900,Ciências,2º Bimestre,7.0
NOT00005398,ALU00900,História,4º Bimestre,9.7
NOT00005399,ALU00900,Geografia,4º Bimestre,6.0
NOT00005400,ALU00900,Inglês,3º Bimestre,8.8
NOT00005401,ALU00901,Português,4º Bimestre,8.8
NOT00005402,ALU00901,Matemática,2º Bimestre,6.5
NOT00005403,ALU00901,Ciências,2º Bimestre,7.2
NOT00005404,ALU00901,História,4º Bimestre,8.4
NOT00005405,ALU00901,Geografia,3º Bimestre,6.1
NOT00005406,ALU00901,Inglês,3º Bimestre,7.9
NOT00005407,ALU00902,Português,1º Bimestre,5.8
NOT00005408,ALU00902,Matemática,4º Bimestre,8.9
NOT00005409,ALU00902,Ciências,4º Bimestre,5.8
NOT00005410,ALU00902,História,2º Bimestre,7.8
NOT00005411,ALU00902,Geografia,4º Bimestre,9.0
NOT00005412,ALU00902,Inglês,4º Bimestre,8.0
NOT00005413,ALU00903,Português,3º Bimestre,8.3
NOT00005414,ALU00903,Matemática,3º Bimestre,7.1
NOT00005415,ALU00903,Ciências,3º Bimestre,9.6
NOT00005416,ALU00903,História,4º Bimestre,7.1
NOT00005417,ALU00903,Geografia,1º Bimestre,7.9
NOT00005418,ALU00903,Inglês,3º Bimestre,6.1
NOT00005419,ALU00904,Português,2º Bimestre,6.3
NOT00005420,ALU00904,Matemática,4º Bimestre,5.6
NOT00005421,ALU00904,Ciências,3º Bimestre,7.6
NOT00005422,ALU00904,História,3º Bimestre,7.0
NOT00005423,ALU00904,Geografia,4º Bimestre,6.3
NOT00005424,ALU00904,Inglês,1º Bimestre,7.5
NOT00005425,ALU00905,Português,2º Bimestre,6.1
NOT00005426,ALU00905,Matemática,3º Bimestre,5.9
NOT00005427,ALU00905,Ciências,2º Bimestre,7.6
NOT00005428,ALU00905,História,3º Bimestre,9.7
NOT00005429,ALU00905,Geografia,4º Bimestre,8.6
NOT00005430,ALU00905,Inglês,1º Bimestre,8.3
NOT00005431,ALU00906,Português,1º Bimestre,6.7
NOT00005432,ALU00906,Matemática,2º Bimestre,9.8
NOT00005433,ALU00906,Ciências,1º Bimestre,7.9
NOT00005434,ALU00906,História,3º Bimestre,6.1
NOT00005435,ALU00906,Geografia,4º Bimestre,7.2
NOT00005436,ALU00906,Inglês,4º Bimestre,9.1
NOT00005437,ALU00907,Português,1º Bimestre,9.5
NOT00005438,ALU00907,Matemática,2º Bimestre,9.6
NOT00005439,ALU00907,Ciências,2º Bimestre,8.2
NOT00005440,ALU00907,História,4º Bimestre,8.7
NOT00005441,ALU00907,Geografia,2º Bimestre,6.5
NOT00005442,ALU00907,Inglês,2º Bimestre,6.2
NOT00005443,ALU00908,Português,2º Bimestre,8.2
NOT00005444,ALU00908,Matemática,2º Bimestre,6.0
NOT00005445,ALU00908,Ciências,3º Bimestre,8.5
NOT00005446,ALU00908,História,4º Bimestre,6.9
NOT00005447,ALU00908,Geografia,2º Bimestre,7.1
NOT00005448,ALU00908,Inglês,2º Bimestre,5.6
NOT00005449,ALU00909,Português,3º Bimestre,9.0
NOT00005450,ALU00909,Matemática,2º Bimestre,8.6
NOT00005451,ALU00909,Ciências,1º Bimestre,6.7
NOT00005452,ALU00909,História,4º Bimestre,6.5
NOT00005453,ALU00909,Geografia,3º Bimestre,6.5
NOT00005454,ALU00909,Inglês,1º Bimestre,6.7
NOT00005455,ALU00910,Português,3º Bimestre,8.9
NOT00005456,ALU00910,Matemática,4º Bimestre,8.9
NOT00005457,ALU00910,Ciências,1º Bimestre,5.7
NOT00005458,ALU00910,História,4º Bimestre,7.9
NOT00005459,ALU00910,Geografia,1º Bimestre,8.6
NOT00005460,ALU00910,Inglês,4º Bimestre,9.3
NOT00005461,ALU00911,Português,1º Bimestre,9.3
NOT00005462,ALU00911,Matemática,2º Bimestre,6.8
NOT00005463,ALU00911,Ciências,1º Bimestre,8.2
NOT00005464,ALU00911,História,1º Bimestre,7.5
NOT00005465,ALU00911,Geografia,1º Bimestre,9.6
NOT00005466,ALU00911,Inglês,2º Bimestre,9.6
NOT00005467,ALU00912,Português,2º Bimestre,9.4
NOT00005468,ALU00912,Matemática,1º Bimestre,6.2
NOT00005469,ALU00912,Ciências,1º Bimestre,8.5
NOT00005470,ALU00912,História,2º Bimestre,6.3
NOT00005471,ALU00912,Geografia,3º Bimestre,7.1
NOT00005472,ALU00912,Inglês,1º Bimestre,7.2
NOT00005473,ALU00913,Português,1º Bimestre,7.3
NOT00005474,ALU00913,Matemática,2º Bimestre,5.7
NOT00005475,ALU00913,Ciências,4º Bimestre,8.7
NOT00005476,ALU00913,História,4º Bimestre,9.8
NOT00005477,ALU00913,Geografia,3º Bimestre,7.4
NOT00005478,ALU00913,Inglês,1º Bimestre,9.1
NOT00005479,ALU00914,Português,3º Bimestre,5.7
NOT00005480,ALU00914,Matemática,4º Bimestre,9.1
NOT00005481,ALU00914,Ciências,3º Bimestre,6.8
NOT00005482,ALU00914,História,4º Bimestre,8.8
NOT00005483,ALU00914,Geografia,1º Bimestre,6.9
NOT00005484,ALU00914,Inglês,2º Bimestre,7.2
NOT00005485,ALU00915,Português,1º Bimestre,8.6
NOT00005486,ALU00915,Matemática,2º Bimestre,6.8
NOT00005487,ALU00915,Ciências,4º Bimestre,6.6
NOT00005488,ALU00915,História,3º Bimestre,9.2
NOT00005489,ALU00915,Geografia,3º Bimestre,6.3
NOT00005490,ALU00915,Inglês,2º Bimestre,7.2
NOT00005491,ALU00916,Português,1º Bimestre,7.0
NOT00005492,ALU00916,Matemática,4º Bimestre,6.7
NOT00005493,ALU00916,Ciências,4º Bimestre,9.4
NOT00005494,ALU00916,História,1º Bimestre,7.1
NOT00005495,ALU00916,Geografia,3º Bimestre,6.0
NOT00005496,ALU00916,Inglês,2º Bimestre,8.9
NOT00005497,ALU00917,Português,1º Bimestre,6.8
NOT00005498,ALU00917,Matemática,3º Bimestre,7.6
NOT00005499,ALU00917,Ciências,1º Bimestre,5.9
NOT00005500,ALU00917,História,4º Bimestre,6.9
NOT00005501,ALU00917,Geografia,3º Bimestre,6.2
NOT00005502,ALU00917,Inglês,2º Bimestre,5.9
NOT00005503,ALU00918,Português,1º Bimestre,8.1
NOT00005504,ALU00918,Matemática,1º Bimestre,8.4
NOT00005505,ALU00918,Ciências,3º Bimestre,7.7
NOT00005506,ALU00918,História,2º Bimestre,9.2
NOT00005507,ALU00918,Geografia,2º Bimestre,7.2
NOT00005508,ALU00918,Inglês,2º Bimestre,8.5
NOT00005509,ALU00919,Português,4º Bimestre,5.7
NOT00005510,ALU00919,Matemática,2º Bimestre,8.6
NOT00005511,ALU00919,Ciências,3º Bimestre,9.5
NOT00005512,ALU00919,História,2º Bimestre,8.5
NOT00005513,ALU00919,Geografia,3º Bimestre,7.4
NOT00005514,ALU00919,Inglês,3º Bimestre,7.2
NOT00005515,ALU00920,Português,1º Bimestre,5.6
NOT00005516,ALU00920,Matemática,2º Bimestre,6.6
NOT00005517,ALU00920,Ciências,4º Bimestre,7.2
NOT00005518,ALU00920,História,1º Bimestre,8.7
NOT00005519,ALU00920,Geografia,1º Bimestre,5.9
NOT00005520,ALU00920,Inglês,2º Bimestre,7.8
NOT00005521,ALU00921,Português,2º Bimestre,6.1
NOT00005522,ALU00921,Matemática,4º Bimestre,8.8
NOT00005523,ALU00921,Ciências,3º Bimestre,6.6
NOT00005524,ALU00921,História,1º Bimestre,7.9
NOT00005525,ALU00921,Geografia,2º Bimestre,9.7
NOT00005526,ALU00921,Inglês,3º Bimestre,7.3
NOT00005527,ALU00922,Português,1º Bimestre,5.9
NOT00005528,ALU00922,Matemática,1º Bimestre,8.2
NOT00005529,ALU00922,Ciências,1º Bimestre,8.5
NOT00005530,ALU00922,História,2º Bimestre,7.7
NOT00005531,ALU00922,Geografia,1º Bimestre,9.6
NOT00005532,ALU00922,Inglês,2º Bimestre,8.6
NOT00005533,ALU00923,Português,3º Bimestre,9.0
NOT00005534,ALU00923,Matemática,1º Bimestre,8.1
NOT00005535,ALU00923,Ciências,2º Bimestre,6.2
NOT00005536,ALU00923,História,3º Bimestre,6.9
NOT00005537,ALU00923,Geografia,4º Bimestre,8.0
NOT00005538,ALU00923,Inglês,2º Bimestre,6.5
NOT00005539,ALU00924,Português,4º Bimestre,5.8
NOT00005540,ALU00924,Matemática,4º Bimestre,8.1
NOT00005541,ALU00924,Ciências,1º Bimestre,8.7
NOT00005542,ALU00924,História,4º Bimestre,7.0
NOT00005543,ALU00924,Geografia,1º Bimestre,8.2
NOT00005544,ALU00924,Inglês,1º Bimestre,7.0
NOT00005545,ALU00925,Português,4º Bimestre,8.5
NOT00005546,ALU00925,Matemática,4º Bimestre,5.9
NOT00005547,ALU00925,Ciências,1º Bimestre,6.7
NOT00005548,ALU00925,História,3º Bimestre,9.1
NOT00005549,ALU00925,Geografia,1º Bimestre,7.3
NOT00005550,ALU00925,Inglês,1º Bimestre,9.0
NOT00005551,ALU00926,Português,1º Bimestre,6.7
NOT00005552,ALU00926,Matemática,1º Bimestre,6.6
NOT00005553,ALU00926,Ciências,3º Bimestre,8.6
NOT00005554,ALU00926,História,4º Bimestre,6.8
NOT00005555,ALU00926,Geografia,4º Bimestre,9.4
NOT00005556,ALU00926,Inglês,3º Bimestre,7.1
NOT00005557,ALU00927,Português,4º Bimestre,6.4
NOT00005558,ALU00927,Matemática,3º Bimestre,7.3
NOT00005559,ALU00927,Ciências,3º Bimestre,8.4
NOT00005560,ALU00927,História,4º Bimestre,8.9
NOT00005561,ALU00927,Geografia,2º Bimestre,8.2
NOT00005562,ALU00927,Inglês,4º Bimestre,9.4
NOT00005563,ALU00928,Português,1º Bimestre,7.8
NOT00005564,ALU00928,Matemática,4º Bimestre,6.4
NOT00005565,ALU00928,Ciências,2º Bimestre,8.1
NOT00005566,ALU00928,História,4º Bimestre,7.5
NOT00005567,ALU00928,Geografia,4º Bimestre,7.2
NOT00005568,ALU00928,Inglês,3º Bimestre,5.7
NOT00005569,ALU00929,Português,4º Bimestre,7.1
NOT00005570,ALU00929,Matemática,2º Bimestre,8.6
NOT00005571,ALU00929,Ciências,4º Bimestre,6.0
NOT00005572,ALU00929,História,4º Bimestre,6.8
NOT00005573,ALU00929,Geografia,2º Bimestre,7.4
NOT00005574,ALU00929,Inglês,1º Bimestre,6.7
NOT00005575,ALU00930,Português,2º Bimestre,6.8
NOT00005576,ALU00930,Matemática,3º Bimestre,9.3
NOT00005577,ALU00930,Ciências,3º Bimestre,8.5
NOT00005578,ALU00930,História,4º Bimestre,9.1
NOT00005579,ALU00930,Geografia,2º Bimestre,9.7
NOT00005580,ALU00930,Inglês,4º Bimestre,6.8
NOT00005581,ALU00931,Português,2º Bimestre,6.0
NOT00005582,ALU00931,Matemática,3º Bimestre,8.2
NOT00005583,ALU00931,Ciências,4º Bimestre,7.4
NOT00005584,ALU00931,História,3º Bimestre,6.0
NOT00005585,ALU00931,Geografia,4º Bimestre,7.4
NOT00005586,ALU00931,Inglês,1º Bimestre,6.1
NOT00005587,ALU00932,Português,3º Bimestre,6.3
NOT00005588,ALU00932,Matemática,3º Bimestre,6.6
NOT00005589,ALU00932,Ciências,4º Bimestre,6.7
NOT00005590,ALU00932,História,2º Bimestre,9.5
NOT00005591,ALU00932,Geografia,1º Bimestre,7.9
NOT00005592,ALU00932,Inglês,2º Bimestre,8.6
NOT00005593,ALU00933,Português,1º Bimestre,8.8
NOT00005594,ALU00933,Matemática,2º Bimestre,9.0
NOT00005595,ALU00933,Ciências,2º Bimestre,6.6
NOT00005596,ALU00933,História,2º Bimestre,6.7
NOT00005597,ALU00933,Geografia,3º Bimestre,8.0
NOT00005598,ALU00933,Inglês,1º Bimestre,9.8
NOT00005599,ALU00934,Português,3º Bimestre,9.6
NOT00005600,ALU00934,Matemática,3º Bimestre,6.8
NOT00005601,ALU00934,Ciências,3º Bimestre,5.6
NOT00005602,ALU00934,História,2º Bimestre,5.8
NOT00005603,ALU00934,Geografia,4º Bimestre,8.1
NOT00005604,ALU00934,Inglês,1º Bimestre,6.2
NOT00005605,ALU00935,Português,3º Bimestre,6.8
NOT00005606,ALU00935,Matemática,1º Bimestre,6.6
NOT00005607,ALU00935,Ciências,3º Bimestre,7.2
NOT00005608,ALU00935,História,1º Bimestre,6.9
NOT00005609,ALU00935,Geografia,1º Bimestre,9.2
NOT00005610,ALU00935,Inglês,1º Bimestre,5.9
NOT00005611,ALU00936,Português,2º Bimestre,9.2
NOT00005612,ALU00936,Matemática,4º Bimestre,8.6
NOT00005613,ALU00936,Ciências,1º Bimestre,9.2
NOT00005614,ALU00936,História,3º Bimestre,6.1
NOT00005615,ALU00936,Geografia,1º Bimestre,9.5
NOT00005616,ALU00936,Inglês,1º Bimestre,6.1
NOT00005617,ALU00937,Português,2º Bimestre,9.0
NOT00005618,ALU00937,Matemática,3º Bimestre,8.9
NOT00005619,ALU00937,Ciências,1º Bimestre,7.7
NOT00005620,ALU00937,História,4º Bimestre,7.8
NOT00005621,ALU00937,Geografia,1º Bimestre,7.4
NOT00005622,ALU00937,Inglês,2º Bimestre,7.9
NOT00005623,ALU00938,Português,3º Bimestre,6.5
NOT00005624,ALU00938,Matemática,1º Bimestre,9.3
NOT00005625,ALU00938,Ciências,3º Bimestre,9.7
NOT00005626,ALU00938,História,1º Bimestre,6.9
NOT00005627,ALU00938,Geografia,1º Bimestre,6.2
NOT00005628,ALU00938,Inglês,4º Bimestre,7.4
NOT00005629,ALU00939,Português,1º Bimestre,7.0
NOT00005630,ALU00939,Matemática,4º Bimestre,7.1
NOT00005631,ALU00939,Ciências,4º Bimestre,7.1
NOT00005632,ALU00939,História,4º Bimestre,7.5
NOT00005633,ALU00939,Geografia,4º Bimestre,9.1
NOT00005634,ALU00939,Inglês,3º Bimestre,9.1
NOT00005635,ALU00940,Português,1º Bimestre,7.5
NOT00005636,ALU00940,Matemática,4º Bimestre,7.1
NOT00005637,ALU00940,Ciências,1º Bimestre,6.9
NOT00005638,ALU00940,História,3º Bimestre,8.3
NOT00005639,ALU00940,Geografia,2º Bimestre,6.3
NOT00005640,ALU00940,Inglês,1º Bimestre,7.4
NOT00005641,ALU00941,Português,3º Bimestre,9.0
NOT00005642,ALU00941,Matemática,2º Bimestre,9.8
NOT00005643,ALU00941,Ciências,1º Bimestre,7.8
NOT00005644,ALU00941,História,3º Bimestre,6.0
NOT00005645,ALU00941,Geografia,3º Bimestre,6.8
NOT00005646,ALU00941,Inglês,4º Bimestre,6.1
NOT00005647,ALU00942,Português,4º Bimestre,6.0
NOT00005648,ALU00942,Matemática,4º Bimestre,7.0
NOT00005649,ALU00942,Ciências,4º Bimestre,8.7
NOT00005650,ALU00942,História,2º Bimestre,7.6
NOT00005651,ALU00942,Geografia,3º Bimestre,8.9
NOT00005652,ALU00942,Inglês,1º Bimestre,6.4
NOT00005653,ALU00943,Português,3º Bimestre,6.8
NOT00005654,ALU00943,Matemática,2º Bimestre,6.6
NOT00005655,ALU00943,Ciências,3º Bimestre,6.1
NOT00005656,ALU00943,História,1º Bimestre,8.3
NOT00005657,ALU00943,Geografia,1º Bimestre,8.1
NOT00005658,ALU00943,Inglês,3º Bimestre,6.4
NOT00005659,ALU00944,Português,1º Bimestre,9.2
NOT00005660,ALU00944,Matemática,2º Bimestre,9.6
NOT00005661,ALU00944,Ciências,4º Bimestre,8.5
NOT00005662,ALU00944,História,1º Bimestre,5.6
NOT00005663,ALU00944,Geografia,2º Bimestre,8.0
NOT00005664,ALU00944,Inglês,3º Bimestre,9.4
NOT00005665,ALU00945,Português,3º Bimestre,9.5
NOT00005666,ALU00945,Matemática,2º Bimestre,9.0
NOT00005667,ALU00945,Ciências,4º Bimestre,7.6
NOT00005668,ALU00945,História,2º Bimestre,7.3
NOT00005669,ALU00945,Geografia,2º Bimestre,9.5
NOT00005670,ALU00945,Inglês,1º Bimestre,6.5
NOT00005671,ALU00946,Português,1º Bimestre,6.1
NOT00005672,ALU00946,Matemática,3º Bimestre,6.5
NOT00005673,ALU00946,Ciências,4º Bimestre,5.5
NOT00005674,ALU00946,História,3º Bimestre,7.3
NOT00005675,ALU00946,Geografia,4º Bimestre,5.6
NOT00005676,ALU00946,Inglês,4º Bimestre,6.0
NOT00005677,ALU00947,Português,4º Bimestre,7.5
NOT00005678,ALU00947,Matemática,3º Bimestre,7.9
NOT00005679,ALU00947,Ciências,2º Bimestre,7.2
NOT00005680,ALU00947,História,2º Bimestre,6.6
NOT00005681,ALU00947,Geografia,2º Bimestre,7.3
NOT00005682,ALU00947,Inglês,3º Bimestre,5.9
NOT00005683,ALU00948,Português,2º Bimestre,8.4
NOT00005684,ALU00948,Matemática,1º Bimestre,6.6
NOT00005685,ALU00948,Ciências,3º Bimestre,6.2
NOT00005686,ALU00948,História,1º Bimestre,5.9
NOT00005687,ALU00948,Geografia,2º Bimestre,9.4
NOT00005688,ALU00948,Inglês,3º Bimestre,7.7
NOT00005689,ALU00949,Português,1º Bimestre,7.9
NOT00005690,ALU00949,Matemática,1º Bimestre,6.2
NOT00005691,ALU00949,Ciências,4º Bimestre,6.6
NOT00005692,ALU00949,História,1º Bimestre,7.9
NOT00005693,ALU00949,Geografia,3º Bimestre,5.5
NOT00005694,ALU00949,Inglês,3º Bimestre,6.6
NOT00005695,ALU00950,Português,3º Bimestre,6.9
NOT00005696,ALU00950,Matemática,3º Bimestre,7.8
NOT00005697,ALU00950,Ciências,4º Bimestre,6.5
NOT00005698,ALU00950,História,1º Bimestre,7.8
NOT00005699,ALU00950,Geografia,1º Bimestre,8.0
NOT00005700,ALU00950,Inglês,2º Bimestre,6.8
NOT00005701,ALU00951,Português,2º Bimestre,9.3
NOT00005702,ALU00951,Matemática,4º Bimestre,8.5
NOT00005703,ALU00951,Ciências,2º Bimestre,7.0
NOT00005704,ALU00951,História,1º Bimestre,9.6
NOT00005705,ALU00951,Geografia,4º Bimestre,5.7
NOT00005706,ALU00951,Inglês,3º Bimestre,9.5
NOT00005707,ALU00952,Português,2º Bimestre,6.5
NOT00005708,ALU00952,Matemática,3º Bimestre,8.1
NOT00005709,ALU00952,Ciências,4º Bimestre,7.7
NOT00005710,ALU00952,História,4º Bimestre,7.5
NOT00005711,ALU00952,Geografia,3º Bimestre,8.7
NOT00005712,ALU00952,Inglês,4º Bimestre,7.3
NOT00005713,ALU00953,Português,2º Bimestre,9.6
NOT00005714,ALU00953,Matemática,3º Bimestre,9.8
NOT00005715,ALU00953,Ciências,4º Bimestre,8.8
NOT00005716,ALU00953,História,4º Bimestre,7.7
NOT00005717,ALU00953,Geografia,3º Bimestre,8.2
NOT00005718,ALU00953,Inglês,3º Bimestre,9.5
NOT00005719,ALU00954,Português,3º Bimestre,9.0
NOT00005720,ALU00954,Matemática,3º Bimestre,7.2
NOT00005721,ALU00954,Ciências,1º Bimestre,7.0
NOT00005722,ALU00954,História,1º Bimestre,6.9
NOT00005723,ALU00954,Geografia,1º Bimestre,9.5
NOT00005724,ALU00954,Inglês,1º Bimestre,7.5
NOT00005725,ALU00955,Português,4º Bimestre,7.1
NOT00005726,ALU00955,Matemática,4º Bimestre,5.9
NOT00005727,ALU00955,Ciências,3º Bimestre,8.4
NOT00005728,ALU00955,História,2º Bimestre,6.1
NOT00005729,ALU00955,Geografia,2º Bimestre,9.0
NOT00005730,ALU00955,Inglês,4º Bimestre,9.0
NOT00005731,ALU00956,Português,2º Bimestre,9.5
NOT00005732,ALU00956,Matemática,2º Bimestre,6.9
NOT00005733,ALU00956,Ciências,1º Bimestre,5.6
NOT00005734,ALU00956,História,3º Bimestre,7.2
NOT00005735,ALU00956,Geografia,4º Bimestre,6.5
NOT00005736,ALU00956,Inglês,1º Bimestre,7.8
NOT00005737,ALU00957,Português,1º Bimestre,7.6
NOT00005738,ALU00957,Matemática,2º Bimestre,8.3
NOT00005739,ALU00957,Ciências,2º Bimestre,6.6
NOT00005740,ALU00957,História,1º Bimestre,6.3
NOT00005741,ALU00957,Geografia,3º Bimestre,6.2
NOT00005742,ALU00957,Inglês,2º Bimestre,8.2
NOT00005743,ALU00958,Português,3º Bimestre,6.0
NOT00005744,ALU00958,Matemática,1º Bimestre,7.5
NOT00005745,ALU00958,Ciências,4º Bimestre,6.0
NOT00005746,ALU00958,História,3º Bimestre,6.4
NOT00005747,ALU00958,Geografia,1º Bimestre,6.0
NOT00005748,ALU00958,Inglês,2º Bimestre,7.1
NOT00005749,ALU00959,Português,1º Bimestre,9.4
NOT00005750,ALU00959,Matemática,1º Bimestre,8.0
NOT00005751,ALU00959,Ciências,4º Bimestre,6.1
NOT00005752,ALU00959,História,4º Bimestre,8.9
NOT00005753,ALU00959,Geografia,1º Bimestre,6.0
NOT00005754,ALU00959,Inglês,2º Bimestre,6.2
NOT00005755,ALU00960,Português,1º Bimestre,8.2
NOT00005756,ALU00960,Matemática,3º Bimestre,8.1
NOT00005757,ALU00960,Ciências,1º Bimestre,7.5
NOT00005758,ALU00960,História,3º Bimestre,9.2
NOT00005759,ALU00960,Geografia,2º Bimestre,6.9
NOT00005760,ALU00960,Inglês,4º Bimestre,8.2
NOT00005761,ALU00961,Português,4º Bimestre,7.0
NOT00005762,ALU00961,Matemática,3º Bimestre,6.1
NOT00005763,ALU00961,Ciências,4º Bimestre,8.0
NOT00005764,ALU00961,História,2º Bimestre,8.9
NOT00005765,ALU00961,Geografia,3º Bimestre,8.4
NOT00005766,ALU00961,Inglês,1º Bimestre,7.9
NOT00005767,ALU00962,Português,1º Bimestre,6.1
NOT00005768,ALU00962,Matemática,2º Bimestre,5.7
NOT00005769,ALU00962,Ciências,4º Bimestre,9.7
NOT00005770,ALU00962,História,3º Bimestre,6.8
NOT00005771,ALU00962,Geografia,2º Bimestre,9.6
NOT00005772,ALU00962,Inglês,1º Bimestre,8.9
NOT00005773,ALU00963,Português,4º Bimestre,7.2
NOT00005774,ALU00963,Matemática,3º Bimestre,7.8
NOT00005775,ALU00963,Ciências,3º Bimestre,7.6
NOT00005776,ALU00963,História,2º Bimestre,7.3
NOT00005777,ALU00963,Geografia,3º Bimestre,5.9
NOT00005778,ALU00963,Inglês,3º Bimestre,9.1
NOT00005779,ALU00964,Português,4º Bimestre,8.6
NOT00005780,ALU00964,Matemática,4º Bimestre,9.3
NOT00005781,ALU00964,Ciências,4º Bimestre,6.6
NOT00005782,ALU00964,História,4º Bimestre,9.4
NOT00005783,ALU00964,Geografia,2º Bimestre,7.5
NOT00005784,ALU00964,Inglês,4º Bimestre,7.1
NOT00005785,ALU00965,Português,4º Bimestre,5.6
NOT00005786,ALU00965,Matemática,1º Bimestre,7.0
NOT00005787,ALU00965,Ciências,2º Bimestre,5.7
NOT00005788,ALU00965,História,1º Bimestre,5.7
NOT00005789,ALU00965,Geografia,2º Bimestre,6.4
NOT00005790,ALU00965,Inglês,1º Bimestre,9.1
NOT00005791,ALU00966,Português,1º Bimestre,9.7
NOT00005792,ALU00966,Matemática,1º Bimestre,5.8
NOT00005793,ALU00966,Ciências,2º Bimestre,7.3
NOT00005794,ALU00966,História,1º Bimestre,6.6
NOT00005795,ALU00966,Geografia,2º Bimestre,9.2
NOT00005796,ALU00966,Inglês,3º Bimestre,7.5
NOT00005797,ALU00967,Português,2º Bimestre,6.8
NOT00005798,ALU00967,Matemática,4º Bimestre,8.5
NOT00005799,ALU00967,Ciências,3º Bimestre,7.2
NOT00005800,ALU00967,História,4º Bimestre,9.5
NOT00005801,ALU00967,Geografia,3º Bimestre,6.9
NOT00005802,ALU00967,Inglês,3º Bimestre,6.0
NOT00005803,ALU00968,Português,4º Bimestre,8.2
NOT00005804,ALU00968,Matemática,2º Bimestre,6.6
NOT00005805,ALU00968,Ciências,2º Bimestre,6.5
NOT00005806,ALU00968,História,1º Bimestre,9.4
NOT00005807,ALU00968,Geografia,2º Bimestre,8.5
NOT00005808,ALU00968,Inglês,3º Bimestre,8.5
NOT00005809,ALU00969,Português,1º Bimestre,7.2
NOT00005810,ALU00969,Matemática,2º Bimestre,9.3
NOT00005811,ALU00969,Ciências,2º Bimestre,7.0
NOT00005812,ALU00969,História,3º Bimestre,7.0
NOT00005813,ALU00969,Geografia,4º Bimestre,7.6
NOT00005814,ALU00969,Inglês,4º Bimestre,6.4
NOT00005815,ALU00970,Português,4º Bimestre,6.0
NOT00005816,ALU00970,Matemática,1º Bimestre,8.3
NOT00005817,ALU00970,Ciências,2º Bimestre,6.3
NOT00005818,ALU00970,História,3º Bimestre,6.8
NOT00005819,ALU00970,Geografia,4º Bimestre,7.7
NOT00005820,ALU00970,Inglês,3º Bimestre,7.8
NOT00005821,ALU00971,Português,4º Bimestre,6.4
NOT00005822,ALU00971,Matemática,4º Bimestre,8.7
NOT00005823,ALU00971,Ciências,3º Bimestre,8.9
NOT00005824,ALU00971,História,4º Bimestre,5.6
NOT00005825,ALU00971,Geografia,3º Bimestre,6.5
NOT00005826,ALU00971,Inglês,1º Bimestre,7.4
NOT00005827,ALU00972,Português,1º Bimestre,9.8
NOT00005828,ALU00972,Matemática,1º Bimestre,8.7
NOT00005829,ALU00972,Ciências,4º Bimestre,7.8
NOT00005830,ALU00972,História,1º Bimestre,6.7
NOT00005831,ALU00972,Geografia,4º Bimestre,5.7
NOT00005832,ALU00972,Inglês,3º Bimestre,6.7
NOT00005833,ALU00973,Português,2º Bimestre,9.7
NOT00005834,ALU00973,Matemática,3º Bimestre,5.9
NOT00005835,ALU00973,Ciências,2º Bimestre,9.4
NOT00005836,ALU00973,História,1º Bimestre,6.5
NOT00005837,ALU00973,Geografia,4º Bimestre,8.3
NOT00005838,ALU00973,Inglês,2º Bimestre,9.4
NOT00005839,ALU00974,Português,1º Bimestre,6.6
NOT00005840,ALU00974,Matemática,2º Bimestre,6.8
NOT00005841,ALU00974,Ciências,2º Bimestre,8.2
NOT00005842,ALU00974,História,3º Bimestre,5.7
NOT00005843,ALU00974,Geografia,1º Bimestre,6.3
NOT00005844,ALU00974,Inglês,4º Bimestre,8.4
NOT00005845,ALU00975,Português,3º Bimestre,8.1
NOT00005846,ALU00975,Matemática,2º Bimestre,6.3
NOT00005847,ALU00975,Ciências,2º Bimestre,6.6
NOT00005848,ALU00975,História,4º Bimestre,8.8
NOT00005849,ALU00975,Geografia,3º Bimestre,9.5
NOT00005850,ALU00975,Inglês,2º Bimestre,5.8
NOT00005851,ALU00976,Português,3º Bimestre,9.3
NOT00005852,ALU00976,Matemática,3º Bimestre,8.0
NOT00005853,ALU00976,Ciências,1º Bimestre,9.7
NOT00005854,ALU00976,História,3º Bimestre,8.3
NOT00005855,ALU00976,Geografia,4º Bimestre,9.4
NOT00005856,ALU00976,Inglês,2º Bimestre,6.1
NOT00005857,ALU00977,Português,4º Bimestre,9.4
NOT00005858,ALU00977,Matemática,4º Bimestre,8.1
NOT00005859,ALU00977,Ciências,4º Bimestre,5.5
NOT00005860,ALU00977,História,3º Bimestre,6.7
NOT00005861,ALU00977,Geografia,1º Bimestre,6.5
NOT00005862,ALU00977,Inglês,1º Bimestre,8.1
NOT00005863,ALU00978,Português,4º Bimestre,9.8
NOT00005864,ALU00978,Matemática,2º Bimestre,9.4
NOT00005865,ALU00978,Ciências,1º Bimestre,9.7
NOT00005866,ALU00978,História,2º Bimestre,9.4
NOT00005867,ALU00978,Geografia,1º Bimestre,7.6
NOT00005868,ALU00978,Inglês,4º Bimestre,6.5
NOT00005869,ALU00979,Português,2º Bimestre,9.3
NOT00005870,ALU00979,Matemática,3º Bimestre,8.2
NOT00005871,ALU00979,Ciências,2º Bimestre,9.6
NOT00005872,ALU00979,História,2º Bimestre,6.3
NOT00005873,ALU00979,Geografia,1º Bimestre,6.0
NOT00005874,ALU00979,Inglês,4º Bimestre,5.9
NOT00005875,ALU00980,Português,2º Bimestre,7.6
NOT00005876,ALU00980,Matemática,4º Bimestre,7.4
NOT00005877,ALU00980,Ciências,4º Bimestre,9.1
NOT00005878,ALU00980,História,2º Bimestre,6.0
NOT00005879,ALU00980,Geografia,3º Bimestre,6.6
NOT00005880,ALU00980,Inglês,2º Bimestre,7.4
NOT00005881,ALU00981,Português,2º Bimestre,5.5
NOT00005882,ALU00981,Matemática,3º Bimestre,7.6
NOT00005883,ALU00981,Ciências,1º Bimestre,7.0
NOT00005884,ALU00981,História,2º Bimestre,6.2
NOT00005885,ALU00981,Geografia,4º Bimestre,7.8
NOT00005886,ALU00981,Inglês,2º Bimestre,9.6
NOT00005887,ALU00982,Português,1º Bimestre,8.7
NOT00005888,ALU00982,Matemática,2º Bimestre,6.7
NOT00005889,ALU00982,Ciências,2º Bimestre,7.3
NOT00005890,ALU00982,História,1º Bimestre,7.9
NOT00005891,ALU00982,Geografia,2º Bimestre,7.1
NOT00005892,ALU00982,Inglês,1º Bimestre,7.5
NOT00005893,ALU00983,Português,3º Bimestre,7.8
NOT00005894,ALU00983,Matemática,2º Bimestre,9.5
NOT00005895,ALU00983,Ciências,3º Bimestre,8.1
NOT00005896,ALU00983,História,3º Bimestre,6.9
NOT00005897,ALU00983,Geografia,2º Bimestre,6.7
NOT00005898,ALU00983,Inglês,1º Bimestre,6.9
NOT00005899,ALU00984,Português,3º Bimestre,6.1
NOT00005900,ALU00984,Matemática,1º Bimestre,8.0
NOT00005901,ALU00984,Ciências,1º Bimestre,8.9
NOT00005902,ALU00984,História,4º Bimestre,5.5
NOT00005903,ALU00984,Geografia,1º Bimestre,5.6
NOT00005904,ALU00984,Inglês,1º Bimestre,9.3
NOT00005905,ALU00985,Português,2º Bimestre,9.5
NOT00005906,ALU00985,Matemática,2º Bimestre,8.8
NOT00005907,ALU00985,Ciências,4º Bimestre,6.9
NOT00005908,ALU00985,História,2º Bimestre,7.3
NOT00005909,ALU00985,Geografia,3º Bimestre,5.7
NOT00005910,ALU00985,Inglês,1º Bimestre,6.6
NOT00005911,ALU00986,Português,3º Bimestre,9.1
NOT00005912,ALU00986,Matemática,1º Bimestre,7.9
NOT00005913,ALU00986,Ciências,2º Bimestre,5.8
NOT00005914,ALU00986,História,1º Bimestre,6.7
NOT00005915,ALU00986,Geografia,1º Bimestre,6.4
NOT00005916,ALU00986,Inglês,4º Bimestre,7.8
NOT00005917,ALU00987,Português,4º Bimestre,9.7
NOT00005918,ALU00987,Matemática,3º Bimestre,8.8
NOT00005919,ALU00987,Ciências,3º Bimestre,6.8
NOT00005920,ALU00987,História,3º Bimestre,9.7
NOT00005921,ALU00987,Geografia,3º Bimestre,6.6
NOT00005922,ALU00987,Inglês,3º Bimestre,6.3
NOT00005923,ALU00988,Português,2º Bimestre,5.9
NOT00005924,ALU00988,Matemática,1º Bimestre,6.1
NOT00005925,ALU00988,Ciências,2º Bimestre,6.3
NOT00005926,ALU00988,História,3º Bimestre,9.6
NOT00005927,ALU00988,Geografia,1º Bimestre,9.8
NOT00005928,ALU00988,Inglês,3º Bimestre,7.3
NOT00005929,ALU00989,Português,4º Bimestre,8.2
NOT00005930,ALU00989,Matemática,2º Bimestre,8.1
NOT00005931,ALU00989,Ciências,3º Bimestre,8.7
NOT00005932,ALU00989,História,2º Bimestre,7.6
NOT00005933,ALU00989,Geografia,4º Bimestre,6.0
NOT00005934,ALU00989,Inglês,3º Bimestre,5.8
NOT00005935,ALU00990,Português,1º Bimestre,8.6
NOT00005936,ALU00990,Matemática,4º Bimestre,8.4
NOT00005937,ALU00990,Ciências,3º Bimestre,9.0
NOT00005938,ALU00990,História,1º Bimestre,7.5
NOT00005939,ALU00990,Geografia,1º Bimestre,9.2
NOT00005940,ALU00990,Inglês,4º Bimestre,8.9
NOT00005941,ALU00991,Português,3º Bimestre,8.3
NOT00005942,ALU00991,Matemática,2º Bimestre,6.9
NOT00005943,ALU00991,Ciências,1º Bimestre,5.9
NOT00005944,ALU00991,História,3º Bimestre,9.2
NOT00005945,ALU00991,Geografia,4º Bimestre,9.3
NOT00005946,ALU00991,Inglês,4º Bimestre,7.3
NOT00005947,ALU00992,Português,1º Bimestre,9.3
NOT00005948,ALU00992,Matemática,2º Bimestre,6.6
NOT00005949,ALU00992,Ciências,4º Bimestre,9.0
NOT00005950,ALU00992,História,3º Bimestre,7.1
NOT00005951,ALU00992,Geografia,2º Bimestre,5.6
NOT00005952,ALU00992,Inglês,3º Bimestre,7.2
NOT00005953,ALU00993,Português,4º Bimestre,9.0
NOT00005954,ALU00993,Matemática,3º Bimestre,7.5
NOT00005955,ALU00993,Ciências,2º Bimestre,8.9
NOT00005956,ALU00993,História,1º Bimestre,7.5
NOT00005957,ALU00993,Geografia,1º Bimestre,6.0
NOT00005958,ALU00993,Inglês,3º Bimestre,6.6
NOT00005959,ALU00994,Português,4º Bimestre,7.6
NOT00005960,ALU00994,Matemática,4º Bimestre,8.8
NOT00005961,ALU00994,Ciências,4º Bimestre,9.5
NOT00005962,ALU00994,História,1º Bimestre,8.7
NOT00005963,ALU00994,Geografia,2º Bimestre,9.5
NOT00005964,ALU00994,Inglês,2º Bimestre,5.5
NOT00005965,ALU00995,Português,2º Bimestre,8.2
NOT00005966,ALU00995,Matemática,2º Bimestre,7.8
NOT00005967,ALU00995,Ciências,3º Bimestre,7.5
NOT00005968,ALU00995,História,2º Bimestre,6.1
NOT00005969,ALU00995,Geografia,1º Bimestre,8.7
NOT00005970,ALU00995,Inglês,4º Bimestre,7.1
NOT00005971,ALU00996,Português,1º Bimestre,9.0
NOT00005972,ALU00996,Matemática,2º Bimestre,9.6
NOT00005973,ALU00996,Ciências,2º Bimestre,6.1
NOT00005974,ALU00996,História,1º Bimestre,8.6
NOT00005975,ALU00996,Geografia,3º Bimestre,6.9
NOT00005976,ALU00996,Inglês,2º Bimestre,7.3
NOT00005977,ALU00997,Português,3º Bimestre,8.1
NOT00005978,ALU00997,Matemática,2º Bimestre,6.1
NOT00005979,ALU00997,Ciências,4º Bimestre,8.8
NOT00005980,ALU00997,História,1º Bimestre,6.2
NOT00005981,ALU00997,Geografia,3º Bimestre,7.5
NOT00005982,ALU00997,Inglês,1º Bimestre,6.2
NOT00005983,ALU00998,Português,2º Bimestre,8.4
NOT00005984,ALU00998,Matemática,3º Bimestre,9.3
NOT00005985,ALU00998,Ciências,1º Bimestre,5.5
NOT00005986,ALU00998,História,2º Bimestre,8.3
NOT00005987,ALU00998,Geografia,2º Bimestre,8.5
NOT00005988,ALU00998,Inglês,1º Bimestre,5.8
NOT00005989,ALU00999,Português,1º Bimestre,9.6
NOT00005990,ALU00999,Matemática,3º Bimestre,8.8
NOT00005991,ALU00999,Ciências,2º Bimestre,7.8
NOT00005992,ALU00999,História,4º Bimestre,9.0
NOT00005993,ALU00999,Geografia,1º Bimestre,5.6
NOT00005994,ALU00999,Inglês,1º Bimestre,8.9
NOT00005995,ALU01000,Português,1º Bimestre,8.5
NOT00005996,ALU01000,Matemática,1º Bimestre,6.4
NOT00005997,ALU01000,Ciências,3º Bimestre,6.2
NOT00005998,ALU01000,História,1º Bimestre,7.3
NOT00005999,ALU01000,Geografia,3º Bimestre,9.6
NOT00006000,ALU01000,Inglês,2º Bimestre,8.5
NOT00006001,ALU01001,Português,2º Bimestre,8.1
NOT00006002,ALU01001,Matemática,1º Bimestre,5.8
NOT00006003,ALU01001,Ciências,1º Bimestre,6.1
NOT00006004,ALU01001,História,4º Bimestre,6.2
NOT00006005,ALU01001,Geografia,3º Bimestre,7.4
NOT00006006,ALU01001,Inglês,3º Bimestre,6.7
NOT00006007,ALU01002,Português,2º Bimestre,6.7
NOT00006008,ALU01002,Matemática,3º Bimestre,7.3
NOT00006009,ALU01002,Ciências,1º Bimestre,5.6
NOT00006010,ALU01002,História,3º Bimestre,7.4
NOT00006011,ALU01002,Geografia,2º Bimestre,9.5
NOT00006012,ALU01002,Inglês,4º Bimestre,9.4
NOT00006013,ALU01003,Português,1º Bimestre,6.6
NOT00006014,ALU01003,Matemática,4º Bimestre,8.8
NOT00006015,ALU01003,Ciências,4º Bimestre,6.0
NOT00006016,ALU01003,História,2º Bimestre,7.1
NOT00006017,ALU01003,Geografia,3º Bimestre,7.0
NOT00006018,ALU01003,Inglês,4º Bimestre,9.3
NOT00006019,ALU01004,Português,4º Bimestre,8.0
NOT00006020,ALU01004,Matemática,3º Bimestre,9.0
NOT00006021,ALU01004,Ciências,4º Bimestre,9.2
NOT00006022,ALU01004,História,4º Bimestre,6.6
NOT00006023,ALU01004,Geografia,1º Bimestre,6.3
NOT00006024,ALU01004,Inglês,1º Bimestre,6.8
NOT00006025,ALU01005,Português,4º Bimestre,8.6
NOT00006026,ALU01005,Matemática,1º Bimestre,9.2
NOT00006027,ALU01005,Ciências,2º Bimestre,8.9
NOT00006028,ALU01005,História,3º Bimestre,8.0
NOT00006029,ALU01005,Geografia,1º Bimestre,5.7
NOT00006030,ALU01005,Inglês,3º Bimestre,6.8
NOT00006031,ALU01006,Português,2º Bimestre,9.2
NOT00006032,ALU01006,Matemática,4º Bimestre,6.3
NOT00006033,ALU01006,Ciências,1º Bimestre,6.2
NOT00006034,ALU01006,História,1º Bimestre,9.0
NOT00006035,ALU01006,Geografia,2º Bimestre,6.7
NOT00006036,ALU01006,Inglês,3º Bimestre,8.6
NOT00006037,ALU01007,Português,4º Bimestre,8.2
NOT00006038,ALU01007,Matemática,4º Bimestre,6.8
NOT00006039,ALU01007,Ciências,4º Bimestre,7.2
NOT00006040,ALU01007,História,3º Bimestre,8.8
NOT00006041,ALU01007,Geografia,3º Bimestre,5.8
NOT00006042,ALU01007,Inglês,4º Bimestre,8.9
NOT00006043,ALU01008,Português,4º Bimestre,8.9
NOT00006044,ALU01008,Matemática,2º Bimestre,6.1
NOT00006045,ALU01008,Ciências,2º Bimestre,6.8
NOT00006046,ALU01008,História,4º Bimestre,8.7
NOT00006047,ALU01008,Geografia,3º Bimestre,8.5
NOT00006048,ALU01008,Inglês,3º Bimestre,7.6
NOT00006049,ALU01009,Português,4º Bimestre,9.1
NOT00006050,ALU01009,Matemática,3º Bimestre,6.6
NOT00006051,ALU01009,Ciências,1º Bimestre,7.9
NOT00006052,ALU01009,História,1º Bimestre,9.5
NOT00006053,ALU01009,Geografia,3º Bimestre,8.0
NOT00006054,ALU01009,Inglês,2º Bimestre,7.0
NOT00006055,ALU01010,Português,3º Bimestre,7.7
NOT00006056,ALU01010,Matemática,3º Bimestre,9.7
NOT00006057,ALU01010,Ciências,3º Bimestre,6.3
NOT00006058,ALU01010,História,1º Bimestre,6.5
NOT00006059,ALU01010,Geografia,1º Bimestre,5.6
NOT00006060,ALU01010,Inglês,3º Bimestre,9.0
NOT00006061,ALU01011,Português,2º Bimestre,7.3
NOT00006062,ALU01011,Matemática,4º Bimestre,6.2
NOT00006063,ALU01011,Ciências,4º Bimestre,9.2
NOT00006064,ALU01011,História,3º Bimestre,8.2
NOT00006065,ALU01011,Geografia,3º Bimestre,6.6
NOT00006066,ALU01011,Inglês,1º Bimestre,6.4
NOT00006067,ALU01012,Português,1º Bimestre,8.6
NOT00006068,ALU01012,Matemática,2º Bimestre,7.7
NOT00006069,ALU01012,Ciências,3º Bimestre,7.8
NOT00006070,ALU01012,História,3º Bimestre,8.1
NOT00006071,ALU01012,Geografia,2º Bimestre,9.3
NOT00006072,ALU01012,Inglês,3º Bimestre,9.4
NOT00006073,ALU01013,Português,4º Bimestre,8.3
NOT00006074,ALU01013,Matemática,3º Bimestre,9.2
NOT00006075,ALU01013,Ciências,3º Bimestre,8.1
NOT00006076,ALU01013,História,2º Bimestre,7.1
NOT00006077,ALU01013,Geografia,4º Bimestre,7.3
NOT00006078,ALU01013,Inglês,4º Bimestre,8.7
NOT00006079,ALU01014,Português,2º Bimestre,8.1
NOT00006080,ALU01014,Matemática,3º Bimestre,8.1
NOT00006081,ALU01014,Ciências,3º Bimestre,6.4
NOT00006082,ALU01014,História,2º Bimestre,7.3
NOT00006083,ALU01014,Geografia,3º Bimestre,8.4
NOT00006084,ALU01014,Inglês,3º Bimestre,9.8
NOT00006085,ALU01015,Português,3º Bimestre,8.8
NOT00006086,ALU01015,Matemática,1º Bimestre,9.1
NOT00006087,ALU01015,Ciências,3º Bimestre,7.3
NOT00006088,ALU01015,História,4º Bimestre,6.4
NOT00006089,ALU01015,Geografia,1º Bimestre,8.6
NOT00006090,ALU01015,Inglês,1º Bimestre,9.3
NOT00006091,ALU01016,Português,2º Bimestre,6.7
NOT00006092,ALU01016,Matemática,3º Bimestre,6.8
NOT00006093,ALU01016,Ciências,3º Bimestre,5.9
NOT00006094,ALU01016,História,2º Bimestre,7.2
NOT00006095,ALU01016,Geografia,2º Bimestre,8.4
NOT00006096,ALU01016,Inglês,1º Bimestre,5.7
NOT00006097,ALU01017,Português,2º Bimestre,7.8
NOT00006098,ALU01017,Matemática,1º Bimestre,7.7
NOT00006099,ALU01017,Ciências,2º Bimestre,6.2
NOT00006100,ALU01017,História,2º Bimestre,9.6
NOT00006101,ALU01017,Geografia,3º Bimestre,6.4
NOT00006102,ALU01017,Inglês,4º Bimestre,9.2
NOT00006103,ALU01018,Português,3º Bimestre,5.6
NOT00006104,ALU01018,Matemática,1º Bimestre,6.2
NOT00006105,ALU01018,Ciências,1º Bimestre,7.2
NOT00006106,ALU01018,História,4º Bimestre,8.5
NOT00006107,ALU01018,Geografia,3º Bimestre,6.4
NOT00006108,ALU01018,Inglês,1º Bimestre,6.3
NOT00006109,ALU01019,Português,4º Bimestre,8.9
NOT00006110,ALU01019,Matemática,1º Bimestre,9.6
NOT00006111,ALU01019,Ciências,3º Bimestre,6.6
NOT00006112,ALU01019,História,1º Bimestre,9.5
NOT00006113,ALU01019,Geografia,2º Bimestre,6.3
NOT00006114,ALU01019,Inglês,2º Bimestre,6.0
NOT00006115,ALU01020,Português,2º Bimestre,7.8
NOT00006116,ALU01020,Matemática,4º Bimestre,5.9
NOT00006117,ALU01020,Ciências,1º Bimestre,8.9
NOT00006118,ALU01020,História,3º Bimestre,8.3
NOT00006119,ALU01020,Geografia,3º Bimestre,8.4
NOT00006120,ALU01020,Inglês,2º Bimestre,7.9
NOT00006121,ALU01021,Português,3º Bimestre,8.8
NOT00006122,ALU01021,Matemática,2º Bimestre,7.5
NOT00006123,ALU01021,Ciências,1º Bimestre,7.6
NOT00006124,ALU01021,História,1º Bimestre,6.2
NOT00006125,ALU01021,Geografia,4º Bimestre,9.4
NOT00006126,ALU01021,Inglês,2º Bimestre,5.7
NOT00006127,ALU01022,Português,3º Bimestre,9.3
NOT00006128,ALU01022,Matemática,3º Bimestre,6.6
NOT00006129,ALU01022,Ciências,1º Bimestre,5.7
NOT00006130,ALU01022,História,4º Bimestre,5.9
NOT00006131,ALU01022,Geografia,4º Bimestre,6.4
NOT00006132,ALU01022,Inglês,2º Bimestre,7.2
NOT00006133,ALU01023,Português,3º Bimestre,5.8
NOT00006134,ALU01023,Matemática,1º Bimestre,7.4
NOT00006135,ALU01023,Ciências,4º Bimestre,8.6
NOT00006136,ALU01023,História,4º Bimestre,8.2
NOT00006137,ALU01023,Geografia,1º Bimestre,9.6
NOT00006138,ALU01023,Inglês,4º Bimestre,9.0
NOT00006139,ALU01024,Português,2º Bimestre,9.6
NOT00006140,ALU01024,Matemática,3º Bimestre,8.5
NOT00006141,ALU01024,Ciências,3º Bimestre,6.5
NOT00006142,ALU01024,História,4º Bimestre,6.8
NOT00006143,ALU01024,Geografia,1º Bimestre,7.6
NOT00006144,ALU01024,Inglês,2º Bimestre,7.6
NOT00006145,ALU01025,Português,2º Bimestre,6.6
NOT00006146,ALU01025,Matemática,4º Bimestre,9.4
NOT00006147,ALU01025,Ciências,2º Bimestre,7.9
NOT00006148,ALU01025,História,4º Bimestre,9.7
NOT00006149,ALU01025,Geografia,3º Bimestre,9.3
NOT00006150,ALU01025,Inglês,4º Bimestre,5.9
NOT00006151,ALU01026,Português,4º Bimestre,7.1
NOT00006152,ALU01026,Matemática,3º Bimestre,8.9
NOT00006153,ALU01026,Ciências,4º Bimestre,6.2
NOT00006154,ALU01026,História,1º Bimestre,8.2
NOT00006155,ALU01026,Geografia,1º Bimestre,5.8
NOT00006156,ALU01026,Inglês,3º Bimestre,8.4
NOT00006157,ALU01027,Português,1º Bimestre,6.5
NOT00006158,ALU01027,Matemática,4º Bimestre,7.4
NOT00006159,ALU01027,Ciências,2º Bimestre,6.0
NOT00006160,ALU01027,História,3º Bimestre,5.7
NOT00006161,ALU01027,Geografia,4º Bimestre,5.5
NOT00006162,ALU01027,Inglês,3º Bimestre,8.4
NOT00006163,ALU01028,Português,4º Bimestre,8.6
NOT00006164,ALU01028,Matemática,2º Bimestre,7.3
NOT00006165,ALU01028,Ciências,4º Bimestre,8.6
NOT00006166,ALU01028,História,4º Bimestre,6.1
NOT00006167,ALU01028,Geografia,3º Bimestre,7.3
NOT00006168,ALU01028,Inglês,4º Bimestre,7.2
NOT00006169,ALU01029,Português,2º Bimestre,8.7
NOT00006170,ALU01029,Matemática,2º Bimestre,7.9
NOT00006171,ALU01029,Ciências,2º Bimestre,9.1
NOT00006172,ALU01029,História,2º Bimestre,9.3
NOT00006173,ALU01029,Geografia,1º Bimestre,9.0
NOT00006174,ALU01029,Inglês,3º Bimestre,7.6
NOT00006175,ALU01030,Português,1º Bimestre,6.5
NOT00006176,ALU01030,Matemática,2º Bimestre,9.1
NOT00006177,ALU01030,Ciências,3º Bimestre,9.8
NOT00006178,ALU01030,História,4º Bimestre,5.7
NOT00006179,ALU01030,Geografia,2º Bimestre,7.9
NOT00006180,ALU01030,Inglês,2º Bimestre,8.6
NOT00006181,ALU01031,Português,2º Bimestre,5.6
NOT00006182,ALU01031,Matemática,1º Bimestre,9.1
NOT00006183,ALU01031,Ciências,2º Bimestre,8.4
NOT00006184,ALU01031,História,1º Bimestre,5.7
NOT00006185,ALU01031,Geografia,3º Bimestre,6.1
NOT00006186,ALU01031,Inglês,2º Bimestre,7.1
NOT00006187,ALU01032,Português,4º Bimestre,6.9
NOT00006188,ALU01032,Matemática,4º Bimestre,7.2
NOT00006189,ALU01032,Ciências,4º Bimestre,6.3
NOT00006190,ALU01032,História,4º Bimestre,6.9
NOT00006191,ALU01032,Geografia,3º Bimestre,8.4
NOT00006192,ALU01032,Inglês,4º Bimestre,7.8
NOT00006193,ALU01033,Português,4º Bimestre,7.7
NOT00006194,ALU01033,Matemática,2º Bimestre,9.8
NOT00006195,ALU01033,Ciências,1º Bimestre,8.2
NOT00006196,ALU01033,História,2º Bimestre,9.4
NOT00006197,ALU01033,Geografia,3º Bimestre,5.7
NOT00006198,ALU01033,Inglês,4º Bimestre,6.4
NOT00006199,ALU01034,Português,4º Bimestre,8.4
NOT00006200,ALU01034,Matemática,4º Bimestre,6.8
NOT00006201,ALU01034,Ciências,1º Bimestre,6.5
NOT00006202,ALU01034,História,4º Bimestre,5.7
NOT00006203,ALU01034,Geografia,1º Bimestre,8.1
NOT00006204,ALU01034,Inglês,1º Bimestre,8.0
NOT00006205,ALU01035,Português,1º Bimestre,9.2
NOT00006206,ALU01035,Matemática,1º Bimestre,5.5
NOT00006207,ALU01035,Ciências,2º Bimestre,7.7
NOT00006208,ALU01035,História,4º Bimestre,9.6
NOT00006209,ALU01035,Geografia,2º Bimestre,8.2
NOT00006210,ALU01035,Inglês,4º Bimestre,9.1
NOT00006211,ALU01036,Português,1º Bimestre,9.4
NOT00006212,ALU01036,Matemática,4º Bimestre,8.8
NOT00006213,ALU01036,Ciências,1º Bimestre,7.7
NOT00006214,ALU01036,História,1º Bimestre,9.6
NOT00006215,ALU01036,Geografia,1º Bimestre,6.4
NOT00006216,ALU01036,Inglês,1º Bimestre,8.0
NOT00006217,ALU01037,Português,4º Bimestre,9.5
NOT00006218,ALU01037,Matemática,1º Bimestre,6.7
NOT00006219,ALU01037,Ciências,2º Bimestre,6.7
NOT00006220,ALU01037,História,3º Bimestre,8.6
NOT00006221,ALU01037,Geografia,4º Bimestre,6.7
NOT00006222,ALU01037,Inglês,4º Bimestre,7.1
NOT00006223,ALU01038,Português,4º Bimestre,6.0
NOT00006224,ALU01038,Matemática,1º Bimestre,9.2
NOT00006225,ALU01038,Ciências,1º Bimestre,7.6
NOT00006226,ALU01038,História,1º Bimestre,5.5
NOT00006227,ALU01038,Geografia,2º Bimestre,9.2
NOT00006228,ALU01038,Inglês,4º Bimestre,8.2
NOT00006229,ALU01039,Português,1º Bimestre,6.5
NOT00006230,ALU01039,Matemática,3º Bimestre,9.7
NOT00006231,ALU01039,Ciências,2º Bimestre,6.8
NOT00006232,ALU01039,História,4º Bimestre,9.2
NOT00006233,ALU01039,Geografia,1º Bimestre,6.3
NOT00006234,ALU01039,Inglês,1º Bimestre,9.3
NOT00006235,ALU01040,Português,4º Bimestre,6.2
NOT00006236,ALU01040,Matemática,2º Bimestre,6.3
NOT00006237,ALU01040,Ciências,1º Bimestre,8.0
NOT00006238,ALU01040,História,1º Bimestre,7.7
NOT00006239,ALU01040,Geografia,3º Bimestre,8.4
NOT00006240,ALU01040,Inglês,2º Bimestre,6.0
NOT00006241,ALU01041,Português,3º Bimestre,5.9
NOT00006242,ALU01041,Matemática,4º Bimestre,5.9
NOT00006243,ALU01041,Ciências,2º Bimestre,8.0
NOT00006244,ALU01041,História,4º Bimestre,6.4
NOT00006245,ALU01041,Geografia,1º Bimestre,8.0
NOT00006246,ALU01041,Inglês,3º Bimestre,8.3
NOT00006247,ALU01042,Português,2º Bimestre,8.1
NOT00006248,ALU01042,Matemática,4º Bimestre,6.2
NOT00006249,ALU01042,Ciências,1º Bimestre,9.1
NOT00006250,ALU01042,História,1º Bimestre,8.6
NOT00006251,ALU01042,Geografia,4º Bimestre,5.7
NOT00006252,ALU01042,Inglês,1º Bimestre,7.9
NOT00006253,ALU01043,Português,2º Bimestre,8.7
NOT00006254,ALU01043,Matemática,4º Bimestre,7.7
NOT00006255,ALU01043,Ciências,1º Bimestre,8.3
NOT00006256,ALU01043,História,2º Bimestre,7.4
NOT00006257,ALU01043,Geografia,2º Bimestre,9.7
NOT00006258,ALU01043,Inglês,2º Bimestre,7.8
NOT00006259,ALU01044,Português,4º Bimestre,9.3
NOT00006260,ALU01044,Matemática,4º Bimestre,8.8
NOT00006261,ALU01044,Ciências,4º Bimestre,8.5
NOT00006262,ALU01044,História,3º Bimestre,7.6
NOT00006263,ALU01044,Geografia,3º Bimestre,6.2
NOT00006264,ALU01044,Inglês,2º Bimestre,6.6
NOT00006265,ALU01045,Português,1º Bimestre,8.8
NOT00006266,ALU01045,Matemática,1º Bimestre,7.3
NOT00006267,ALU01045,Ciências,4º Bimestre,8.2
NOT00006268,ALU01045,História,3º Bimestre,9.4
NOT00006269,ALU01045,Geografia,3º Bimestre,6.8
NOT00006270,ALU01045,Inglês,3º Bimestre,9.0
NOT00006271,ALU01046,Português,3º Bimestre,7.8
NOT00006272,ALU01046,Matemática,1º Bimestre,8.7
NOT00006273,ALU01046,Ciências,1º Bimestre,5.8
NOT00006274,ALU01046,História,4º Bimestre,8.1
NOT00006275,ALU01046,Geografia,2º Bimestre,9.0
NOT00006276,ALU01046,Inglês,3º Bimestre,5.6
NOT00006277,ALU01047,Português,3º Bimestre,6.9
NOT00006278,ALU01047,Matemática,4º Bimestre,7.6
NOT00006279,ALU01047,Ciências,3º Bimestre,5.8
NOT00006280,ALU01047,História,4º Bimestre,6.4
NOT00006281,ALU01047,Geografia,2º Bimestre,8.5
NOT00006282,ALU01047,Inglês,1º Bimestre,6.5
NOT00006283,ALU01048,Português,1º Bimestre,5.7
NOT00006284,ALU01048,Matemática,1º Bimestre,5.8
NOT00006285,ALU01048,Ciências,1º Bimestre,8.4
NOT00006286,ALU01048,História,1º Bimestre,9.6
NOT00006287,ALU01048,Geografia,3º Bimestre,8.1
NOT00006288,ALU01048,Inglês,3º Bimestre,6.5
NOT00006289,ALU01049,Português,4º Bimestre,7.4
NOT00006290,ALU01049,Matemática,3º Bimestre,7.6
NOT00006291,ALU01049,Ciências,2º Bimestre,6.7
NOT00006292,ALU01049,História,1º Bimestre,9.5
NOT00006293,ALU01049,Geografia,3º Bimestre,6.1
NOT00006294,ALU01049,Inglês,4º Bimestre,6.6
NOT00006295,ALU01050,Português,2º Bimestre,5.6
NOT00006296,ALU01050,Matemática,4º Bimestre,9.3
NOT00006297,ALU01050,Ciências,4º Bimestre,9.3
NOT00006298,ALU01050,História,3º Bimestre,9.1
NOT00006299,ALU01050,Geografia,4º Bimestre,7.9
NOT00006300,ALU01050,Inglês,4º Bimestre,5.7
NOT00006301,ALU01051,Português,1º Bimestre,9.6
NOT00006302,ALU01051,Matemática,4º Bimestre,6.1
NOT00006303,ALU01051,Ciências,3º Bimestre,6.6
NOT00006304,ALU01051,História,4º Bimestre,5.6
NOT00006305,ALU01051,Geografia,3º Bimestre,7.3
NOT00006306,ALU01051,Inglês,2º Bimestre,6.8
NOT00006307,ALU01052,Português,4º Bimestre,8.2
NOT00006308,ALU01052,Matemática,2º Bimestre,7.6
NOT00006309,ALU01052,Ciências,3º Bimestre,6.8
NOT00006310,ALU01052,História,3º Bimestre,6.3
NOT00006311,ALU01052,Geografia,3º Bimestre,9.3
NOT00006312,ALU01052,Inglês,4º Bimestre,6.4
NOT00006313,ALU01053,Português,4º Bimestre,5.5
NOT00006314,ALU01053,Matemática,3º Bimestre,8.9
NOT00006315,ALU01053,Ciências,2º Bimestre,8.3
NOT00006316,ALU01053,História,3º Bimestre,8.7
NOT00006317,ALU01053,Geografia,2º Bimestre,7.0
NOT00006318,ALU01053,Inglês,2º Bimestre,9.5
NOT00006319,ALU01054,Português,2º Bimestre,7.5
NOT00006320,ALU01054,Matemática,4º Bimestre,7.5
NOT00006321,ALU01054,Ciências,4º Bimestre,9.8
NOT00006322,ALU01054,História,1º Bimestre,9.4
NOT00006323,ALU01054,Geografia,3º Bimestre,6.9
NOT00006324,ALU01054,Inglês,4º Bimestre,7.5
NOT00006325,ALU01055,Português,1º Bimestre,7.2
NOT00006326,ALU01055,Matemática,1º Bimestre,8.6
NOT00006327,ALU01055,Ciências,4º Bimestre,5.9
NOT00006328,ALU01055,História,1º Bimestre,5.7
NOT00006329,ALU01055,Geografia,3º Bimestre,7.0
NOT00006330,ALU01055,Inglês,2º Bimestre,5.5
NOT00006331,ALU01056,Português,4º Bimestre,8.5
NOT00006332,ALU01056,Matemática,1º Bimestre,7.9
NOT00006333,ALU01056,Ciências,4º Bimestre,7.5
NOT00006334,ALU01056,História,4º Bimestre,7.1
NOT00006335,ALU01056,Geografia,4º Bimestre,8.5
NOT00006336,ALU01056,Inglês,1º Bimestre,5.9
NOT00006337,ALU01057,Português,1º Bimestre,5.6
NOT00006338,ALU01057,Matemática,1º Bimestre,6.0
NOT00006339,ALU01057,Ciências,2º Bimestre,8.9
NOT00006340,ALU01057,História,3º Bimestre,6.6
NOT00006341,ALU01057,Geografia,3º Bimestre,7.4
NOT00006342,ALU01057,Inglês,3º Bimestre,8.4
NOT00006343,ALU01058,Português,2º Bimestre,9.3
NOT00006344,ALU01058,Matemática,2º Bimestre,7.8
NOT00006345,ALU01058,Ciências,4º Bimestre,6.3
NOT00006346,ALU01058,História,4º Bimestre,9.3
NOT00006347,ALU01058,Geografia,3º Bimestre,8.5
NOT00006348,ALU01058,Inglês,3º Bimestre,6.2
NOT00006349,ALU01059,Português,1º Bimestre,6.6
NOT00006350,ALU01059,Matemática,3º Bimestre,8.9
NOT00006351,ALU01059,Ciências,1º Bimestre,8.0
NOT00006352,ALU01059,História,2º Bimestre,6.9
NOT00006353,ALU01059,Geografia,1º Bimestre,6.5
NOT00006354,ALU01059,Inglês,1º Bimestre,6.7
NOT00006355,ALU01060,Português,1º Bimestre,6.0
NOT00006356,ALU01060,Matemática,3º Bimestre,6.4
NOT00006357,ALU01060,Ciências,2º Bimestre,7.4
NOT00006358,ALU01060,História,1º Bimestre,6.0
NOT00006359,ALU01060,Geografia,2º Bimestre,9.7
NOT00006360,ALU01060,Inglês,1º Bimestre,9.2
NOT00006361,ALU01061,Português,3º Bimestre,7.1
NOT00006362,ALU01061,Matemática,1º Bimestre,5.9
NOT00006363,ALU01061,Ciências,4º Bimestre,9.4
NOT00006364,ALU01061,História,4º Bimestre,9.4
NOT00006365,ALU01061,Geografia,3º Bimestre,5.7
NOT00006366,ALU01061,Inglês,4º Bimestre,6.8
NOT00006367,ALU01062,Português,1º Bimestre,8.7
NOT00006368,ALU01062,Matemática,4º Bimestre,6.9
NOT00006369,ALU01062,Ciências,1º Bimestre,8.9
NOT00006370,ALU01062,História,1º Bimestre,8.9
NOT00006371,ALU01062,Geografia,1º Bimestre,7.8
NOT00006372,ALU01062,Inglês,3º Bimestre,9.0
NOT00006373,ALU01063,Português,4º Bimestre,6.3
NOT00006374,ALU01063,Matemática,4º Bimestre,6.9
NOT00006375,ALU01063,Ciências,4º Bimestre,5.5
NOT00006376,ALU01063,História,4º Bimestre,9.5
NOT00006377,ALU01063,Geografia,4º Bimestre,7.9
NOT00006378,ALU01063,Inglês,4º Bimestre,5.5
NOT00006379,ALU01064,Português,4º Bimestre,6.7
NOT00006380,ALU01064,Matemática,2º Bimestre,8.7
NOT00006381,ALU01064,Ciências,2º Bimestre,9.1
NOT00006382,ALU01064,História,4º Bimestre,7.7
NOT00006383,ALU01064,Geografia,2º Bimestre,8.6
NOT00006384,ALU01064,Inglês,2º Bimestre,8.1
NOT00006385,ALU01065,Português,2º Bimestre,7.0
NOT00006386,ALU01065,Matemática,3º Bimestre,8.0
NOT00006387,ALU01065,Ciências,1º Bimestre,6.4
NOT00006388,ALU01065,História,1º Bimestre,9.5
NOT00006389,ALU01065,Geografia,1º Bimestre,7.9
NOT00006390,ALU01065,Inglês,1º Bimestre,5.9
NOT00006391,ALU01066,Português,2º Bimestre,9.1
NOT00006392,ALU01066,Matemática,4º Bimestre,7.6
NOT00006393,ALU01066,Ciências,2º Bimestre,8.4
NOT00006394,ALU01066,História,2º Bimestre,5.9
NOT00006395,ALU01066,Geografia,2º Bimestre,6.7
NOT00006396,ALU01066,Inglês,2º Bimestre,7.5
NOT00006397,ALU01067,Português,1º Bimestre,7.8
NOT00006398,ALU01067,Matemática,1º Bimestre,8.1
NOT00006399,ALU01067,Ciências,4º Bimestre,7.4
NOT00006400,ALU01067,História,4º Bimestre,8.7
NOT00006401,ALU01067,Geografia,4º Bimestre,5.7
NOT00006402,ALU01067,Inglês,4º Bimestre,8.6
NOT00006403,ALU01068,Português,3º Bimestre,6.8
NOT00006404,ALU01068,Matemática,3º Bimestre,9.4
NOT00006405,ALU01068,Ciências,3º Bimestre,5.8
NOT00006406,ALU01068,História,2º Bimestre,7.9
NOT00006407,ALU01068,Geografia,3º Bimestre,6.6
NOT00006408,ALU01068,Inglês,4º Bimestre,9.4
NOT00006409,ALU01069,Português,3º Bimestre,9.4
NOT00006410,ALU01069,Matemática,3º Bimestre,6.2
NOT00006411,ALU01069,Ciências,2º Bimestre,9.3
NOT00006412,ALU01069,História,3º Bimestre,6.1
NOT00006413,ALU01069,Geografia,2º Bimestre,8.3
NOT00006414,ALU01069,Inglês,3º Bimestre,7.0
NOT00006415,ALU01070,Português,3º Bimestre,7.2
NOT00006416,ALU01070,Matemática,1º Bimestre,8.9
NOT00006417,ALU01070,Ciências,1º Bimestre,8.3
NOT00006418,ALU01070,História,2º Bimestre,6.6
NOT00006419,ALU01070,Geografia,2º Bimestre,8.4
NOT00006420,ALU01070,Inglês,4º Bimestre,6.4
NOT00006421,ALU01071,Português,1º Bimestre,6.1
NOT00006422,ALU01071,Matemática,2º Bimestre,9.5
NOT00006423,ALU01071,Ciências,2º Bimestre,5.9
NOT00006424,ALU01071,História,3º Bimestre,5.7
NOT00006425,ALU01071,Geografia,3º Bimestre,6.1
NOT00006426,ALU01071,Inglês,4º Bimestre,8.7
NOT00006427,ALU01072,Português,1º Bimestre,9.7
NOT00006428,ALU01072,Matemática,2º Bimestre,6.9
NOT00006429,ALU01072,Ciências,4º Bimestre,7.8
NOT00006430,ALU01072,História,3º Bimestre,8.4
NOT00006431,ALU01072,Geografia,4º Bimestre,8.6
NOT00006432,ALU01072,Inglês,1º Bimestre,6.9
NOT00006433,ALU01073,Português,1º Bimestre,6.3
NOT00006434,ALU01073,Matemática,2º Bimestre,6.1
NOT00006435,ALU01073,Ciências,3º Bimestre,7.9
NOT00006436,ALU01073,História,3º Bimestre,5.6
NOT00006437,ALU01073,Geografia,4º Bimestre,6.8
NOT00006438,ALU01073,Inglês,4º Bimestre,8.8
NOT00006439,ALU01074,Português,2º Bimestre,7.0
NOT00006440,ALU01074,Matemática,2º Bimestre,9.4
NOT00006441,ALU01074,Ciências,2º Bimestre,8.0
NOT00006442,ALU01074,História,1º Bimestre,6.4
NOT00006443,ALU01074,Geografia,4º Bimestre,8.0
NOT00006444,ALU01074,Inglês,3º Bimestre,9.6
NOT00006445,ALU01075,Português,4º Bimestre,8.3
NOT00006446,ALU01075,Matemática,2º Bimestre,7.7
NOT00006447,ALU01075,Ciências,3º Bimestre,8.9
NOT00006448,ALU01075,História,4º Bimestre,6.6
NOT00006449,ALU01075,Geografia,1º Bimestre,8.9
NOT00006450,ALU01075,Inglês,2º Bimestre,7.8
NOT00006451,ALU01076,Português,3º Bimestre,7.3
NOT00006452,ALU01076,Matemática,2º Bimestre,9.4
NOT00006453,ALU01076,Ciências,4º Bimestre,9.0
NOT00006454,ALU01076,História,4º Bimestre,6.6
NOT00006455,ALU01076,Geografia,1º Bimestre,9.4
NOT00006456,ALU01076,Inglês,3º Bimestre,7.4
NOT00006457,ALU01077,Português,3º Bimestre,8.5
NOT00006458,ALU01077,Matemática,2º Bimestre,6.0
NOT00006459,ALU01077,Ciências,1º Bimestre,7.7
NOT00006460,ALU01077,História,3º Bimestre,9.6
NOT00006461,ALU01077,Geografia,2º Bimestre,6.3
NOT00006462,ALU01077,Inglês,3º Bimestre,8.5
NOT00006463,ALU01078,Português,4º Bimestre,6.2
NOT00006464,ALU01078,Matemática,2º Bimestre,6.1
NOT00006465,ALU01078,Ciências,4º Bimestre,6.1
NOT00006466,ALU01078,História,4º Bimestre,6.5
NOT00006467,ALU01078,Geografia,1º Bimestre,7.0
NOT00006468,ALU01078,Inglês,2º Bimestre,9.6
NOT00006469,ALU01079,Português,3º Bimestre,9.6
NOT00006470,ALU01079,Matemática,2º Bimestre,8.7
NOT00006471,ALU01079,Ciências,2º Bimestre,7.2
NOT00006472,ALU01079,História,3º Bimestre,8.9
NOT00006473,ALU01079,Geografia,2º Bimestre,6.0
NOT00006474,ALU01079,Inglês,1º Bimestre,9.2
NOT00006475,ALU01080,Português,1º Bimestre,7.1
NOT00006476,ALU01080,Matemática,2º Bimestre,9.5
NOT00006477,ALU01080,Ciências,1º Bimestre,6.0
NOT00006478,ALU01080,História,3º Bimestre,8.1
NOT00006479,ALU01080,Geografia,4º Bimestre,7.4
NOT00006480,ALU01080,Inglês,4º Bimestre,9.3
NOT00006481,ALU01081,Português,2º Bimestre,9.8
NOT00006482,ALU01081,Matemática,2º Bimestre,9.8
NOT00006483,ALU01081,Ciências,4º Bimestre,9.5
NOT00006484,ALU01081,História,1º Bimestre,6.2
NOT00006485,ALU01081,Geografia,2º Bimestre,8.5
NOT00006486,ALU01081,Inglês,1º Bimestre,6.3
NOT00006487,ALU01082,Português,2º Bimestre,6.1
NOT00006488,ALU01082,Matemática,1º Bimestre,8.2
NOT00006489,ALU01082,Ciências,4º Bimestre,6.3
NOT00006490,ALU01082,História,3º Bimestre,5.6
NOT00006491,ALU01082,Geografia,3º Bimestre,7.6
NOT00006492,ALU01082,Inglês,4º Bimestre,6.0
NOT00006493,ALU01083,Português,1º Bimestre,8.8
NOT00006494,ALU01083,Matemática,1º Bimestre,9.5
NOT00006495,ALU01083,Ciências,3º Bimestre,6.7
NOT00006496,ALU01083,História,3º Bimestre,5.6
NOT00006497,ALU01083,Geografia,1º Bimestre,9.4
NOT00006498,ALU01083,Inglês,2º Bimestre,9.4
NOT00006499,ALU01084,Português,1º Bimestre,7.8
NOT00006500,ALU01084,Matemática,1º Bimestre,8.3
NOT00006501,ALU01084,Ciências,3º Bimestre,6.9
NOT00006502,ALU01084,História,3º Bimestre,5.6
NOT00006503,ALU01084,Geografia,4º Bimestre,7.8
NOT00006504,ALU01084,Inglês,1º Bimestre,5.8
NOT00006505,ALU01085,Português,3º Bimestre,7.1
NOT00006506,ALU01085,Matemática,3º Bimestre,6.2
NOT00006507,ALU01085,Ciências,4º Bimestre,6.0
NOT00006508,ALU01085,História,4º Bimestre,6.9
NOT00006509,ALU01085,Geografia,1º Bimestre,9.2
NOT00006510,ALU01085,Inglês,3º Bimestre,7.2
NOT00006511,ALU01086,Português,4º Bimestre,8.2
NOT00006512,ALU01086,Matemática,4º Bimestre,9.2
NOT00006513,ALU01086,Ciências,4º Bimestre,7.7
NOT00006514,ALU01086,História,4º Bimestre,7.7
NOT00006515,ALU01086,Geografia,4º Bimestre,7.6
NOT00006516,ALU01086,Inglês,1º Bimestre,9.0
NOT00006517,ALU01087,Português,3º Bimestre,9.3
NOT00006518,ALU01087,Matemática,3º Bimestre,6.4
NOT00006519,ALU01087,Ciências,1º Bimestre,9.0
NOT00006520,ALU01087,História,4º Bimestre,6.1
NOT00006521,ALU01087,Geografia,3º Bimestre,8.7
NOT00006522,ALU01087,Inglês,2º Bimestre,6.6
NOT00006523,ALU01088,Português,1º Bimestre,8.6
NOT00006524,ALU01088,Matemática,3º Bimestre,8.6
NOT00006525,ALU01088,Ciências,3º Bimestre,8.0
NOT00006526,ALU01088,História,4º Bimestre,6.1
NOT00006527,ALU01088,Geografia,3º Bimestre,6.7
NOT00006528,ALU01088,Inglês,4º Bimestre,7.3
NOT00006529,ALU01089,Português,4º Bimestre,6.6
NOT00006530,ALU01089,Matemática,2º Bimestre,8.7
NOT00006531,ALU01089,Ciências,2º Bimestre,8.5
NOT00006532,ALU01089,História,2º Bimestre,9.0
NOT00006533,ALU01089,Geografia,2º Bimestre,5.6
NOT00006534,ALU01089,Inglês,1º Bimestre,9.7
NOT00006535,ALU01090,Português,1º Bimestre,8.6
NOT00006536,ALU01090,Matemática,2º Bimestre,5.8
NOT00006537,ALU01090,Ciências,4º Bimestre,9.2
NOT00006538,ALU01090,História,2º Bimestre,6.3
NOT00006539,ALU01090,Geografia,2º Bimestre,5.9
NOT00006540,ALU01090,Inglês,2º Bimestre,5.8
NOT00006541,ALU01091,Português,1º Bimestre,7.3
NOT00006542,ALU01091,Matemática,4º Bimestre,7.3
NOT00006543,ALU01091,Ciências,3º Bimestre,6.2
NOT00006544,ALU01091,História,4º Bimestre,8.5
NOT00006545,ALU01091,Geografia,2º Bimestre,5.5
NOT00006546,ALU01091,Inglês,3º Bimestre,6.8
NOT00006547,ALU01092,Português,3º Bimestre,7.8
NOT00006548,ALU01092,Matemática,3º Bimestre,9.3
NOT00006549,ALU01092,Ciências,2º Bimestre,8.8
NOT00006550,ALU01092,História,3º Bimestre,6.0
NOT00006551,ALU01092,Geografia,1º Bimestre,6.5
NOT00006552,ALU01092,Inglês,2º Bimestre,8.5
NOT00006553,ALU01093,Português,2º Bimestre,9.0
NOT00006554,ALU01093,Matemática,1º Bimestre,6.4
NOT00006555,ALU01093,Ciências,1º Bimestre,7.0
NOT00006556,ALU01093,História,1º Bimestre,8.1
NOT00006557,ALU01093,Geografia,4º Bimestre,6.7
NOT00006558,ALU01093,Inglês,4º Bimestre,5.5
NOT00006559,ALU01094,Português,2º Bimestre,6.4
NOT00006560,ALU01094,Matemática,1º Bimestre,6.2
NOT00006561,ALU01094,Ciências,1º Bimestre,6.3
NOT00006562,ALU01094,História,4º Bimestre,8.0
NOT00006563,ALU01094,Geografia,4º Bimestre,6.5
NOT00006564,ALU01094,Inglês,4º Bimestre,7.1
NOT00006565,ALU01095,Português,4º Bimestre,5.9
NOT00006566,ALU01095,Matemática,2º Bimestre,6.4
NOT00006567,ALU01095,Ciências,4º Bimestre,7.3
NOT00006568,ALU01095,História,3º Bimestre,6.4
NOT00006569,ALU01095,Geografia,3º Bimestre,5.7
NOT00006570,ALU01095,Inglês,4º Bimestre,7.4
NOT00006571,ALU01096,Português,4º Bimestre,5.7
NOT00006572,ALU01096,Matemática,4º Bimestre,9.5
NOT00006573,ALU01096,Ciências,3º Bimestre,7.3
NOT00006574,ALU01096,História,4º Bimestre,8.0
NOT00006575,ALU01096,Geografia,3º Bimestre,7.4
NOT00006576,ALU01096,Inglês,1º Bimestre,5.7
NOT00006577,ALU01097,Português,2º Bimestre,8.4
NOT00006578,ALU01097,Matemática,3º Bimestre,6.7
NOT00006579,ALU01097,Ciências,1º Bimestre,9.5
NOT00006580,ALU01097,História,2º Bimestre,9.6
NOT00006581,ALU01097,Geografia,4º Bimestre,6.2
NOT00006582,ALU01097,Inglês,3º Bimestre,7.8
NOT00006583,ALU01098,Português,2º Bimestre,9.2
NOT00006584,ALU01098,Matemática,1º Bimestre,5.6
NOT00006585,ALU01098,Ciências,2º Bimestre,7.0
NOT00006586,ALU01098,História,3º Bimestre,9.1
NOT00006587,ALU01098,Geografia,2º Bimestre,8.9
NOT00006588,ALU01098,Inglês,1º Bimestre,6.4
NOT00006589,ALU01099,Português,3º Bimestre,5.9
NOT00006590,ALU01099,Matemática,1º Bimestre,7.5
NOT00006591,ALU01099,Ciências,4º Bimestre,7.7
NOT00006592,ALU01099,História,4º Bimestre,8.1
NOT00006593,ALU01099,Geografia,1º Bimestre,8.4
NOT00006594,ALU01099,Inglês,3º Bimestre,9.3
NOT00006595,ALU01100,Português,3º Bimestre,6.7
NOT00006596,ALU01100,Matemática,4º Bimestre,9.6
NOT00006597,ALU01100,Ciências,2º Bimestre,6.7
NOT00006598,ALU01100,História,2º Bimestre,9.7
NOT00006599,ALU01100,Geografia,2º Bimestre,7.9
NOT00006600,ALU01100,Inglês,3º Bimestre,7.1
NOT00006601,ALU01101,Português,2º Bimestre,9.8
NOT00006602,ALU01101,Matemática,4º Bimestre,8.1
NOT00006603,ALU01101,Ciências,1º Bimestre,8.3
NOT00006604,ALU01101,História,4º Bimestre,9.2
NOT00006605,ALU01101,Geografia,3º Bimestre,8.4
NOT00006606,ALU01101,Inglês,1º Bimestre,7.9
NOT00006607,ALU01102,Português,3º Bimestre,8.7
NOT00006608,ALU01102,Matemática,4º Bimestre,7.8
NOT00006609,ALU01102,Ciências,1º Bimestre,7.4
NOT00006610,ALU01102,História,2º Bimestre,8.6
NOT00006611,ALU01102,Geografia,3º Bimestre,6.9
NOT00006612,ALU01102,Inglês,2º Bimestre,7.3
NOT00006613,ALU01103,Português,2º Bimestre,6.8
NOT00006614,ALU01103,Matemática,4º Bimestre,7.9
NOT00006615,ALU01103,Ciências,4º Bimestre,7.1
NOT00006616,ALU01103,História,3º Bimestre,6.4
NOT00006617,ALU01103,Geografia,3º Bimestre,5.6
NOT00006618,ALU01103,Inglês,3º Bimestre,6.8
NOT00006619,ALU01104,Português,4º Bimestre,8.0
NOT00006620,ALU01104,Matemática,4º Bimestre,6.6
NOT00006621,ALU01104,Ciências,3º Bimestre,6.2
NOT00006622,ALU01104,História,1º Bimestre,6.5
NOT00006623,ALU01104,Geografia,3º Bimestre,9.7
NOT00006624,ALU01104,Inglês,2º Bimestre,7.6
NOT00006625,ALU01105,Português,1º Bimestre,5.9
NOT00006626,ALU01105,Matemática,3º Bimestre,6.5
NOT00006627,ALU01105,Ciências,1º Bimestre,7.9
NOT00006628,ALU01105,História,2º Bimestre,7.0
NOT00006629,ALU01105,Geografia,2º Bimestre,9.4
NOT00006630,ALU01105,Inglês,4º Bimestre,6.0
NOT00006631,ALU01106,Português,4º Bimestre,9.5
NOT00006632,ALU01106,Matemática,1º Bimestre,8.5
NOT00006633,ALU01106,Ciências,3º Bimestre,9.6
NOT00006634,ALU01106,História,1º Bimestre,6.1
NOT00006635,ALU01106,Geografia,1º Bimestre,9.1
NOT00006636,ALU01106,Inglês,4º Bimestre,6.6
NOT00006637,ALU01107,Português,4º Bimestre,5.8
NOT00006638,ALU01107,Matemática,4º Bimestre,7.6
NOT00006639,ALU01107,Ciências,3º Bimestre,8.4
NOT00006640,ALU01107,História,2º Bimestre,6.8
NOT00006641,ALU01107,Geografia,1º Bimestre,6.2
NOT00006642,ALU01107,Inglês,4º Bimestre,7.3
NOT00006643,ALU01108,Português,1º Bimestre,6.6
NOT00006644,ALU01108,Matemática,4º Bimestre,8.3
NOT00006645,ALU01108,Ciências,2º Bimestre,8.8
NOT00006646,ALU01108,História,3º Bimestre,8.7
NOT00006647,ALU01108,Geografia,4º Bimestre,8.0
NOT00006648,ALU01108,Inglês,1º Bimestre,9.0
NOT00006649,ALU01109,Português,2º Bimestre,6.9
NOT00006650,ALU01109,Matemática,2º Bimestre,6.4
NOT00006651,ALU01109,Ciências,3º Bimestre,6.3
NOT00006652,ALU01109,História,2º Bimestre,7.2
NOT00006653,ALU01109,Geografia,2º Bimestre,5.6
NOT00006654,ALU01109,Inglês,2º Bimestre,7.9
NOT00006655,ALU01110,Português,1º Bimestre,8.4
NOT00006656,ALU01110,Matemática,4º Bimestre,9.7
NOT00006657,ALU01110,Ciências,3º Bimestre,6.3
NOT00006658,ALU01110,História,3º Bimestre,9.5
NOT00006659,ALU01110,Geografia,4º Bimestre,6.1
NOT00006660,ALU01110,Inglês,3º Bimestre,6.1
NOT00006661,ALU01111,Português,4º Bimestre,9.4
NOT00006662,ALU01111,Matemática,1º Bimestre,6.1
NOT00006663,ALU01111,Ciências,4º Bimestre,6.6
NOT00006664,ALU01111,História,1º Bimestre,6.4
NOT00006665,ALU01111,Geografia,1º Bimestre,8.1
NOT00006666,ALU01111,Inglês,4º Bimestre,9.0
NOT00006667,ALU01112,Português,2º Bimestre,7.7
NOT00006668,ALU01112,Matemática,3º Bimestre,6.8
NOT00006669,ALU01112,Ciências,4º Bimestre,7.0
NOT00006670,ALU01112,História,1º Bimestre,5.7
NOT00006671,ALU01112,Geografia,3º Bimestre,8.2
NOT00006672,ALU01112,Inglês,3º Bimestre,7.3
NOT00006673,ALU01113,Português,2º Bimestre,7.5
NOT00006674,ALU01113,Matemática,4º Bimestre,7.1
NOT00006675,ALU01113,Ciências,3º Bimestre,6.2
NOT00006676,ALU01113,História,2º Bimestre,8.4
NOT00006677,ALU01113,Geografia,2º Bimestre,9.3
NOT00006678,ALU01113,Inglês,1º Bimestre,7.3
NOT00006679,ALU01114,Português,3º Bimestre,8.1
NOT00006680,ALU01114,Matemática,3º Bimestre,9.5
NOT00006681,ALU01114,Ciências,2º Bimestre,8.5
NOT00006682,ALU01114,História,2º Bimestre,7.0
NOT00006683,ALU01114,Geografia,3º Bimestre,7.1
NOT00006684,ALU01114,Inglês,4º Bimestre,7.2
NOT00006685,ALU01115,Português,2º Bimestre,7.0
NOT00006686,ALU01115,Matemática,1º Bimestre,8.7
NOT00006687,ALU01115,Ciências,2º Bimestre,8.0
NOT00006688,ALU01115,História,1º Bimestre,9.1
NOT00006689,ALU01115,Geografia,2º Bimestre,7.7
NOT00006690,ALU01115,Inglês,3º Bimestre,9.1
NOT00006691,ALU01116,Português,2º Bimestre,6.8
NOT00006692,ALU01116,Matemática,3º Bimestre,8.6
NOT00006693,ALU01116,Ciências,2º Bimestre,5.8
NOT00006694,ALU01116,História,3º Bimestre,7.3
NOT00006695,ALU01116,Geografia,3º Bimestre,6.1
NOT00006696,ALU01116,Inglês,2º Bimestre,6.2
NOT00006697,ALU01117,Português,2º Bimestre,9.7
NOT00006698,ALU01117,Matemática,1º Bimestre,6.7
NOT00006699,ALU01117,Ciências,2º Bimestre,7.2
NOT00006700,ALU01117,História,1º Bimestre,6.8
NOT00006701,ALU01117,Geografia,1º Bimestre,6.0
NOT00006702,ALU01117,Inglês,2º Bimestre,5.6
NOT00006703,ALU01118,Português,2º Bimestre,9.4
NOT00006704,ALU01118,Matemática,2º Bimestre,9.3
NOT00006705,ALU01118,Ciências,4º Bimestre,9.4
NOT00006706,ALU01118,História,1º Bimestre,6.4
NOT00006707,ALU01118,Geografia,4º Bimestre,8.8
NOT00006708,ALU01118,Inglês,4º Bimestre,6.0
NOT00006709,ALU01119,Português,4º Bimestre,8.1
NOT00006710,ALU01119,Matemática,2º Bimestre,6.7
NOT00006711,ALU01119,Ciências,4º Bimestre,7.2
NOT00006712,ALU01119,História,3º Bimestre,9.3
NOT00006713,ALU01119,Geografia,2º Bimestre,7.5
NOT00006714,ALU01119,Inglês,1º Bimestre,6.0
NOT00006715,ALU01120,Português,2º Bimestre,7.6
NOT00006716,ALU01120,Matemática,2º Bimestre,8.7
NOT00006717,ALU01120,Ciências,4º Bimestre,6.2
NOT00006718,ALU01120,História,3º Bimestre,8.4
NOT00006719,ALU01120,Geografia,2º Bimestre,6.9
NOT00006720,ALU01120,Inglês,2º Bimestre,8.4
NOT00006721,ALU01121,Português,3º Bimestre,9.0
NOT00006722,ALU01121,Matemática,2º Bimestre,5.9
NOT00006723,ALU01121,Ciências,4º Bimestre,6.2
NOT00006724,ALU01121,História,4º Bimestre,8.0
NOT00006725,ALU01121,Geografia,3º Bimestre,7.4
NOT00006726,ALU01121,Inglês,4º Bimestre,7.7
NOT00006727,ALU01122,Português,3º Bimestre,8.3
NOT00006728,ALU01122,Matemática,4º Bimestre,9.2
NOT00006729,ALU01122,Ciências,3º Bimestre,6.8
NOT00006730,ALU01122,História,1º Bimestre,7.6
NOT00006731,ALU01122,Geografia,2º Bimestre,6.3
NOT00006732,ALU01122,Inglês,1º Bimestre,7.8
NOT00006733,ALU01123,Português,1º Bimestre,6.0
NOT00006734,ALU01123,Matemática,3º Bimestre,7.4
NOT00006735,ALU01123,Ciências,4º Bimestre,7.4
NOT00006736,ALU01123,História,3º Bimestre,8.6
NOT00006737,ALU01123,Geografia,2º Bimestre,8.3
NOT00006738,ALU01123,Inglês,1º Bimestre,7.4
NOT00006739,ALU01124,Português,2º Bimestre,8.5
NOT00006740,ALU01124,Matemática,4º Bimestre,9.1
NOT00006741,ALU01124,Ciências,2º Bimestre,6.4
NOT00006742,ALU01124,História,3º Bimestre,6.9
NOT00006743,ALU01124,Geografia,3º Bimestre,6.5
NOT00006744,ALU01124,Inglês,4º Bimestre,7.6
NOT00006745,ALU01125,Português,1º Bimestre,6.9
NOT00006746,ALU01125,Matemática,3º Bimestre,8.9
NOT00006747,ALU01125,Ciências,3º Bimestre,9.6
NOT00006748,ALU01125,História,4º Bimestre,5.9
NOT00006749,ALU01125,Geografia,3º Bimestre,9.1
NOT00006750,ALU01125,Inglês,3º Bimestre,7.3
NOT00006751,ALU01126,Português,3º Bimestre,7.6
NOT00006752,ALU01126,Matemática,3º Bimestre,9.3
NOT00006753,ALU01126,Ciências,1º Bimestre,7.2
NOT00006754,ALU01126,História,3º Bimestre,5.6
NOT00006755,ALU01126,Geografia,4º Bimestre,5.8
NOT00006756,ALU01126,Inglês,1º Bimestre,9.5
NOT00006757,ALU01127,Português,2º Bimestre,7.4
NOT00006758,ALU01127,Matemática,2º Bimestre,8.1
NOT00006759,ALU01127,Ciências,2º Bimestre,8.3
NOT00006760,ALU01127,História,3º Bimestre,8.3
NOT00006761,ALU01127,Geografia,3º Bimestre,6.4
NOT00006762,ALU01127,Inglês,4º Bimestre,9.2
NOT00006763,ALU01128,Português,1º Bimestre,8.5
NOT00006764,ALU01128,Matemática,1º Bimestre,8.6
NOT00006765,ALU01128,Ciências,2º Bimestre,8.0
NOT00006766,ALU01128,História,2º Bimestre,7.8
NOT00006767,ALU01128,Geografia,4º Bimestre,8.6
NOT00006768,ALU01128,Inglês,4º Bimestre,5.8
NOT00006769,ALU01129,Português,2º Bimestre,9.3
NOT00006770,ALU01129,Matemática,1º Bimestre,8.0
NOT00006771,ALU01129,Ciências,4º Bimestre,7.6
NOT00006772,ALU01129,História,3º Bimestre,8.1
NOT00006773,ALU01129,Geografia,2º Bimestre,8.6
NOT00006774,ALU01129,Inglês,3º Bimestre,7.7
NOT00006775,ALU01130,Português,2º Bimestre,7.9
NOT00006776,ALU01130,Matemática,2º Bimestre,7.4
NOT00006777,ALU01130,Ciências,4º Bimestre,6.6
NOT00006778,ALU01130,História,1º Bimestre,8.2
NOT00006779,ALU01130,Geografia,3º Bimestre,7.3
NOT00006780,ALU01130,Inglês,2º Bimestre,9.2
NOT00006781,ALU01131,Português,4º Bimestre,9.6
NOT00006782,ALU01131,Matemática,1º Bimestre,9.3
NOT00006783,ALU01131,Ciências,4º Bimestre,5.8
NOT00006784,ALU01131,História,3º Bimestre,8.0
NOT00006785,ALU01131,Geografia,2º Bimestre,7.1
NOT00006786,ALU01131,Inglês,4º Bimestre,8.8
