id_mensalidade,id_aluno,competencia,data_vencimento,data_pagamento,valor,status,chave_competencia
MEN00000001,ALU00001,2026-01-01,2026-01-10,2026-01-18,1433.42,Pago,202601
MEN00000002,ALU00001,2026-02-01,2026-02-10,2026-02-13,1492.23,Pago,202602
MEN00000003,ALU00001,2026-03-01,2026-03-10,2026-03-14,1487.3,Pago,202603
MEN00000004,ALU00001,2026-04-01,2026-04-10,2026-04-14,1492.22,Pago,202604
MEN00000005,ALU00001,2026-05-01,2026-05-10,2026-05-08,1441.42,Pago,202605
MEN00000006,ALU00001,2026-06-01,2026-06-10,2026-06-13,1415.41,Pago,202606
MEN00000007,ALU00001,2026-07-01,2026-07-10,2026-07-18,1451.99,Pago,202607
MEN00000008,ALU00001,2026-08-01,2026-08-10,2026-08-18,1476.99,Pago,202608
MEN00000009,ALU00001,2026-09-01,2026-09-10,2026-09-15,1419.39,Pago,202609
MEN00000010,ALU00001,2026-10-01,2026-10-10,2026-10-09,1434.18,Pago,202610
MEN00000011,ALU00001,2026-11-01,2026-11-10,2026-11-16,1471.11,Pago,202611
MEN00000012,ALU00001,2026-12-01,2026-12-10,2026-12-18,1441.73,Pago,202612
MEN00000013,ALU00002,2026-01-01,2026-01-10,2026-01-12,1419.9,Pago,202601
MEN00000014,ALU00002,2026-02-01,2026-02-10,2026-02-16,1445.63,Pago,202602
MEN00000015,ALU00002,2026-03-01,2026-03-10,2026-03-17,1461.86,Pago,202603
MEN00000016,ALU00002,2026-04-01,2026-04-10,,1424.7,Em Aberto,202604
MEN00000017,ALU00002,2026-05-01,2026-05-10,2026-05-16,1460.27,Pago,202605
MEN00000018,ALU00002,2026-06-01,2026-06-10,2026-06-09,1481.44,Pago,202606
MEN00000019,ALU00002,2026-07-01,2026-07-10,,1470.86,Vencido,202607
MEN00000020,ALU00002,2026-08-01,2026-08-10,2026-08-10,1435.8,Pago,202608
MEN00000021,ALU00002,2026-09-01,2026-09-10,2026-09-13,1415.71,Pago,202609
MEN00000022,ALU00002,2026-10-01,2026-10-10,2026-10-17,1420.46,Pago,202610
MEN00000023,ALU00002,2026-11-01,2026-11-10,2026-11-14,1409.77,Pago,202611
MEN00000024,ALU00002,2026-12-01,2026-12-10,2026-12-07,1492.06,Pago,202612
MEN00000025,ALU00003,2026-01-01,2026-01-10,2026-01-09,1481.07,Pago,202601
MEN00000026,ALU00003,2026-02-01,2026-02-10,2026-02-07,1485.74,Pago,202602
MEN00000027,ALU00003,2026-03-01,2026-03-10,2026-03-07,1449.62,Pago,202603
MEN00000028,ALU00003,2026-04-01,2026-04-10,2026-04-07,1487.78,Pago,202604
MEN00000029,ALU00003,2026-05-01,2026-05-10,2026-05-10,1474.54,Pago,202605
MEN00000030,ALU00003,2026-06-01,2026-06-10,,1456.25,Em Aberto,202606
MEN00000031,ALU00003,2026-07-01,2026-07-10,2026-07-14,1446.36,Pago,202607
MEN00000032,ALU00003,2026-08-01,2026-08-10,2026-08-08,1469.77,Pago,202608
MEN00000033,ALU00003,2026-09-01,2026-09-10,2026-09-11,1439.69,Pago,202609
MEN00000034,ALU00003,2026-10-01,2026-10-10,2026-10-11,1417.8,Pago,202610
MEN00000035,ALU00003,2026-11-01,2026-11-10,2026-11-08,1453.76,Pago,202611
MEN00000036,ALU00003,2026-12-01,2026-12-10,2026-12-10,1439.41,Pago,202612
MEN00000037,ALU00004,2026-01-01,2026-01-10,2026-01-16,1439.0,Pago,202601
MEN00000038,ALU00004,2026-02-01,2026-02-10,,1471.95,Vencido,202602
MEN00000039,ALU00004,2026-03-01,2026-03-10,2026-03-17,1488.95,Pago,202603
MEN00000040,ALU00004,2026-04-01,2026-04-10,2026-04-08,1419.11,Pago,202604
MEN00000041,ALU00004,2026-05-01,2026-05-10,,1462.3,Em Aberto,202605
MEN00000042,ALU00004,2026-06-01,2026-06-10,2026-06-14,1425.66,Pago,202606
MEN00000043,ALU00004,2026-07-01,2026-07-10,,1425.51,Vencido,202607
MEN00000044,ALU00004,2026-08-01,2026-08-10,2026-08-14,1434.34,Pago,202608
MEN00000045,ALU00004,2026-09-01,2026-09-10,2026-09-07,1484.27,Pago,202609
MEN00000046,ALU00004,2026-10-01,2026-10-10,2026-10-07,1459.4,Pago,202610
MEN00000047,ALU00004,2026-11-01,2026-11-10,2026-11-11,1424.81,Pago,202611
MEN00000048,ALU00004,2026-12-01,2026-12-10,,1493.35,Vencido,202612
MEN00000049,ALU00005,2026-01-01,2026-01-10,2026-01-14,1436.75,Pago,202601
MEN00000050,ALU00005,2026-02-01,2026-02-10,2026-02-11,1408.43,Pago,202602
MEN00000051,ALU00005,2026-03-01,2026-03-10,2026-03-14,1426.29,Pago,202603
MEN00000052,ALU00005,2026-04-01,2026-04-10,,1445.46,Em Aberto,202604
MEN00000053,ALU00005,2026-05-01,2026-05-10,2026-05-12,1448.74,Pago,202605
MEN00000054,ALU00005,2026-06-01,2026-06-10,,1436.83,Em Aberto,202606
MEN00000055,ALU00005,2026-07-01,2026-07-10,2026-07-09,1431.61,Pago,202607
MEN00000056,ALU00005,2026-08-01,2026-08-10,2026-08-14,1492.96,Pago,202608
MEN00000057,ALU00005,2026-09-01,2026-09-10,,1457.42,Em Aberto,202609
MEN00000058,ALU00005,2026-10-01,2026-10-10,2026-10-07,1451.51,Pago,202610
MEN00000059,ALU00005,2026-11-01,2026-11-10,2026-11-07,1433.03,Pago,202611
MEN00000060,ALU00005,2026-12-01,2026-12-10,2026-12-15,1450.06,Pago,202612
MEN00000061,ALU00006,2026-01-01,2026-01-10,2026-01-12,1468.63,Pago,202601
MEN00000062,ALU00006,2026-02-01,2026-02-10,,1423.64,Em Aberto,202602
MEN00000063,ALU00006,2026-03-01,2026-03-10,2026-03-08,1491.15,Pago,202603
MEN00000064,ALU00006,2026-04-01,2026-04-10,2026-04-15,1415.64,Pago,202604
MEN00000065,ALU00006,2026-05-01,2026-05-10,2026-05-16,1472.65,Pago,202605
MEN00000066,ALU00006,2026-06-01,2026-06-10,2026-06-16,1439.37,Pago,202606
MEN00000067,ALU00006,2026-07-01,2026-07-10,2026-07-17,1433.2,Pago,202607
MEN00000068,ALU00006,2026-08-01,2026-08-10,2026-08-08,1448.69,Pago,202608
MEN00000069,ALU00006,2026-09-01,2026-09-10,2026-09-17,1449.39,Pago,202609
MEN00000070,ALU00006,2026-10-01,2026-10-10,2026-10-07,1435.82,Pago,202610
MEN00000071,ALU00006,2026-11-01,2026-11-10,2026-11-17,1492.12,Pago,202611
MEN00000072,ALU00006,2026-12-01,2026-12-10,,1472.01,Vencido,202612
MEN00000073,ALU00007,2026-01-01,2026-01-10,,1488.0,Em Aberto,202601
MEN00000074,ALU00007,2026-02-01,2026-02-10,2026-02-14,1411.9,Pago,202602
MEN00000075,ALU00007,2026-03-01,2026-03-10,,1428.03,Em Aberto,202603
MEN00000076,ALU00007,2026-04-01,2026-04-10,,1493.36,Em Aberto,202604
MEN00000077,ALU00007,2026-05-01,2026-05-10,2026-05-17,1460.89,Pago,202605
MEN00000078,ALU00007,2026-06-01,2026-06-10,,1406.85,Em Aberto,202606
MEN00000079,ALU00007,2026-07-01,2026-07-10,2026-07-13,1420.8,Pago,202607
MEN00000080,ALU00007,2026-08-01,2026-08-10,2026-08-10,1416.73,Pago,202608
MEN00000081,ALU00007,2026-09-01,2026-09-10,2026-09-07,1468.08,Pago,202609
MEN00000082,ALU00007,2026-10-01,2026-10-10,2026-10-11,1443.79,Pago,202610
MEN00000083,ALU00007,2026-11-01,2026-11-10,2026-11-10,1493.43,Pago,202611
MEN00000084,ALU00007,2026-12-01,2026-12-10,2026-12-07,1444.93,Pago,202612
MEN00000085,ALU00008,2026-01-01,2026-01-10,2026-01-07,1442.18,Pago,202601
MEN00000086,ALU00008,2026-02-01,2026-02-10,,1491.04,Vencido,202602
MEN00000087,ALU00008,2026-03-01,2026-03-10,2026-03-12,1489.77,Pago,202603
MEN00000088,ALU00008,2026-04-01,2026-04-10,2026-04-14,1462.3,Pago,202604
MEN00000089,ALU00008,2026-05-01,2026-05-10,2026-05-08,1474.81,Pago,202605
MEN00000090,ALU00008,2026-06-01,2026-06-10,2026-06-12,1490.56,Pago,202606
MEN00000091,ALU00008,2026-07-01,2026-07-10,2026-07-17,1454.3,Pago,202607
MEN00000092,ALU00008,2026-08-01,2026-08-10,2026-08-16,1407.2,Pago,202608
MEN00000093,ALU00008,2026-09-01,2026-09-10,2026-09-13,1475.41,Pago,202609
MEN00000094,ALU00008,2026-10-01,2026-10-10,2026-10-17,1490.39,Pago,202610
MEN00000095,ALU00008,2026-11-01,2026-11-10,2026-11-17,1453.6,Pago,202611
MEN00000096,ALU00008,2026-12-01,2026-12-10,2026-12-09,1469.66,Pago,202612
MEN00000097,ALU00009,2026-01-01,2026-01-10,2026-01-08,1438.53,Pago,202601
MEN00000098,ALU00009,2026-02-01,2026-02-10,2026-02-11,1469.96,Pago,202602
MEN00000099,ALU00009,2026-03-01,2026-03-10,2026-03-16,1458.85,Pago,202603
MEN00000100,ALU00009,2026-04-01,2026-04-10,,1436.07,Vencido,202604
MEN00000101,ALU00009,2026-05-01,2026-05-10,2026-05-10,1434.51,Pago,202605
MEN00000102,ALU00009,2026-06-01,2026-06-10,2026-06-14,1473.89,Pago,202606
MEN00000103,ALU00009,2026-07-01,2026-07-10,2026-07-11,1471.96,Pago,202607
MEN00000104,ALU00009,2026-08-01,2026-08-10,2026-08-16,1488.43,Pago,202608
MEN00000105,ALU00009,2026-09-01,2026-09-10,2026-09-12,1429.63,Pago,202609
MEN00000106,ALU00009,2026-10-01,2026-10-10,2026-10-11,1426.32,Pago,202610
MEN00000107,ALU00009,2026-11-01,2026-11-10,2026-11-16,1483.99,Pago,202611
MEN00000108,ALU00009,2026-12-01,2026-12-10,2026-12-09,1418.62,Pago,202612
MEN00000109,ALU00010,2026-01-01,2026-01-10,2026-01-11,1457.11,Pago,202601
MEN00000110,ALU00010,2026-02-01,2026-02-10,2026-02-12,1485.9,Pago,202602
MEN00000111,ALU00010,2026-03-01,2026-03-10,2026-03-18,1421.56,Pago,202603
MEN00000112,ALU00010,2026-04-01,2026-04-10,2026-04-13,1408.04,Pago,202604
MEN00000113,ALU00010,2026-05-01,2026-05-10,2026-05-18,1480.78,Pago,202605
MEN00000114,ALU00010,2026-06-01,2026-06-10,2026-06-08,1484.86,Pago,202606
MEN00000115,ALU00010,2026-07-01,2026-07-10,2026-07-14,1489.58,Pago,202607
MEN00000116,ALU00010,2026-08-01,2026-08-10,2026-08-18,1460.66,Pago,202608
MEN00000117,ALU00010,2026-09-01,2026-09-10,2026-09-08,1432.56,Pago,202609
MEN00000118,ALU00010,2026-10-01,2026-10-10,2026-10-12,1487.87,Pago,202610
MEN00000119,ALU00010,2026-11-01,2026-11-10,2026-11-13,1476.03,Pago,202611
MEN00000120,ALU00010,2026-12-01,2026-12-10,2026-12-09,1466.95,Pago,202612
MEN00000121,ALU00011,2026-01-01,2026-01-10,,1443.12,Em Aberto,202601
MEN00000122,ALU00011,2026-02-01,2026-02-10,2026-02-13,1451.87,Pago,202602
MEN00000123,ALU00011,2026-03-01,2026-03-10,,1489.48,Em Aberto,202603
MEN00000124,ALU00011,2026-04-01,2026-04-10,,1413.66,Vencido,202604
MEN00000125,ALU00011,2026-05-01,2026-05-10,2026-05-13,1427.73,Pago,202605
MEN00000126,ALU00011,2026-06-01,2026-06-10,2026-06-17,1411.73,Pago,202606
MEN00000127,ALU00011,2026-07-01,2026-07-10,2026-07-12,1420.5,Pago,202607
MEN00000128,ALU00011,2026-08-01,2026-08-10,2026-08-16,1409.34,Pago,202608
MEN00000129,ALU00011,2026-09-01,2026-09-10,,1459.05,Vencido,202609
MEN00000130,ALU00011,2026-10-01,2026-10-10,,1433.34,Em Aberto,202610
MEN00000131,ALU00011,2026-11-01,2026-11-10,,1489.82,Vencido,202611
MEN00000132,ALU00011,2026-12-01,2026-12-10,2026-12-10,1435.68,Pago,202612
MEN00000133,ALU00012,2026-01-01,2026-01-10,2026-01-16,1463.31,Pago,202601
MEN00000134,ALU00012,2026-02-01,2026-02-10,2026-02-17,1436.48,Pago,202602
MEN00000135,ALU00012,2026-03-01,2026-03-10,,1472.89,Em Aberto,202603
MEN00000136,ALU00012,2026-04-01,2026-04-10,2026-04-09,1407.36,Pago,202604
MEN00000137,ALU00012,2026-05-01,2026-05-10,,1453.73,Vencido,202605
MEN00000138,ALU00012,2026-06-01,2026-06-10,,1435.49,Vencido,202606
MEN00000139,ALU00012,2026-07-01,2026-07-10,,1407.77,Em Aberto,202607
MEN00000140,ALU00012,2026-08-01,2026-08-10,2026-08-09,1454.44,Pago,202608
MEN00000141,ALU00012,2026-09-01,2026-09-10,2026-09-13,1444.43,Pago,202609
MEN00000142,ALU00012,2026-10-01,2026-10-10,,1438.09,Em Aberto,202610
MEN00000143,ALU00012,2026-11-01,2026-11-10,2026-11-16,1458.18,Pago,202611
MEN00000144,ALU00012,2026-12-01,2026-12-10,2026-12-18,1447.78,Pago,202612
MEN00000145,ALU00013,2026-01-01,2026-01-10,2026-01-12,1463.22,Pago,202601
MEN00000146,ALU00013,2026-02-01,2026-02-10,2026-02-13,1488.5,Pago,202602
MEN00000147,ALU00013,2026-03-01,2026-03-10,2026-03-17,1417.49,Pago,202603
MEN00000148,ALU00013,2026-04-01,2026-04-10,,1433.24,Em Aberto,202604
MEN00000149,ALU00013,2026-05-01,2026-05-10,2026-05-14,1424.54,Pago,202605
MEN00000150,ALU00013,2026-06-01,2026-06-10,2026-06-12,1475.85,Pago,202606
MEN00000151,ALU00013,2026-07-01,2026-07-10,2026-07-12,1467.72,Pago,202607
MEN00000152,ALU00013,2026-08-01,2026-08-10,2026-08-08,1442.89,Pago,202608
MEN00000153,ALU00013,2026-09-01,2026-09-10,2026-09-08,1434.27,Pago,202609
MEN00000154,ALU00013,2026-10-01,2026-10-10,,1453.71,Em Aberto,202610
MEN00000155,ALU00013,2026-11-01,2026-11-10,2026-11-07,1454.52,Pago,202611
MEN00000156,ALU00013,2026-12-01,2026-12-10,2026-12-10,1440.19,Pago,202612
MEN00000157,ALU00014,2026-01-01,2026-01-10,2026-01-14,1421.88,Pago,202601
MEN00000158,ALU00014,2026-02-01,2026-02-10,2026-02-12,1449.24,Pago,202602
MEN00000159,ALU00014,2026-03-01,2026-03-10,2026-03-07,1491.13,Pago,202603
MEN00000160,ALU00014,2026-04-01,2026-04-10,2026-04-15,1492.69,Pago,202604
MEN00000161,ALU00014,2026-05-01,2026-05-10,2026-05-14,1423.42,Pago,202605
MEN00000162,ALU00014,2026-06-01,2026-06-10,2026-06-13,1449.05,Pago,202606
MEN00000163,ALU00014,2026-07-01,2026-07-10,2026-07-12,1457.67,Pago,202607
MEN00000164,ALU00014,2026-08-01,2026-08-10,2026-08-10,1442.1,Pago,202608
MEN00000165,ALU00014,2026-09-01,2026-09-10,2026-09-16,1438.81,Pago,202609
MEN00000166,ALU00014,2026-10-01,2026-10-10,,1445.05,Em Aberto,202610
MEN00000167,ALU00014,2026-11-01,2026-11-10,,1423.84,Vencido,202611
MEN00000168,ALU00014,2026-12-01,2026-12-10,,1443.22,Em Aberto,202612
MEN00000169,ALU00015,2026-01-01,2026-01-10,2026-01-08,1464.31,Pago,202601
MEN00000170,ALU00015,2026-02-01,2026-02-10,2026-02-15,1468.84,Pago,202602
MEN00000171,ALU00015,2026-03-01,2026-03-10,2026-03-07,1426.05,Pago,202603
MEN00000172,ALU00015,2026-04-01,2026-04-10,,1428.07,Em Aberto,202604
MEN00000173,ALU00015,2026-05-01,2026-05-10,2026-05-12,1421.66,Pago,202605
MEN00000174,ALU00015,2026-06-01,2026-06-10,2026-06-11,1477.3,Pago,202606
MEN00000175,ALU00015,2026-07-01,2026-07-10,,1492.38,Vencido,202607
MEN00000176,ALU00015,2026-08-01,2026-08-10,2026-08-10,1457.24,Pago,202608
MEN00000177,ALU00015,2026-09-01,2026-09-10,2026-09-10,1441.58,Pago,202609
MEN00000178,ALU00015,2026-10-01,2026-10-10,2026-10-10,1447.43,Pago,202610
MEN00000179,ALU00015,2026-11-01,2026-11-10,2026-11-14,1421.46,Pago,202611
MEN00000180,ALU00015,2026-12-01,2026-12-10,2026-12-16,1446.77,Pago,202612
MEN00000181,ALU00016,2026-01-01,2026-01-10,2026-01-10,1472.94,Pago,202601
MEN00000182,ALU00016,2026-02-01,2026-02-10,2026-02-10,1465.54,Pago,202602
MEN00000183,ALU00016,2026-03-01,2026-03-10,2026-03-16,1471.75,Pago,202603
MEN00000184,ALU00016,2026-04-01,2026-04-10,,1471.03,Em Aberto,202604
MEN00000185,ALU00016,2026-05-01,2026-05-10,2026-05-09,1439.85,Pago,202605
MEN00000186,ALU00016,2026-06-01,2026-06-10,2026-06-07,1417.64,Pago,202606
MEN00000187,ALU00016,2026-07-01,2026-07-10,2026-07-14,1451.86,Pago,202607
MEN00000188,ALU00016,2026-08-01,2026-08-10,2026-08-11,1420.62,Pago,202608
MEN00000189,ALU00016,2026-09-01,2026-09-10,2026-09-07,1407.39,Pago,202609
MEN00000190,ALU00016,2026-10-01,2026-10-10,2026-10-15,1459.79,Pago,202610
MEN00000191,ALU00016,2026-11-01,2026-11-10,2026-11-11,1488.12,Pago,202611
MEN00000192,ALU00016,2026-12-01,2026-12-10,2026-12-08,1488.41,Pago,202612
MEN00000193,ALU00017,2026-01-01,2026-01-10,2026-01-10,1463.21,Pago,202601
MEN00000194,ALU00017,2026-02-01,2026-02-10,2026-02-15,1457.47,Pago,202602
MEN00000195,ALU00017,2026-03-01,2026-03-10,2026-03-14,1433.2,Pago,202603
MEN00000196,ALU00017,2026-04-01,2026-04-10,,1410.08,Vencido,202604
MEN00000197,ALU00017,2026-05-01,2026-05-10,2026-05-08,1426.63,Pago,202605
MEN00000198,ALU00017,2026-06-01,2026-06-10,2026-06-12,1435.86,Pago,202606
MEN00000199,ALU00017,2026-07-01,2026-07-10,2026-07-14,1443.65,Pago,202607
MEN00000200,ALU00017,2026-08-01,2026-08-10,2026-08-09,1440.37,Pago,202608
MEN00000201,ALU00017,2026-09-01,2026-09-10,2026-09-09,1418.66,Pago,202609
MEN00000202,ALU00017,2026-10-01,2026-10-10,2026-10-18,1459.17,Pago,202610
MEN00000203,ALU00017,2026-11-01,2026-11-10,2026-11-11,1415.31,Pago,202611
MEN00000204,ALU00017,2026-12-01,2026-12-10,2026-12-18,1489.96,Pago,202612
MEN00000205,ALU00018,2026-01-01,2026-01-10,2026-01-09,1449.66,Pago,202601
MEN00000206,ALU00018,2026-02-01,2026-02-10,2026-02-15,1423.71,Pago,202602
MEN00000207,ALU00018,2026-03-01,2026-03-10,2026-03-07,1470.55,Pago,202603
MEN00000208,ALU00018,2026-04-01,2026-04-10,,1444.92,Em Aberto,202604
MEN00000209,ALU00018,2026-05-01,2026-05-10,2026-05-15,1440.93,Pago,202605
MEN00000210,ALU00018,2026-06-01,2026-06-10,2026-06-15,1462.56,Pago,202606
MEN00000211,ALU00018,2026-07-01,2026-07-10,,1489.55,Vencido,202607
MEN00000212,ALU00018,2026-08-01,2026-08-10,2026-08-11,1479.94,Pago,202608
MEN00000213,ALU00018,2026-09-01,2026-09-10,,1463.32,Vencido,202609
MEN00000214,ALU00018,2026-10-01,2026-10-10,,1437.04,Vencido,202610
MEN00000215,ALU00018,2026-11-01,2026-11-10,2026-11-15,1492.37,Pago,202611
MEN00000216,ALU00018,2026-12-01,2026-12-10,2026-12-18,1437.19,Pago,202612
MEN00000217,ALU00019,2026-01-01,2026-01-10,2026-01-09,1432.76,Pago,202601
MEN00000218,ALU00019,2026-02-01,2026-02-10,,1467.14,Em Aberto,202602
MEN00000219,ALU00019,2026-03-01,2026-03-10,2026-03-13,1456.53,Pago,202603
MEN00000220,ALU00019,2026-04-01,2026-04-10,2026-04-15,1480.3,Pago,202604
MEN00000221,ALU00019,2026-05-01,2026-05-10,2026-05-12,1469.49,Pago,202605
MEN00000222,ALU00019,2026-06-01,2026-06-10,2026-06-15,1406.9,Pago,202606
MEN00000223,ALU00019,2026-07-01,2026-07-10,2026-07-18,1432.63,Pago,202607
MEN00000224,ALU00019,2026-08-01,2026-08-10,2026-08-07,1444.68,Pago,202608
MEN00000225,ALU00019,2026-09-01,2026-09-10,2026-09-13,1430.66,Pago,202609
MEN00000226,ALU00019,2026-10-01,2026-10-10,2026-10-07,1466.77,Pago,202610
MEN00000227,ALU00019,2026-11-01,2026-11-10,2026-11-10,1459.7,Pago,202611
MEN00000228,ALU00019,2026-12-01,2026-12-10,2026-12-10,1422.44,Pago,202612
MEN00000229,ALU00020,2026-01-01,2026-01-10,2026-01-12,1492.57,Pago,202601
MEN00000230,ALU00020,2026-02-01,2026-02-10,2026-02-13,1409.14,Pago,202602
MEN00000231,ALU00020,2026-03-01,2026-03-10,2026-03-13,1419.77,Pago,202603
MEN00000232,ALU00020,2026-04-01,2026-04-10,2026-04-09,1422.19,Pago,202604
MEN00000233,ALU00020,2026-05-01,2026-05-10,2026-05-18,1455.93,Pago,202605
MEN00000234,ALU00020,2026-06-01,2026-06-10,,1468.77,Vencido,202606
MEN00000235,ALU00020,2026-07-01,2026-07-10,2026-07-17,1441.96,Pago,202607
MEN00000236,ALU00020,2026-08-01,2026-08-10,2026-08-15,1468.28,Pago,202608
MEN00000237,ALU00020,2026-09-01,2026-09-10,2026-09-09,1437.81,Pago,202609
MEN00000238,ALU00020,2026-10-01,2026-10-10,2026-10-18,1476.89,Pago,202610
MEN00000239,ALU00020,2026-11-01,2026-11-10,2026-11-14,1467.94,Pago,202611
MEN00000240,ALU00020,2026-12-01,2026-12-10,2026-12-14,1456.86,Pago,202612
MEN00000241,ALU00021,2026-01-01,2026-01-10,2026-01-15,1417.92,Pago,202601
MEN00000242,ALU00021,2026-02-01,2026-02-10,2026-02-08,1470.55,Pago,202602
MEN00000243,ALU00021,2026-03-01,2026-03-10,2026-03-09,1471.58,Pago,202603
MEN00000244,ALU00021,2026-04-01,2026-04-10,2026-04-16,1479.08,Pago,202604
MEN00000245,ALU00021,2026-05-01,2026-05-10,2026-05-17,1492.0,Pago,202605
MEN00000246,ALU00021,2026-06-01,2026-06-10,2026-06-08,1463.7,Pago,202606
MEN00000247,ALU00021,2026-07-01,2026-07-10,2026-07-07,1464.17,Pago,202607
MEN00000248,ALU00021,2026-08-01,2026-08-10,2026-08-07,1429.89,Pago,202608
MEN00000249,ALU00021,2026-09-01,2026-09-10,2026-09-11,1434.28,Pago,202609
MEN00000250,ALU00021,2026-10-01,2026-10-10,2026-10-07,1460.32,Pago,202610
MEN00000251,ALU00021,2026-11-01,2026-11-10,2026-11-17,1443.32,Pago,202611
MEN00000252,ALU00021,2026-12-01,2026-12-10,,1443.2,Em Aberto,202612
MEN00000253,ALU00022,2026-01-01,2026-01-10,,1471.22,Vencido,202601
MEN00000254,ALU00022,2026-02-01,2026-02-10,2026-02-18,1483.19,Pago,202602
MEN00000255,ALU00022,2026-03-01,2026-03-10,2026-03-18,1460.85,Pago,202603
MEN00000256,ALU00022,2026-04-01,2026-04-10,2026-04-13,1428.16,Pago,202604
MEN00000257,ALU00022,2026-05-01,2026-05-10,2026-05-13,1449.82,Pago,202605
MEN00000258,ALU00022,2026-06-01,2026-06-10,2026-06-17,1408.95,Pago,202606
MEN00000259,ALU00022,2026-07-01,2026-07-10,2026-07-12,1416.94,Pago,202607
MEN00000260,ALU00022,2026-08-01,2026-08-10,,1409.17,Em Aberto,202608
MEN00000261,ALU00022,2026-09-01,2026-09-10,2026-09-12,1430.28,Pago,202609
MEN00000262,ALU00022,2026-10-01,2026-10-10,2026-10-07,1442.73,Pago,202610
MEN00000263,ALU00022,2026-11-01,2026-11-10,2026-11-15,1434.08,Pago,202611
MEN00000264,ALU00022,2026-12-01,2026-12-10,2026-12-14,1427.4,Pago,202612
MEN00000265,ALU00023,2026-01-01,2026-01-10,2026-01-16,1491.14,Pago,202601
MEN00000266,ALU00023,2026-02-01,2026-02-10,2026-02-17,1490.98,Pago,202602
MEN00000267,ALU00023,2026-03-01,2026-03-10,2026-03-15,1445.14,Pago,202603
MEN00000268,ALU00023,2026-04-01,2026-04-10,2026-04-07,1452.58,Pago,202604
MEN00000269,ALU00023,2026-05-01,2026-05-10,2026-05-15,1461.88,Pago,202605
MEN00000270,ALU00023,2026-06-01,2026-06-10,2026-06-18,1486.82,Pago,202606
MEN00000271,ALU00023,2026-07-01,2026-07-10,2026-07-14,1470.65,Pago,202607
MEN00000272,ALU00023,2026-08-01,2026-08-10,2026-08-17,1434.92,Pago,202608
MEN00000273,ALU00023,2026-09-01,2026-09-10,,1458.17,Em Aberto,202609
MEN00000274,ALU00023,2026-10-01,2026-10-10,2026-10-12,1421.28,Pago,202610
MEN00000275,ALU00023,2026-11-01,2026-11-10,2026-11-11,1413.38,Pago,202611
MEN00000276,ALU00023,2026-12-01,2026-12-10,,1406.83,Vencido,202612
MEN00000277,ALU00024,2026-01-01,2026-01-10,2026-01-17,1431.38,Pago,202601
MEN00000278,ALU00024,2026-02-01,2026-02-10,2026-02-15,1410.58,Pago,202602
MEN00000279,ALU00024,2026-03-01,2026-03-10,2026-03-10,1457.82,Pago,202603
MEN00000280,ALU00024,2026-04-01,2026-04-10,,1412.59,Em Aberto,202604
MEN00000281,ALU00024,2026-05-01,2026-05-10,2026-05-18,1446.75,Pago,202605
MEN00000282,ALU00024,2026-06-01,2026-06-10,2026-06-16,1444.3,Pago,202606
MEN00000283,ALU00024,2026-07-01,2026-07-10,2026-07-08,1476.47,Pago,202607
MEN00000284,ALU00024,2026-08-01,2026-08-10,2026-08-10,1463.81,Pago,202608
MEN00000285,ALU00024,2026-09-01,2026-09-10,2026-09-08,1440.27,Pago,202609
MEN00000286,ALU00024,2026-10-01,2026-10-10,2026-10-13,1448.98,Pago,202610
MEN00000287,ALU00024,2026-11-01,2026-11-10,2026-11-17,1441.29,Pago,202611
MEN00000288,ALU00024,2026-12-01,2026-12-10,,1413.04,Em Aberto,202612
MEN00000289,ALU00025,2026-01-01,2026-01-10,2026-01-15,1427.96,Pago,202601
MEN00000290,ALU00025,2026-02-01,2026-02-10,2026-02-14,1455.43,Pago,202602
MEN00000291,ALU00025,2026-03-01,2026-03-10,,1486.52,Em Aberto,202603
MEN00000292,ALU00025,2026-04-01,2026-04-10,,1490.01,Vencido,202604
MEN00000293,ALU00025,2026-05-01,2026-05-10,,1456.82,Em Aberto,202605
MEN00000294,ALU00025,2026-06-01,2026-06-10,2026-06-07,1452.38,Pago,202606
MEN00000295,ALU00025,2026-07-01,2026-07-10,2026-07-12,1425.03,Pago,202607
MEN00000296,ALU00025,2026-08-01,2026-08-10,2026-08-10,1461.02,Pago,202608
MEN00000297,ALU00025,2026-09-01,2026-09-10,2026-09-10,1483.7,Pago,202609
MEN00000298,ALU00025,2026-10-01,2026-10-10,,1423.69,Em Aberto,202610
MEN00000299,ALU00025,2026-11-01,2026-11-10,2026-11-08,1429.63,Pago,202611
MEN00000300,ALU00025,2026-12-01,2026-12-10,2026-12-08,1414.59,Pago,202612
MEN00000301,ALU00026,2026-01-01,2026-01-10,2026-01-17,1482.33,Pago,202601
MEN00000302,ALU00026,2026-02-01,2026-02-10,2026-02-08,1489.1,Pago,202602
MEN00000303,ALU00026,2026-03-01,2026-03-10,2026-03-16,1421.5,Pago,202603
MEN00000304,ALU00026,2026-04-01,2026-04-10,2026-04-09,1437.7,Pago,202604
MEN00000305,ALU00026,2026-05-01,2026-05-10,2026-05-07,1453.15,Pago,202605
MEN00000306,ALU00026,2026-06-01,2026-06-10,2026-06-08,1453.54,Pago,202606
MEN00000307,ALU00026,2026-07-01,2026-07-10,2026-07-13,1454.69,Pago,202607
MEN00000308,ALU00026,2026-08-01,2026-08-10,2026-08-18,1428.33,Pago,202608
MEN00000309,ALU00026,2026-09-01,2026-09-10,2026-09-12,1465.34,Pago,202609
MEN00000310,ALU00026,2026-10-01,2026-10-10,2026-10-13,1464.55,Pago,202610
MEN00000311,ALU00026,2026-11-01,2026-11-10,2026-11-14,1427.08,Pago,202611
MEN00000312,ALU00026,2026-12-01,2026-12-10,2026-12-15,1465.07,Pago,202612
MEN00000313,ALU00027,2026-01-01,2026-01-10,2026-01-17,1482.85,Pago,202601
MEN00000314,ALU00027,2026-02-01,2026-02-10,2026-02-12,1460.58,Pago,202602
MEN00000315,ALU00027,2026-03-01,2026-03-10,,1450.67,Vencido,202603
MEN00000316,ALU00027,2026-04-01,2026-04-10,2026-04-08,1486.71,Pago,202604
MEN00000317,ALU00027,2026-05-01,2026-05-10,2026-05-09,1478.21,Pago,202605
MEN00000318,ALU00027,2026-06-01,2026-06-10,2026-06-16,1479.68,Pago,202606
MEN00000319,ALU00027,2026-07-01,2026-07-10,2026-07-13,1469.36,Pago,202607
MEN00000320,ALU00027,2026-08-01,2026-08-10,2026-08-10,1471.79,Pago,202608
MEN00000321,ALU00027,2026-09-01,2026-09-10,2026-09-10,1456.26,Pago,202609
MEN00000322,ALU00027,2026-10-01,2026-10-10,2026-10-08,1457.1,Pago,202610
MEN00000323,ALU00027,2026-11-01,2026-11-10,2026-11-09,1413.34,Pago,202611
MEN00000324,ALU00027,2026-12-01,2026-12-10,2026-12-11,1408.82,Pago,202612
MEN00000325,ALU00028,2026-01-01,2026-01-10,2026-01-14,1488.8,Pago,202601
MEN00000326,ALU00028,2026-02-01,2026-02-10,2026-02-10,1436.5,Pago,202602
MEN00000327,ALU00028,2026-03-01,2026-03-10,2026-03-18,1449.51,Pago,202603
MEN00000328,ALU00028,2026-04-01,2026-04-10,2026-04-10,1435.46,Pago,202604
MEN00000329,ALU00028,2026-05-01,2026-05-10,2026-05-16,1479.9,Pago,202605
MEN00000330,ALU00028,2026-06-01,2026-06-10,2026-06-13,1488.11,Pago,202606
MEN00000331,ALU00028,2026-07-01,2026-07-10,2026-07-16,1427.05,Pago,202607
MEN00000332,ALU00028,2026-08-01,2026-08-10,2026-08-08,1470.19,Pago,202608
MEN00000333,ALU00028,2026-09-01,2026-09-10,2026-09-07,1466.05,Pago,202609
MEN00000334,ALU00028,2026-10-01,2026-10-10,2026-10-11,1427.64,Pago,202610
MEN00000335,ALU00028,2026-11-01,2026-11-10,2026-11-15,1483.18,Pago,202611
MEN00000336,ALU00028,2026-12-01,2026-12-10,2026-12-18,1461.5,Pago,202612
MEN00000337,ALU00029,2026-01-01,2026-01-10,2026-01-12,1491.88,Pago,202601
MEN00000338,ALU00029,2026-02-01,2026-02-10,2026-02-09,1451.76,Pago,202602
MEN00000339,ALU00029,2026-03-01,2026-03-10,,1480.49,Em Aberto,202603
MEN00000340,ALU00029,2026-04-01,2026-04-10,2026-04-07,1469.71,Pago,202604
MEN00000341,ALU00029,2026-05-01,2026-05-10,,1421.0,Em Aberto,202605
MEN00000342,ALU00029,2026-06-01,2026-06-10,2026-06-11,1416.0,Pago,202606
MEN00000343,ALU00029,2026-07-01,2026-07-10,2026-07-10,1476.05,Pago,202607
MEN00000344,ALU00029,2026-08-01,2026-08-10,2026-08-14,1455.59,Pago,202608
MEN00000345,ALU00029,2026-09-01,2026-09-10,2026-09-12,1466.64,Pago,202609
MEN00000346,ALU00029,2026-10-01,2026-10-10,2026-10-15,1475.27,Pago,202610
MEN00000347,ALU00029,2026-11-01,2026-11-10,2026-11-18,1464.2,Pago,202611
MEN00000348,ALU00029,2026-12-01,2026-12-10,2026-12-13,1429.01,Pago,202612
MEN00000349,ALU00030,2026-01-01,2026-01-10,2026-01-14,1455.7,Pago,202601
MEN00000350,ALU00030,2026-02-01,2026-02-10,2026-02-08,1461.15,Pago,202602
MEN00000351,ALU00030,2026-03-01,2026-03-10,2026-03-14,1449.12,Pago,202603
MEN00000352,ALU00030,2026-04-01,2026-04-10,2026-04-13,1431.76,Pago,202604
MEN00000353,ALU00030,2026-05-01,2026-05-10,,1462.71,Vencido,202605
MEN00000354,ALU00030,2026-06-01,2026-06-10,2026-06-11,1410.57,Pago,202606
MEN00000355,ALU00030,2026-07-01,2026-07-10,2026-07-17,1428.64,Pago,202607
MEN00000356,ALU00030,2026-08-01,2026-08-10,2026-08-18,1491.37,Pago,202608
MEN00000357,ALU00030,2026-09-01,2026-09-10,,1488.64,Em Aberto,202609
MEN00000358,ALU00030,2026-10-01,2026-10-10,,1471.88,Em Aberto,202610
MEN00000359,ALU00030,2026-11-01,2026-11-10,2026-11-17,1491.45,Pago,202611
MEN00000360,ALU00030,2026-12-01,2026-12-10,2026-12-13,1486.79,Pago,202612
MEN00000361,ALU00031,2026-01-01,2026-01-10,2026-01-13,1459.88,Pago,202601
MEN00000362,ALU00031,2026-02-01,2026-02-10,2026-02-12,1418.42,Pago,202602
MEN00000363,ALU00031,2026-03-01,2026-03-10,2026-03-18,1452.27,Pago,202603
MEN00000364,ALU00031,2026-04-01,2026-04-10,2026-04-15,1449.17,Pago,202604
MEN00000365,ALU00031,2026-05-01,2026-05-10,2026-05-09,1451.29,Pago,202605
MEN00000366,ALU00031,2026-06-01,2026-06-10,,1411.4,Em Aberto,202606
MEN00000367,ALU00031,2026-07-01,2026-07-10,2026-07-10,1473.11,Pago,202607
MEN00000368,ALU00031,2026-08-01,2026-08-10,2026-08-14,1462.72,Pago,202608
MEN00000369,ALU00031,2026-09-01,2026-09-10,2026-09-09,1490.47,Pago,202609
MEN00000370,ALU00031,2026-10-01,2026-10-10,2026-10-07,1429.89,Pago,202610
MEN00000371,ALU00031,2026-11-01,2026-11-10,2026-11-07,1462.12,Pago,202611
MEN00000372,ALU00031,2026-12-01,2026-12-10,2026-12-10,1423.23,Pago,202612
MEN00000373,ALU00032,2026-01-01,2026-01-10,2026-01-14,1473.81,Pago,202601
MEN00000374,ALU00032,2026-02-01,2026-02-10,2026-02-18,1445.66,Pago,202602
MEN00000375,ALU00032,2026-03-01,2026-03-10,,1478.95,Em Aberto,202603
MEN00000376,ALU00032,2026-04-01,2026-04-10,2026-04-12,1453.83,Pago,202604
MEN00000377,ALU00032,2026-05-01,2026-05-10,2026-05-12,1456.5,Pago,202605
MEN00000378,ALU00032,2026-06-01,2026-06-10,2026-06-10,1464.79,Pago,202606
MEN00000379,ALU00032,2026-07-01,2026-07-10,,1416.76,Vencido,202607
MEN00000380,ALU00032,2026-08-01,2026-08-10,,1459.42,Vencido,202608
MEN00000381,ALU00032,2026-09-01,2026-09-10,2026-09-17,1446.7,Pago,202609
MEN00000382,ALU00032,2026-10-01,2026-10-10,,1410.4,Em Aberto,202610
MEN00000383,ALU00032,2026-11-01,2026-11-10,2026-11-13,1427.26,Pago,202611
MEN00000384,ALU00032,2026-12-01,2026-12-10,2026-12-11,1433.48,Pago,202612
MEN00000385,ALU00033,2026-01-01,2026-01-10,2026-01-15,1418.79,Pago,202601
MEN00000386,ALU00033,2026-02-01,2026-02-10,,1422.97,Vencido,202602
MEN00000387,ALU00033,2026-03-01,2026-03-10,2026-03-10,1416.51,Pago,202603
MEN00000388,ALU00033,2026-04-01,2026-04-10,2026-04-10,1469.35,Pago,202604
MEN00000389,ALU00033,2026-05-01,2026-05-10,,1427.32,Em Aberto,202605
MEN00000390,ALU00033,2026-06-01,2026-06-10,2026-06-18,1482.17,Pago,202606
MEN00000391,ALU00033,2026-07-01,2026-07-10,2026-07-09,1413.01,Pago,202607
MEN00000392,ALU00033,2026-08-01,2026-08-10,2026-08-16,1424.54,Pago,202608
MEN00000393,ALU00033,2026-09-01,2026-09-10,2026-09-08,1481.28,Pago,202609
MEN00000394,ALU00033,2026-10-01,2026-10-10,2026-10-17,1491.24,Pago,202610
MEN00000395,ALU00033,2026-11-01,2026-11-10,2026-11-17,1472.53,Pago,202611
MEN00000396,ALU00033,2026-12-01,2026-12-10,,1408.08,Em Aberto,202612
MEN00000397,ALU00034,2026-01-01,2026-01-10,2026-01-16,1433.7,Pago,202601
MEN00000398,ALU00034,2026-02-01,2026-02-10,2026-02-09,1436.2,Pago,202602
MEN00000399,ALU00034,2026-03-01,2026-03-10,2026-03-13,1472.76,Pago,202603
MEN00000400,ALU00034,2026-04-01,2026-04-10,2026-04-09,1462.66,Pago,202604
MEN00000401,ALU00034,2026-05-01,2026-05-10,,1431.75,Em Aberto,202605
MEN00000402,ALU00034,2026-06-01,2026-06-10,2026-06-18,1434.49,Pago,202606
MEN00000403,ALU00034,2026-07-01,2026-07-10,2026-07-17,1462.6,Pago,202607
MEN00000404,ALU00034,2026-08-01,2026-08-10,2026-08-12,1435.19,Pago,202608
MEN00000405,ALU00034,2026-09-01,2026-09-10,,1426.25,Em Aberto,202609
MEN00000406,ALU00034,2026-10-01,2026-10-10,2026-10-07,1492.71,Pago,202610
MEN00000407,ALU00034,2026-11-01,2026-11-10,2026-11-09,1421.93,Pago,202611
MEN00000408,ALU00034,2026-12-01,2026-12-10,2026-12-17,1480.73,Pago,202612
MEN00000409,ALU00035,2026-01-01,2026-01-10,2026-01-17,1465.05,Pago,202601
MEN00000410,ALU00035,2026-02-01,2026-02-10,2026-02-07,1419.89,Pago,202602
MEN00000411,ALU00035,2026-03-01,2026-03-10,2026-03-16,1469.13,Pago,202603
MEN00000412,ALU00035,2026-04-01,2026-04-10,2026-04-17,1476.84,Pago,202604
MEN00000413,ALU00035,2026-05-01,2026-05-10,2026-05-18,1481.75,Pago,202605
MEN00000414,ALU00035,2026-06-01,2026-06-10,2026-06-10,1475.78,Pago,202606
MEN00000415,ALU00035,2026-07-01,2026-07-10,,1458.46,Vencido,202607
MEN00000416,ALU00035,2026-08-01,2026-08-10,,1440.68,Em Aberto,202608
MEN00000417,ALU00035,2026-09-01,2026-09-10,2026-09-17,1444.55,Pago,202609
MEN00000418,ALU00035,2026-10-01,2026-10-10,2026-10-10,1489.56,Pago,202610
MEN00000419,ALU00035,2026-11-01,2026-11-10,2026-11-10,1484.89,Pago,202611
MEN00000420,ALU00035,2026-12-01,2026-12-10,2026-12-11,1410.4,Pago,202612
MEN00000421,ALU00036,2026-01-01,2026-01-10,2026-01-12,1473.33,Pago,202601
MEN00000422,ALU00036,2026-02-01,2026-02-10,2026-02-17,1457.25,Pago,202602
MEN00000423,ALU00036,2026-03-01,2026-03-10,2026-03-15,1475.67,Pago,202603
MEN00000424,ALU00036,2026-04-01,2026-04-10,2026-04-15,1453.0,Pago,202604
MEN00000425,ALU00036,2026-05-01,2026-05-10,2026-05-09,1480.09,Pago,202605
MEN00000426,ALU00036,2026-06-01,2026-06-10,2026-06-17,1422.4,Pago,202606
MEN00000427,ALU00036,2026-07-01,2026-07-10,2026-07-16,1429.19,Pago,202607
MEN00000428,ALU00036,2026-08-01,2026-08-10,,1414.28,Em Aberto,202608
MEN00000429,ALU00036,2026-09-01,2026-09-10,2026-09-18,1479.27,Pago,202609
MEN00000430,ALU00036,2026-10-01,2026-10-10,,1431.56,Vencido,202610
MEN00000431,ALU00036,2026-11-01,2026-11-10,,1434.45,Vencido,202611
MEN00000432,ALU00036,2026-12-01,2026-12-10,2026-12-14,1423.02,Pago,202612
MEN00000433,ALU00037,2026-01-01,2026-01-10,2026-01-13,1406.71,Pago,202601
MEN00000434,ALU00037,2026-02-01,2026-02-10,2026-02-16,1446.0,Pago,202602
MEN00000435,ALU00037,2026-03-01,2026-03-10,2026-03-14,1431.98,Pago,202603
MEN00000436,ALU00037,2026-04-01,2026-04-10,2026-04-08,1422.17,Pago,202604
MEN00000437,ALU00037,2026-05-01,2026-05-10,,1407.44,Vencido,202605
MEN00000438,ALU00037,2026-06-01,2026-06-10,2026-06-17,1417.76,Pago,202606
MEN00000439,ALU00037,2026-07-01,2026-07-10,2026-07-16,1484.67,Pago,202607
MEN00000440,ALU00037,2026-08-01,2026-08-10,,1416.29,Em Aberto,202608
MEN00000441,ALU00037,2026-09-01,2026-09-10,2026-09-14,1465.79,Pago,202609
MEN00000442,ALU00037,2026-10-01,2026-10-10,2026-10-15,1436.46,Pago,202610
MEN00000443,ALU00037,2026-11-01,2026-11-10,2026-11-12,1465.23,Pago,202611
MEN00000444,ALU00037,2026-12-01,2026-12-10,2026-12-11,1466.25,Pago,202612
MEN00000445,ALU00038,2026-01-01,2026-01-10,2026-01-09,1447.57,Pago,202601
MEN00000446,ALU00038,2026-02-01,2026-02-10,,1426.56,Em Aberto,202602
MEN00000447,ALU00038,2026-03-01,2026-03-10,2026-03-16,1409.77,Pago,202603
MEN00000448,ALU00038,2026-04-01,2026-04-10,2026-04-10,1471.2,Pago,202604
MEN00000449,ALU00038,2026-05-01,2026-05-10,2026-05-09,1418.3,Pago,202605
MEN00000450,ALU00038,2026-06-01,2026-06-10,2026-06-11,1434.01,Pago,202606
MEN00000451,ALU00038,2026-07-01,2026-07-10,2026-07-13,1420.24,Pago,202607
MEN00000452,ALU00038,2026-08-01,2026-08-10,2026-08-11,1439.68,Pago,202608
MEN00000453,ALU00038,2026-09-01,2026-09-10,2026-09-17,1431.28,Pago,202609
MEN00000454,ALU00038,2026-10-01,2026-10-10,2026-10-15,1462.92,Pago,202610
MEN00000455,ALU00038,2026-11-01,2026-11-10,,1485.89,Vencido,202611
MEN00000456,ALU00038,2026-12-01,2026-12-10,2026-12-10,1447.79,Pago,202612
MEN00000457,ALU00039,2026-01-01,2026-01-10,,1431.75,Em Aberto,202601
MEN00000458,ALU00039,2026-02-01,2026-02-10,2026-02-17,1439.81,Pago,202602
MEN00000459,ALU00039,2026-03-01,2026-03-10,2026-03-14,1426.38,Pago,202603
MEN00000460,ALU00039,2026-04-01,2026-04-10,2026-04-18,1444.62,Pago,202604
MEN00000461,ALU00039,2026-05-01,2026-05-10,2026-05-10,1456.43,Pago,202605
MEN00000462,ALU00039,2026-06-01,2026-06-10,2026-06-08,1416.12,Pago,202606
MEN00000463,ALU00039,2026-07-01,2026-07-10,2026-07-09,1409.65,Pago,202607
MEN00000464,ALU00039,2026-08-01,2026-08-10,,1415.19,Em Aberto,202608
MEN00000465,ALU00039,2026-09-01,2026-09-10,2026-09-12,1435.14,Pago,202609
MEN00000466,ALU00039,2026-10-01,2026-10-10,2026-10-11,1418.51,Pago,202610
MEN00000467,ALU00039,2026-11-01,2026-11-10,2026-11-18,1482.41,Pago,202611
MEN00000468,ALU00039,2026-12-01,2026-12-10,,1407.96,Vencido,202612
MEN00000469,ALU00040,2026-01-01,2026-01-10,2026-01-07,1462.73,Pago,202601
MEN00000470,ALU00040,2026-02-01,2026-02-10,2026-02-12,1487.36,Pago,202602
MEN00000471,ALU00040,2026-03-01,2026-03-10,2026-03-14,1421.3,Pago,202603
MEN00000472,ALU00040,2026-04-01,2026-04-10,2026-04-14,1460.7,Pago,202604
MEN00000473,ALU00040,2026-05-01,2026-05-10,2026-05-07,1441.92,Pago,202605
MEN00000474,ALU00040,2026-06-01,2026-06-10,2026-06-17,1436.84,Pago,202606
MEN00000475,ALU00040,2026-07-01,2026-07-10,2026-07-08,1486.37,Pago,202607
MEN00000476,ALU00040,2026-08-01,2026-08-10,2026-08-11,1462.87,Pago,202608
MEN00000477,ALU00040,2026-09-01,2026-09-10,,1406.54,Vencido,202609
MEN00000478,ALU00040,2026-10-01,2026-10-10,2026-10-11,1424.14,Pago,202610
MEN00000479,ALU00040,2026-11-01,2026-11-10,2026-11-09,1468.07,Pago,202611
MEN00000480,ALU00040,2026-12-01,2026-12-10,2026-12-08,1420.89,Pago,202612
MEN00000481,ALU00041,2026-01-01,2026-01-10,,1483.36,Em Aberto,202601
MEN00000482,ALU00041,2026-02-01,2026-02-10,2026-02-09,1445.99,Pago,202602
MEN00000483,ALU00041,2026-03-01,2026-03-10,2026-03-15,1416.16,Pago,202603
MEN00000484,ALU00041,2026-04-01,2026-04-10,2026-04-10,1416.74,Pago,202604
MEN00000485,ALU00041,2026-05-01,2026-05-10,2026-05-11,1417.29,Pago,202605
MEN00000486,ALU00041,2026-06-01,2026-06-10,2026-06-11,1437.11,Pago,202606
MEN00000487,ALU00041,2026-07-01,2026-07-10,,1454.46,Em Aberto,202607
MEN00000488,ALU00041,2026-08-01,2026-08-10,2026-08-17,1444.12,Pago,202608
MEN00000489,ALU00041,2026-09-01,2026-09-10,2026-09-12,1485.89,Pago,202609
MEN00000490,ALU00041,2026-10-01,2026-10-10,2026-10-15,1483.43,Pago,202610
MEN00000491,ALU00041,2026-11-01,2026-11-10,,1459.21,Vencido,202611
MEN00000492,ALU00041,2026-12-01,2026-12-10,2026-12-16,1428.66,Pago,202612
MEN00000493,ALU00042,2026-01-01,2026-01-10,2026-01-09,1460.43,Pago,202601
MEN00000494,ALU00042,2026-02-01,2026-02-10,2026-02-15,1460.33,Pago,202602
MEN00000495,ALU00042,2026-03-01,2026-03-10,,1436.35,Vencido,202603
MEN00000496,ALU00042,2026-04-01,2026-04-10,2026-04-18,1475.9,Pago,202604
MEN00000497,ALU00042,2026-05-01,2026-05-10,2026-05-09,1413.3,Pago,202605
MEN00000498,ALU00042,2026-06-01,2026-06-10,2026-06-11,1452.12,Pago,202606
MEN00000499,ALU00042,2026-07-01,2026-07-10,2026-07-18,1451.63,Pago,202607
MEN00000500,ALU00042,2026-08-01,2026-08-10,2026-08-10,1464.7,Pago,202608
MEN00000501,ALU00042,2026-09-01,2026-09-10,,1463.55,Vencido,202609
MEN00000502,ALU00042,2026-10-01,2026-10-10,,1463.87,Em Aberto,202610
MEN00000503,ALU00042,2026-11-01,2026-11-10,2026-11-18,1448.61,Pago,202611
MEN00000504,ALU00042,2026-12-01,2026-12-10,2026-12-08,1487.09,Pago,202612
MEN00000505,ALU00043,2026-01-01,2026-01-10,2026-01-16,1462.27,Pago,202601
MEN00000506,ALU00043,2026-02-01,2026-02-10,2026-02-07,1454.16,Pago,202602
MEN00000507,ALU00043,2026-03-01,2026-03-10,,1476.62,Vencido,202603
MEN00000508,ALU00043,2026-04-01,2026-04-10,2026-04-17,1421.9,Pago,202604
MEN00000509,ALU00043,2026-05-01,2026-05-10,2026-05-11,1486.96,Pago,202605
MEN00000510,ALU00043,2026-06-01,2026-06-10,2026-06-08,1442.1,Pago,202606
MEN00000511,ALU00043,2026-07-01,2026-07-10,2026-07-12,1478.04,Pago,202607
MEN00000512,ALU00043,2026-08-01,2026-08-10,2026-08-10,1445.32,Pago,202608
MEN00000513,ALU00043,2026-09-01,2026-09-10,,1493.06,Vencido,202609
MEN00000514,ALU00043,2026-10-01,2026-10-10,2026-10-09,1493.38,Pago,202610
MEN00000515,ALU00043,2026-11-01,2026-11-10,,1469.01,Vencido,202611
MEN00000516,ALU00043,2026-12-01,2026-12-10,2026-12-07,1427.19,Pago,202612
MEN00000517,ALU00044,2026-01-01,2026-01-10,2026-01-14,1432.0,Pago,202601
MEN00000518,ALU00044,2026-02-01,2026-02-10,2026-02-16,1476.82,Pago,202602
MEN00000519,ALU00044,2026-03-01,2026-03-10,2026-03-09,1458.3,Pago,202603
MEN00000520,ALU00044,2026-04-01,2026-04-10,2026-04-18,1456.35,Pago,202604
MEN00000521,ALU00044,2026-05-01,2026-05-10,2026-05-17,1432.26,Pago,202605
MEN00000522,ALU00044,2026-06-01,2026-06-10,2026-06-11,1466.29,Pago,202606
MEN00000523,ALU00044,2026-07-01,2026-07-10,2026-07-09,1456.03,Pago,202607
MEN00000524,ALU00044,2026-08-01,2026-08-10,2026-08-11,1426.96,Pago,202608
MEN00000525,ALU00044,2026-09-01,2026-09-10,2026-09-11,1410.96,Pago,202609
MEN00000526,ALU00044,2026-10-01,2026-10-10,2026-10-13,1460.11,Pago,202610
MEN00000527,ALU00044,2026-11-01,2026-11-10,2026-11-16,1451.11,Pago,202611
MEN00000528,ALU00044,2026-12-01,2026-12-10,2026-12-09,1433.58,Pago,202612
MEN00000529,ALU00045,2026-01-01,2026-01-10,2026-01-08,1465.79,Pago,202601
MEN00000530,ALU00045,2026-02-01,2026-02-10,2026-02-16,1448.66,Pago,202602
MEN00000531,ALU00045,2026-03-01,2026-03-10,2026-03-13,1479.75,Pago,202603
MEN00000532,ALU00045,2026-04-01,2026-04-10,2026-04-16,1442.82,Pago,202604
MEN00000533,ALU00045,2026-05-01,2026-05-10,2026-05-18,1464.74,Pago,202605
MEN00000534,ALU00045,2026-06-01,2026-06-10,2026-06-07,1466.71,Pago,202606
MEN00000535,ALU00045,2026-07-01,2026-07-10,2026-07-15,1493.02,Pago,202607
MEN00000536,ALU00045,2026-08-01,2026-08-10,2026-08-08,1430.95,Pago,202608
MEN00000537,ALU00045,2026-09-01,2026-09-10,,1466.08,Em Aberto,202609
MEN00000538,ALU00045,2026-10-01,2026-10-10,2026-10-12,1423.34,Pago,202610
MEN00000539,ALU00045,2026-11-01,2026-11-10,2026-11-11,1486.37,Pago,202611
MEN00000540,ALU00045,2026-12-01,2026-12-10,2026-12-13,1478.28,Pago,202612
MEN00000541,ALU00046,2026-01-01,2026-01-10,2026-01-09,1475.08,Pago,202601
MEN00000542,ALU00046,2026-02-01,2026-02-10,2026-02-12,1472.67,Pago,202602
MEN00000543,ALU00046,2026-03-01,2026-03-10,,1468.65,Vencido,202603
MEN00000544,ALU00046,2026-04-01,2026-04-10,2026-04-09,1471.01,Pago,202604
MEN00000545,ALU00046,2026-05-01,2026-05-10,2026-05-18,1484.89,Pago,202605
MEN00000546,ALU00046,2026-06-01,2026-06-10,2026-06-11,1433.38,Pago,202606
MEN00000547,ALU00046,2026-07-01,2026-07-10,2026-07-09,1443.05,Pago,202607
MEN00000548,ALU00046,2026-08-01,2026-08-10,2026-08-09,1419.36,Pago,202608
MEN00000549,ALU00046,2026-09-01,2026-09-10,2026-09-14,1413.35,Pago,202609
MEN00000550,ALU00046,2026-10-01,2026-10-10,,1462.46,Vencido,202610
MEN00000551,ALU00046,2026-11-01,2026-11-10,2026-11-18,1468.47,Pago,202611
MEN00000552,ALU00046,2026-12-01,2026-12-10,2026-12-08,1426.11,Pago,202612
MEN00000553,ALU00047,2026-01-01,2026-01-10,2026-01-08,1439.57,Pago,202601
MEN00000554,ALU00047,2026-02-01,2026-02-10,2026-02-10,1445.71,Pago,202602
MEN00000555,ALU00047,2026-03-01,2026-03-10,2026-03-15,1488.15,Pago,202603
MEN00000556,ALU00047,2026-04-01,2026-04-10,2026-04-09,1456.43,Pago,202604
MEN00000557,ALU00047,2026-05-01,2026-05-10,2026-05-18,1407.74,Pago,202605
MEN00000558,ALU00047,2026-06-01,2026-06-10,,1463.8,Vencido,202606
MEN00000559,ALU00047,2026-07-01,2026-07-10,2026-07-15,1462.85,Pago,202607
MEN00000560,ALU00047,2026-08-01,2026-08-10,2026-08-13,1490.25,Pago,202608
MEN00000561,ALU00047,2026-09-01,2026-09-10,2026-09-13,1486.85,Pago,202609
MEN00000562,ALU00047,2026-10-01,2026-10-10,2026-10-07,1409.45,Pago,202610
MEN00000563,ALU00047,2026-11-01,2026-11-10,2026-11-17,1475.93,Pago,202611
MEN00000564,ALU00047,2026-12-01,2026-12-10,2026-12-15,1445.56,Pago,202612
MEN00000565,ALU00048,2026-01-01,2026-01-10,2026-01-18,1436.48,Pago,202601
MEN00000566,ALU00048,2026-02-01,2026-02-10,,1446.66,Vencido,202602
MEN00000567,ALU00048,2026-03-01,2026-03-10,2026-03-08,1439.1,Pago,202603
MEN00000568,ALU00048,2026-04-01,2026-04-10,,1463.3,Vencido,202604
MEN00000569,ALU00048,2026-05-01,2026-05-10,2026-05-13,1449.86,Pago,202605
MEN00000570,ALU00048,2026-06-01,2026-06-10,,1488.46,Vencido,202606
MEN00000571,ALU00048,2026-07-01,2026-07-10,,1487.06,Em Aberto,202607
MEN00000572,ALU00048,2026-08-01,2026-08-10,2026-08-09,1486.29,Pago,202608
MEN00000573,ALU00048,2026-09-01,2026-09-10,2026-09-12,1446.75,Pago,202609
MEN00000574,ALU00048,2026-10-01,2026-10-10,,1412.4,Em Aberto,202610
MEN00000575,ALU00048,2026-11-01,2026-11-10,2026-11-14,1414.86,Pago,202611
MEN00000576,ALU00048,2026-12-01,2026-12-10,,1428.59,Vencido,202612
MEN00000577,ALU00049,2026-01-01,2026-01-10,2026-01-07,1430.41,Pago,202601
MEN00000578,ALU00049,2026-02-01,2026-02-10,2026-02-07,1461.11,Pago,202602
MEN00000579,ALU00049,2026-03-01,2026-03-10,2026-03-12,1475.69,Pago,202603
MEN00000580,ALU00049,2026-04-01,2026-04-10,2026-04-13,1441.47,Pago,202604
MEN00000581,ALU00049,2026-05-01,2026-05-10,2026-05-17,1457.24,Pago,202605
MEN00000582,ALU00049,2026-06-01,2026-06-10,,1468.83,Em Aberto,202606
MEN00000583,ALU00049,2026-07-01,2026-07-10,2026-07-08,1444.3,Pago,202607
MEN00000584,ALU00049,2026-08-01,2026-08-10,,1487.22,Em Aberto,202608
MEN00000585,ALU00049,2026-09-01,2026-09-10,2026-09-08,1491.83,Pago,202609
MEN00000586,ALU00049,2026-10-01,2026-10-10,,1449.11,Em Aberto,202610
MEN00000587,ALU00049,2026-11-01,2026-11-10,2026-11-13,1469.96,Pago,202611
MEN00000588,ALU00049,2026-12-01,2026-12-10,2026-12-14,1410.8,Pago,202612
MEN00000589,ALU00050,2026-01-01,2026-01-10,2026-01-14,1416.46,Pago,202601
MEN00000590,ALU00050,2026-02-01,2026-02-10,2026-02-16,1430.56,Pago,202602
MEN00000591,ALU00050,2026-03-01,2026-03-10,2026-03-18,1452.87,Pago,202603
MEN00000592,ALU00050,2026-04-01,2026-04-10,,1407.95,Em Aberto,202604
MEN00000593,ALU00050,2026-05-01,2026-05-10,,1481.52,Vencido,202605
MEN00000594,ALU00050,2026-06-01,2026-06-10,2026-06-10,1454.47,Pago,202606
MEN00000595,ALU00050,2026-07-01,2026-07-10,2026-07-15,1447.23,Pago,202607
MEN00000596,ALU00050,2026-08-01,2026-08-10,2026-08-07,1455.83,Pago,202608
MEN00000597,ALU00050,2026-09-01,2026-09-10,2026-09-12,1445.89,Pago,202609
MEN00000598,ALU00050,2026-10-01,2026-10-10,2026-10-11,1453.06,Pago,202610
MEN00000599,ALU00050,2026-11-01,2026-11-10,2026-11-08,1440.64,Pago,202611
MEN00000600,ALU00050,2026-12-01,2026-12-10,,1448.07,Vencido,202612
MEN00000601,ALU00051,2026-01-01,2026-01-10,2026-01-09,1421.52,Pago,202601
MEN00000602,ALU00051,2026-02-01,2026-02-10,2026-02-12,1416.54,Pago,202602
MEN00000603,ALU00051,2026-03-01,2026-03-10,2026-03-08,1478.61,Pago,202603
MEN00000604,ALU00051,2026-04-01,2026-04-10,,1447.93,Vencido,202604
MEN00000605,ALU00051,2026-05-01,2026-05-10,2026-05-12,1441.95,Pago,202605
MEN00000606,ALU00051,2026-06-01,2026-06-10,2026-06-10,1422.86,Pago,202606
MEN00000607,ALU00051,2026-07-01,2026-07-10,2026-07-14,1407.93,Pago,202607
MEN00000608,ALU00051,2026-08-01,2026-08-10,2026-08-12,1445.14,Pago,202608
MEN00000609,ALU00051,2026-09-01,2026-09-10,2026-09-10,1478.09,Pago,202609
MEN00000610,ALU00051,2026-10-01,2026-10-10,2026-10-09,1457.56,Pago,202610
MEN00000611,ALU00051,2026-11-01,2026-11-10,2026-11-16,1411.26,Pago,202611
MEN00000612,ALU00051,2026-12-01,2026-12-10,2026-12-11,1459.38,Pago,202612
MEN00000613,ALU00052,2026-01-01,2026-01-10,,1419.93,Vencido,202601
MEN00000614,ALU00052,2026-02-01,2026-02-10,2026-02-17,1471.69,Pago,202602
MEN00000615,ALU00052,2026-03-01,2026-03-10,2026-03-14,1459.14,Pago,202603
MEN00000616,ALU00052,2026-04-01,2026-04-10,2026-04-18,1438.84,Pago,202604
MEN00000617,ALU00052,2026-05-01,2026-05-10,2026-05-15,1430.59,Pago,202605
MEN00000618,ALU00052,2026-06-01,2026-06-10,2026-06-13,1443.15,Pago,202606
MEN00000619,ALU00052,2026-07-01,2026-07-10,2026-07-11,1440.87,Pago,202607
MEN00000620,ALU00052,2026-08-01,2026-08-10,,1425.98,Em Aberto,202608
MEN00000621,ALU00052,2026-09-01,2026-09-10,2026-09-12,1489.11,Pago,202609
MEN00000622,ALU00052,2026-10-01,2026-10-10,,1480.91,Vencido,202610
MEN00000623,ALU00052,2026-11-01,2026-11-10,2026-11-13,1418.76,Pago,202611
MEN00000624,ALU00052,2026-12-01,2026-12-10,2026-12-15,1490.98,Pago,202612
MEN00000625,ALU00053,2026-01-01,2026-01-10,2026-01-12,1413.15,Pago,202601
MEN00000626,ALU00053,2026-02-01,2026-02-10,2026-02-17,1474.74,Pago,202602
MEN00000627,ALU00053,2026-03-01,2026-03-10,2026-03-17,1426.72,Pago,202603
MEN00000628,ALU00053,2026-04-01,2026-04-10,,1412.07,Em Aberto,202604
MEN00000629,ALU00053,2026-05-01,2026-05-10,2026-05-13,1473.22,Pago,202605
MEN00000630,ALU00053,2026-06-01,2026-06-10,2026-06-09,1407.69,Pago,202606
MEN00000631,ALU00053,2026-07-01,2026-07-10,2026-07-11,1423.13,Pago,202607
MEN00000632,ALU00053,2026-08-01,2026-08-10,2026-08-11,1491.64,Pago,202608
MEN00000633,ALU00053,2026-09-01,2026-09-10,2026-09-12,1442.66,Pago,202609
MEN00000634,ALU00053,2026-10-01,2026-10-10,2026-10-17,1419.16,Pago,202610
MEN00000635,ALU00053,2026-11-01,2026-11-10,2026-11-17,1479.51,Pago,202611
MEN00000636,ALU00053,2026-12-01,2026-12-10,,1421.85,Em Aberto,202612
MEN00000637,ALU00054,2026-01-01,2026-01-10,2026-01-18,1460.93,Pago,202601
MEN00000638,ALU00054,2026-02-01,2026-02-10,2026-02-09,1465.42,Pago,202602
MEN00000639,ALU00054,2026-03-01,2026-03-10,,1488.32,Em Aberto,202603
MEN00000640,ALU00054,2026-04-01,2026-04-10,2026-04-10,1416.04,Pago,202604
MEN00000641,ALU00054,2026-05-01,2026-05-10,2026-05-15,1435.81,Pago,202605
MEN00000642,ALU00054,2026-06-01,2026-06-10,2026-06-11,1468.27,Pago,202606
MEN00000643,ALU00054,2026-07-01,2026-07-10,2026-07-10,1417.73,Pago,202607
MEN00000644,ALU00054,2026-08-01,2026-08-10,2026-08-10,1449.13,Pago,202608
MEN00000645,ALU00054,2026-09-01,2026-09-10,,1435.15,Em Aberto,202609
MEN00000646,ALU00054,2026-10-01,2026-10-10,2026-10-18,1417.66,Pago,202610
MEN00000647,ALU00054,2026-11-01,2026-11-10,2026-11-18,1451.27,Pago,202611
MEN00000648,ALU00054,2026-12-01,2026-12-10,,1472.74,Vencido,202612
MEN00000649,ALU00055,2026-01-01,2026-01-10,2026-01-10,1485.01,Pago,202601
MEN00000650,ALU00055,2026-02-01,2026-02-10,2026-02-16,1439.25,Pago,202602
MEN00000651,ALU00055,2026-03-01,2026-03-10,2026-03-11,1466.8,Pago,202603
MEN00000652,ALU00055,2026-04-01,2026-04-10,2026-04-09,1452.11,Pago,202604
MEN00000653,ALU00055,2026-05-01,2026-05-10,2026-05-13,1435.12,Pago,202605
MEN00000654,ALU00055,2026-06-01,2026-06-10,2026-06-16,1414.85,Pago,202606
MEN00000655,ALU00055,2026-07-01,2026-07-10,2026-07-18,1484.58,Pago,202607
MEN00000656,ALU00055,2026-08-01,2026-08-10,,1485.65,Em Aberto,202608
MEN00000657,ALU00055,2026-09-01,2026-09-10,2026-09-08,1434.23,Pago,202609
MEN00000658,ALU00055,2026-10-01,2026-10-10,2026-10-11,1435.02,Pago,202610
MEN00000659,ALU00055,2026-11-01,2026-11-10,2026-11-10,1456.09,Pago,202611
MEN00000660,ALU00055,2026-12-01,2026-12-10,2026-12-10,1446.38,Pago,202612
MEN00000661,ALU00056,2026-01-01,2026-01-10,2026-01-08,1463.28,Pago,202601
MEN00000662,ALU00056,2026-02-01,2026-02-10,2026-02-15,1478.62,Pago,202602
MEN00000663,ALU00056,2026-03-01,2026-03-10,2026-03-14,1434.61,Pago,202603
MEN00000664,ALU00056,2026-04-01,2026-04-10,2026-04-11,1410.16,Pago,202604
MEN00000665,ALU00056,2026-05-01,2026-05-10,2026-05-14,1454.85,Pago,202605
MEN00000666,ALU00056,2026-06-01,2026-06-10,2026-06-11,1465.53,Pago,202606
MEN00000667,ALU00056,2026-07-01,2026-07-10,2026-07-13,1446.38,Pago,202607
MEN00000668,ALU00056,2026-08-01,2026-08-10,2026-08-18,1431.29,Pago,202608
MEN00000669,ALU00056,2026-09-01,2026-09-10,2026-09-11,1471.43,Pago,202609
MEN00000670,ALU00056,2026-10-01,2026-10-10,2026-10-13,1415.56,Pago,202610
MEN00000671,ALU00056,2026-11-01,2026-11-10,2026-11-11,1480.53,Pago,202611
MEN00000672,ALU00056,2026-12-01,2026-12-10,2026-12-09,1493.35,Pago,202612
MEN00000673,ALU00057,2026-01-01,2026-01-10,,1446.22,Vencido,202601
MEN00000674,ALU00057,2026-02-01,2026-02-10,2026-02-16,1477.55,Pago,202602
MEN00000675,ALU00057,2026-03-01,2026-03-10,2026-03-07,1415.1,Pago,202603
MEN00000676,ALU00057,2026-04-01,2026-04-10,2026-04-11,1458.0,Pago,202604
MEN00000677,ALU00057,2026-05-01,2026-05-10,2026-05-12,1483.1,Pago,202605
MEN00000678,ALU00057,2026-06-01,2026-06-10,2026-06-11,1464.95,Pago,202606
MEN00000679,ALU00057,2026-07-01,2026-07-10,2026-07-10,1444.05,Pago,202607
MEN00000680,ALU00057,2026-08-01,2026-08-10,,1457.39,Em Aberto,202608
MEN00000681,ALU00057,2026-09-01,2026-09-10,,1423.68,Vencido,202609
MEN00000682,ALU00057,2026-10-01,2026-10-10,2026-10-13,1436.06,Pago,202610
MEN00000683,ALU00057,2026-11-01,2026-11-10,2026-11-14,1416.65,Pago,202611
MEN00000684,ALU00057,2026-12-01,2026-12-10,,1476.31,Em Aberto,202612
MEN00000685,ALU00058,2026-01-01,2026-01-10,2026-01-14,1444.04,Pago,202601
MEN00000686,ALU00058,2026-02-01,2026-02-10,2026-02-16,1470.42,Pago,202602
MEN00000687,ALU00058,2026-03-01,2026-03-10,2026-03-10,1474.16,Pago,202603
MEN00000688,ALU00058,2026-04-01,2026-04-10,,1445.88,Em Aberto,202604
MEN00000689,ALU00058,2026-05-01,2026-05-10,2026-05-15,1415.35,Pago,202605
MEN00000690,ALU00058,2026-06-01,2026-06-10,2026-06-09,1418.23,Pago,202606
MEN00000691,ALU00058,2026-07-01,2026-07-10,2026-07-08,1429.95,Pago,202607
MEN00000692,ALU00058,2026-08-01,2026-08-10,,1432.04,Vencido,202608
MEN00000693,ALU00058,2026-09-01,2026-09-10,2026-09-14,1483.62,Pago,202609
MEN00000694,ALU00058,2026-10-01,2026-10-10,2026-10-14,1460.5,Pago,202610
MEN00000695,ALU00058,2026-11-01,2026-11-10,2026-11-10,1425.94,Pago,202611
MEN00000696,ALU00058,2026-12-01,2026-12-10,,1449.66,Vencido,202612
MEN00000697,ALU00059,2026-01-01,2026-01-10,2026-01-16,1416.74,Pago,202601
MEN00000698,ALU00059,2026-02-01,2026-02-10,,1435.04,Vencido,202602
MEN00000699,ALU00059,2026-03-01,2026-03-10,2026-03-11,1408.87,Pago,202603
MEN00000700,ALU00059,2026-04-01,2026-04-10,2026-04-15,1458.92,Pago,202604
MEN00000701,ALU00059,2026-05-01,2026-05-10,2026-05-08,1424.06,Pago,202605
MEN00000702,ALU00059,2026-06-01,2026-06-10,,1451.45,Em Aberto,202606
MEN00000703,ALU00059,2026-07-01,2026-07-10,2026-07-10,1414.8,Pago,202607
MEN00000704,ALU00059,2026-08-01,2026-08-10,,1489.12,Em Aberto,202608
MEN00000705,ALU00059,2026-09-01,2026-09-10,2026-09-09,1451.85,Pago,202609
MEN00000706,ALU00059,2026-10-01,2026-10-10,2026-10-10,1428.96,Pago,202610
MEN00000707,ALU00059,2026-11-01,2026-11-10,2026-11-07,1419.17,Pago,202611
MEN00000708,ALU00059,2026-12-01,2026-12-10,2026-12-11,1423.09,Pago,202612
MEN00000709,ALU00060,2026-01-01,2026-01-10,2026-01-14,1440.33,Pago,202601
MEN00000710,ALU00060,2026-02-01,2026-02-10,2026-02-08,1475.28,Pago,202602
MEN00000711,ALU00060,2026-03-01,2026-03-10,2026-03-10,1478.86,Pago,202603
MEN00000712,ALU00060,2026-04-01,2026-04-10,2026-04-17,1414.66,Pago,202604
MEN00000713,ALU00060,2026-05-01,2026-05-10,2026-05-14,1492.01,Pago,202605
MEN00000714,ALU00060,2026-06-01,2026-06-10,2026-06-07,1441.1,Pago,202606
MEN00000715,ALU00060,2026-07-01,2026-07-10,,1424.75,Em Aberto,202607
MEN00000716,ALU00060,2026-08-01,2026-08-10,2026-08-12,1439.49,Pago,202608
MEN00000717,ALU00060,2026-09-01,2026-09-10,2026-09-18,1480.34,Pago,202609
MEN00000718,ALU00060,2026-10-01,2026-10-10,2026-10-13,1410.5,Pago,202610
MEN00000719,ALU00060,2026-11-01,2026-11-10,2026-11-18,1433.11,Pago,202611
MEN00000720,ALU00060,2026-12-01,2026-12-10,2026-12-13,1451.59,Pago,202612
MEN00000721,ALU00061,2026-01-01,2026-01-10,2026-01-08,1448.55,Pago,202601
MEN00000722,ALU00061,2026-02-01,2026-02-10,2026-02-08,1419.08,Pago,202602
MEN00000723,ALU00061,2026-03-01,2026-03-10,,1473.47,Vencido,202603
MEN00000724,ALU00061,2026-04-01,2026-04-10,2026-04-08,1469.39,Pago,202604
MEN00000725,ALU00061,2026-05-01,2026-05-10,2026-05-13,1472.16,Pago,202605
MEN00000726,ALU00061,2026-06-01,2026-06-10,2026-06-14,1432.63,Pago,202606
MEN00000727,ALU00061,2026-07-01,2026-07-10,,1492.28,Vencido,202607
MEN00000728,ALU00061,2026-08-01,2026-08-10,2026-08-16,1421.33,Pago,202608
MEN00000729,ALU00061,2026-09-01,2026-09-10,2026-09-09,1437.24,Pago,202609
MEN00000730,ALU00061,2026-10-01,2026-10-10,,1419.31,Vencido,202610
MEN00000731,ALU00061,2026-11-01,2026-11-10,,1460.5,Vencido,202611
MEN00000732,ALU00061,2026-12-01,2026-12-10,2026-12-15,1453.57,Pago,202612
MEN00000733,ALU00062,2026-01-01,2026-01-10,2026-01-08,1446.9,Pago,202601
MEN00000734,ALU00062,2026-02-01,2026-02-10,2026-02-07,1462.22,Pago,202602
MEN00000735,ALU00062,2026-03-01,2026-03-10,,1431.37,Vencido,202603
MEN00000736,ALU00062,2026-04-01,2026-04-10,2026-04-08,1450.02,Pago,202604
MEN00000737,ALU00062,2026-05-01,2026-05-10,2026-05-07,1417.93,Pago,202605
MEN00000738,ALU00062,2026-06-01,2026-06-10,,1444.54,Vencido,202606
MEN00000739,ALU00062,2026-07-01,2026-07-10,2026-07-10,1451.53,Pago,202607
MEN00000740,ALU00062,2026-08-01,2026-08-10,2026-08-14,1440.1,Pago,202608
MEN00000741,ALU00062,2026-09-01,2026-09-10,2026-09-17,1456.37,Pago,202609
MEN00000742,ALU00062,2026-10-01,2026-10-10,2026-10-14,1416.28,Pago,202610
MEN00000743,ALU00062,2026-11-01,2026-11-10,,1435.51,Vencido,202611
MEN00000744,ALU00062,2026-12-01,2026-12-10,2026-12-17,1474.28,Pago,202612
MEN00000745,ALU00063,2026-01-01,2026-01-10,2026-01-13,1418.94,Pago,202601
MEN00000746,ALU00063,2026-02-01,2026-02-10,,1438.78,Em Aberto,202602
MEN00000747,ALU00063,2026-03-01,2026-03-10,2026-03-12,1419.59,Pago,202603
MEN00000748,ALU00063,2026-04-01,2026-04-10,2026-04-08,1435.09,Pago,202604
MEN00000749,ALU00063,2026-05-01,2026-05-10,,1492.88,Em Aberto,202605
MEN00000750,ALU00063,2026-06-01,2026-06-10,2026-06-08,1444.43,Pago,202606
MEN00000751,ALU00063,2026-07-01,2026-07-10,2026-07-18,1446.6,Pago,202607
MEN00000752,ALU00063,2026-08-01,2026-08-10,2026-08-18,1421.92,Pago,202608
MEN00000753,ALU00063,2026-09-01,2026-09-10,2026-09-14,1420.68,Pago,202609
MEN00000754,ALU00063,2026-10-01,2026-10-10,2026-10-09,1417.45,Pago,202610
MEN00000755,ALU00063,2026-11-01,2026-11-10,2026-11-18,1452.97,Pago,202611
MEN00000756,ALU00063,2026-12-01,2026-12-10,,1421.14,Em Aberto,202612
MEN00000757,ALU00064,2026-01-01,2026-01-10,2026-01-07,1443.84,Pago,202601
MEN00000758,ALU00064,2026-02-01,2026-02-10,,1409.0,Em Aberto,202602
MEN00000759,ALU00064,2026-03-01,2026-03-10,2026-03-17,1419.06,Pago,202603
MEN00000760,ALU00064,2026-04-01,2026-04-10,2026-04-11,1449.53,Pago,202604
MEN00000761,ALU00064,2026-05-01,2026-05-10,2026-05-14,1423.28,Pago,202605
MEN00000762,ALU00064,2026-06-01,2026-06-10,2026-06-10,1483.74,Pago,202606
MEN00000763,ALU00064,2026-07-01,2026-07-10,,1425.6,Vencido,202607
MEN00000764,ALU00064,2026-08-01,2026-08-10,2026-08-14,1406.8,Pago,202608
MEN00000765,ALU00064,2026-09-01,2026-09-10,2026-09-11,1439.36,Pago,202609
MEN00000766,ALU00064,2026-10-01,2026-10-10,2026-10-13,1493.2,Pago,202610
MEN00000767,ALU00064,2026-11-01,2026-11-10,,1417.06,Vencido,202611
MEN00000768,ALU00064,2026-12-01,2026-12-10,,1436.56,Em Aberto,202612
MEN00000769,ALU00065,2026-01-01,2026-01-10,2026-01-10,1467.14,Pago,202601
MEN00000770,ALU00065,2026-02-01,2026-02-10,,1441.38,Em Aberto,202602
MEN00000771,ALU00065,2026-03-01,2026-03-10,2026-03-10,1486.66,Pago,202603
MEN00000772,ALU00065,2026-04-01,2026-04-10,2026-04-15,1448.27,Pago,202604
MEN00000773,ALU00065,2026-05-01,2026-05-10,2026-05-10,1408.21,Pago,202605
MEN00000774,ALU00065,2026-06-01,2026-06-10,2026-06-13,1467.25,Pago,202606
MEN00000775,ALU00065,2026-07-01,2026-07-10,2026-07-09,1448.34,Pago,202607
MEN00000776,ALU00065,2026-08-01,2026-08-10,2026-08-09,1437.63,Pago,202608
MEN00000777,ALU00065,2026-09-01,2026-09-10,2026-09-13,1437.63,Pago,202609
MEN00000778,ALU00065,2026-10-01,2026-10-10,2026-10-10,1483.34,Pago,202610
MEN00000779,ALU00065,2026-11-01,2026-11-10,2026-11-13,1490.08,Pago,202611
MEN00000780,ALU00065,2026-12-01,2026-12-10,2026-12-12,1487.82,Pago,202612
MEN00000781,ALU00066,2026-01-01,2026-01-10,2026-01-08,1420.98,Pago,202601
MEN00000782,ALU00066,2026-02-01,2026-02-10,2026-02-10,1447.56,Pago,202602
MEN00000783,ALU00066,2026-03-01,2026-03-10,2026-03-11,1408.46,Pago,202603
MEN00000784,ALU00066,2026-04-01,2026-04-10,2026-04-15,1471.92,Pago,202604
MEN00000785,ALU00066,2026-05-01,2026-05-10,2026-05-12,1433.3,Pago,202605
MEN00000786,ALU00066,2026-06-01,2026-06-10,2026-06-11,1431.69,Pago,202606
MEN00000787,ALU00066,2026-07-01,2026-07-10,2026-07-07,1434.41,Pago,202607
MEN00000788,ALU00066,2026-08-01,2026-08-10,2026-08-08,1420.02,Pago,202608
MEN00000789,ALU00066,2026-09-01,2026-09-10,2026-09-11,1420.82,Pago,202609
MEN00000790,ALU00066,2026-10-01,2026-10-10,2026-10-18,1466.51,Pago,202610
MEN00000791,ALU00066,2026-11-01,2026-11-10,2026-11-12,1477.2,Pago,202611
MEN00000792,ALU00066,2026-12-01,2026-12-10,2026-12-17,1430.87,Pago,202612
MEN00000793,ALU00067,2026-01-01,2026-01-10,2026-01-18,1447.88,Pago,202601
MEN00000794,ALU00067,2026-02-01,2026-02-10,2026-02-08,1490.31,Pago,202602
MEN00000795,ALU00067,2026-03-01,2026-03-10,2026-03-16,1427.53,Pago,202603
MEN00000796,ALU00067,2026-04-01,2026-04-10,2026-04-17,1457.98,Pago,202604
MEN00000797,ALU00067,2026-05-01,2026-05-10,2026-05-10,1488.59,Pago,202605
MEN00000798,ALU00067,2026-06-01,2026-06-10,,1414.7,Vencido,202606
MEN00000799,ALU00067,2026-07-01,2026-07-10,2026-07-07,1463.99,Pago,202607
MEN00000800,ALU00067,2026-08-01,2026-08-10,2026-08-18,1430.36,Pago,202608
MEN00000801,ALU00067,2026-09-01,2026-09-10,2026-09-13,1474.95,Pago,202609
MEN00000802,ALU00067,2026-10-01,2026-10-10,2026-10-18,1429.75,Pago,202610
MEN00000803,ALU00067,2026-11-01,2026-11-10,2026-11-12,1418.59,Pago,202611
MEN00000804,ALU00067,2026-12-01,2026-12-10,2026-12-16,1445.13,Pago,202612
MEN00000805,ALU00068,2026-01-01,2026-01-10,2026-01-14,1450.31,Pago,202601
MEN00000806,ALU00068,2026-02-01,2026-02-10,2026-02-08,1448.47,Pago,202602
MEN00000807,ALU00068,2026-03-01,2026-03-10,2026-03-11,1408.93,Pago,202603
MEN00000808,ALU00068,2026-04-01,2026-04-10,2026-04-08,1466.13,Pago,202604
MEN00000809,ALU00068,2026-05-01,2026-05-10,2026-05-17,1467.69,Pago,202605
MEN00000810,ALU00068,2026-06-01,2026-06-10,2026-06-12,1462.35,Pago,202606
MEN00000811,ALU00068,2026-07-01,2026-07-10,2026-07-10,1480.05,Pago,202607
MEN00000812,ALU00068,2026-08-01,2026-08-10,2026-08-13,1472.38,Pago,202608
MEN00000813,ALU00068,2026-09-01,2026-09-10,,1432.09,Em Aberto,202609
MEN00000814,ALU00068,2026-10-01,2026-10-10,2026-10-17,1452.93,Pago,202610
MEN00000815,ALU00068,2026-11-01,2026-11-10,2026-11-17,1492.26,Pago,202611
MEN00000816,ALU00068,2026-12-01,2026-12-10,2026-12-08,1489.35,Pago,202612
MEN00000817,ALU00069,2026-01-01,2026-01-10,2026-01-17,1417.71,Pago,202601
MEN00000818,ALU00069,2026-02-01,2026-02-10,2026-02-07,1466.03,Pago,202602
MEN00000819,ALU00069,2026-03-01,2026-03-10,2026-03-16,1491.19,Pago,202603
MEN00000820,ALU00069,2026-04-01,2026-04-10,2026-04-11,1455.67,Pago,202604
MEN00000821,ALU00069,2026-05-01,2026-05-10,2026-05-16,1423.47,Pago,202605
MEN00000822,ALU00069,2026-06-01,2026-06-10,2026-06-17,1444.09,Pago,202606
MEN00000823,ALU00069,2026-07-01,2026-07-10,2026-07-16,1432.31,Pago,202607
MEN00000824,ALU00069,2026-08-01,2026-08-10,2026-08-12,1457.55,Pago,202608
MEN00000825,ALU00069,2026-09-01,2026-09-10,2026-09-15,1491.8,Pago,202609
MEN00000826,ALU00069,2026-10-01,2026-10-10,2026-10-10,1487.28,Pago,202610
MEN00000827,ALU00069,2026-11-01,2026-11-10,,1420.15,Vencido,202611
MEN00000828,ALU00069,2026-12-01,2026-12-10,2026-12-15,1410.11,Pago,202612
MEN00000829,ALU00070,2026-01-01,2026-01-10,2026-01-16,1489.18,Pago,202601
MEN00000830,ALU00070,2026-02-01,2026-02-10,2026-02-13,1447.26,Pago,202602
MEN00000831,ALU00070,2026-03-01,2026-03-10,2026-03-15,1412.41,Pago,202603
MEN00000832,ALU00070,2026-04-01,2026-04-10,2026-04-07,1417.04,Pago,202604
MEN00000833,ALU00070,2026-05-01,2026-05-10,2026-05-16,1483.93,Pago,202605
MEN00000834,ALU00070,2026-06-01,2026-06-10,,1476.62,Em Aberto,202606
MEN00000835,ALU00070,2026-07-01,2026-07-10,2026-07-08,1474.7,Pago,202607
MEN00000836,ALU00070,2026-08-01,2026-08-10,2026-08-12,1480.29,Pago,202608
MEN00000837,ALU00070,2026-09-01,2026-09-10,,1452.68,Em Aberto,202609
MEN00000838,ALU00070,2026-10-01,2026-10-10,2026-10-12,1414.27,Pago,202610
MEN00000839,ALU00070,2026-11-01,2026-11-10,2026-11-18,1458.75,Pago,202611
MEN00000840,ALU00070,2026-12-01,2026-12-10,2026-12-16,1432.84,Pago,202612
MEN00000841,ALU00071,2026-01-01,2026-01-10,2026-01-12,1433.96,Pago,202601
MEN00000842,ALU00071,2026-02-01,2026-02-10,,1464.59,Em Aberto,202602
MEN00000843,ALU00071,2026-03-01,2026-03-10,2026-03-09,1464.95,Pago,202603
MEN00000844,ALU00071,2026-04-01,2026-04-10,2026-04-08,1459.05,Pago,202604
MEN00000845,ALU00071,2026-05-01,2026-05-10,2026-05-13,1473.82,Pago,202605
MEN00000846,ALU00071,2026-06-01,2026-06-10,2026-06-15,1468.34,Pago,202606
MEN00000847,ALU00071,2026-07-01,2026-07-10,2026-07-10,1436.69,Pago,202607
MEN00000848,ALU00071,2026-08-01,2026-08-10,2026-08-17,1424.02,Pago,202608
MEN00000849,ALU00071,2026-09-01,2026-09-10,,1412.0,Em Aberto,202609
MEN00000850,ALU00071,2026-10-01,2026-10-10,2026-10-14,1451.98,Pago,202610
MEN00000851,ALU00071,2026-11-01,2026-11-10,2026-11-14,1410.76,Pago,202611
MEN00000852,ALU00071,2026-12-01,2026-12-10,2026-12-15,1440.12,Pago,202612
MEN00000853,ALU00072,2026-01-01,2026-01-10,,1482.51,Em Aberto,202601
MEN00000854,ALU00072,2026-02-01,2026-02-10,2026-02-10,1418.37,Pago,202602
MEN00000855,ALU00072,2026-03-01,2026-03-10,2026-03-18,1487.35,Pago,202603
MEN00000856,ALU00072,2026-04-01,2026-04-10,2026-04-14,1422.58,Pago,202604
MEN00000857,ALU00072,2026-05-01,2026-05-10,2026-05-15,1421.28,Pago,202605
MEN00000858,ALU00072,2026-06-01,2026-06-10,2026-06-09,1484.71,Pago,202606
MEN00000859,ALU00072,2026-07-01,2026-07-10,2026-07-13,1436.49,Pago,202607
MEN00000860,ALU00072,2026-08-01,2026-08-10,,1434.4,Vencido,202608
MEN00000861,ALU00072,2026-09-01,2026-09-10,2026-09-09,1441.0,Pago,202609
MEN00000862,ALU00072,2026-10-01,2026-10-10,2026-10-12,1484.75,Pago,202610
MEN00000863,ALU00072,2026-11-01,2026-11-10,2026-11-11,1426.09,Pago,202611
MEN00000864,ALU00072,2026-12-01,2026-12-10,2026-12-14,1421.9,Pago,202612
MEN00000865,ALU00073,2026-01-01,2026-01-10,2026-01-18,1442.14,Pago,202601
MEN00000866,ALU00073,2026-02-01,2026-02-10,2026-02-09,1456.71,Pago,202602
MEN00000867,ALU00073,2026-03-01,2026-03-10,2026-03-13,1421.01,Pago,202603
MEN00000868,ALU00073,2026-04-01,2026-04-10,2026-04-07,1486.15,Pago,202604
MEN00000869,ALU00073,2026-05-01,2026-05-10,2026-05-15,1458.75,Pago,202605
MEN00000870,ALU00073,2026-06-01,2026-06-10,2026-06-12,1468.48,Pago,202606
MEN00000871,ALU00073,2026-07-01,2026-07-10,2026-07-08,1455.95,Pago,202607
MEN00000872,ALU00073,2026-08-01,2026-08-10,2026-08-07,1464.8,Pago,202608
MEN00000873,ALU00073,2026-09-01,2026-09-10,2026-09-17,1481.45,Pago,202609
MEN00000874,ALU00073,2026-10-01,2026-10-10,2026-10-09,1445.12,Pago,202610
MEN00000875,ALU00073,2026-11-01,2026-11-10,,1414.62,Vencido,202611
MEN00000876,ALU00073,2026-12-01,2026-12-10,2026-12-16,1461.03,Pago,202612
MEN00000877,ALU00074,2026-01-01,2026-01-10,2026-01-08,1428.56,Pago,202601
MEN00000878,ALU00074,2026-02-01,2026-02-10,2026-02-10,1428.07,Pago,202602
MEN00000879,ALU00074,2026-03-01,2026-03-10,2026-03-18,1472.87,Pago,202603
MEN00000880,ALU00074,2026-04-01,2026-04-10,2026-04-12,1492.89,Pago,202604
MEN00000881,ALU00074,2026-05-01,2026-05-10,2026-05-10,1480.89,Pago,202605
MEN00000882,ALU00074,2026-06-01,2026-06-10,2026-06-16,1482.07,Pago,202606
MEN00000883,ALU00074,2026-07-01,2026-07-10,2026-07-11,1421.05,Pago,202607
MEN00000884,ALU00074,2026-08-01,2026-08-10,2026-08-09,1453.53,Pago,202608
MEN00000885,ALU00074,2026-09-01,2026-09-10,2026-09-11,1477.13,Pago,202609
MEN00000886,ALU00074,2026-10-01,2026-10-10,2026-10-13,1435.33,Pago,202610
MEN00000887,ALU00074,2026-11-01,2026-11-10,2026-11-16,1442.77,Pago,202611
MEN00000888,ALU00074,2026-12-01,2026-12-10,2026-12-09,1413.41,Pago,202612
MEN00000889,ALU00075,2026-01-01,2026-01-10,2026-01-17,1469.17,Pago,202601
MEN00000890,ALU00075,2026-02-01,2026-02-10,2026-02-08,1486.27,Pago,202602
MEN00000891,ALU00075,2026-03-01,2026-03-10,2026-03-08,1473.14,Pago,202603
MEN00000892,ALU00075,2026-04-01,2026-04-10,2026-04-09,1426.41,Pago,202604
MEN00000893,ALU00075,2026-05-01,2026-05-10,2026-05-10,1445.43,Pago,202605
MEN00000894,ALU00075,2026-06-01,2026-06-10,2026-06-14,1474.35,Pago,202606
MEN00000895,ALU00075,2026-07-01,2026-07-10,2026-07-10,1437.82,Pago,202607
MEN00000896,ALU00075,2026-08-01,2026-08-10,2026-08-15,1428.35,Pago,202608
MEN00000897,ALU00075,2026-09-01,2026-09-10,2026-09-16,1481.69,Pago,202609
MEN00000898,ALU00075,2026-10-01,2026-10-10,2026-10-15,1457.03,Pago,202610
MEN00000899,ALU00075,2026-11-01,2026-11-10,2026-11-18,1485.54,Pago,202611
MEN00000900,ALU00075,2026-12-01,2026-12-10,2026-12-08,1413.64,Pago,202612
MEN00000901,ALU00076,2026-01-01,2026-01-10,,1490.85,Vencido,202601
MEN00000902,ALU00076,2026-02-01,2026-02-10,2026-02-18,1426.25,Pago,202602
MEN00000903,ALU00076,2026-03-01,2026-03-10,2026-03-13,1438.81,Pago,202603
MEN00000904,ALU00076,2026-04-01,2026-04-10,2026-04-08,1416.14,Pago,202604
MEN00000905,ALU00076,2026-05-01,2026-05-10,,1443.08,Em Aberto,202605
MEN00000906,ALU00076,2026-06-01,2026-06-10,2026-06-08,1464.8,Pago,202606
MEN00000907,ALU00076,2026-07-01,2026-07-10,2026-07-17,1474.62,Pago,202607
MEN00000908,ALU00076,2026-08-01,2026-08-10,2026-08-16,1481.38,Pago,202608
MEN00000909,ALU00076,2026-09-01,2026-09-10,2026-09-10,1483.24,Pago,202609
MEN00000910,ALU00076,2026-10-01,2026-10-10,2026-10-12,1454.05,Pago,202610
MEN00000911,ALU00076,2026-11-01,2026-11-10,2026-11-14,1433.45,Pago,202611
MEN00000912,ALU00076,2026-12-01,2026-12-10,2026-12-07,1426.6,Pago,202612
MEN00000913,ALU00077,2026-01-01,2026-01-10,2026-01-17,1480.82,Pago,202601
MEN00000914,ALU00077,2026-02-01,2026-02-10,2026-02-12,1449.3,Pago,202602
MEN00000915,ALU00077,2026-03-01,2026-03-10,,1493.18,Em Aberto,202603
MEN00000916,ALU00077,2026-04-01,2026-04-10,2026-04-12,1455.73,Pago,202604
MEN00000917,ALU00077,2026-05-01,2026-05-10,,1422.02,Vencido,202605
MEN00000918,ALU00077,2026-06-01,2026-06-10,2026-06-07,1468.3,Pago,202606
MEN00000919,ALU00077,2026-07-01,2026-07-10,2026-07-13,1460.96,Pago,202607
MEN00000920,ALU00077,2026-08-01,2026-08-10,,1443.46,Em Aberto,202608
MEN00000921,ALU00077,2026-09-01,2026-09-10,2026-09-07,1414.98,Pago,202609
MEN00000922,ALU00077,2026-10-01,2026-10-10,2026-10-09,1419.45,Pago,202610
MEN00000923,ALU00077,2026-11-01,2026-11-10,2026-11-08,1456.92,Pago,202611
MEN00000924,ALU00077,2026-12-01,2026-12-10,2026-12-07,1489.15,Pago,202612
MEN00000925,ALU00078,2026-01-01,2026-01-10,2026-01-07,1450.96,Pago,202601
MEN00000926,ALU00078,2026-02-01,2026-02-10,2026-02-12,1462.46,Pago,202602
MEN00000927,ALU00078,2026-03-01,2026-03-10,,1470.58,Vencido,202603
MEN00000928,ALU00078,2026-04-01,2026-04-10,,1409.12,Em Aberto,202604
MEN00000929,ALU00078,2026-05-01,2026-05-10,2026-05-14,1432.29,Pago,202605
MEN00000930,ALU00078,2026-06-01,2026-06-10,,1438.94,Vencido,202606
MEN00000931,ALU00078,2026-07-01,2026-07-10,2026-07-07,1423.14,Pago,202607
MEN00000932,ALU00078,2026-08-01,2026-08-10,2026-08-16,1470.01,Pago,202608
MEN00000933,ALU00078,2026-09-01,2026-09-10,2026-09-17,1409.79,Pago,202609
MEN00000934,ALU00078,2026-10-01,2026-10-10,2026-10-09,1484.36,Pago,202610
MEN00000935,ALU00078,2026-11-01,2026-11-10,2026-11-09,1436.24,Pago,202611
MEN00000936,ALU00078,2026-12-01,2026-12-10,2026-12-08,1462.04,Pago,202612
MEN00000937,ALU00079,2026-01-01,2026-01-10,2026-01-15,1422.18,Pago,202601
MEN00000938,ALU00079,2026-02-01,2026-02-10,,1457.24,Em Aberto,202602
MEN00000939,ALU00079,2026-03-01,2026-03-10,2026-03-11,1413.41,Pago,202603
MEN00000940,ALU00079,2026-04-01,2026-04-10,2026-04-11,1487.25,Pago,202604
MEN00000941,ALU00079,2026-05-01,2026-05-10,,1491.42,Vencido,202605
MEN00000942,ALU00079,2026-06-01,2026-06-10,2026-06-07,1447.79,Pago,202606
MEN00000943,ALU00079,2026-07-01,2026-07-10,,1476.13,Em Aberto,202607
MEN00000944,ALU00079,2026-08-01,2026-08-10,2026-08-10,1434.23,Pago,202608
MEN00000945,ALU00079,2026-09-01,2026-09-10,2026-09-14,1477.1,Pago,202609
MEN00000946,ALU00079,2026-10-01,2026-10-10,2026-10-12,1426.75,Pago,202610
MEN00000947,ALU00079,2026-11-01,2026-11-10,2026-11-12,1445.41,Pago,202611
MEN00000948,ALU00079,2026-12-01,2026-12-10,2026-12-13,1469.49,Pago,202612
MEN00000949,ALU00080,2026-01-01,2026-01-10,2026-01-09,1487.52,Pago,202601
MEN00000950,ALU00080,2026-02-01,2026-02-10,2026-02-18,1472.56,Pago,202602
MEN00000951,ALU00080,2026-03-01,2026-03-10,,1444.22,Vencido,202603
MEN00000952,ALU00080,2026-04-01,2026-04-10,2026-04-12,1488.4,Pago,202604
MEN00000953,ALU00080,2026-05-01,2026-05-10,2026-05-18,1461.47,Pago,202605
MEN00000954,ALU00080,2026-06-01,2026-06-10,,1438.28,Vencido,202606
MEN00000955,ALU00080,2026-07-01,2026-07-10,2026-07-11,1417.79,Pago,202607
MEN00000956,ALU00080,2026-08-01,2026-08-10,2026-08-09,1486.05,Pago,202608
MEN00000957,ALU00080,2026-09-01,2026-09-10,,1423.19,Vencido,202609
MEN00000958,ALU00080,2026-10-01,2026-10-10,2026-10-17,1482.35,Pago,202610
MEN00000959,ALU00080,2026-11-01,2026-11-10,2026-11-12,1465.86,Pago,202611
MEN00000960,ALU00080,2026-12-01,2026-12-10,2026-12-17,1488.48,Pago,202612
MEN00000961,ALU00081,2026-01-01,2026-01-10,2026-01-09,1453.08,Pago,202601
MEN00000962,ALU00081,2026-02-01,2026-02-10,2026-02-08,1407.0,Pago,202602
MEN00000963,ALU00081,2026-03-01,2026-03-10,2026-03-16,1430.63,Pago,202603
MEN00000964,ALU00081,2026-04-01,2026-04-10,2026-04-18,1469.9,Pago,202604
MEN00000965,ALU00081,2026-05-01,2026-05-10,2026-05-12,1437.13,Pago,202605
MEN00000966,ALU00081,2026-06-01,2026-06-10,2026-06-12,1489.23,Pago,202606
MEN00000967,ALU00081,2026-07-01,2026-07-10,2026-07-16,1474.97,Pago,202607
MEN00000968,ALU00081,2026-08-01,2026-08-10,2026-08-09,1448.28,Pago,202608
MEN00000969,ALU00081,2026-09-01,2026-09-10,,1480.35,Vencido,202609
MEN00000970,ALU00081,2026-10-01,2026-10-10,2026-10-08,1451.36,Pago,202610
MEN00000971,ALU00081,2026-11-01,2026-11-10,2026-11-10,1442.88,Pago,202611
MEN00000972,ALU00081,2026-12-01,2026-12-10,2026-12-14,1429.27,Pago,202612
MEN00000973,ALU00082,2026-01-01,2026-01-10,2026-01-07,1452.6,Pago,202601
MEN00000974,ALU00082,2026-02-01,2026-02-10,2026-02-14,1455.85,Pago,202602
MEN00000975,ALU00082,2026-03-01,2026-03-10,2026-03-10,1442.49,Pago,202603
MEN00000976,ALU00082,2026-04-01,2026-04-10,,1492.18,Em Aberto,202604
MEN00000977,ALU00082,2026-05-01,2026-05-10,2026-05-09,1489.01,Pago,202605
MEN00000978,ALU00082,2026-06-01,2026-06-10,2026-06-15,1440.86,Pago,202606
MEN00000979,ALU00082,2026-07-01,2026-07-10,2026-07-18,1456.87,Pago,202607
MEN00000980,ALU00082,2026-08-01,2026-08-10,,1412.4,Em Aberto,202608
MEN00000981,ALU00082,2026-09-01,2026-09-10,2026-09-18,1455.26,Pago,202609
MEN00000982,ALU00082,2026-10-01,2026-10-10,2026-10-10,1462.04,Pago,202610
MEN00000983,ALU00082,2026-11-01,2026-11-10,2026-11-17,1493.5,Pago,202611
MEN00000984,ALU00082,2026-12-01,2026-12-10,2026-12-12,1472.64,Pago,202612
MEN00000985,ALU00083,2026-01-01,2026-01-10,2026-01-10,1453.27,Pago,202601
MEN00000986,ALU00083,2026-02-01,2026-02-10,2026-02-14,1470.46,Pago,202602
MEN00000987,ALU00083,2026-03-01,2026-03-10,2026-03-08,1443.82,Pago,202603
MEN00000988,ALU00083,2026-04-01,2026-04-10,2026-04-09,1449.24,Pago,202604
MEN00000989,ALU00083,2026-05-01,2026-05-10,2026-05-08,1458.33,Pago,202605
MEN00000990,ALU00083,2026-06-01,2026-06-10,,1487.97,Em Aberto,202606
MEN00000991,ALU00083,2026-07-01,2026-07-10,2026-07-12,1479.59,Pago,202607
MEN00000992,ALU00083,2026-08-01,2026-08-10,2026-08-13,1435.1,Pago,202608
MEN00000993,ALU00083,2026-09-01,2026-09-10,2026-09-13,1462.17,Pago,202609
MEN00000994,ALU00083,2026-10-01,2026-10-10,2026-10-13,1420.28,Pago,202610
MEN00000995,ALU00083,2026-11-01,2026-11-10,2026-11-16,1441.38,Pago,202611
MEN00000996,ALU00083,2026-12-01,2026-12-10,2026-12-10,1413.38,Pago,202612
MEN00000997,ALU00084,2026-01-01,2026-01-10,2026-01-15,1452.58,Pago,202601
MEN00000998,ALU00084,2026-02-01,2026-02-10,2026-02-18,1407.7,Pago,202602
MEN00000999,ALU00084,2026-03-01,2026-03-10,2026-03-08,1406.61,Pago,202603
MEN00001000,ALU00084,2026-04-01,2026-04-10,,1431.64,Em Aberto,202604
MEN00001001,ALU00084,2026-05-01,2026-05-10,2026-05-13,1478.17,Pago,202605
MEN00001002,ALU00084,2026-06-01,2026-06-10,2026-06-15,1451.17,Pago,202606
MEN00001003,ALU00084,2026-07-01,2026-07-10,2026-07-08,1483.01,Pago,202607
MEN00001004,ALU00084,2026-08-01,2026-08-10,,1416.89,Vencido,202608
MEN00001005,ALU00084,2026-09-01,2026-09-10,2026-09-14,1482.56,Pago,202609
MEN00001006,ALU00084,2026-10-01,2026-10-10,,1427.6,Vencido,202610
MEN00001007,ALU00084,2026-11-01,2026-11-10,2026-11-11,1459.07,Pago,202611
MEN00001008,ALU00084,2026-12-01,2026-12-10,2026-12-09,1425.0,Pago,202612
MEN00001009,ALU00085,2026-01-01,2026-01-10,,1422.26,Em Aberto,202601
MEN00001010,ALU00085,2026-02-01,2026-02-10,,1430.74,Vencido,202602
MEN00001011,ALU00085,2026-03-01,2026-03-10,2026-03-14,1458.17,Pago,202603
MEN00001012,ALU00085,2026-04-01,2026-04-10,2026-04-11,1474.27,Pago,202604
MEN00001013,ALU00085,2026-05-01,2026-05-10,2026-05-13,1479.89,Pago,202605
MEN00001014,ALU00085,2026-06-01,2026-06-10,2026-06-11,1476.73,Pago,202606
MEN00001015,ALU00085,2026-07-01,2026-07-10,2026-07-09,1490.92,Pago,202607
MEN00001016,ALU00085,2026-08-01,2026-08-10,2026-08-17,1429.31,Pago,202608
MEN00001017,ALU00085,2026-09-01,2026-09-10,,1446.79,Vencido,202609
MEN00001018,ALU00085,2026-10-01,2026-10-10,2026-10-10,1414.59,Pago,202610
MEN00001019,ALU00085,2026-11-01,2026-11-10,2026-11-07,1464.02,Pago,202611
MEN00001020,ALU00085,2026-12-01,2026-12-10,,1472.97,Vencido,202612
MEN00001021,ALU00086,2026-01-01,2026-01-10,2026-01-17,1461.82,Pago,202601
MEN00001022,ALU00086,2026-02-01,2026-02-10,,1426.61,Vencido,202602
MEN00001023,ALU00086,2026-03-01,2026-03-10,2026-03-14,1487.42,Pago,202603
MEN00001024,ALU00086,2026-04-01,2026-04-10,2026-04-12,1468.83,Pago,202604
MEN00001025,ALU00086,2026-05-01,2026-05-10,2026-05-10,1476.93,Pago,202605
MEN00001026,ALU00086,2026-06-01,2026-06-10,2026-06-13,1471.28,Pago,202606
MEN00001027,ALU00086,2026-07-01,2026-07-10,2026-07-16,1439.14,Pago,202607
MEN00001028,ALU00086,2026-08-01,2026-08-10,2026-08-15,1415.92,Pago,202608
MEN00001029,ALU00086,2026-09-01,2026-09-10,2026-09-17,1423.01,Pago,202609
MEN00001030,ALU00086,2026-10-01,2026-10-10,,1469.62,Vencido,202610
MEN00001031,ALU00086,2026-11-01,2026-11-10,2026-11-16,1452.47,Pago,202611
MEN00001032,ALU00086,2026-12-01,2026-12-10,2026-12-14,1427.21,Pago,202612
MEN00001033,ALU00087,2026-01-01,2026-01-10,2026-01-08,1490.32,Pago,202601
MEN00001034,ALU00087,2026-02-01,2026-02-10,2026-02-17,1436.97,Pago,202602
MEN00001035,ALU00087,2026-03-01,2026-03-10,2026-03-07,1468.9,Pago,202603
MEN00001036,ALU00087,2026-04-01,2026-04-10,2026-04-11,1435.28,Pago,202604
MEN00001037,ALU00087,2026-05-01,2026-05-10,,1475.68,Vencido,202605
MEN00001038,ALU00087,2026-06-01,2026-06-10,2026-06-15,1441.95,Pago,202606
MEN00001039,ALU00087,2026-07-01,2026-07-10,2026-07-10,1450.34,Pago,202607
MEN00001040,ALU00087,2026-08-01,2026-08-10,,1479.75,Vencido,202608
MEN00001041,ALU00087,2026-09-01,2026-09-10,2026-09-08,1471.15,Pago,202609
MEN00001042,ALU00087,2026-10-01,2026-10-10,2026-10-13,1424.52,Pago,202610
MEN00001043,ALU00087,2026-11-01,2026-11-10,2026-11-09,1457.13,Pago,202611
MEN00001044,ALU00087,2026-12-01,2026-12-10,2026-12-16,1457.47,Pago,202612
MEN00001045,ALU00088,2026-01-01,2026-01-10,2026-01-16,1469.17,Pago,202601
MEN00001046,ALU00088,2026-02-01,2026-02-10,2026-02-12,1484.37,Pago,202602
MEN00001047,ALU00088,2026-03-01,2026-03-10,,1424.2,Vencido,202603
MEN00001048,ALU00088,2026-04-01,2026-04-10,2026-04-09,1456.17,Pago,202604
MEN00001049,ALU00088,2026-05-01,2026-05-10,2026-05-10,1416.72,Pago,202605
MEN00001050,ALU00088,2026-06-01,2026-06-10,2026-06-12,1414.54,Pago,202606
MEN00001051,ALU00088,2026-07-01,2026-07-10,2026-07-12,1456.89,Pago,202607
MEN00001052,ALU00088,2026-08-01,2026-08-10,2026-08-16,1473.96,Pago,202608
MEN00001053,ALU00088,2026-09-01,2026-09-10,2026-09-11,1438.77,Pago,202609
MEN00001054,ALU00088,2026-10-01,2026-10-10,2026-10-07,1493.14,Pago,202610
MEN00001055,ALU00088,2026-11-01,2026-11-10,2026-11-13,1443.03,Pago,202611
MEN00001056,ALU00088,2026-12-01,2026-12-10,2026-12-15,1406.56,Pago,202612
MEN00001057,ALU00089,2026-01-01,2026-01-10,,1475.75,Em Aberto,202601
MEN00001058,ALU00089,2026-02-01,2026-02-10,2026-02-17,1471.72,Pago,202602
MEN00001059,ALU00089,2026-03-01,2026-03-10,2026-03-12,1461.51,Pago,202603
MEN00001060,ALU00089,2026-04-01,2026-04-10,2026-04-11,1469.79,Pago,202604
MEN00001061,ALU00089,2026-05-01,2026-05-10,,1419.64,Em Aberto,202605
MEN00001062,ALU00089,2026-06-01,2026-06-10,2026-06-15,1415.84,Pago,202606
MEN00001063,ALU00089,2026-07-01,2026-07-10,2026-07-10,1470.45,Pago,202607
MEN00001064,ALU00089,2026-08-01,2026-08-10,,1488.57,Vencido,202608
MEN00001065,ALU00089,2026-09-01,2026-09-10,2026-09-09,1452.41,Pago,202609
MEN00001066,ALU00089,2026-10-01,2026-10-10,2026-10-15,1409.44,Pago,202610
MEN00001067,ALU00089,2026-11-01,2026-11-10,2026-11-13,1451.53,Pago,202611
MEN00001068,ALU00089,2026-12-01,2026-12-10,2026-12-18,1447.45,Pago,202612
MEN00001069,ALU00090,2026-01-01,2026-01-10,,1467.85,Em Aberto,202601
MEN00001070,ALU00090,2026-02-01,2026-02-10,,1447.48,Vencido,202602
MEN00001071,ALU00090,2026-03-01,2026-03-10,2026-03-13,1449.15,Pago,202603
MEN00001072,ALU00090,2026-04-01,2026-04-10,2026-04-15,1487.17,Pago,202604
MEN00001073,ALU00090,2026-05-01,2026-05-10,,1430.63,Vencido,202605
MEN00001074,ALU00090,2026-06-01,2026-06-10,2026-06-15,1424.97,Pago,202606
MEN00001075,ALU00090,2026-07-01,2026-07-10,2026-07-14,1464.09,Pago,202607
MEN00001076,ALU00090,2026-08-01,2026-08-10,2026-08-09,1412.64,Pago,202608
MEN00001077,ALU00090,2026-09-01,2026-09-10,2026-09-08,1418.06,Pago,202609
MEN00001078,ALU00090,2026-10-01,2026-10-10,2026-10-09,1461.8,Pago,202610
MEN00001079,ALU00090,2026-11-01,2026-11-10,2026-11-18,1439.16,Pago,202611
MEN00001080,ALU00090,2026-12-01,2026-12-10,2026-12-07,1470.26,Pago,202612
MEN00001081,ALU00091,2026-01-01,2026-01-10,2026-01-12,1489.87,Pago,202601
MEN00001082,ALU00091,2026-02-01,2026-02-10,2026-02-07,1411.2,Pago,202602
MEN00001083,ALU00091,2026-03-01,2026-03-10,2026-03-16,1415.06,Pago,202603
MEN00001084,ALU00091,2026-04-01,2026-04-10,2026-04-10,1435.11,Pago,202604
MEN00001085,ALU00091,2026-05-01,2026-05-10,2026-05-10,1409.27,Pago,202605
MEN00001086,ALU00091,2026-06-01,2026-06-10,2026-06-14,1437.6,Pago,202606
MEN00001087,ALU00091,2026-07-01,2026-07-10,2026-07-08,1427.7,Pago,202607
MEN00001088,ALU00091,2026-08-01,2026-08-10,2026-08-13,1435.48,Pago,202608
MEN00001089,ALU00091,2026-09-01,2026-09-10,2026-09-13,1445.4,Pago,202609
MEN00001090,ALU00091,2026-10-01,2026-10-10,2026-10-07,1477.9,Pago,202610
MEN00001091,ALU00091,2026-11-01,2026-11-10,2026-11-11,1471.36,Pago,202611
MEN00001092,ALU00091,2026-12-01,2026-12-10,2026-12-08,1432.73,Pago,202612
MEN00001093,ALU00092,2026-01-01,2026-01-10,2026-01-09,1470.93,Pago,202601
MEN00001094,ALU00092,2026-02-01,2026-02-10,2026-02-07,1408.97,Pago,202602
MEN00001095,ALU00092,2026-03-01,2026-03-10,2026-03-07,1436.83,Pago,202603
MEN00001096,ALU00092,2026-04-01,2026-04-10,2026-04-16,1443.36,Pago,202604
MEN00001097,ALU00092,2026-05-01,2026-05-10,2026-05-14,1459.53,Pago,202605
MEN00001098,ALU00092,2026-06-01,2026-06-10,2026-06-07,1412.46,Pago,202606
MEN00001099,ALU00092,2026-07-01,2026-07-10,2026-07-16,1431.3,Pago,202607
MEN00001100,ALU00092,2026-08-01,2026-08-10,,1471.72,Em Aberto,202608
MEN00001101,ALU00092,2026-09-01,2026-09-10,2026-09-18,1491.87,Pago,202609
MEN00001102,ALU00092,2026-10-01,2026-10-10,,1420.77,Vencido,202610
MEN00001103,ALU00092,2026-11-01,2026-11-10,2026-11-15,1406.77,Pago,202611
MEN00001104,ALU00092,2026-12-01,2026-12-10,2026-12-18,1411.68,Pago,202612
MEN00001105,ALU00093,2026-01-01,2026-01-10,2026-01-17,1431.3,Pago,202601
MEN00001106,ALU00093,2026-02-01,2026-02-10,,1486.36,Em Aberto,202602
MEN00001107,ALU00093,2026-03-01,2026-03-10,2026-03-18,1427.94,Pago,202603
MEN00001108,ALU00093,2026-04-01,2026-04-10,2026-04-08,1478.65,Pago,202604
MEN00001109,ALU00093,2026-05-01,2026-05-10,,1424.27,Em Aberto,202605
MEN00001110,ALU00093,2026-06-01,2026-06-10,,1415.41,Vencido,202606
MEN00001111,ALU00093,2026-07-01,2026-07-10,2026-07-15,1428.98,Pago,202607
MEN00001112,ALU00093,2026-08-01,2026-08-10,2026-08-09,1437.26,Pago,202608
MEN00001113,ALU00093,2026-09-01,2026-09-10,2026-09-12,1433.62,Pago,202609
MEN00001114,ALU00093,2026-10-01,2026-10-10,,1434.56,Vencido,202610
MEN00001115,ALU00093,2026-11-01,2026-11-10,2026-11-08,1439.39,Pago,202611
MEN00001116,ALU00093,2026-12-01,2026-12-10,2026-12-11,1425.34,Pago,202612
MEN00001117,ALU00094,2026-01-01,2026-01-10,2026-01-18,1425.45,Pago,202601
MEN00001118,ALU00094,2026-02-01,2026-02-10,,1479.93,Vencido,202602
MEN00001119,ALU00094,2026-03-01,2026-03-10,2026-03-16,1468.92,Pago,202603
MEN00001120,ALU00094,2026-04-01,2026-04-10,2026-04-14,1492.04,Pago,202604
MEN00001121,ALU00094,2026-05-01,2026-05-10,2026-05-07,1492.58,Pago,202605
MEN00001122,ALU00094,2026-06-01,2026-06-10,2026-06-17,1453.6,Pago,202606
MEN00001123,ALU00094,2026-07-01,2026-07-10,2026-07-07,1443.05,Pago,202607
MEN00001124,ALU00094,2026-08-01,2026-08-10,2026-08-15,1407.68,Pago,202608
MEN00001125,ALU00094,2026-09-01,2026-09-10,2026-09-08,1407.24,Pago,202609
MEN00001126,ALU00094,2026-10-01,2026-10-10,2026-10-15,1417.2,Pago,202610
MEN00001127,ALU00094,2026-11-01,2026-11-10,2026-11-18,1460.83,Pago,202611
MEN00001128,ALU00094,2026-12-01,2026-12-10,2026-12-16,1419.78,Pago,202612
MEN00001129,ALU00095,2026-01-01,2026-01-10,2026-01-07,1426.36,Pago,202601
MEN00001130,ALU00095,2026-02-01,2026-02-10,,1455.93,Vencido,202602
MEN00001131,ALU00095,2026-03-01,2026-03-10,2026-03-12,1468.97,Pago,202603
MEN00001132,ALU00095,2026-04-01,2026-04-10,2026-04-10,1489.74,Pago,202604
MEN00001133,ALU00095,2026-05-01,2026-05-10,2026-05-14,1407.33,Pago,202605
MEN00001134,ALU00095,2026-06-01,2026-06-10,2026-06-14,1472.43,Pago,202606
MEN00001135,ALU00095,2026-07-01,2026-07-10,2026-07-11,1420.14,Pago,202607
MEN00001136,ALU00095,2026-08-01,2026-08-10,2026-08-17,1441.36,Pago,202608
MEN00001137,ALU00095,2026-09-01,2026-09-10,,1414.99,Vencido,202609
MEN00001138,ALU00095,2026-10-01,2026-10-10,2026-10-18,1442.32,Pago,202610
MEN00001139,ALU00095,2026-11-01,2026-11-10,2026-11-15,1481.81,Pago,202611
MEN00001140,ALU00095,2026-12-01,2026-12-10,2026-12-18,1437.7,Pago,202612
MEN00001141,ALU00096,2026-01-01,2026-01-10,2026-01-11,1408.9,Pago,202601
MEN00001142,ALU00096,2026-02-01,2026-02-10,2026-02-14,1485.5,Pago,202602
MEN00001143,ALU00096,2026-03-01,2026-03-10,,1411.93,Em Aberto,202603
MEN00001144,ALU00096,2026-04-01,2026-04-10,,1472.89,Em Aberto,202604
MEN00001145,ALU00096,2026-05-01,2026-05-10,2026-05-18,1447.14,Pago,202605
MEN00001146,ALU00096,2026-06-01,2026-06-10,,1487.46,Vencido,202606
MEN00001147,ALU00096,2026-07-01,2026-07-10,2026-07-11,1453.85,Pago,202607
MEN00001148,ALU00096,2026-08-01,2026-08-10,2026-08-14,1436.99,Pago,202608
MEN00001149,ALU00096,2026-09-01,2026-09-10,,1460.39,Em Aberto,202609
MEN00001150,ALU00096,2026-10-01,2026-10-10,2026-10-14,1444.25,Pago,202610
MEN00001151,ALU00096,2026-11-01,2026-11-10,,1434.14,Vencido,202611
MEN00001152,ALU00096,2026-12-01,2026-12-10,2026-12-17,1453.49,Pago,202612
MEN00001153,ALU00097,2026-01-01,2026-01-10,2026-01-12,1440.56,Pago,202601
MEN00001154,ALU00097,2026-02-01,2026-02-10,2026-02-09,1409.65,Pago,202602
MEN00001155,ALU00097,2026-03-01,2026-03-10,2026-03-15,1479.71,Pago,202603
MEN00001156,ALU00097,2026-04-01,2026-04-10,2026-04-12,1434.64,Pago,202604
MEN00001157,ALU00097,2026-05-01,2026-05-10,2026-05-16,1453.3,Pago,202605
MEN00001158,ALU00097,2026-06-01,2026-06-10,,1483.47,Vencido,202606
MEN00001159,ALU00097,2026-07-01,2026-07-10,2026-07-16,1419.91,Pago,202607
MEN00001160,ALU00097,2026-08-01,2026-08-10,2026-08-11,1485.08,Pago,202608
MEN00001161,ALU00097,2026-09-01,2026-09-10,,1433.84,Em Aberto,202609
MEN00001162,ALU00097,2026-10-01,2026-10-10,2026-10-09,1426.4,Pago,202610
MEN00001163,ALU00097,2026-11-01,2026-11-10,,1418.84,Em Aberto,202611
MEN00001164,ALU00097,2026-12-01,2026-12-10,2026-12-17,1452.05,Pago,202612
MEN00001165,ALU00098,2026-01-01,2026-01-10,2026-01-18,1477.93,Pago,202601
MEN00001166,ALU00098,2026-02-01,2026-02-10,2026-02-15,1492.82,Pago,202602
MEN00001167,ALU00098,2026-03-01,2026-03-10,2026-03-09,1471.66,Pago,202603
MEN00001168,ALU00098,2026-04-01,2026-04-10,2026-04-08,1433.22,Pago,202604
MEN00001169,ALU00098,2026-05-01,2026-05-10,2026-05-11,1458.15,Pago,202605
MEN00001170,ALU00098,2026-06-01,2026-06-10,,1455.23,Em Aberto,202606
MEN00001171,ALU00098,2026-07-01,2026-07-10,,1411.39,Em Aberto,202607
MEN00001172,ALU00098,2026-08-01,2026-08-10,2026-08-11,1452.71,Pago,202608
MEN00001173,ALU00098,2026-09-01,2026-09-10,2026-09-16,1483.24,Pago,202609
MEN00001174,ALU00098,2026-10-01,2026-10-10,2026-10-18,1458.15,Pago,202610
MEN00001175,ALU00098,2026-11-01,2026-11-10,2026-11-13,1455.56,Pago,202611
MEN00001176,ALU00098,2026-12-01,2026-12-10,2026-12-15,1481.61,Pago,202612
MEN00001177,ALU00099,2026-01-01,2026-01-10,2026-01-09,1464.64,Pago,202601
MEN00001178,ALU00099,2026-02-01,2026-02-10,2026-02-14,1439.62,Pago,202602
MEN00001179,ALU00099,2026-03-01,2026-03-10,2026-03-11,1476.66,Pago,202603
MEN00001180,ALU00099,2026-04-01,2026-04-10,2026-04-08,1451.33,Pago,202604
MEN00001181,ALU00099,2026-05-01,2026-05-10,2026-05-18,1486.55,Pago,202605
MEN00001182,ALU00099,2026-06-01,2026-06-10,2026-06-07,1431.02,Pago,202606
MEN00001183,ALU00099,2026-07-01,2026-07-10,2026-07-16,1487.03,Pago,202607
MEN00001184,ALU00099,2026-08-01,2026-08-10,2026-08-14,1446.27,Pago,202608
MEN00001185,ALU00099,2026-09-01,2026-09-10,,1412.47,Vencido,202609
MEN00001186,ALU00099,2026-10-01,2026-10-10,2026-10-16,1456.15,Pago,202610
MEN00001187,ALU00099,2026-11-01,2026-11-10,2026-11-13,1419.02,Pago,202611
MEN00001188,ALU00099,2026-12-01,2026-12-10,2026-12-09,1410.39,Pago,202612
MEN00001189,ALU00100,2026-01-01,2026-01-10,2026-01-15,1444.05,Pago,202601
MEN00001190,ALU00100,2026-02-01,2026-02-10,2026-02-11,1464.08,Pago,202602
MEN00001191,ALU00100,2026-03-01,2026-03-10,2026-03-16,1451.33,Pago,202603
MEN00001192,ALU00100,2026-04-01,2026-04-10,2026-04-08,1482.92,Pago,202604
MEN00001193,ALU00100,2026-05-01,2026-05-10,,1471.47,Vencido,202605
MEN00001194,ALU00100,2026-06-01,2026-06-10,2026-06-16,1470.72,Pago,202606
MEN00001195,ALU00100,2026-07-01,2026-07-10,2026-07-16,1438.81,Pago,202607
MEN00001196,ALU00100,2026-08-01,2026-08-10,2026-08-15,1470.41,Pago,202608
MEN00001197,ALU00100,2026-09-01,2026-09-10,,1468.85,Em Aberto,202609
MEN00001198,ALU00100,2026-10-01,2026-10-10,2026-10-08,1457.59,Pago,202610
MEN00001199,ALU00100,2026-11-01,2026-11-10,,1447.43,Vencido,202611
MEN00001200,ALU00100,2026-12-01,2026-12-10,2026-12-13,1463.52,Pago,202612
MEN00001201,ALU00101,2026-01-01,2026-01-10,2026-01-17,1431.3,Pago,202601
MEN00001202,ALU00101,2026-02-01,2026-02-10,2026-02-15,1424.9,Pago,202602
MEN00001203,ALU00101,2026-03-01,2026-03-10,2026-03-10,1461.06,Pago,202603
MEN00001204,ALU00101,2026-04-01,2026-04-10,2026-04-13,1486.35,Pago,202604
MEN00001205,ALU00101,2026-05-01,2026-05-10,,1407.05,Em Aberto,202605
MEN00001206,ALU00101,2026-06-01,2026-06-10,2026-06-07,1408.13,Pago,202606
MEN00001207,ALU00101,2026-07-01,2026-07-10,2026-07-15,1473.4,Pago,202607
MEN00001208,ALU00101,2026-08-01,2026-08-10,2026-08-16,1455.59,Pago,202608
MEN00001209,ALU00101,2026-09-01,2026-09-10,2026-09-17,1422.99,Pago,202609
MEN00001210,ALU00101,2026-10-01,2026-10-10,2026-10-18,1431.98,Pago,202610
MEN00001211,ALU00101,2026-11-01,2026-11-10,2026-11-09,1463.32,Pago,202611
MEN00001212,ALU00101,2026-12-01,2026-12-10,2026-12-15,1408.87,Pago,202612
MEN00001213,ALU00102,2026-01-01,2026-01-10,,1445.93,Em Aberto,202601
MEN00001214,ALU00102,2026-02-01,2026-02-10,2026-02-07,1459.36,Pago,202602
MEN00001215,ALU00102,2026-03-01,2026-03-10,2026-03-07,1416.01,Pago,202603
MEN00001216,ALU00102,2026-04-01,2026-04-10,2026-04-08,1483.91,Pago,202604
MEN00001217,ALU00102,2026-05-01,2026-05-10,,1481.9,Em Aberto,202605
MEN00001218,ALU00102,2026-06-01,2026-06-10,2026-06-16,1430.58,Pago,202606
MEN00001219,ALU00102,2026-07-01,2026-07-10,2026-07-10,1492.2,Pago,202607
MEN00001220,ALU00102,2026-08-01,2026-08-10,2026-08-15,1408.86,Pago,202608
MEN00001221,ALU00102,2026-09-01,2026-09-10,2026-09-15,1427.68,Pago,202609
MEN00001222,ALU00102,2026-10-01,2026-10-10,2026-10-17,1443.09,Pago,202610
MEN00001223,ALU00102,2026-11-01,2026-11-10,,1452.03,Em Aberto,202611
MEN00001224,ALU00102,2026-12-01,2026-12-10,2026-12-17,1415.45,Pago,202612
MEN00001225,ALU00103,2026-01-01,2026-01-10,2026-01-07,1429.43,Pago,202601
MEN00001226,ALU00103,2026-02-01,2026-02-10,2026-02-07,1457.54,Pago,202602
MEN00001227,ALU00103,2026-03-01,2026-03-10,2026-03-18,1424.79,Pago,202603
MEN00001228,ALU00103,2026-04-01,2026-04-10,2026-04-13,1477.72,Pago,202604
MEN00001229,ALU00103,2026-05-01,2026-05-10,2026-05-07,1412.22,Pago,202605
MEN00001230,ALU00103,2026-06-01,2026-06-10,,1441.01,Em Aberto,202606
MEN00001231,ALU00103,2026-07-01,2026-07-10,2026-07-13,1453.21,Pago,202607
MEN00001232,ALU00103,2026-08-01,2026-08-10,2026-08-12,1428.32,Pago,202608
MEN00001233,ALU00103,2026-09-01,2026-09-10,2026-09-09,1483.32,Pago,202609
MEN00001234,ALU00103,2026-10-01,2026-10-10,2026-10-17,1425.65,Pago,202610
MEN00001235,ALU00103,2026-11-01,2026-11-10,2026-11-15,1413.39,Pago,202611
MEN00001236,ALU00103,2026-12-01,2026-12-10,2026-12-07,1434.28,Pago,202612
MEN00001237,ALU00104,2026-01-01,2026-01-10,,1423.1,Vencido,202601
MEN00001238,ALU00104,2026-02-01,2026-02-10,2026-02-07,1447.47,Pago,202602
MEN00001239,ALU00104,2026-03-01,2026-03-10,,1450.14,Vencido,202603
MEN00001240,ALU00104,2026-04-01,2026-04-10,2026-04-07,1442.79,Pago,202604
MEN00001241,ALU00104,2026-05-01,2026-05-10,2026-05-11,1456.91,Pago,202605
MEN00001242,ALU00104,2026-06-01,2026-06-10,2026-06-15,1450.34,Pago,202606
MEN00001243,ALU00104,2026-07-01,2026-07-10,2026-07-09,1417.88,Pago,202607
MEN00001244,ALU00104,2026-08-01,2026-08-10,,1463.6,Vencido,202608
MEN00001245,ALU00104,2026-09-01,2026-09-10,2026-09-09,1478.0,Pago,202609
MEN00001246,ALU00104,2026-10-01,2026-10-10,2026-10-07,1422.42,Pago,202610
MEN00001247,ALU00104,2026-11-01,2026-11-10,2026-11-11,1411.54,Pago,202611
MEN00001248,ALU00104,2026-12-01,2026-12-10,2026-12-08,1486.22,Pago,202612
MEN00001249,ALU00105,2026-01-01,2026-01-10,2026-01-09,1484.87,Pago,202601
MEN00001250,ALU00105,2026-02-01,2026-02-10,2026-02-10,1419.37,Pago,202602
MEN00001251,ALU00105,2026-03-01,2026-03-10,2026-03-08,1458.39,Pago,202603
MEN00001252,ALU00105,2026-04-01,2026-04-10,2026-04-10,1416.71,Pago,202604
MEN00001253,ALU00105,2026-05-01,2026-05-10,2026-05-11,1453.36,Pago,202605
MEN00001254,ALU00105,2026-06-01,2026-06-10,2026-06-14,1434.22,Pago,202606
MEN00001255,ALU00105,2026-07-01,2026-07-10,2026-07-15,1443.95,Pago,202607
MEN00001256,ALU00105,2026-08-01,2026-08-10,,1425.39,Vencido,202608
MEN00001257,ALU00105,2026-09-01,2026-09-10,2026-09-18,1460.46,Pago,202609
MEN00001258,ALU00105,2026-10-01,2026-10-10,,1468.33,Vencido,202610
MEN00001259,ALU00105,2026-11-01,2026-11-10,2026-11-10,1450.28,Pago,202611
MEN00001260,ALU00105,2026-12-01,2026-12-10,,1417.16,Vencido,202612
MEN00001261,ALU00106,2026-01-01,2026-01-10,,1464.12,Vencido,202601
MEN00001262,ALU00106,2026-02-01,2026-02-10,2026-02-11,1434.55,Pago,202602
MEN00001263,ALU00106,2026-03-01,2026-03-10,2026-03-11,1464.89,Pago,202603
MEN00001264,ALU00106,2026-04-01,2026-04-10,2026-04-10,1443.33,Pago,202604
MEN00001265,ALU00106,2026-05-01,2026-05-10,2026-05-07,1441.32,Pago,202605
MEN00001266,ALU00106,2026-06-01,2026-06-10,2026-06-15,1487.76,Pago,202606
MEN00001267,ALU00106,2026-07-01,2026-07-10,,1470.47,Em Aberto,202607
MEN00001268,ALU00106,2026-08-01,2026-08-10,2026-08-08,1424.69,Pago,202608
MEN00001269,ALU00106,2026-09-01,2026-09-10,2026-09-14,1409.17,Pago,202609
MEN00001270,ALU00106,2026-10-01,2026-10-10,2026-10-12,1474.15,Pago,202610
MEN00001271,ALU00106,2026-11-01,2026-11-10,,1492.18,Vencido,202611
MEN00001272,ALU00106,2026-12-01,2026-12-10,2026-12-07,1421.45,Pago,202612
MEN00001273,ALU00107,2026-01-01,2026-01-10,2026-01-09,1483.64,Pago,202601
MEN00001274,ALU00107,2026-02-01,2026-02-10,2026-02-12,1437.65,Pago,202602
MEN00001275,ALU00107,2026-03-01,2026-03-10,2026-03-11,1417.99,Pago,202603
MEN00001276,ALU00107,2026-04-01,2026-04-10,2026-04-09,1491.38,Pago,202604
MEN00001277,ALU00107,2026-05-01,2026-05-10,,1430.83,Em Aberto,202605
MEN00001278,ALU00107,2026-06-01,2026-06-10,2026-06-16,1431.99,Pago,202606
MEN00001279,ALU00107,2026-07-01,2026-07-10,2026-07-07,1446.88,Pago,202607
MEN00001280,ALU00107,2026-08-01,2026-08-10,2026-08-15,1430.17,Pago,202608
MEN00001281,ALU00107,2026-09-01,2026-09-10,2026-09-12,1484.73,Pago,202609
MEN00001282,ALU00107,2026-10-01,2026-10-10,,1424.83,Em Aberto,202610
MEN00001283,ALU00107,2026-11-01,2026-11-10,2026-11-16,1481.94,Pago,202611
MEN00001284,ALU00107,2026-12-01,2026-12-10,2026-12-10,1488.34,Pago,202612
MEN00001285,ALU00108,2026-01-01,2026-01-10,2026-01-14,1437.13,Pago,202601
MEN00001286,ALU00108,2026-02-01,2026-02-10,,1481.75,Em Aberto,202602
MEN00001287,ALU00108,2026-03-01,2026-03-10,2026-03-07,1487.48,Pago,202603
MEN00001288,ALU00108,2026-04-01,2026-04-10,2026-04-13,1455.02,Pago,202604
MEN00001289,ALU00108,2026-05-01,2026-05-10,2026-05-11,1418.24,Pago,202605
MEN00001290,ALU00108,2026-06-01,2026-06-10,2026-06-10,1413.74,Pago,202606
MEN00001291,ALU00108,2026-07-01,2026-07-10,2026-07-17,1472.06,Pago,202607
MEN00001292,ALU00108,2026-08-01,2026-08-10,2026-08-15,1451.27,Pago,202608
MEN00001293,ALU00108,2026-09-01,2026-09-10,2026-09-11,1433.18,Pago,202609
MEN00001294,ALU00108,2026-10-01,2026-10-10,2026-10-09,1436.35,Pago,202610
MEN00001295,ALU00108,2026-11-01,2026-11-10,2026-11-12,1446.71,Pago,202611
MEN00001296,ALU00108,2026-12-01,2026-12-10,2026-12-17,1460.24,Pago,202612
MEN00001297,ALU00109,2026-01-01,2026-01-10,2026-01-16,1461.85,Pago,202601
MEN00001298,ALU00109,2026-02-01,2026-02-10,2026-02-07,1433.44,Pago,202602
MEN00001299,ALU00109,2026-03-01,2026-03-10,,1486.03,Vencido,202603
MEN00001300,ALU00109,2026-04-01,2026-04-10,2026-04-11,1425.21,Pago,202604
MEN00001301,ALU00109,2026-05-01,2026-05-10,2026-05-18,1412.99,Pago,202605
MEN00001302,ALU00109,2026-06-01,2026-06-10,2026-06-08,1449.97,Pago,202606
MEN00001303,ALU00109,2026-07-01,2026-07-10,2026-07-16,1441.34,Pago,202607
MEN00001304,ALU00109,2026-08-01,2026-08-10,2026-08-14,1449.9,Pago,202608
MEN00001305,ALU00109,2026-09-01,2026-09-10,,1478.44,Em Aberto,202609
MEN00001306,ALU00109,2026-10-01,2026-10-10,2026-10-10,1409.82,Pago,202610
MEN00001307,ALU00109,2026-11-01,2026-11-10,2026-11-08,1429.4,Pago,202611
MEN00001308,ALU00109,2026-12-01,2026-12-10,2026-12-16,1464.11,Pago,202612
MEN00001309,ALU00110,2026-01-01,2026-01-10,2026-01-16,1492.84,Pago,202601
MEN00001310,ALU00110,2026-02-01,2026-02-10,2026-02-10,1413.68,Pago,202602
MEN00001311,ALU00110,2026-03-01,2026-03-10,2026-03-11,1455.18,Pago,202603
MEN00001312,ALU00110,2026-04-01,2026-04-10,,1472.14,Em Aberto,202604
MEN00001313,ALU00110,2026-05-01,2026-05-10,2026-05-09,1450.42,Pago,202605
MEN00001314,ALU00110,2026-06-01,2026-06-10,2026-06-08,1473.19,Pago,202606
MEN00001315,ALU00110,2026-07-01,2026-07-10,,1420.86,Em Aberto,202607
MEN00001316,ALU00110,2026-08-01,2026-08-10,2026-08-14,1468.98,Pago,202608
MEN00001317,ALU00110,2026-09-01,2026-09-10,2026-09-12,1452.11,Pago,202609
MEN00001318,ALU00110,2026-10-01,2026-10-10,,1458.93,Vencido,202610
MEN00001319,ALU00110,2026-11-01,2026-11-10,,1428.89,Em Aberto,202611
MEN00001320,ALU00110,2026-12-01,2026-12-10,2026-12-15,1475.65,Pago,202612
MEN00001321,ALU00111,2026-01-01,2026-01-10,2026-01-15,1491.85,Pago,202601
MEN00001322,ALU00111,2026-02-01,2026-02-10,2026-02-13,1443.3,Pago,202602
MEN00001323,ALU00111,2026-03-01,2026-03-10,2026-03-09,1466.04,Pago,202603
MEN00001324,ALU00111,2026-04-01,2026-04-10,2026-04-17,1466.15,Pago,202604
MEN00001325,ALU00111,2026-05-01,2026-05-10,2026-05-09,1424.54,Pago,202605
MEN00001326,ALU00111,2026-06-01,2026-06-10,2026-06-13,1469.68,Pago,202606
MEN00001327,ALU00111,2026-07-01,2026-07-10,,1468.73,Em Aberto,202607
MEN00001328,ALU00111,2026-08-01,2026-08-10,2026-08-15,1407.03,Pago,202608
MEN00001329,ALU00111,2026-09-01,2026-09-10,2026-09-13,1422.11,Pago,202609
MEN00001330,ALU00111,2026-10-01,2026-10-10,2026-10-07,1416.2,Pago,202610
MEN00001331,ALU00111,2026-11-01,2026-11-10,,1479.99,Em Aberto,202611
MEN00001332,ALU00111,2026-12-01,2026-12-10,2026-12-10,1448.73,Pago,202612
MEN00001333,ALU00112,2026-01-01,2026-01-10,2026-01-16,1469.85,Pago,202601
MEN00001334,ALU00112,2026-02-01,2026-02-10,2026-02-14,1424.21,Pago,202602
MEN00001335,ALU00112,2026-03-01,2026-03-10,2026-03-16,1491.39,Pago,202603
MEN00001336,ALU00112,2026-04-01,2026-04-10,2026-04-09,1434.62,Pago,202604
MEN00001337,ALU00112,2026-05-01,2026-05-10,2026-05-13,1453.09,Pago,202605
MEN00001338,ALU00112,2026-06-01,2026-06-10,2026-06-08,1435.03,Pago,202606
MEN00001339,ALU00112,2026-07-01,2026-07-10,2026-07-10,1476.69,Pago,202607
MEN00001340,ALU00112,2026-08-01,2026-08-10,2026-08-09,1438.01,Pago,202608
MEN00001341,ALU00112,2026-09-01,2026-09-10,2026-09-15,1476.99,Pago,202609
MEN00001342,ALU00112,2026-10-01,2026-10-10,2026-10-14,1446.09,Pago,202610
MEN00001343,ALU00112,2026-11-01,2026-11-10,2026-11-07,1435.7,Pago,202611
MEN00001344,ALU00112,2026-12-01,2026-12-10,2026-12-10,1489.57,Pago,202612
MEN00001345,ALU00113,2026-01-01,2026-01-10,,1413.47,Vencido,202601
MEN00001346,ALU00113,2026-02-01,2026-02-10,,1477.76,Vencido,202602
MEN00001347,ALU00113,2026-03-01,2026-03-10,2026-03-17,1410.53,Pago,202603
MEN00001348,ALU00113,2026-04-01,2026-04-10,2026-04-10,1423.38,Pago,202604
MEN00001349,ALU00113,2026-05-01,2026-05-10,2026-05-10,1470.76,Pago,202605
MEN00001350,ALU00113,2026-06-01,2026-06-10,2026-06-09,1481.66,Pago,202606
MEN00001351,ALU00113,2026-07-01,2026-07-10,2026-07-07,1422.32,Pago,202607
MEN00001352,ALU00113,2026-08-01,2026-08-10,2026-08-14,1436.44,Pago,202608
MEN00001353,ALU00113,2026-09-01,2026-09-10,2026-09-07,1446.71,Pago,202609
MEN00001354,ALU00113,2026-10-01,2026-10-10,2026-10-17,1472.36,Pago,202610
MEN00001355,ALU00113,2026-11-01,2026-11-10,,1488.35,Em Aberto,202611
MEN00001356,ALU00113,2026-12-01,2026-12-10,2026-12-12,1431.54,Pago,202612
MEN00001357,ALU00114,2026-01-01,2026-01-10,2026-01-08,1488.4,Pago,202601
MEN00001358,ALU00114,2026-02-01,2026-02-10,2026-02-12,1475.68,Pago,202602
MEN00001359,ALU00114,2026-03-01,2026-03-10,2026-03-11,1471.63,Pago,202603
MEN00001360,ALU00114,2026-04-01,2026-04-10,2026-04-07,1415.45,Pago,202604
MEN00001361,ALU00114,2026-05-01,2026-05-10,,1430.59,Vencido,202605
MEN00001362,ALU00114,2026-06-01,2026-06-10,2026-06-17,1485.91,Pago,202606
MEN00001363,ALU00114,2026-07-01,2026-07-10,2026-07-12,1469.85,Pago,202607
MEN00001364,ALU00114,2026-08-01,2026-08-10,2026-08-10,1425.89,Pago,202608
MEN00001365,ALU00114,2026-09-01,2026-09-10,,1482.07,Em Aberto,202609
MEN00001366,ALU00114,2026-10-01,2026-10-10,2026-10-10,1437.0,Pago,202610
MEN00001367,ALU00114,2026-11-01,2026-11-10,2026-11-15,1412.24,Pago,202611
MEN00001368,ALU00114,2026-12-01,2026-12-10,2026-12-12,1451.57,Pago,202612
MEN00001369,ALU00115,2026-01-01,2026-01-10,,1490.67,Em Aberto,202601
MEN00001370,ALU00115,2026-02-01,2026-02-10,,1488.14,Vencido,202602
MEN00001371,ALU00115,2026-03-01,2026-03-10,2026-03-17,1481.22,Pago,202603
MEN00001372,ALU00115,2026-04-01,2026-04-10,,1455.92,Vencido,202604
MEN00001373,ALU00115,2026-05-01,2026-05-10,2026-05-13,1493.42,Pago,202605
MEN00001374,ALU00115,2026-06-01,2026-06-10,2026-06-09,1484.92,Pago,202606
MEN00001375,ALU00115,2026-07-01,2026-07-10,2026-07-07,1472.67,Pago,202607
MEN00001376,ALU00115,2026-08-01,2026-08-10,2026-08-10,1464.52,Pago,202608
MEN00001377,ALU00115,2026-09-01,2026-09-10,2026-09-15,1485.71,Pago,202609
MEN00001378,ALU00115,2026-10-01,2026-10-10,,1425.18,Vencido,202610
MEN00001379,ALU00115,2026-11-01,2026-11-10,2026-11-16,1421.13,Pago,202611
MEN00001380,ALU00115,2026-12-01,2026-12-10,2026-12-08,1463.28,Pago,202612
MEN00001381,ALU00116,2026-01-01,2026-01-10,2026-01-15,1474.15,Pago,202601
MEN00001382,ALU00116,2026-02-01,2026-02-10,2026-02-13,1484.74,Pago,202602
MEN00001383,ALU00116,2026-03-01,2026-03-10,2026-03-07,1468.05,Pago,202603
MEN00001384,ALU00116,2026-04-01,2026-04-10,2026-04-12,1433.3,Pago,202604
MEN00001385,ALU00116,2026-05-01,2026-05-10,2026-05-14,1479.58,Pago,202605
MEN00001386,ALU00116,2026-06-01,2026-06-10,2026-06-12,1413.95,Pago,202606
MEN00001387,ALU00116,2026-07-01,2026-07-10,,1471.33,Em Aberto,202607
MEN00001388,ALU00116,2026-08-01,2026-08-10,2026-08-12,1436.35,Pago,202608
MEN00001389,ALU00116,2026-09-01,2026-09-10,2026-09-13,1412.62,Pago,202609
MEN00001390,ALU00116,2026-10-01,2026-10-10,2026-10-18,1478.83,Pago,202610
MEN00001391,ALU00116,2026-11-01,2026-11-10,2026-11-16,1466.77,Pago,202611
MEN00001392,ALU00116,2026-12-01,2026-12-10,2026-12-14,1459.06,Pago,202612
MEN00001393,ALU00117,2026-01-01,2026-01-10,2026-01-07,1478.36,Pago,202601
MEN00001394,ALU00117,2026-02-01,2026-02-10,,1479.07,Vencido,202602
MEN00001395,ALU00117,2026-03-01,2026-03-10,2026-03-08,1483.33,Pago,202603
MEN00001396,ALU00117,2026-04-01,2026-04-10,2026-04-16,1474.99,Pago,202604
MEN00001397,ALU00117,2026-05-01,2026-05-10,2026-05-07,1460.13,Pago,202605
MEN00001398,ALU00117,2026-06-01,2026-06-10,2026-06-13,1406.77,Pago,202606
MEN00001399,ALU00117,2026-07-01,2026-07-10,2026-07-10,1451.34,Pago,202607
MEN00001400,ALU00117,2026-08-01,2026-08-10,,1435.42,Vencido,202608
MEN00001401,ALU00117,2026-09-01,2026-09-10,2026-09-09,1455.41,Pago,202609
MEN00001402,ALU00117,2026-10-01,2026-10-10,2026-10-07,1429.79,Pago,202610
MEN00001403,ALU00117,2026-11-01,2026-11-10,2026-11-13,1476.83,Pago,202611
MEN00001404,ALU00117,2026-12-01,2026-12-10,2026-12-15,1481.79,Pago,202612
MEN00001405,ALU00118,2026-01-01,2026-01-10,2026-01-09,1474.62,Pago,202601
MEN00001406,ALU00118,2026-02-01,2026-02-10,2026-02-16,1459.41,Pago,202602
MEN00001407,ALU00118,2026-03-01,2026-03-10,,1459.13,Vencido,202603
MEN00001408,ALU00118,2026-04-01,2026-04-10,2026-04-17,1409.48,Pago,202604
MEN00001409,ALU00118,2026-05-01,2026-05-10,2026-05-10,1466.49,Pago,202605
MEN00001410,ALU00118,2026-06-01,2026-06-10,2026-06-18,1450.89,Pago,202606
MEN00001411,ALU00118,2026-07-01,2026-07-10,2026-07-14,1436.71,Pago,202607
MEN00001412,ALU00118,2026-08-01,2026-08-10,,1441.78,Vencido,202608
MEN00001413,ALU00118,2026-09-01,2026-09-10,2026-09-12,1464.87,Pago,202609
MEN00001414,ALU00118,2026-10-01,2026-10-10,2026-10-15,1491.19,Pago,202610
MEN00001415,ALU00118,2026-11-01,2026-11-10,2026-11-12,1491.49,Pago,202611
MEN00001416,ALU00118,2026-12-01,2026-12-10,2026-12-17,1456.45,Pago,202612
MEN00001417,ALU00119,2026-01-01,2026-01-10,2026-01-15,1416.27,Pago,202601
MEN00001418,ALU00119,2026-02-01,2026-02-10,2026-02-09,1407.55,Pago,202602
MEN00001419,ALU00119,2026-03-01,2026-03-10,2026-03-15,1460.91,Pago,202603
MEN00001420,ALU00119,2026-04-01,2026-04-10,,1419.22,Em Aberto,202604
MEN00001421,ALU00119,2026-05-01,2026-05-10,2026-05-07,1437.83,Pago,202605
MEN00001422,ALU00119,2026-06-01,2026-06-10,2026-06-16,1490.93,Pago,202606
MEN00001423,ALU00119,2026-07-01,2026-07-10,2026-07-18,1469.05,Pago,202607
MEN00001424,ALU00119,2026-08-01,2026-08-10,,1447.63,Vencido,202608
MEN00001425,ALU00119,2026-09-01,2026-09-10,2026-09-17,1432.18,Pago,202609
MEN00001426,ALU00119,2026-10-01,2026-10-10,2026-10-14,1450.07,Pago,202610
MEN00001427,ALU00119,2026-11-01,2026-11-10,2026-11-16,1439.36,Pago,202611
MEN00001428,ALU00119,2026-12-01,2026-12-10,2026-12-10,1482.88,Pago,202612
MEN00001429,ALU00120,2026-01-01,2026-01-10,2026-01-10,1463.55,Pago,202601
MEN00001430,ALU00120,2026-02-01,2026-02-10,2026-02-14,1461.47,Pago,202602
MEN00001431,ALU00120,2026-03-01,2026-03-10,2026-03-17,1477.09,Pago,202603
MEN00001432,ALU00120,2026-04-01,2026-04-10,2026-04-09,1421.93,Pago,202604
MEN00001433,ALU00120,2026-05-01,2026-05-10,2026-05-16,1483.96,Pago,202605
MEN00001434,ALU00120,2026-06-01,2026-06-10,,1444.79,Em Aberto,202606
MEN00001435,ALU00120,2026-07-01,2026-07-10,2026-07-17,1440.36,Pago,202607
MEN00001436,ALU00120,2026-08-01,2026-08-10,2026-08-11,1426.52,Pago,202608
MEN00001437,ALU00120,2026-09-01,2026-09-10,2026-09-09,1444.15,Pago,202609
MEN00001438,ALU00120,2026-10-01,2026-10-10,,1473.05,Em Aberto,202610
MEN00001439,ALU00120,2026-11-01,2026-11-10,2026-11-15,1479.48,Pago,202611
MEN00001440,ALU00120,2026-12-01,2026-12-10,,1455.5,Vencido,202612
MEN00001441,ALU00121,2026-01-01,2026-01-10,,1430.95,Em Aberto,202601
MEN00001442,ALU00121,2026-02-01,2026-02-10,2026-02-10,1437.89,Pago,202602
MEN00001443,ALU00121,2026-03-01,2026-03-10,,1421.54,Em Aberto,202603
MEN00001444,ALU00121,2026-04-01,2026-04-10,2026-04-11,1456.59,Pago,202604
MEN00001445,ALU00121,2026-05-01,2026-05-10,,1474.8,Em Aberto,202605
MEN00001446,ALU00121,2026-06-01,2026-06-10,2026-06-15,1429.71,Pago,202606
MEN00001447,ALU00121,2026-07-01,2026-07-10,2026-07-08,1433.14,Pago,202607
MEN00001448,ALU00121,2026-08-01,2026-08-10,2026-08-17,1423.52,Pago,202608
MEN00001449,ALU00121,2026-09-01,2026-09-10,2026-09-13,1454.23,Pago,202609
MEN00001450,ALU00121,2026-10-01,2026-10-10,,1430.31,Em Aberto,202610
MEN00001451,ALU00121,2026-11-01,2026-11-10,2026-11-14,1452.22,Pago,202611
MEN00001452,ALU00121,2026-12-01,2026-12-10,2026-12-09,1426.86,Pago,202612
MEN00001453,ALU00122,2026-01-01,2026-01-10,,1460.86,Vencido,202601
MEN00001454,ALU00122,2026-02-01,2026-02-10,2026-02-07,1483.54,Pago,202602
MEN00001455,ALU00122,2026-03-01,2026-03-10,2026-03-12,1469.49,Pago,202603
MEN00001456,ALU00122,2026-04-01,2026-04-10,,1442.99,Em Aberto,202604
MEN00001457,ALU00122,2026-05-01,2026-05-10,2026-05-07,1466.0,Pago,202605
MEN00001458,ALU00122,2026-06-01,2026-06-10,2026-06-09,1428.13,Pago,202606
MEN00001459,ALU00122,2026-07-01,2026-07-10,2026-07-08,1406.58,Pago,202607
MEN00001460,ALU00122,2026-08-01,2026-08-10,2026-08-16,1473.62,Pago,202608
MEN00001461,ALU00122,2026-09-01,2026-09-10,2026-09-15,1479.34,Pago,202609
MEN00001462,ALU00122,2026-10-01,2026-10-10,2026-10-15,1420.18,Pago,202610
MEN00001463,ALU00122,2026-11-01,2026-11-10,2026-11-13,1476.16,Pago,202611
MEN00001464,ALU00122,2026-12-01,2026-12-10,2026-12-16,1465.65,Pago,202612
MEN00001465,ALU00123,2026-01-01,2026-01-10,2026-01-15,1483.0,Pago,202601
MEN00001466,ALU00123,2026-02-01,2026-02-10,2026-02-18,1452.79,Pago,202602
MEN00001467,ALU00123,2026-03-01,2026-03-10,2026-03-09,1415.84,Pago,202603
MEN00001468,ALU00123,2026-04-01,2026-04-10,2026-04-11,1473.17,Pago,202604
MEN00001469,ALU00123,2026-05-01,2026-05-10,2026-05-10,1468.61,Pago,202605
MEN00001470,ALU00123,2026-06-01,2026-06-10,2026-06-17,1426.96,Pago,202606
MEN00001471,ALU00123,2026-07-01,2026-07-10,2026-07-08,1430.89,Pago,202607
MEN00001472,ALU00123,2026-08-01,2026-08-10,,1417.77,Vencido,202608
MEN00001473,ALU00123,2026-09-01,2026-09-10,2026-09-15,1463.99,Pago,202609
MEN00001474,ALU00123,2026-10-01,2026-10-10,2026-10-08,1463.28,Pago,202610
MEN00001475,ALU00123,2026-11-01,2026-11-10,2026-11-15,1441.49,Pago,202611
MEN00001476,ALU00123,2026-12-01,2026-12-10,2026-12-07,1466.64,Pago,202612
MEN00001477,ALU00124,2026-01-01,2026-01-10,,1452.4,Vencido,202601
MEN00001478,ALU00124,2026-02-01,2026-02-10,,1438.09,Em Aberto,202602
MEN00001479,ALU00124,2026-03-01,2026-03-10,2026-03-11,1422.79,Pago,202603
MEN00001480,ALU00124,2026-04-01,2026-04-10,2026-04-11,1439.16,Pago,202604
MEN00001481,ALU00124,2026-05-01,2026-05-10,2026-05-17,1411.94,Pago,202605
MEN00001482,ALU00124,2026-06-01,2026-06-10,2026-06-12,1479.25,Pago,202606
MEN00001483,ALU00124,2026-07-01,2026-07-10,2026-07-17,1460.44,Pago,202607
MEN00001484,ALU00124,2026-08-01,2026-08-10,2026-08-11,1459.98,Pago,202608
MEN00001485,ALU00124,2026-09-01,2026-09-10,2026-09-11,1450.04,Pago,202609
MEN00001486,ALU00124,2026-10-01,2026-10-10,2026-10-14,1428.97,Pago,202610
MEN00001487,ALU00124,2026-11-01,2026-11-10,2026-11-15,1422.38,Pago,202611
MEN00001488,ALU00124,2026-12-01,2026-12-10,2026-12-18,1484.9,Pago,202612
MEN00001489,ALU00125,2026-01-01,2026-01-10,,1439.18,Vencido,202601
MEN00001490,ALU00125,2026-02-01,2026-02-10,2026-02-15,1492.41,Pago,202602
MEN00001491,ALU00125,2026-03-01,2026-03-10,2026-03-13,1438.87,Pago,202603
MEN00001492,ALU00125,2026-04-01,2026-04-10,2026-04-07,1468.99,Pago,202604
MEN00001493,ALU00125,2026-05-01,2026-05-10,2026-05-09,1410.49,Pago,202605
MEN00001494,ALU00125,2026-06-01,2026-06-10,2026-06-09,1474.61,Pago,202606
MEN00001495,ALU00125,2026-07-01,2026-07-10,,1490.89,Em Aberto,202607
MEN00001496,ALU00125,2026-08-01,2026-08-10,2026-08-11,1415.44,Pago,202608
MEN00001497,ALU00125,2026-09-01,2026-09-10,2026-09-07,1433.93,Pago,202609
MEN00001498,ALU00125,2026-10-01,2026-10-10,2026-10-11,1435.12,Pago,202610
MEN00001499,ALU00125,2026-11-01,2026-11-10,2026-11-13,1442.95,Pago,202611
MEN00001500,ALU00125,2026-12-01,2026-12-10,2026-12-12,1415.4,Pago,202612
MEN00001501,ALU00126,2026-01-01,2026-01-10,2026-01-14,1452.29,Pago,202601
MEN00001502,ALU00126,2026-02-01,2026-02-10,2026-02-08,1442.91,Pago,202602
MEN00001503,ALU00126,2026-03-01,2026-03-10,2026-03-10,1428.42,Pago,202603
MEN00001504,ALU00126,2026-04-01,2026-04-10,2026-04-17,1443.62,Pago,202604
MEN00001505,ALU00126,2026-05-01,2026-05-10,2026-05-14,1437.5,Pago,202605
MEN00001506,ALU00126,2026-06-01,2026-06-10,2026-06-16,1426.56,Pago,202606
MEN00001507,ALU00126,2026-07-01,2026-07-10,2026-07-08,1410.14,Pago,202607
MEN00001508,ALU00126,2026-08-01,2026-08-10,,1409.98,Vencido,202608
MEN00001509,ALU00126,2026-09-01,2026-09-10,2026-09-13,1437.26,Pago,202609
MEN00001510,ALU00126,2026-10-01,2026-10-10,2026-10-07,1412.3,Pago,202610
MEN00001511,ALU00126,2026-11-01,2026-11-10,2026-11-12,1469.74,Pago,202611
MEN00001512,ALU00126,2026-12-01,2026-12-10,2026-12-18,1439.02,Pago,202612
MEN00001513,ALU00127,2026-01-01,2026-01-10,,1430.16,Em Aberto,202601
MEN00001514,ALU00127,2026-02-01,2026-02-10,2026-02-17,1438.46,Pago,202602
MEN00001515,ALU00127,2026-03-01,2026-03-10,2026-03-07,1466.03,Pago,202603
MEN00001516,ALU00127,2026-04-01,2026-04-10,,1409.91,Em Aberto,202604
MEN00001517,ALU00127,2026-05-01,2026-05-10,2026-05-16,1474.42,Pago,202605
MEN00001518,ALU00127,2026-06-01,2026-06-10,2026-06-17,1468.55,Pago,202606
MEN00001519,ALU00127,2026-07-01,2026-07-10,2026-07-09,1427.17,Pago,202607
MEN00001520,ALU00127,2026-08-01,2026-08-10,2026-08-17,1410.34,Pago,202608
MEN00001521,ALU00127,2026-09-01,2026-09-10,2026-09-12,1472.47,Pago,202609
MEN00001522,ALU00127,2026-10-01,2026-10-10,2026-10-14,1473.29,Pago,202610
MEN00001523,ALU00127,2026-11-01,2026-11-10,2026-11-15,1455.15,Pago,202611
MEN00001524,ALU00127,2026-12-01,2026-12-10,,1406.75,Em Aberto,202612
MEN00001525,ALU00128,2026-01-01,2026-01-10,2026-01-11,1444.79,Pago,202601
MEN00001526,ALU00128,2026-02-01,2026-02-10,2026-02-13,1462.12,Pago,202602
MEN00001527,ALU00128,2026-03-01,2026-03-10,2026-03-07,1457.55,Pago,202603
MEN00001528,ALU00128,2026-04-01,2026-04-10,2026-04-15,1465.24,Pago,202604
MEN00001529,ALU00128,2026-05-01,2026-05-10,,1441.86,Vencido,202605
MEN00001530,ALU00128,2026-06-01,2026-06-10,2026-06-13,1413.08,Pago,202606
MEN00001531,ALU00128,2026-07-01,2026-07-10,2026-07-17,1450.45,Pago,202607
MEN00001532,ALU00128,2026-08-01,2026-08-10,2026-08-07,1471.83,Pago,202608
MEN00001533,ALU00128,2026-09-01,2026-09-10,,1490.37,Vencido,202609
MEN00001534,ALU00128,2026-10-01,2026-10-10,2026-10-14,1427.08,Pago,202610
MEN00001535,ALU00128,2026-11-01,2026-11-10,2026-11-09,1408.0,Pago,202611
MEN00001536,ALU00128,2026-12-01,2026-12-10,2026-12-07,1490.35,Pago,202612
MEN00001537,ALU00129,2026-01-01,2026-01-10,2026-01-14,1447.47,Pago,202601
MEN00001538,ALU00129,2026-02-01,2026-02-10,2026-02-14,1410.95,Pago,202602
MEN00001539,ALU00129,2026-03-01,2026-03-10,,1485.78,Em Aberto,202603
MEN00001540,ALU00129,2026-04-01,2026-04-10,2026-04-11,1438.24,Pago,202604
MEN00001541,ALU00129,2026-05-01,2026-05-10,2026-05-18,1423.52,Pago,202605
MEN00001542,ALU00129,2026-06-01,2026-06-10,2026-06-09,1416.36,Pago,202606
MEN00001543,ALU00129,2026-07-01,2026-07-10,,1415.87,Vencido,202607
MEN00001544,ALU00129,2026-08-01,2026-08-10,,1475.47,Vencido,202608
MEN00001545,ALU00129,2026-09-01,2026-09-10,,1430.13,Em Aberto,202609
MEN00001546,ALU00129,2026-10-01,2026-10-10,,1455.34,Em Aberto,202610
MEN00001547,ALU00129,2026-11-01,2026-11-10,2026-11-15,1467.46,Pago,202611
MEN00001548,ALU00129,2026-12-01,2026-12-10,2026-12-14,1490.08,Pago,202612
MEN00001549,ALU00130,2026-01-01,2026-01-10,2026-01-10,1469.65,Pago,202601
MEN00001550,ALU00130,2026-02-01,2026-02-10,,1486.07,Em Aberto,202602
MEN00001551,ALU00130,2026-03-01,2026-03-10,,1458.26,Vencido,202603
MEN00001552,ALU00130,2026-04-01,2026-04-10,2026-04-07,1456.88,Pago,202604
MEN00001553,ALU00130,2026-05-01,2026-05-10,2026-05-14,1460.46,Pago,202605
MEN00001554,ALU00130,2026-06-01,2026-06-10,,1459.9,Vencido,202606
MEN00001555,ALU00130,2026-07-01,2026-07-10,2026-07-10,1483.01,Pago,202607
MEN00001556,ALU00130,2026-08-01,2026-08-10,2026-08-08,1426.2,Pago,202608
MEN00001557,ALU00130,2026-09-01,2026-09-10,2026-09-10,1492.39,Pago,202609
MEN00001558,ALU00130,2026-10-01,2026-10-10,,1436.68,Vencido,202610
MEN00001559,ALU00130,2026-11-01,2026-11-10,2026-11-17,1481.82,Pago,202611
MEN00001560,ALU00130,2026-12-01,2026-12-10,2026-12-07,1434.1,Pago,202612
MEN00001561,ALU00131,2026-01-01,2026-01-10,2026-01-18,1416.44,Pago,202601
MEN00001562,ALU00131,2026-02-01,2026-02-10,2026-02-14,1477.75,Pago,202602
MEN00001563,ALU00131,2026-03-01,2026-03-10,2026-03-10,1426.07,Pago,202603
MEN00001564,ALU00131,2026-04-01,2026-04-10,2026-04-14,1451.5,Pago,202604
MEN00001565,ALU00131,2026-05-01,2026-05-10,2026-05-17,1424.04,Pago,202605
MEN00001566,ALU00131,2026-06-01,2026-06-10,2026-06-11,1437.86,Pago,202606
MEN00001567,ALU00131,2026-07-01,2026-07-10,2026-07-12,1464.93,Pago,202607
MEN00001568,ALU00131,2026-08-01,2026-08-10,2026-08-17,1420.82,Pago,202608
MEN00001569,ALU00131,2026-09-01,2026-09-10,2026-09-12,1408.35,Pago,202609
MEN00001570,ALU00131,2026-10-01,2026-10-10,,1432.89,Vencido,202610
MEN00001571,ALU00131,2026-11-01,2026-11-10,2026-11-08,1443.86,Pago,202611
MEN00001572,ALU00131,2026-12-01,2026-12-10,2026-12-09,1480.56,Pago,202612
MEN00001573,ALU00132,2026-01-01,2026-01-10,2026-01-13,1486.93,Pago,202601
MEN00001574,ALU00132,2026-02-01,2026-02-10,2026-02-15,1491.97,Pago,202602
MEN00001575,ALU00132,2026-03-01,2026-03-10,2026-03-07,1426.86,Pago,202603
MEN00001576,ALU00132,2026-04-01,2026-04-10,2026-04-12,1434.3,Pago,202604
MEN00001577,ALU00132,2026-05-01,2026-05-10,2026-05-17,1477.31,Pago,202605
MEN00001578,ALU00132,2026-06-01,2026-06-10,2026-06-12,1437.64,Pago,202606
MEN00001579,ALU00132,2026-07-01,2026-07-10,2026-07-16,1443.01,Pago,202607
MEN00001580,ALU00132,2026-08-01,2026-08-10,2026-08-11,1409.44,Pago,202608
MEN00001581,ALU00132,2026-09-01,2026-09-10,,1490.88,Em Aberto,202609
MEN00001582,ALU00132,2026-10-01,2026-10-10,2026-10-15,1450.09,Pago,202610
MEN00001583,ALU00132,2026-11-01,2026-11-10,2026-11-15,1410.7,Pago,202611
MEN00001584,ALU00132,2026-12-01,2026-12-10,2026-12-11,1414.05,Pago,202612
MEN00001585,ALU00133,2026-01-01,2026-01-10,2026-01-17,1448.77,Pago,202601
MEN00001586,ALU00133,2026-02-01,2026-02-10,2026-02-14,1447.54,Pago,202602
MEN00001587,ALU00133,2026-03-01,2026-03-10,,1449.42,Vencido,202603
MEN00001588,ALU00133,2026-04-01,2026-04-10,2026-04-11,1447.1,Pago,202604
MEN00001589,ALU00133,2026-05-01,2026-05-10,,1426.87,Em Aberto,202605
MEN00001590,ALU00133,2026-06-01,2026-06-10,,1419.85,Em Aberto,202606
MEN00001591,ALU00133,2026-07-01,2026-07-10,2026-07-12,1471.41,Pago,202607
MEN00001592,ALU00133,2026-08-01,2026-08-10,,1430.17,Em Aberto,202608
MEN00001593,ALU00133,2026-09-01,2026-09-10,2026-09-07,1449.42,Pago,202609
MEN00001594,ALU00133,2026-10-01,2026-10-10,2026-10-08,1487.12,Pago,202610
MEN00001595,ALU00133,2026-11-01,2026-11-10,2026-11-18,1471.01,Pago,202611
MEN00001596,ALU00133,2026-12-01,2026-12-10,,1438.97,Vencido,202612
MEN00001597,ALU00134,2026-01-01,2026-01-10,,1433.11,Em Aberto,202601
MEN00001598,ALU00134,2026-02-01,2026-02-10,2026-02-12,1479.74,Pago,202602
MEN00001599,ALU00134,2026-03-01,2026-03-10,,1423.61,Em Aberto,202603
MEN00001600,ALU00134,2026-04-01,2026-04-10,2026-04-13,1416.06,Pago,202604
MEN00001601,ALU00134,2026-05-01,2026-05-10,2026-05-13,1407.84,Pago,202605
MEN00001602,ALU00134,2026-06-01,2026-06-10,2026-06-13,1436.8,Pago,202606
MEN00001603,ALU00134,2026-07-01,2026-07-10,2026-07-11,1421.97,Pago,202607
MEN00001604,ALU00134,2026-08-01,2026-08-10,2026-08-11,1458.88,Pago,202608
MEN00001605,ALU00134,2026-09-01,2026-09-10,2026-09-13,1406.84,Pago,202609
MEN00001606,ALU00134,2026-10-01,2026-10-10,2026-10-18,1493.09,Pago,202610
MEN00001607,ALU00134,2026-11-01,2026-11-10,2026-11-17,1417.42,Pago,202611
MEN00001608,ALU00134,2026-12-01,2026-12-10,2026-12-08,1477.28,Pago,202612
MEN00001609,ALU00135,2026-01-01,2026-01-10,2026-01-08,1416.64,Pago,202601
MEN00001610,ALU00135,2026-02-01,2026-02-10,2026-02-14,1458.52,Pago,202602
MEN00001611,ALU00135,2026-03-01,2026-03-10,2026-03-18,1446.03,Pago,202603
MEN00001612,ALU00135,2026-04-01,2026-04-10,2026-04-15,1479.75,Pago,202604
MEN00001613,ALU00135,2026-05-01,2026-05-10,2026-05-18,1441.57,Pago,202605
MEN00001614,ALU00135,2026-06-01,2026-06-10,2026-06-17,1428.69,Pago,202606
MEN00001615,ALU00135,2026-07-01,2026-07-10,2026-07-12,1487.48,Pago,202607
MEN00001616,ALU00135,2026-08-01,2026-08-10,2026-08-12,1486.42,Pago,202608
MEN00001617,ALU00135,2026-09-01,2026-09-10,2026-09-18,1469.09,Pago,202609
MEN00001618,ALU00135,2026-10-01,2026-10-10,2026-10-16,1415.88,Pago,202610
MEN00001619,ALU00135,2026-11-01,2026-11-10,2026-11-11,1425.58,Pago,202611
MEN00001620,ALU00135,2026-12-01,2026-12-10,,1417.99,Em Aberto,202612
MEN00001621,ALU00136,2026-01-01,2026-01-10,2026-01-09,1469.44,Pago,202601
MEN00001622,ALU00136,2026-02-01,2026-02-10,2026-02-17,1420.19,Pago,202602
MEN00001623,ALU00136,2026-03-01,2026-03-10,2026-03-07,1452.06,Pago,202603
MEN00001624,ALU00136,2026-04-01,2026-04-10,2026-04-17,1459.53,Pago,202604
MEN00001625,ALU00136,2026-05-01,2026-05-10,2026-05-12,1424.96,Pago,202605
MEN00001626,ALU00136,2026-06-01,2026-06-10,2026-06-10,1477.96,Pago,202606
MEN00001627,ALU00136,2026-07-01,2026-07-10,2026-07-14,1458.73,Pago,202607
MEN00001628,ALU00136,2026-08-01,2026-08-10,2026-08-08,1447.95,Pago,202608
MEN00001629,ALU00136,2026-09-01,2026-09-10,2026-09-11,1437.19,Pago,202609
MEN00001630,ALU00136,2026-10-01,2026-10-10,2026-10-18,1445.18,Pago,202610
MEN00001631,ALU00136,2026-11-01,2026-11-10,2026-11-11,1449.44,Pago,202611
MEN00001632,ALU00136,2026-12-01,2026-12-10,2026-12-12,1419.73,Pago,202612
MEN00001633,ALU00137,2026-01-01,2026-01-10,2026-01-15,1489.35,Pago,202601
MEN00001634,ALU00137,2026-02-01,2026-02-10,2026-02-10,1434.6,Pago,202602
MEN00001635,ALU00137,2026-03-01,2026-03-10,2026-03-14,1443.39,Pago,202603
MEN00001636,ALU00137,2026-04-01,2026-04-10,,1454.12,Em Aberto,202604
MEN00001637,ALU00137,2026-05-01,2026-05-10,2026-05-10,1433.37,Pago,202605
MEN00001638,ALU00137,2026-06-01,2026-06-10,2026-06-17,1436.52,Pago,202606
MEN00001639,ALU00137,2026-07-01,2026-07-10,2026-07-11,1417.7,Pago,202607
MEN00001640,ALU00137,2026-08-01,2026-08-10,2026-08-07,1409.61,Pago,202608
MEN00001641,ALU00137,2026-09-01,2026-09-10,2026-09-11,1446.82,Pago,202609
MEN00001642,ALU00137,2026-10-01,2026-10-10,,1477.54,Vencido,202610
MEN00001643,ALU00137,2026-11-01,2026-11-10,2026-11-10,1407.22,Pago,202611
MEN00001644,ALU00137,2026-12-01,2026-12-10,2026-12-15,1410.76,Pago,202612
MEN00001645,ALU00138,2026-01-01,2026-01-10,2026-01-07,1409.13,Pago,202601
MEN00001646,ALU00138,2026-02-01,2026-02-10,2026-02-15,1441.9,Pago,202602
MEN00001647,ALU00138,2026-03-01,2026-03-10,2026-03-15,1439.1,Pago,202603
MEN00001648,ALU00138,2026-04-01,2026-04-10,2026-04-10,1467.82,Pago,202604
MEN00001649,ALU00138,2026-05-01,2026-05-10,2026-05-12,1482.03,Pago,202605
MEN00001650,ALU00138,2026-06-01,2026-06-10,2026-06-07,1420.15,Pago,202606
MEN00001651,ALU00138,2026-07-01,2026-07-10,2026-07-11,1406.62,Pago,202607
MEN00001652,ALU00138,2026-08-01,2026-08-10,2026-08-13,1433.78,Pago,202608
MEN00001653,ALU00138,2026-09-01,2026-09-10,2026-09-09,1452.34,Pago,202609
MEN00001654,ALU00138,2026-10-01,2026-10-10,2026-10-08,1479.15,Pago,202610
MEN00001655,ALU00138,2026-11-01,2026-11-10,2026-11-11,1475.84,Pago,202611
MEN00001656,ALU00138,2026-12-01,2026-12-10,,1492.29,Vencido,202612
MEN00001657,ALU00139,2026-01-01,2026-01-10,2026-01-10,1407.65,Pago,202601
MEN00001658,ALU00139,2026-02-01,2026-02-10,2026-02-15,1433.74,Pago,202602
MEN00001659,ALU00139,2026-03-01,2026-03-10,2026-03-12,1406.62,Pago,202603
MEN00001660,ALU00139,2026-04-01,2026-04-10,2026-04-14,1428.35,Pago,202604
MEN00001661,ALU00139,2026-05-01,2026-05-10,2026-05-08,1472.79,Pago,202605
MEN00001662,ALU00139,2026-06-01,2026-06-10,2026-06-09,1479.68,Pago,202606
MEN00001663,ALU00139,2026-07-01,2026-07-10,2026-07-10,1437.34,Pago,202607
MEN00001664,ALU00139,2026-08-01,2026-08-10,2026-08-18,1425.62,Pago,202608
MEN00001665,ALU00139,2026-09-01,2026-09-10,2026-09-14,1416.85,Pago,202609
MEN00001666,ALU00139,2026-10-01,2026-10-10,2026-10-15,1456.16,Pago,202610
MEN00001667,ALU00139,2026-11-01,2026-11-10,2026-11-07,1478.6,Pago,202611
MEN00001668,ALU00139,2026-12-01,2026-12-10,2026-12-08,1417.36,Pago,202612
MEN00001669,ALU00140,2026-01-01,2026-01-10,2026-01-12,1445.21,Pago,202601
MEN00001670,ALU00140,2026-02-01,2026-02-10,,1459.26,Vencido,202602
MEN00001671,ALU00140,2026-03-01,2026-03-10,2026-03-15,1442.2,Pago,202603
MEN00001672,ALU00140,2026-04-01,2026-04-10,2026-04-07,1447.0,Pago,202604
MEN00001673,ALU00140,2026-05-01,2026-05-10,2026-05-10,1408.85,Pago,202605
MEN00001674,ALU00140,2026-06-01,2026-06-10,2026-06-18,1424.15,Pago,202606
MEN00001675,ALU00140,2026-07-01,2026-07-10,2026-07-15,1477.24,Pago,202607
MEN00001676,ALU00140,2026-08-01,2026-08-10,2026-08-16,1448.64,Pago,202608
MEN00001677,ALU00140,2026-09-01,2026-09-10,2026-09-07,1441.15,Pago,202609
MEN00001678,ALU00140,2026-10-01,2026-10-10,,1411.72,Vencido,202610
MEN00001679,ALU00140,2026-11-01,2026-11-10,2026-11-12,1467.44,Pago,202611
MEN00001680,ALU00140,2026-12-01,2026-12-10,,1425.96,Em Aberto,202612
MEN00001681,ALU00141,2026-01-01,2026-01-10,2026-01-17,1453.97,Pago,202601
MEN00001682,ALU00141,2026-02-01,2026-02-10,,1417.01,Vencido,202602
MEN00001683,ALU00141,2026-03-01,2026-03-10,2026-03-11,1410.52,Pago,202603
MEN00001684,ALU00141,2026-04-01,2026-04-10,,1478.73,Vencido,202604
MEN00001685,ALU00141,2026-05-01,2026-05-10,2026-05-13,1482.64,Pago,202605
MEN00001686,ALU00141,2026-06-01,2026-06-10,2026-06-15,1463.28,Pago,202606
MEN00001687,ALU00141,2026-07-01,2026-07-10,2026-07-17,1423.09,Pago,202607
MEN00001688,ALU00141,2026-08-01,2026-08-10,2026-08-10,1411.95,Pago,202608
MEN00001689,ALU00141,2026-09-01,2026-09-10,2026-09-18,1421.29,Pago,202609
MEN00001690,ALU00141,2026-10-01,2026-10-10,2026-10-18,1438.45,Pago,202610
MEN00001691,ALU00141,2026-11-01,2026-11-10,2026-11-07,1474.39,Pago,202611
MEN00001692,ALU00141,2026-12-01,2026-12-10,2026-12-07,1446.68,Pago,202612
MEN00001693,ALU00142,2026-01-01,2026-01-10,,1411.25,Vencido,202601
MEN00001694,ALU00142,2026-02-01,2026-02-10,2026-02-09,1491.73,Pago,202602
MEN00001695,ALU00142,2026-03-01,2026-03-10,2026-03-11,1493.44,Pago,202603
MEN00001696,ALU00142,2026-04-01,2026-04-10,2026-04-08,1468.07,Pago,202604
MEN00001697,ALU00142,2026-05-01,2026-05-10,2026-05-15,1410.88,Pago,202605
MEN00001698,ALU00142,2026-06-01,2026-06-10,2026-06-08,1408.7,Pago,202606
MEN00001699,ALU00142,2026-07-01,2026-07-10,2026-07-18,1426.46,Pago,202607
MEN00001700,ALU00142,2026-08-01,2026-08-10,2026-08-18,1482.33,Pago,202608
MEN00001701,ALU00142,2026-09-01,2026-09-10,2026-09-17,1476.54,Pago,202609
MEN00001702,ALU00142,2026-10-01,2026-10-10,2026-10-15,1464.79,Pago,202610
MEN00001703,ALU00142,2026-11-01,2026-11-10,2026-11-12,1444.21,Pago,202611
MEN00001704,ALU00142,2026-12-01,2026-12-10,,1417.27,Vencido,202612
MEN00001705,ALU00143,2026-01-01,2026-01-10,2026-01-08,1423.81,Pago,202601
MEN00001706,ALU00143,2026-02-01,2026-02-10,,1478.33,Vencido,202602
MEN00001707,ALU00143,2026-03-01,2026-03-10,2026-03-09,1493.12,Pago,202603
MEN00001708,ALU00143,2026-04-01,2026-04-10,2026-04-09,1413.01,Pago,202604
MEN00001709,ALU00143,2026-05-01,2026-05-10,2026-05-07,1407.51,Pago,202605
MEN00001710,ALU00143,2026-06-01,2026-06-10,2026-06-14,1472.78,Pago,202606
MEN00001711,ALU00143,2026-07-01,2026-07-10,2026-07-13,1470.91,Pago,202607
MEN00001712,ALU00143,2026-08-01,2026-08-10,2026-08-11,1448.93,Pago,202608
MEN00001713,ALU00143,2026-09-01,2026-09-10,2026-09-11,1428.91,Pago,202609
MEN00001714,ALU00143,2026-10-01,2026-10-10,,1450.43,Vencido,202610
MEN00001715,ALU00143,2026-11-01,2026-11-10,,1442.06,Em Aberto,202611
MEN00001716,ALU00143,2026-12-01,2026-12-10,2026-12-17,1451.62,Pago,202612
MEN00001717,ALU00144,2026-01-01,2026-01-10,2026-01-10,1460.17,Pago,202601
MEN00001718,ALU00144,2026-02-01,2026-02-10,2026-02-15,1434.83,Pago,202602
MEN00001719,ALU00144,2026-03-01,2026-03-10,2026-03-09,1460.33,Pago,202603
MEN00001720,ALU00144,2026-04-01,2026-04-10,2026-04-16,1479.32,Pago,202604
MEN00001721,ALU00144,2026-05-01,2026-05-10,2026-05-17,1425.45,Pago,202605
MEN00001722,ALU00144,2026-06-01,2026-06-10,,1446.36,Em Aberto,202606
MEN00001723,ALU00144,2026-07-01,2026-07-10,2026-07-10,1463.19,Pago,202607
MEN00001724,ALU00144,2026-08-01,2026-08-10,2026-08-16,1433.85,Pago,202608
MEN00001725,ALU00144,2026-09-01,2026-09-10,2026-09-18,1431.58,Pago,202609
MEN00001726,ALU00144,2026-10-01,2026-10-10,,1489.21,Vencido,202610
MEN00001727,ALU00144,2026-11-01,2026-11-10,2026-11-08,1453.19,Pago,202611
MEN00001728,ALU00144,2026-12-01,2026-12-10,2026-12-17,1420.22,Pago,202612
MEN00001729,ALU00145,2026-01-01,2026-01-10,2026-01-14,1456.93,Pago,202601
MEN00001730,ALU00145,2026-02-01,2026-02-10,,1430.31,Vencido,202602
MEN00001731,ALU00145,2026-03-01,2026-03-10,2026-03-11,1414.2,Pago,202603
MEN00001732,ALU00145,2026-04-01,2026-04-10,,1476.77,Em Aberto,202604
MEN00001733,ALU00145,2026-05-01,2026-05-10,,1436.36,Em Aberto,202605
MEN00001734,ALU00145,2026-06-01,2026-06-10,2026-06-13,1485.83,Pago,202606
MEN00001735,ALU00145,2026-07-01,2026-07-10,2026-07-08,1432.7,Pago,202607
MEN00001736,ALU00145,2026-08-01,2026-08-10,2026-08-12,1471.84,Pago,202608
MEN00001737,ALU00145,2026-09-01,2026-09-10,,1484.14,Vencido,202609
MEN00001738,ALU00145,2026-10-01,2026-10-10,2026-10-16,1479.75,Pago,202610
MEN00001739,ALU00145,2026-11-01,2026-11-10,2026-11-16,1423.22,Pago,202611
MEN00001740,ALU00145,2026-12-01,2026-12-10,2026-12-18,1485.67,Pago,202612
MEN00001741,ALU00146,2026-01-01,2026-01-10,2026-01-12,1476.37,Pago,202601
MEN00001742,ALU00146,2026-02-01,2026-02-10,2026-02-18,1431.24,Pago,202602
MEN00001743,ALU00146,2026-03-01,2026-03-10,2026-03-18,1411.9,Pago,202603
MEN00001744,ALU00146,2026-04-01,2026-04-10,2026-04-07,1483.31,Pago,202604
MEN00001745,ALU00146,2026-05-01,2026-05-10,2026-05-16,1485.85,Pago,202605
MEN00001746,ALU00146,2026-06-01,2026-06-10,2026-06-17,1457.38,Pago,202606
MEN00001747,ALU00146,2026-07-01,2026-07-10,2026-07-12,1484.62,Pago,202607
MEN00001748,ALU00146,2026-08-01,2026-08-10,2026-08-11,1483.37,Pago,202608
MEN00001749,ALU00146,2026-09-01,2026-09-10,,1487.03,Vencido,202609
MEN00001750,ALU00146,2026-10-01,2026-10-10,2026-10-14,1473.39,Pago,202610
MEN00001751,ALU00146,2026-11-01,2026-11-10,,1470.01,Vencido,202611
MEN00001752,ALU00146,2026-12-01,2026-12-10,2026-12-08,1492.82,Pago,202612
MEN00001753,ALU00147,2026-01-01,2026-01-10,2026-01-16,1413.63,Pago,202601
MEN00001754,ALU00147,2026-02-01,2026-02-10,2026-02-12,1449.4,Pago,202602
MEN00001755,ALU00147,2026-03-01,2026-03-10,,1476.5,Vencido,202603
MEN00001756,ALU00147,2026-04-01,2026-04-10,2026-04-13,1440.2,Pago,202604
MEN00001757,ALU00147,2026-05-01,2026-05-10,2026-05-17,1433.39,Pago,202605
MEN00001758,ALU00147,2026-06-01,2026-06-10,,1441.65,Em Aberto,202606
MEN00001759,ALU00147,2026-07-01,2026-07-10,2026-07-13,1426.69,Pago,202607
MEN00001760,ALU00147,2026-08-01,2026-08-10,2026-08-17,1483.67,Pago,202608
MEN00001761,ALU00147,2026-09-01,2026-09-10,2026-09-10,1430.7,Pago,202609
MEN00001762,ALU00147,2026-10-01,2026-10-10,2026-10-10,1446.4,Pago,202610
MEN00001763,ALU00147,2026-11-01,2026-11-10,2026-11-09,1437.07,Pago,202611
MEN00001764,ALU00147,2026-12-01,2026-12-10,2026-12-11,1466.09,Pago,202612
MEN00001765,ALU00148,2026-01-01,2026-01-10,2026-01-17,1451.88,Pago,202601
MEN00001766,ALU00148,2026-02-01,2026-02-10,,1464.79,Em Aberto,202602
MEN00001767,ALU00148,2026-03-01,2026-03-10,2026-03-16,1429.16,Pago,202603
MEN00001768,ALU00148,2026-04-01,2026-04-10,2026-04-16,1463.47,Pago,202604
MEN00001769,ALU00148,2026-05-01,2026-05-10,2026-05-07,1441.96,Pago,202605
MEN00001770,ALU00148,2026-06-01,2026-06-10,2026-06-16,1465.45,Pago,202606
MEN00001771,ALU00148,2026-07-01,2026-07-10,,1425.24,Vencido,202607
MEN00001772,ALU00148,2026-08-01,2026-08-10,,1463.83,Vencido,202608
MEN00001773,ALU00148,2026-09-01,2026-09-10,2026-09-10,1442.58,Pago,202609
MEN00001774,ALU00148,2026-10-01,2026-10-10,,1426.42,Em Aberto,202610
MEN00001775,ALU00148,2026-11-01,2026-11-10,2026-11-12,1451.74,Pago,202611
MEN00001776,ALU00148,2026-12-01,2026-12-10,2026-12-18,1416.11,Pago,202612
MEN00001777,ALU00149,2026-01-01,2026-01-10,2026-01-15,1451.12,Pago,202601
MEN00001778,ALU00149,2026-02-01,2026-02-10,2026-02-13,1488.58,Pago,202602
MEN00001779,ALU00149,2026-03-01,2026-03-10,2026-03-08,1444.32,Pago,202603
MEN00001780,ALU00149,2026-04-01,2026-04-10,2026-04-11,1436.41,Pago,202604
MEN00001781,ALU00149,2026-05-01,2026-05-10,2026-05-12,1463.43,Pago,202605
MEN00001782,ALU00149,2026-06-01,2026-06-10,2026-06-09,1416.99,Pago,202606
MEN00001783,ALU00149,2026-07-01,2026-07-10,2026-07-07,1429.66,Pago,202607
MEN00001784,ALU00149,2026-08-01,2026-08-10,2026-08-17,1439.59,Pago,202608
MEN00001785,ALU00149,2026-09-01,2026-09-10,,1451.57,Em Aberto,202609
MEN00001786,ALU00149,2026-10-01,2026-10-10,2026-10-15,1408.31,Pago,202610
MEN00001787,ALU00149,2026-11-01,2026-11-10,2026-11-10,1446.94,Pago,202611
MEN00001788,ALU00149,2026-12-01,2026-12-10,2026-12-15,1454.79,Pago,202612
MEN00001789,ALU00150,2026-01-01,2026-01-10,2026-01-09,1472.77,Pago,202601
MEN00001790,ALU00150,2026-02-01,2026-02-10,,1471.17,Vencido,202602
MEN00001791,ALU00150,2026-03-01,2026-03-10,2026-03-18,1487.77,Pago,202603
MEN00001792,ALU00150,2026-04-01,2026-04-10,2026-04-10,1428.96,Pago,202604
MEN00001793,ALU00150,2026-05-01,2026-05-10,,1416.24,Vencido,202605
MEN00001794,ALU00150,2026-06-01,2026-06-10,2026-06-09,1470.96,Pago,202606
MEN00001795,ALU00150,2026-07-01,2026-07-10,2026-07-07,1467.23,Pago,202607
MEN00001796,ALU00150,2026-08-01,2026-08-10,2026-08-12,1456.23,Pago,202608
MEN00001797,ALU00150,2026-09-01,2026-09-10,2026-09-07,1491.51,Pago,202609
MEN00001798,ALU00150,2026-10-01,2026-10-10,2026-10-11,1492.26,Pago,202610
MEN00001799,ALU00150,2026-11-01,2026-11-10,,1456.62,Vencido,202611
MEN00001800,ALU00150,2026-12-01,2026-12-10,2026-12-12,1443.28,Pago,202612
MEN00001801,ALU00151,2026-01-01,2026-01-10,,1476.62,Em Aberto,202601
MEN00001802,ALU00151,2026-02-01,2026-02-10,2026-02-13,1426.16,Pago,202602
MEN00001803,ALU00151,2026-03-01,2026-03-10,2026-03-10,1448.35,Pago,202603
MEN00001804,ALU00151,2026-04-01,2026-04-10,2026-04-15,1406.81,Pago,202604
MEN00001805,ALU00151,2026-05-01,2026-05-10,2026-05-12,1470.31,Pago,202605
MEN00001806,ALU00151,2026-06-01,2026-06-10,,1426.99,Em Aberto,202606
MEN00001807,ALU00151,2026-07-01,2026-07-10,2026-07-15,1428.13,Pago,202607
MEN00001808,ALU00151,2026-08-01,2026-08-10,,1458.02,Vencido,202608
MEN00001809,ALU00151,2026-09-01,2026-09-10,2026-09-08,1480.0,Pago,202609
MEN00001810,ALU00151,2026-10-01,2026-10-10,,1445.59,Vencido,202610
MEN00001811,ALU00151,2026-11-01,2026-11-10,,1419.77,Vencido,202611
MEN00001812,ALU00151,2026-12-01,2026-12-10,2026-12-16,1492.62,Pago,202612
MEN00001813,ALU00152,2026-01-01,2026-01-10,2026-01-15,1453.75,Pago,202601
MEN00001814,ALU00152,2026-02-01,2026-02-10,2026-02-09,1430.35,Pago,202602
MEN00001815,ALU00152,2026-03-01,2026-03-10,2026-03-16,1463.46,Pago,202603
MEN00001816,ALU00152,2026-04-01,2026-04-10,2026-04-15,1416.69,Pago,202604
MEN00001817,ALU00152,2026-05-01,2026-05-10,2026-05-18,1492.07,Pago,202605
MEN00001818,ALU00152,2026-06-01,2026-06-10,2026-06-12,1458.89,Pago,202606
MEN00001819,ALU00152,2026-07-01,2026-07-10,,1418.43,Em Aberto,202607
MEN00001820,ALU00152,2026-08-01,2026-08-10,,1460.09,Vencido,202608
MEN00001821,ALU00152,2026-09-01,2026-09-10,2026-09-11,1444.38,Pago,202609
MEN00001822,ALU00152,2026-10-01,2026-10-10,2026-10-11,1492.35,Pago,202610
MEN00001823,ALU00152,2026-11-01,2026-11-10,,1454.2,Vencido,202611
MEN00001824,ALU00152,2026-12-01,2026-12-10,2026-12-16,1414.04,Pago,202612
MEN00001825,ALU00153,2026-01-01,2026-01-10,2026-01-07,1415.47,Pago,202601
MEN00001826,ALU00153,2026-02-01,2026-02-10,,1438.9,Vencido,202602
MEN00001827,ALU00153,2026-03-01,2026-03-10,,1428.23,Vencido,202603
MEN00001828,ALU00153,2026-04-01,2026-04-10,2026-04-17,1432.96,Pago,202604
MEN00001829,ALU00153,2026-05-01,2026-05-10,2026-05-15,1483.32,Pago,202605
MEN00001830,ALU00153,2026-06-01,2026-06-10,2026-06-13,1468.84,Pago,202606
MEN00001831,ALU00153,2026-07-01,2026-07-10,2026-07-14,1492.43,Pago,202607
MEN00001832,ALU00153,2026-08-01,2026-08-10,,1476.97,Em Aberto,202608
MEN00001833,ALU00153,2026-09-01,2026-09-10,2026-09-09,1456.52,Pago,202609
MEN00001834,ALU00153,2026-10-01,2026-10-10,2026-10-12,1430.12,Pago,202610
MEN00001835,ALU00153,2026-11-01,2026-11-10,2026-11-15,1472.05,Pago,202611
MEN00001836,ALU00153,2026-12-01,2026-12-10,,1423.2,Vencido,202612
MEN00001837,ALU00154,2026-01-01,2026-01-10,2026-01-12,1483.35,Pago,202601
MEN00001838,ALU00154,2026-02-01,2026-02-10,,1433.55,Em Aberto,202602
MEN00001839,ALU00154,2026-03-01,2026-03-10,2026-03-09,1481.15,Pago,202603
MEN00001840,ALU00154,2026-04-01,2026-04-10,2026-04-13,1417.48,Pago,202604
MEN00001841,ALU00154,2026-05-01,2026-05-10,2026-05-12,1432.37,Pago,202605
MEN00001842,ALU00154,2026-06-01,2026-06-10,2026-06-18,1434.09,Pago,202606
MEN00001843,ALU00154,2026-07-01,2026-07-10,2026-07-08,1409.3,Pago,202607
MEN00001844,ALU00154,2026-08-01,2026-08-10,2026-08-10,1408.44,Pago,202608
MEN00001845,ALU00154,2026-09-01,2026-09-10,,1485.05,Em Aberto,202609
MEN00001846,ALU00154,2026-10-01,2026-10-10,2026-10-14,1407.96,Pago,202610
MEN00001847,ALU00154,2026-11-01,2026-11-10,,1408.4,Em Aberto,202611
MEN00001848,ALU00154,2026-12-01,2026-12-10,2026-12-13,1423.31,Pago,202612
MEN00001849,ALU00155,2026-01-01,2026-01-10,,1458.92,Em Aberto,202601
MEN00001850,ALU00155,2026-02-01,2026-02-10,2026-02-14,1480.36,Pago,202602
MEN00001851,ALU00155,2026-03-01,2026-03-10,2026-03-13,1442.53,Pago,202603
MEN00001852,ALU00155,2026-04-01,2026-04-10,2026-04-17,1470.8,Pago,202604
MEN00001853,ALU00155,2026-05-01,2026-05-10,2026-05-18,1432.85,Pago,202605
MEN00001854,ALU00155,2026-06-01,2026-06-10,2026-06-18,1484.02,Pago,202606
MEN00001855,ALU00155,2026-07-01,2026-07-10,2026-07-17,1442.45,Pago,202607
MEN00001856,ALU00155,2026-08-01,2026-08-10,2026-08-09,1442.82,Pago,202608
MEN00001857,ALU00155,2026-09-01,2026-09-10,2026-09-11,1443.99,Pago,202609
MEN00001858,ALU00155,2026-10-01,2026-10-10,2026-10-08,1414.82,Pago,202610
MEN00001859,ALU00155,2026-11-01,2026-11-10,2026-11-09,1446.33,Pago,202611
MEN00001860,ALU00155,2026-12-01,2026-12-10,2026-12-09,1479.75,Pago,202612
MEN00001861,ALU00156,2026-01-01,2026-01-10,2026-01-07,1438.31,Pago,202601
MEN00001862,ALU00156,2026-02-01,2026-02-10,2026-02-14,1410.18,Pago,202602
MEN00001863,ALU00156,2026-03-01,2026-03-10,2026-03-16,1418.29,Pago,202603
MEN00001864,ALU00156,2026-04-01,2026-04-10,2026-04-07,1417.24,Pago,202604
MEN00001865,ALU00156,2026-05-01,2026-05-10,2026-05-08,1490.47,Pago,202605
MEN00001866,ALU00156,2026-06-01,2026-06-10,,1490.29,Vencido,202606
MEN00001867,ALU00156,2026-07-01,2026-07-10,2026-07-12,1438.92,Pago,202607
MEN00001868,ALU00156,2026-08-01,2026-08-10,,1421.94,Em Aberto,202608
MEN00001869,ALU00156,2026-09-01,2026-09-10,,1433.74,Em Aberto,202609
MEN00001870,ALU00156,2026-10-01,2026-10-10,2026-10-14,1477.57,Pago,202610
MEN00001871,ALU00156,2026-11-01,2026-11-10,2026-11-17,1462.89,Pago,202611
MEN00001872,ALU00156,2026-12-01,2026-12-10,2026-12-18,1476.12,Pago,202612
MEN00001873,ALU00157,2026-01-01,2026-01-10,2026-01-10,1410.82,Pago,202601
MEN00001874,ALU00157,2026-02-01,2026-02-10,2026-02-17,1447.79,Pago,202602
MEN00001875,ALU00157,2026-03-01,2026-03-10,2026-03-15,1490.35,Pago,202603
MEN00001876,ALU00157,2026-04-01,2026-04-10,2026-04-16,1461.64,Pago,202604
MEN00001877,ALU00157,2026-05-01,2026-05-10,2026-05-07,1463.32,Pago,202605
MEN00001878,ALU00157,2026-06-01,2026-06-10,,1445.06,Vencido,202606
MEN00001879,ALU00157,2026-07-01,2026-07-10,2026-07-14,1423.21,Pago,202607
MEN00001880,ALU00157,2026-08-01,2026-08-10,2026-08-12,1471.93,Pago,202608
MEN00001881,ALU00157,2026-09-01,2026-09-10,2026-09-18,1429.99,Pago,202609
MEN00001882,ALU00157,2026-10-01,2026-10-10,2026-10-17,1441.98,Pago,202610
MEN00001883,ALU00157,2026-11-01,2026-11-10,2026-11-15,1491.89,Pago,202611
MEN00001884,ALU00157,2026-12-01,2026-12-10,2026-12-17,1434.29,Pago,202612
MEN00001885,ALU00158,2026-01-01,2026-01-10,2026-01-18,1488.15,Pago,202601
MEN00001886,ALU00158,2026-02-01,2026-02-10,2026-02-13,1475.79,Pago,202602
MEN00001887,ALU00158,2026-03-01,2026-03-10,2026-03-08,1436.19,Pago,202603
MEN00001888,ALU00158,2026-04-01,2026-04-10,2026-04-14,1456.55,Pago,202604
MEN00001889,ALU00158,2026-05-01,2026-05-10,2026-05-09,1474.96,Pago,202605
MEN00001890,ALU00158,2026-06-01,2026-06-10,2026-06-14,1444.97,Pago,202606
MEN00001891,ALU00158,2026-07-01,2026-07-10,2026-07-13,1432.95,Pago,202607
MEN00001892,ALU00158,2026-08-01,2026-08-10,2026-08-12,1475.2,Pago,202608
MEN00001893,ALU00158,2026-09-01,2026-09-10,2026-09-11,1480.36,Pago,202609
MEN00001894,ALU00158,2026-10-01,2026-10-10,,1433.28,Vencido,202610
MEN00001895,ALU00158,2026-11-01,2026-11-10,2026-11-13,1488.42,Pago,202611
MEN00001896,ALU00158,2026-12-01,2026-12-10,,1447.56,Em Aberto,202612
MEN00001897,ALU00159,2026-01-01,2026-01-10,2026-01-07,1466.43,Pago,202601
MEN00001898,ALU00159,2026-02-01,2026-02-10,2026-02-17,1475.18,Pago,202602
MEN00001899,ALU00159,2026-03-01,2026-03-10,2026-03-17,1417.19,Pago,202603
MEN00001900,ALU00159,2026-04-01,2026-04-10,2026-04-11,1408.49,Pago,202604
MEN00001901,ALU00159,2026-05-01,2026-05-10,2026-05-07,1460.3,Pago,202605
MEN00001902,ALU00159,2026-06-01,2026-06-10,2026-06-08,1465.72,Pago,202606
MEN00001903,ALU00159,2026-07-01,2026-07-10,2026-07-11,1411.74,Pago,202607
MEN00001904,ALU00159,2026-08-01,2026-08-10,,1440.85,Vencido,202608
MEN00001905,ALU00159,2026-09-01,2026-09-10,,1415.16,Em Aberto,202609
MEN00001906,ALU00159,2026-10-01,2026-10-10,2026-10-14,1443.41,Pago,202610
MEN00001907,ALU00159,2026-11-01,2026-11-10,2026-11-12,1434.86,Pago,202611
MEN00001908,ALU00159,2026-12-01,2026-12-10,2026-12-15,1466.65,Pago,202612
MEN00001909,ALU00160,2026-01-01,2026-01-10,2026-01-09,1479.91,Pago,202601
MEN00001910,ALU00160,2026-02-01,2026-02-10,2026-02-08,1445.3,Pago,202602
MEN00001911,ALU00160,2026-03-01,2026-03-10,,1457.75,Vencido,202603
MEN00001912,ALU00160,2026-04-01,2026-04-10,2026-04-17,1462.85,Pago,202604
MEN00001913,ALU00160,2026-05-01,2026-05-10,2026-05-09,1475.18,Pago,202605
MEN00001914,ALU00160,2026-06-01,2026-06-10,2026-06-07,1484.99,Pago,202606
MEN00001915,ALU00160,2026-07-01,2026-07-10,2026-07-09,1444.25,Pago,202607
MEN00001916,ALU00160,2026-08-01,2026-08-10,,1488.44,Em Aberto,202608
MEN00001917,ALU00160,2026-09-01,2026-09-10,,1467.88,Vencido,202609
MEN00001918,ALU00160,2026-10-01,2026-10-10,,1449.55,Em Aberto,202610
MEN00001919,ALU00160,2026-11-01,2026-11-10,2026-11-10,1444.64,Pago,202611
MEN00001920,ALU00160,2026-12-01,2026-12-10,2026-12-15,1437.48,Pago,202612
MEN00001921,ALU00161,2026-01-01,2026-01-10,2026-01-17,1477.73,Pago,202601
MEN00001922,ALU00161,2026-02-01,2026-02-10,2026-02-09,1465.98,Pago,202602
MEN00001923,ALU00161,2026-03-01,2026-03-10,2026-03-09,1420.14,Pago,202603
MEN00001924,ALU00161,2026-04-01,2026-04-10,,1463.21,Em Aberto,202604
MEN00001925,ALU00161,2026-05-01,2026-05-10,2026-05-10,1439.25,Pago,202605
MEN00001926,ALU00161,2026-06-01,2026-06-10,2026-06-13,1448.78,Pago,202606
MEN00001927,ALU00161,2026-07-01,2026-07-10,2026-07-09,1415.27,Pago,202607
MEN00001928,ALU00161,2026-08-01,2026-08-10,2026-08-10,1457.88,Pago,202608
MEN00001929,ALU00161,2026-09-01,2026-09-10,2026-09-11,1427.68,Pago,202609
MEN00001930,ALU00161,2026-10-01,2026-10-10,2026-10-11,1445.23,Pago,202610
MEN00001931,ALU00161,2026-11-01,2026-11-10,2026-11-10,1454.37,Pago,202611
MEN00001932,ALU00161,2026-12-01,2026-12-10,2026-12-16,1461.01,Pago,202612
MEN00001933,ALU00162,2026-01-01,2026-01-10,2026-01-18,1468.61,Pago,202601
MEN00001934,ALU00162,2026-02-01,2026-02-10,2026-02-12,1433.8,Pago,202602
MEN00001935,ALU00162,2026-03-01,2026-03-10,2026-03-16,1464.73,Pago,202603
MEN00001936,ALU00162,2026-04-01,2026-04-10,2026-04-13,1436.16,Pago,202604
MEN00001937,ALU00162,2026-05-01,2026-05-10,2026-05-16,1453.91,Pago,202605
MEN00001938,ALU00162,2026-06-01,2026-06-10,2026-06-07,1488.14,Pago,202606
MEN00001939,ALU00162,2026-07-01,2026-07-10,2026-07-09,1477.91,Pago,202607
MEN00001940,ALU00162,2026-08-01,2026-08-10,2026-08-09,1482.34,Pago,202608
MEN00001941,ALU00162,2026-09-01,2026-09-10,2026-09-17,1469.55,Pago,202609
MEN00001942,ALU00162,2026-10-01,2026-10-10,2026-10-15,1454.04,Pago,202610
MEN00001943,ALU00162,2026-11-01,2026-11-10,,1437.46,Em Aberto,202611
MEN00001944,ALU00162,2026-12-01,2026-12-10,,1451.74,Vencido,202612
MEN00001945,ALU00163,2026-01-01,2026-01-10,2026-01-07,1430.41,Pago,202601
MEN00001946,ALU00163,2026-02-01,2026-02-10,,1408.94,Vencido,202602
MEN00001947,ALU00163,2026-03-01,2026-03-10,2026-03-15,1411.66,Pago,202603
MEN00001948,ALU00163,2026-04-01,2026-04-10,,1417.54,Em Aberto,202604
MEN00001949,ALU00163,2026-05-01,2026-05-10,2026-05-17,1454.23,Pago,202605
MEN00001950,ALU00163,2026-06-01,2026-06-10,2026-06-08,1453.27,Pago,202606
MEN00001951,ALU00163,2026-07-01,2026-07-10,2026-07-16,1466.45,Pago,202607
MEN00001952,ALU00163,2026-08-01,2026-08-10,2026-08-16,1431.78,Pago,202608
MEN00001953,ALU00163,2026-09-01,2026-09-10,2026-09-07,1424.35,Pago,202609
MEN00001954,ALU00163,2026-10-01,2026-10-10,,1479.34,Vencido,202610
MEN00001955,ALU00163,2026-11-01,2026-11-10,2026-11-17,1477.19,Pago,202611
MEN00001956,ALU00163,2026-12-01,2026-12-10,2026-12-13,1456.3,Pago,202612
MEN00001957,ALU00164,2026-01-01,2026-01-10,2026-01-07,1491.7,Pago,202601
MEN00001958,ALU00164,2026-02-01,2026-02-10,2026-02-13,1475.74,Pago,202602
MEN00001959,ALU00164,2026-03-01,2026-03-10,2026-03-18,1444.03,Pago,202603
MEN00001960,ALU00164,2026-04-01,2026-04-10,,1477.23,Vencido,202604
MEN00001961,ALU00164,2026-05-01,2026-05-10,2026-05-08,1444.55,Pago,202605
MEN00001962,ALU00164,2026-06-01,2026-06-10,2026-06-17,1430.79,Pago,202606
MEN00001963,ALU00164,2026-07-01,2026-07-10,2026-07-17,1433.59,Pago,202607
MEN00001964,ALU00164,2026-08-01,2026-08-10,,1456.78,Em Aberto,202608
MEN00001965,ALU00164,2026-09-01,2026-09-10,2026-09-09,1485.38,Pago,202609
MEN00001966,ALU00164,2026-10-01,2026-10-10,2026-10-07,1486.57,Pago,202610
MEN00001967,ALU00164,2026-11-01,2026-11-10,2026-11-11,1488.78,Pago,202611
MEN00001968,ALU00164,2026-12-01,2026-12-10,,1486.91,Em Aberto,202612
MEN00001969,ALU00165,2026-01-01,2026-01-10,2026-01-14,1486.03,Pago,202601
MEN00001970,ALU00165,2026-02-01,2026-02-10,2026-02-08,1466.05,Pago,202602
MEN00001971,ALU00165,2026-03-01,2026-03-10,2026-03-08,1471.43,Pago,202603
MEN00001972,ALU00165,2026-04-01,2026-04-10,2026-04-10,1461.47,Pago,202604
MEN00001973,ALU00165,2026-05-01,2026-05-10,2026-05-18,1476.16,Pago,202605
MEN00001974,ALU00165,2026-06-01,2026-06-10,2026-06-16,1451.06,Pago,202606
MEN00001975,ALU00165,2026-07-01,2026-07-10,2026-07-13,1462.73,Pago,202607
MEN00001976,ALU00165,2026-08-01,2026-08-10,2026-08-17,1415.28,Pago,202608
MEN00001977,ALU00165,2026-09-01,2026-09-10,,1435.46,Em Aberto,202609
MEN00001978,ALU00165,2026-10-01,2026-10-10,2026-10-07,1480.95,Pago,202610
MEN00001979,ALU00165,2026-11-01,2026-11-10,,1433.83,Vencido,202611
MEN00001980,ALU00165,2026-12-01,2026-12-10,2026-12-14,1409.44,Pago,202612
MEN00001981,ALU00166,2026-01-01,2026-01-10,2026-01-12,1460.75,Pago,202601
MEN00001982,ALU00166,2026-02-01,2026-02-10,,1451.51,Em Aberto,202602
MEN00001983,ALU00166,2026-03-01,2026-03-10,2026-03-10,1484.25,Pago,202603
MEN00001984,ALU00166,2026-04-01,2026-04-10,2026-04-11,1452.61,Pago,202604
MEN00001985,ALU00166,2026-05-01,2026-05-10,2026-05-18,1485.86,Pago,202605
MEN00001986,ALU00166,2026-06-01,2026-06-10,2026-06-11,1473.16,Pago,202606
MEN00001987,ALU00166,2026-07-01,2026-07-10,2026-07-12,1472.7,Pago,202607
MEN00001988,ALU00166,2026-08-01,2026-08-10,2026-08-09,1441.57,Pago,202608
MEN00001989,ALU00166,2026-09-01,2026-09-10,2026-09-07,1489.19,Pago,202609
MEN00001990,ALU00166,2026-10-01,2026-10-10,,1472.77,Em Aberto,202610
MEN00001991,ALU00166,2026-11-01,2026-11-10,,1431.66,Em Aberto,202611
MEN00001992,ALU00166,2026-12-01,2026-12-10,2026-12-08,1478.17,Pago,202612
MEN00001993,ALU00167,2026-01-01,2026-01-10,2026-01-07,1412.8,Pago,202601
MEN00001994,ALU00167,2026-02-01,2026-02-10,,1460.1,Em Aberto,202602
MEN00001995,ALU00167,2026-03-01,2026-03-10,,1480.11,Em Aberto,202603
MEN00001996,ALU00167,2026-04-01,2026-04-10,,1419.23,Em Aberto,202604
MEN00001997,ALU00167,2026-05-01,2026-05-10,2026-05-08,1431.77,Pago,202605
MEN00001998,ALU00167,2026-06-01,2026-06-10,2026-06-13,1440.94,Pago,202606
MEN00001999,ALU00167,2026-07-01,2026-07-10,2026-07-13,1461.58,Pago,202607
MEN00002000,ALU00167,2026-08-01,2026-08-10,,1452.31,Vencido,202608
MEN00002001,ALU00167,2026-09-01,2026-09-10,2026-09-12,1455.83,Pago,202609
MEN00002002,ALU00167,2026-10-01,2026-10-10,2026-10-18,1450.44,Pago,202610
MEN00002003,ALU00167,2026-11-01,2026-11-10,,1431.71,Vencido,202611
MEN00002004,ALU00167,2026-12-01,2026-12-10,2026-12-17,1468.33,Pago,202612
MEN00002005,ALU00168,2026-01-01,2026-01-10,2026-01-13,1426.17,Pago,202601
MEN00002006,ALU00168,2026-02-01,2026-02-10,2026-02-18,1461.31,Pago,202602
MEN00002007,ALU00168,2026-03-01,2026-03-10,2026-03-16,1477.53,Pago,202603
MEN00002008,ALU00168,2026-04-01,2026-04-10,2026-04-07,1455.56,Pago,202604
MEN00002009,ALU00168,2026-05-01,2026-05-10,2026-05-12,1465.83,Pago,202605
MEN00002010,ALU00168,2026-06-01,2026-06-10,2026-06-16,1454.04,Pago,202606
MEN00002011,ALU00168,2026-07-01,2026-07-10,2026-07-12,1445.51,Pago,202607
MEN00002012,ALU00168,2026-08-01,2026-08-10,2026-08-09,1419.99,Pago,202608
MEN00002013,ALU00168,2026-09-01,2026-09-10,2026-09-07,1453.71,Pago,202609
MEN00002014,ALU00168,2026-10-01,2026-10-10,2026-10-13,1480.57,Pago,202610
MEN00002015,ALU00168,2026-11-01,2026-11-10,2026-11-08,1484.81,Pago,202611
MEN00002016,ALU00168,2026-12-01,2026-12-10,2026-12-16,1427.37,Pago,202612
MEN00002017,ALU00169,2026-01-01,2026-01-10,2026-01-13,1488.1,Pago,202601
MEN00002018,ALU00169,2026-02-01,2026-02-10,2026-02-08,1419.12,Pago,202602
MEN00002019,ALU00169,2026-03-01,2026-03-10,2026-03-16,1492.48,Pago,202603
MEN00002020,ALU00169,2026-04-01,2026-04-10,2026-04-14,1434.84,Pago,202604
MEN00002021,ALU00169,2026-05-01,2026-05-10,2026-05-18,1474.64,Pago,202605
MEN00002022,ALU00169,2026-06-01,2026-06-10,2026-06-13,1474.86,Pago,202606
MEN00002023,ALU00169,2026-07-01,2026-07-10,2026-07-16,1445.7,Pago,202607
MEN00002024,ALU00169,2026-08-01,2026-08-10,2026-08-07,1422.7,Pago,202608
MEN00002025,ALU00169,2026-09-01,2026-09-10,2026-09-09,1473.98,Pago,202609
MEN00002026,ALU00169,2026-10-01,2026-10-10,,1454.18,Vencido,202610
MEN00002027,ALU00169,2026-11-01,2026-11-10,2026-11-12,1470.28,Pago,202611
MEN00002028,ALU00169,2026-12-01,2026-12-10,2026-12-08,1460.84,Pago,202612
MEN00002029,ALU00170,2026-01-01,2026-01-10,2026-01-07,1463.68,Pago,202601
MEN00002030,ALU00170,2026-02-01,2026-02-10,2026-02-17,1482.66,Pago,202602
MEN00002031,ALU00170,2026-03-01,2026-03-10,2026-03-07,1425.5,Pago,202603
MEN00002032,ALU00170,2026-04-01,2026-04-10,2026-04-16,1450.15,Pago,202604
MEN00002033,ALU00170,2026-05-01,2026-05-10,2026-05-17,1413.79,Pago,202605
MEN00002034,ALU00170,2026-06-01,2026-06-10,2026-06-11,1470.8,Pago,202606
MEN00002035,ALU00170,2026-07-01,2026-07-10,2026-07-13,1427.7,Pago,202607
MEN00002036,ALU00170,2026-08-01,2026-08-10,,1419.31,Vencido,202608
MEN00002037,ALU00170,2026-09-01,2026-09-10,2026-09-10,1452.76,Pago,202609
MEN00002038,ALU00170,2026-10-01,2026-10-10,2026-10-08,1484.11,Pago,202610
MEN00002039,ALU00170,2026-11-01,2026-11-10,2026-11-10,1410.89,Pago,202611
MEN00002040,ALU00170,2026-12-01,2026-12-10,2026-12-07,1440.77,Pago,202612
MEN00002041,ALU00171,2026-01-01,2026-01-10,2026-01-13,1480.02,Pago,202601
MEN00002042,ALU00171,2026-02-01,2026-02-10,2026-02-12,1432.11,Pago,202602
MEN00002043,ALU00171,2026-03-01,2026-03-10,2026-03-16,1456.66,Pago,202603
MEN00002044,ALU00171,2026-04-01,2026-04-10,2026-04-15,1419.11,Pago,202604
MEN00002045,ALU00171,2026-05-01,2026-05-10,2026-05-17,1427.58,Pago,202605
MEN00002046,ALU00171,2026-06-01,2026-06-10,2026-06-12,1414.31,Pago,202606
MEN00002047,ALU00171,2026-07-01,2026-07-10,2026-07-14,1408.45,Pago,202607
MEN00002048,ALU00171,2026-08-01,2026-08-10,2026-08-09,1416.42,Pago,202608
MEN00002049,ALU00171,2026-09-01,2026-09-10,2026-09-09,1450.02,Pago,202609
MEN00002050,ALU00171,2026-10-01,2026-10-10,2026-10-18,1467.3,Pago,202610
MEN00002051,ALU00171,2026-11-01,2026-11-10,2026-11-15,1446.91,Pago,202611
MEN00002052,ALU00171,2026-12-01,2026-12-10,,1464.5,Em Aberto,202612
MEN00002053,ALU00172,2026-01-01,2026-01-10,2026-01-09,1492.77,Pago,202601
MEN00002054,ALU00172,2026-02-01,2026-02-10,2026-02-09,1447.0,Pago,202602
MEN00002055,ALU00172,2026-03-01,2026-03-10,2026-03-08,1459.0,Pago,202603
MEN00002056,ALU00172,2026-04-01,2026-04-10,,1441.71,Em Aberto,202604
MEN00002057,ALU00172,2026-05-01,2026-05-10,2026-05-17,1465.15,Pago,202605
MEN00002058,ALU00172,2026-06-01,2026-06-10,2026-06-14,1412.36,Pago,202606
MEN00002059,ALU00172,2026-07-01,2026-07-10,,1481.17,Vencido,202607
MEN00002060,ALU00172,2026-08-01,2026-08-10,,1476.08,Vencido,202608
MEN00002061,ALU00172,2026-09-01,2026-09-10,2026-09-14,1477.12,Pago,202609
MEN00002062,ALU00172,2026-10-01,2026-10-10,2026-10-17,1448.25,Pago,202610
MEN00002063,ALU00172,2026-11-01,2026-11-10,2026-11-09,1486.03,Pago,202611
MEN00002064,ALU00172,2026-12-01,2026-12-10,2026-12-13,1456.99,Pago,202612
MEN00002065,ALU00173,2026-01-01,2026-01-10,2026-01-08,1418.59,Pago,202601
MEN00002066,ALU00173,2026-02-01,2026-02-10,,1407.19,Vencido,202602
MEN00002067,ALU00173,2026-03-01,2026-03-10,2026-03-09,1419.62,Pago,202603
MEN00002068,ALU00173,2026-04-01,2026-04-10,2026-04-16,1409.84,Pago,202604
MEN00002069,ALU00173,2026-05-01,2026-05-10,2026-05-16,1463.64,Pago,202605
MEN00002070,ALU00173,2026-06-01,2026-06-10,,1441.82,Vencido,202606
MEN00002071,ALU00173,2026-07-01,2026-07-10,2026-07-15,1438.36,Pago,202607
MEN00002072,ALU00173,2026-08-01,2026-08-10,2026-08-13,1489.79,Pago,202608
MEN00002073,ALU00173,2026-09-01,2026-09-10,2026-09-09,1477.35,Pago,202609
MEN00002074,ALU00173,2026-10-01,2026-10-10,2026-10-14,1463.12,Pago,202610
MEN00002075,ALU00173,2026-11-01,2026-11-10,2026-11-09,1417.92,Pago,202611
MEN00002076,ALU00173,2026-12-01,2026-12-10,2026-12-18,1428.9,Pago,202612
MEN00002077,ALU00174,2026-01-01,2026-01-10,2026-01-07,1434.46,Pago,202601
MEN00002078,ALU00174,2026-02-01,2026-02-10,,1410.85,Em Aberto,202602
MEN00002079,ALU00174,2026-03-01,2026-03-10,2026-03-13,1449.62,Pago,202603
MEN00002080,ALU00174,2026-04-01,2026-04-10,2026-04-17,1411.2,Pago,202604
MEN00002081,ALU00174,2026-05-01,2026-05-10,2026-05-18,1418.2,Pago,202605
MEN00002082,ALU00174,2026-06-01,2026-06-10,2026-06-17,1482.41,Pago,202606
MEN00002083,ALU00174,2026-07-01,2026-07-10,2026-07-13,1430.75,Pago,202607
MEN00002084,ALU00174,2026-08-01,2026-08-10,2026-08-08,1459.6,Pago,202608
MEN00002085,ALU00174,2026-09-01,2026-09-10,2026-09-17,1483.66,Pago,202609
MEN00002086,ALU00174,2026-10-01,2026-10-10,2026-10-11,1414.99,Pago,202610
MEN00002087,ALU00174,2026-11-01,2026-11-10,2026-11-11,1439.83,Pago,202611
MEN00002088,ALU00174,2026-12-01,2026-12-10,2026-12-14,1445.54,Pago,202612
MEN00002089,ALU00175,2026-01-01,2026-01-10,,1457.83,Em Aberto,202601
MEN00002090,ALU00175,2026-02-01,2026-02-10,2026-02-14,1443.14,Pago,202602
MEN00002091,ALU00175,2026-03-01,2026-03-10,2026-03-18,1430.55,Pago,202603
MEN00002092,ALU00175,2026-04-01,2026-04-10,2026-04-13,1486.56,Pago,202604
MEN00002093,ALU00175,2026-05-01,2026-05-10,2026-05-13,1460.29,Pago,202605
MEN00002094,ALU00175,2026-06-01,2026-06-10,,1482.31,Vencido,202606
MEN00002095,ALU00175,2026-07-01,2026-07-10,2026-07-07,1415.77,Pago,202607
MEN00002096,ALU00175,2026-08-01,2026-08-10,2026-08-11,1483.53,Pago,202608
MEN00002097,ALU00175,2026-09-01,2026-09-10,2026-09-14,1421.79,Pago,202609
MEN00002098,ALU00175,2026-10-01,2026-10-10,2026-10-11,1473.13,Pago,202610
MEN00002099,ALU00175,2026-11-01,2026-11-10,,1450.1,Em Aberto,202611
MEN00002100,ALU00175,2026-12-01,2026-12-10,2026-12-08,1410.35,Pago,202612
MEN00002101,ALU00176,2026-01-01,2026-01-10,2026-01-10,1474.73,Pago,202601
MEN00002102,ALU00176,2026-02-01,2026-02-10,2026-02-16,1481.1,Pago,202602
MEN00002103,ALU00176,2026-03-01,2026-03-10,2026-03-12,1424.77,Pago,202603
MEN00002104,ALU00176,2026-04-01,2026-04-10,2026-04-11,1432.27,Pago,202604
MEN00002105,ALU00176,2026-05-01,2026-05-10,2026-05-11,1447.04,Pago,202605
MEN00002106,ALU00176,2026-06-01,2026-06-10,2026-06-07,1447.0,Pago,202606
MEN00002107,ALU00176,2026-07-01,2026-07-10,2026-07-08,1424.88,Pago,202607
MEN00002108,ALU00176,2026-08-01,2026-08-10,2026-08-15,1485.99,Pago,202608
MEN00002109,ALU00176,2026-09-01,2026-09-10,2026-09-13,1427.14,Pago,202609
MEN00002110,ALU00176,2026-10-01,2026-10-10,2026-10-16,1409.45,Pago,202610
MEN00002111,ALU00176,2026-11-01,2026-11-10,2026-11-16,1469.42,Pago,202611
MEN00002112,ALU00176,2026-12-01,2026-12-10,2026-12-11,1427.57,Pago,202612
MEN00002113,ALU00177,2026-01-01,2026-01-10,2026-01-08,1415.54,Pago,202601
MEN00002114,ALU00177,2026-02-01,2026-02-10,2026-02-13,1427.65,Pago,202602
MEN00002115,ALU00177,2026-03-01,2026-03-10,2026-03-13,1440.07,Pago,202603
MEN00002116,ALU00177,2026-04-01,2026-04-10,2026-04-11,1463.11,Pago,202604
MEN00002117,ALU00177,2026-05-01,2026-05-10,2026-05-12,1443.75,Pago,202605
MEN00002118,ALU00177,2026-06-01,2026-06-10,,1446.66,Em Aberto,202606
MEN00002119,ALU00177,2026-07-01,2026-07-10,2026-07-15,1441.64,Pago,202607
MEN00002120,ALU00177,2026-08-01,2026-08-10,2026-08-13,1470.04,Pago,202608
MEN00002121,ALU00177,2026-09-01,2026-09-10,2026-09-15,1488.78,Pago,202609
MEN00002122,ALU00177,2026-10-01,2026-10-10,2026-10-16,1481.05,Pago,202610
MEN00002123,ALU00177,2026-11-01,2026-11-10,2026-11-16,1408.46,Pago,202611
MEN00002124,ALU00177,2026-12-01,2026-12-10,2026-12-10,1436.34,Pago,202612
MEN00002125,ALU00178,2026-01-01,2026-01-10,2026-01-11,1411.6,Pago,202601
MEN00002126,ALU00178,2026-02-01,2026-02-10,2026-02-12,1460.14,Pago,202602
MEN00002127,ALU00178,2026-03-01,2026-03-10,2026-03-17,1478.01,Pago,202603
MEN00002128,ALU00178,2026-04-01,2026-04-10,2026-04-18,1416.39,Pago,202604
MEN00002129,ALU00178,2026-05-01,2026-05-10,2026-05-13,1407.89,Pago,202605
MEN00002130,ALU00178,2026-06-01,2026-06-10,2026-06-18,1421.16,Pago,202606
MEN00002131,ALU00178,2026-07-01,2026-07-10,2026-07-12,1465.25,Pago,202607
MEN00002132,ALU00178,2026-08-01,2026-08-10,,1425.16,Vencido,202608
MEN00002133,ALU00178,2026-09-01,2026-09-10,,1427.96,Em Aberto,202609
MEN00002134,ALU00178,2026-10-01,2026-10-10,2026-10-18,1461.29,Pago,202610
MEN00002135,ALU00178,2026-11-01,2026-11-10,2026-11-07,1418.79,Pago,202611
MEN00002136,ALU00178,2026-12-01,2026-12-10,2026-12-12,1457.53,Pago,202612
MEN00002137,ALU00179,2026-01-01,2026-01-10,2026-01-11,1435.51,Pago,202601
MEN00002138,ALU00179,2026-02-01,2026-02-10,2026-02-10,1442.1,Pago,202602
MEN00002139,ALU00179,2026-03-01,2026-03-10,2026-03-14,1419.09,Pago,202603
MEN00002140,ALU00179,2026-04-01,2026-04-10,2026-04-14,1427.65,Pago,202604
MEN00002141,ALU00179,2026-05-01,2026-05-10,2026-05-18,1451.88,Pago,202605
MEN00002142,ALU00179,2026-06-01,2026-06-10,2026-06-08,1440.62,Pago,202606
MEN00002143,ALU00179,2026-07-01,2026-07-10,2026-07-17,1427.98,Pago,202607
MEN00002144,ALU00179,2026-08-01,2026-08-10,2026-08-12,1442.3,Pago,202608
MEN00002145,ALU00179,2026-09-01,2026-09-10,2026-09-08,1473.38,Pago,202609
MEN00002146,ALU00179,2026-10-01,2026-10-10,2026-10-18,1444.11,Pago,202610
MEN00002147,ALU00179,2026-11-01,2026-11-10,,1420.36,Vencido,202611
MEN00002148,ALU00179,2026-12-01,2026-12-10,,1468.7,Vencido,202612
MEN00002149,ALU00180,2026-01-01,2026-01-10,,1438.11,Em Aberto,202601
MEN00002150,ALU00180,2026-02-01,2026-02-10,2026-02-13,1468.19,Pago,202602
MEN00002151,ALU00180,2026-03-01,2026-03-10,,1436.7,Em Aberto,202603
MEN00002152,ALU00180,2026-04-01,2026-04-10,2026-04-10,1444.77,Pago,202604
MEN00002153,ALU00180,2026-05-01,2026-05-10,,1421.39,Em Aberto,202605
MEN00002154,ALU00180,2026-06-01,2026-06-10,2026-06-15,1491.35,Pago,202606
MEN00002155,ALU00180,2026-07-01,2026-07-10,,1472.06,Vencido,202607
MEN00002156,ALU00180,2026-08-01,2026-08-10,2026-08-15,1479.36,Pago,202608
MEN00002157,ALU00180,2026-09-01,2026-09-10,2026-09-08,1446.21,Pago,202609
MEN00002158,ALU00180,2026-10-01,2026-10-10,2026-10-14,1436.84,Pago,202610
MEN00002159,ALU00180,2026-11-01,2026-11-10,2026-11-15,1436.67,Pago,202611
MEN00002160,ALU00180,2026-12-01,2026-12-10,2026-12-10,1421.16,Pago,202612
MEN00002161,ALU00181,2026-01-01,2026-01-10,2026-01-16,1417.62,Pago,202601
MEN00002162,ALU00181,2026-02-01,2026-02-10,2026-02-18,1456.61,Pago,202602
MEN00002163,ALU00181,2026-03-01,2026-03-10,2026-03-17,1469.53,Pago,202603
MEN00002164,ALU00181,2026-04-01,2026-04-10,2026-04-08,1442.49,Pago,202604
MEN00002165,ALU00181,2026-05-01,2026-05-10,2026-05-18,1442.95,Pago,202605
MEN00002166,ALU00181,2026-06-01,2026-06-10,,1409.37,Vencido,202606
MEN00002167,ALU00181,2026-07-01,2026-07-10,2026-07-10,1409.9,Pago,202607
MEN00002168,ALU00181,2026-08-01,2026-08-10,2026-08-15,1480.66,Pago,202608
MEN00002169,ALU00181,2026-09-01,2026-09-10,2026-09-09,1412.81,Pago,202609
MEN00002170,ALU00181,2026-10-01,2026-10-10,2026-10-14,1412.79,Pago,202610
MEN00002171,ALU00181,2026-11-01,2026-11-10,,1431.08,Em Aberto,202611
MEN00002172,ALU00181,2026-12-01,2026-12-10,2026-12-07,1434.77,Pago,202612
MEN00002173,ALU00182,2026-01-01,2026-01-10,2026-01-14,1459.15,Pago,202601
MEN00002174,ALU00182,2026-02-01,2026-02-10,2026-02-08,1479.72,Pago,202602
MEN00002175,ALU00182,2026-03-01,2026-03-10,2026-03-14,1483.24,Pago,202603
MEN00002176,ALU00182,2026-04-01,2026-04-10,2026-04-12,1433.52,Pago,202604
MEN00002177,ALU00182,2026-05-01,2026-05-10,2026-05-07,1406.69,Pago,202605
MEN00002178,ALU00182,2026-06-01,2026-06-10,2026-06-09,1426.37,Pago,202606
MEN00002179,ALU00182,2026-07-01,2026-07-10,2026-07-09,1443.8,Pago,202607
MEN00002180,ALU00182,2026-08-01,2026-08-10,,1430.49,Vencido,202608
MEN00002181,ALU00182,2026-09-01,2026-09-10,2026-09-16,1432.2,Pago,202609
MEN00002182,ALU00182,2026-10-01,2026-10-10,2026-10-15,1425.8,Pago,202610
MEN00002183,ALU00182,2026-11-01,2026-11-10,2026-11-18,1417.54,Pago,202611
MEN00002184,ALU00182,2026-12-01,2026-12-10,2026-12-10,1438.97,Pago,202612
MEN00002185,ALU00183,2026-01-01,2026-01-10,2026-01-12,1479.33,Pago,202601
MEN00002186,ALU00183,2026-02-01,2026-02-10,2026-02-15,1446.5,Pago,202602
MEN00002187,ALU00183,2026-03-01,2026-03-10,2026-03-08,1412.22,Pago,202603
MEN00002188,ALU00183,2026-04-01,2026-04-10,,1464.13,Em Aberto,202604
MEN00002189,ALU00183,2026-05-01,2026-05-10,2026-05-10,1483.03,Pago,202605
MEN00002190,ALU00183,2026-06-01,2026-06-10,2026-06-18,1473.4,Pago,202606
MEN00002191,ALU00183,2026-07-01,2026-07-10,2026-07-08,1492.36,Pago,202607
MEN00002192,ALU00183,2026-08-01,2026-08-10,2026-08-16,1424.8,Pago,202608
MEN00002193,ALU00183,2026-09-01,2026-09-10,,1474.64,Vencido,202609
MEN00002194,ALU00183,2026-10-01,2026-10-10,2026-10-13,1461.95,Pago,202610
MEN00002195,ALU00183,2026-11-01,2026-11-10,2026-11-12,1430.78,Pago,202611
MEN00002196,ALU00183,2026-12-01,2026-12-10,,1420.44,Em Aberto,202612
MEN00002197,ALU00184,2026-01-01,2026-01-10,2026-01-07,1442.71,Pago,202601
MEN00002198,ALU00184,2026-02-01,2026-02-10,2026-02-11,1483.51,Pago,202602
MEN00002199,ALU00184,2026-03-01,2026-03-10,2026-03-18,1460.57,Pago,202603
MEN00002200,ALU00184,2026-04-01,2026-04-10,2026-04-09,1422.29,Pago,202604
MEN00002201,ALU00184,2026-05-01,2026-05-10,2026-05-17,1450.0,Pago,202605
MEN00002202,ALU00184,2026-06-01,2026-06-10,2026-06-14,1475.57,Pago,202606
MEN00002203,ALU00184,2026-07-01,2026-07-10,,1480.62,Em Aberto,202607
MEN00002204,ALU00184,2026-08-01,2026-08-10,2026-08-08,1451.53,Pago,202608
MEN00002205,ALU00184,2026-09-01,2026-09-10,,1464.07,Em Aberto,202609
MEN00002206,ALU00184,2026-10-01,2026-10-10,2026-10-15,1433.63,Pago,202610
MEN00002207,ALU00184,2026-11-01,2026-11-10,2026-11-14,1461.69,Pago,202611
MEN00002208,ALU00184,2026-12-01,2026-12-10,2026-12-17,1486.85,Pago,202612
MEN00002209,ALU00185,2026-01-01,2026-01-10,2026-01-07,1420.6,Pago,202601
MEN00002210,ALU00185,2026-02-01,2026-02-10,2026-02-07,1483.54,Pago,202602
MEN00002211,ALU00185,2026-03-01,2026-03-10,2026-03-16,1414.3,Pago,202603
MEN00002212,ALU00185,2026-04-01,2026-04-10,2026-04-18,1491.99,Pago,202604
MEN00002213,ALU00185,2026-05-01,2026-05-10,2026-05-13,1472.87,Pago,202605
MEN00002214,ALU00185,2026-06-01,2026-06-10,2026-06-17,1442.7,Pago,202606
MEN00002215,ALU00185,2026-07-01,2026-07-10,2026-07-07,1489.93,Pago,202607
MEN00002216,ALU00185,2026-08-01,2026-08-10,2026-08-11,1474.96,Pago,202608
MEN00002217,ALU00185,2026-09-01,2026-09-10,2026-09-16,1468.69,Pago,202609
MEN00002218,ALU00185,2026-10-01,2026-10-10,2026-10-13,1469.39,Pago,202610
MEN00002219,ALU00185,2026-11-01,2026-11-10,2026-11-15,1411.09,Pago,202611
MEN00002220,ALU00185,2026-12-01,2026-12-10,2026-12-12,1444.91,Pago,202612
MEN00002221,ALU00186,2026-01-01,2026-01-10,2026-01-10,1456.5,Pago,202601
MEN00002222,ALU00186,2026-02-01,2026-02-10,,1483.41,Vencido,202602
MEN00002223,ALU00186,2026-03-01,2026-03-10,2026-03-17,1445.76,Pago,202603
MEN00002224,ALU00186,2026-04-01,2026-04-10,2026-04-09,1490.8,Pago,202604
MEN00002225,ALU00186,2026-05-01,2026-05-10,,1436.87,Vencido,202605
MEN00002226,ALU00186,2026-06-01,2026-06-10,2026-06-07,1452.32,Pago,202606
MEN00002227,ALU00186,2026-07-01,2026-07-10,2026-07-11,1440.1,Pago,202607
MEN00002228,ALU00186,2026-08-01,2026-08-10,2026-08-18,1431.87,Pago,202608
MEN00002229,ALU00186,2026-09-01,2026-09-10,2026-09-16,1448.03,Pago,202609
MEN00002230,ALU00186,2026-10-01,2026-10-10,2026-10-17,1435.19,Pago,202610
MEN00002231,ALU00186,2026-11-01,2026-11-10,2026-11-07,1414.42,Pago,202611
MEN00002232,ALU00186,2026-12-01,2026-12-10,,1479.11,Em Aberto,202612
MEN00002233,ALU00187,2026-01-01,2026-01-10,,1413.78,Em Aberto,202601
MEN00002234,ALU00187,2026-02-01,2026-02-10,2026-02-16,1475.26,Pago,202602
MEN00002235,ALU00187,2026-03-01,2026-03-10,2026-03-10,1463.28,Pago,202603
MEN00002236,ALU00187,2026-04-01,2026-04-10,2026-04-09,1423.19,Pago,202604
MEN00002237,ALU00187,2026-05-01,2026-05-10,2026-05-14,1490.43,Pago,202605
MEN00002238,ALU00187,2026-06-01,2026-06-10,,1479.37,Em Aberto,202606
MEN00002239,ALU00187,2026-07-01,2026-07-10,2026-07-10,1437.18,Pago,202607
MEN00002240,ALU00187,2026-08-01,2026-08-10,,1487.71,Em Aberto,202608
MEN00002241,ALU00187,2026-09-01,2026-09-10,2026-09-07,1428.07,Pago,202609
MEN00002242,ALU00187,2026-10-01,2026-10-10,2026-10-08,1453.69,Pago,202610
MEN00002243,ALU00187,2026-11-01,2026-11-10,2026-11-13,1416.88,Pago,202611
MEN00002244,ALU00187,2026-12-01,2026-12-10,2026-12-16,1456.49,Pago,202612
MEN00002245,ALU00188,2026-01-01,2026-01-10,2026-01-17,1442.73,Pago,202601
MEN00002246,ALU00188,2026-02-01,2026-02-10,,1454.98,Vencido,202602
MEN00002247,ALU00188,2026-03-01,2026-03-10,,1455.39,Vencido,202603
MEN00002248,ALU00188,2026-04-01,2026-04-10,2026-04-08,1459.66,Pago,202604
MEN00002249,ALU00188,2026-05-01,2026-05-10,2026-05-13,1407.09,Pago,202605
MEN00002250,ALU00188,2026-06-01,2026-06-10,,1419.4,Vencido,202606
MEN00002251,ALU00188,2026-07-01,2026-07-10,2026-07-07,1431.41,Pago,202607
MEN00002252,ALU00188,2026-08-01,2026-08-10,2026-08-13,1447.67,Pago,202608
MEN00002253,ALU00188,2026-09-01,2026-09-10,2026-09-10,1434.23,Pago,202609
MEN00002254,ALU00188,2026-10-01,2026-10-10,2026-10-10,1424.23,Pago,202610
MEN00002255,ALU00188,2026-11-01,2026-11-10,2026-11-08,1421.47,Pago,202611
MEN00002256,ALU00188,2026-12-01,2026-12-10,2026-12-16,1444.01,Pago,202612
MEN00002257,ALU00189,2026-01-01,2026-01-10,2026-01-17,1464.18,Pago,202601
MEN00002258,ALU00189,2026-02-01,2026-02-10,2026-02-09,1432.51,Pago,202602
MEN00002259,ALU00189,2026-03-01,2026-03-10,2026-03-18,1491.76,Pago,202603
MEN00002260,ALU00189,2026-04-01,2026-04-10,2026-04-08,1455.76,Pago,202604
MEN00002261,ALU00189,2026-05-01,2026-05-10,,1483.13,Em Aberto,202605
MEN00002262,ALU00189,2026-06-01,2026-06-10,2026-06-08,1423.99,Pago,202606
MEN00002263,ALU00189,2026-07-01,2026-07-10,,1480.03,Vencido,202607
MEN00002264,ALU00189,2026-08-01,2026-08-10,2026-08-11,1437.26,Pago,202608
MEN00002265,ALU00189,2026-09-01,2026-09-10,2026-09-09,1417.56,Pago,202609
MEN00002266,ALU00189,2026-10-01,2026-10-10,2026-10-17,1410.15,Pago,202610
MEN00002267,ALU00189,2026-11-01,2026-11-10,,1431.48,Vencido,202611
MEN00002268,ALU00189,2026-12-01,2026-12-10,,1416.38,Em Aberto,202612
MEN00002269,ALU00190,2026-01-01,2026-01-10,,1463.48,Vencido,202601
MEN00002270,ALU00190,2026-02-01,2026-02-10,2026-02-11,1443.84,Pago,202602
MEN00002271,ALU00190,2026-03-01,2026-03-10,,1411.92,Em Aberto,202603
MEN00002272,ALU00190,2026-04-01,2026-04-10,2026-04-07,1416.62,Pago,202604
MEN00002273,ALU00190,2026-05-01,2026-05-10,,1414.35,Em Aberto,202605
MEN00002274,ALU00190,2026-06-01,2026-06-10,2026-06-15,1492.19,Pago,202606
MEN00002275,ALU00190,2026-07-01,2026-07-10,2026-07-12,1459.47,Pago,202607
MEN00002276,ALU00190,2026-08-01,2026-08-10,2026-08-11,1490.88,Pago,202608
MEN00002277,ALU00190,2026-09-01,2026-09-10,,1433.38,Em Aberto,202609
MEN00002278,ALU00190,2026-10-01,2026-10-10,2026-10-17,1455.94,Pago,202610
MEN00002279,ALU00190,2026-11-01,2026-11-10,2026-11-15,1415.95,Pago,202611
MEN00002280,ALU00190,2026-12-01,2026-12-10,2026-12-11,1442.16,Pago,202612
MEN00002281,ALU00191,2026-01-01,2026-01-10,2026-01-12,1422.2,Pago,202601
MEN00002282,ALU00191,2026-02-01,2026-02-10,2026-02-10,1418.39,Pago,202602
MEN00002283,ALU00191,2026-03-01,2026-03-10,2026-03-07,1475.39,Pago,202603
MEN00002284,ALU00191,2026-04-01,2026-04-10,2026-04-16,1407.55,Pago,202604
MEN00002285,ALU00191,2026-05-01,2026-05-10,,1492.26,Em Aberto,202605
MEN00002286,ALU00191,2026-06-01,2026-06-10,2026-06-07,1442.84,Pago,202606
MEN00002287,ALU00191,2026-07-01,2026-07-10,2026-07-09,1416.63,Pago,202607
MEN00002288,ALU00191,2026-08-01,2026-08-10,2026-08-18,1435.03,Pago,202608
MEN00002289,ALU00191,2026-09-01,2026-09-10,2026-09-08,1440.7,Pago,202609
MEN00002290,ALU00191,2026-10-01,2026-10-10,2026-10-07,1488.57,Pago,202610
MEN00002291,ALU00191,2026-11-01,2026-11-10,2026-11-17,1414.69,Pago,202611
MEN00002292,ALU00191,2026-12-01,2026-12-10,,1454.53,Vencido,202612
MEN00002293,ALU00192,2026-01-01,2026-01-10,2026-01-18,1445.1,Pago,202601
MEN00002294,ALU00192,2026-02-01,2026-02-10,2026-02-07,1413.86,Pago,202602
MEN00002295,ALU00192,2026-03-01,2026-03-10,2026-03-16,1418.4,Pago,202603
MEN00002296,ALU00192,2026-04-01,2026-04-10,2026-04-16,1480.98,Pago,202604
MEN00002297,ALU00192,2026-05-01,2026-05-10,2026-05-13,1476.79,Pago,202605
MEN00002298,ALU00192,2026-06-01,2026-06-10,2026-06-07,1422.92,Pago,202606
MEN00002299,ALU00192,2026-07-01,2026-07-10,,1459.12,Vencido,202607
MEN00002300,ALU00192,2026-08-01,2026-08-10,2026-08-08,1469.35,Pago,202608
MEN00002301,ALU00192,2026-09-01,2026-09-10,2026-09-07,1468.86,Pago,202609
MEN00002302,ALU00192,2026-10-01,2026-10-10,,1482.51,Em Aberto,202610
MEN00002303,ALU00192,2026-11-01,2026-11-10,,1488.92,Em Aberto,202611
MEN00002304,ALU00192,2026-12-01,2026-12-10,2026-12-07,1445.05,Pago,202612
MEN00002305,ALU00193,2026-01-01,2026-01-10,,1456.27,Em Aberto,202601
MEN00002306,ALU00193,2026-02-01,2026-02-10,2026-02-11,1414.95,Pago,202602
MEN00002307,ALU00193,2026-03-01,2026-03-10,2026-03-14,1455.77,Pago,202603
MEN00002308,ALU00193,2026-04-01,2026-04-10,,1456.83,Vencido,202604
MEN00002309,ALU00193,2026-05-01,2026-05-10,2026-05-08,1432.09,Pago,202605
MEN00002310,ALU00193,2026-06-01,2026-06-10,,1488.9,Em Aberto,202606
MEN00002311,ALU00193,2026-07-01,2026-07-10,,1455.18,Em Aberto,202607
MEN00002312,ALU00193,2026-08-01,2026-08-10,2026-08-08,1408.14,Pago,202608
MEN00002313,ALU00193,2026-09-01,2026-09-10,2026-09-14,1449.3,Pago,202609
MEN00002314,ALU00193,2026-10-01,2026-10-10,2026-10-14,1419.64,Pago,202610
MEN00002315,ALU00193,2026-11-01,2026-11-10,,1442.0,Em Aberto,202611
MEN00002316,ALU00193,2026-12-01,2026-12-10,2026-12-10,1480.13,Pago,202612
MEN00002317,ALU00194,2026-01-01,2026-01-10,,1408.29,Vencido,202601
MEN00002318,ALU00194,2026-02-01,2026-02-10,2026-02-10,1481.74,Pago,202602
MEN00002319,ALU00194,2026-03-01,2026-03-10,2026-03-17,1460.53,Pago,202603
MEN00002320,ALU00194,2026-04-01,2026-04-10,2026-04-12,1455.0,Pago,202604
MEN00002321,ALU00194,2026-05-01,2026-05-10,2026-05-13,1485.27,Pago,202605
MEN00002322,ALU00194,2026-06-01,2026-06-10,2026-06-14,1447.98,Pago,202606
MEN00002323,ALU00194,2026-07-01,2026-07-10,2026-07-07,1430.85,Pago,202607
MEN00002324,ALU00194,2026-08-01,2026-08-10,,1484.47,Vencido,202608
MEN00002325,ALU00194,2026-09-01,2026-09-10,2026-09-13,1423.47,Pago,202609
MEN00002326,ALU00194,2026-10-01,2026-10-10,,1452.21,Vencido,202610
MEN00002327,ALU00194,2026-11-01,2026-11-10,2026-11-15,1479.98,Pago,202611
MEN00002328,ALU00194,2026-12-01,2026-12-10,2026-12-17,1441.27,Pago,202612
MEN00002329,ALU00195,2026-01-01,2026-01-10,2026-01-15,1450.31,Pago,202601
MEN00002330,ALU00195,2026-02-01,2026-02-10,,1480.2,Vencido,202602
MEN00002331,ALU00195,2026-03-01,2026-03-10,,1428.84,Em Aberto,202603
MEN00002332,ALU00195,2026-04-01,2026-04-10,2026-04-09,1478.59,Pago,202604
MEN00002333,ALU00195,2026-05-01,2026-05-10,2026-05-14,1457.78,Pago,202605
MEN00002334,ALU00195,2026-06-01,2026-06-10,2026-06-15,1475.73,Pago,202606
MEN00002335,ALU00195,2026-07-01,2026-07-10,2026-07-08,1452.65,Pago,202607
MEN00002336,ALU00195,2026-08-01,2026-08-10,,1413.02,Em Aberto,202608
MEN00002337,ALU00195,2026-09-01,2026-09-10,,1438.78,Em Aberto,202609
MEN00002338,ALU00195,2026-10-01,2026-10-10,2026-10-16,1425.44,Pago,202610
MEN00002339,ALU00195,2026-11-01,2026-11-10,,1425.47,Em Aberto,202611
MEN00002340,ALU00195,2026-12-01,2026-12-10,2026-12-07,1470.01,Pago,202612
MEN00002341,ALU00196,2026-01-01,2026-01-10,,1478.19,Vencido,202601
MEN00002342,ALU00196,2026-02-01,2026-02-10,2026-02-14,1473.44,Pago,202602
MEN00002343,ALU00196,2026-03-01,2026-03-10,2026-03-08,1408.35,Pago,202603
MEN00002344,ALU00196,2026-04-01,2026-04-10,2026-04-18,1455.21,Pago,202604
MEN00002345,ALU00196,2026-05-01,2026-05-10,2026-05-17,1461.12,Pago,202605
MEN00002346,ALU00196,2026-06-01,2026-06-10,,1439.52,Vencido,202606
MEN00002347,ALU00196,2026-07-01,2026-07-10,2026-07-18,1447.17,Pago,202607
MEN00002348,ALU00196,2026-08-01,2026-08-10,2026-08-07,1424.68,Pago,202608
MEN00002349,ALU00196,2026-09-01,2026-09-10,2026-09-07,1461.35,Pago,202609
MEN00002350,ALU00196,2026-10-01,2026-10-10,2026-10-18,1418.44,Pago,202610
MEN00002351,ALU00196,2026-11-01,2026-11-10,,1417.94,Em Aberto,202611
MEN00002352,ALU00196,2026-12-01,2026-12-10,,1424.25,Vencido,202612
MEN00002353,ALU00197,2026-01-01,2026-01-10,2026-01-15,1454.65,Pago,202601
MEN00002354,ALU00197,2026-02-01,2026-02-10,2026-02-10,1412.99,Pago,202602
MEN00002355,ALU00197,2026-03-01,2026-03-10,2026-03-09,1433.81,Pago,202603
MEN00002356,ALU00197,2026-04-01,2026-04-10,2026-04-12,1454.08,Pago,202604
MEN00002357,ALU00197,2026-05-01,2026-05-10,2026-05-08,1480.15,Pago,202605
MEN00002358,ALU00197,2026-06-01,2026-06-10,2026-06-07,1491.71,Pago,202606
MEN00002359,ALU00197,2026-07-01,2026-07-10,2026-07-08,1462.81,Pago,202607
MEN00002360,ALU00197,2026-08-01,2026-08-10,2026-08-07,1446.28,Pago,202608
MEN00002361,ALU00197,2026-09-01,2026-09-10,,1473.76,Vencido,202609
MEN00002362,ALU00197,2026-10-01,2026-10-10,2026-10-16,1415.96,Pago,202610
MEN00002363,ALU00197,2026-11-01,2026-11-10,2026-11-10,1460.8,Pago,202611
MEN00002364,ALU00197,2026-12-01,2026-12-10,2026-12-07,1407.96,Pago,202612
MEN00002365,ALU00198,2026-01-01,2026-01-10,2026-01-09,1491.11,Pago,202601
MEN00002366,ALU00198,2026-02-01,2026-02-10,2026-02-09,1466.05,Pago,202602
MEN00002367,ALU00198,2026-03-01,2026-03-10,,1490.35,Em Aberto,202603
MEN00002368,ALU00198,2026-04-01,2026-04-10,2026-04-09,1456.85,Pago,202604
MEN00002369,ALU00198,2026-05-01,2026-05-10,2026-05-16,1431.72,Pago,202605
MEN00002370,ALU00198,2026-06-01,2026-06-10,2026-06-07,1442.79,Pago,202606
MEN00002371,ALU00198,2026-07-01,2026-07-10,2026-07-13,1457.84,Pago,202607
MEN00002372,ALU00198,2026-08-01,2026-08-10,2026-08-16,1478.63,Pago,202608
MEN00002373,ALU00198,2026-09-01,2026-09-10,2026-09-12,1453.53,Pago,202609
MEN00002374,ALU00198,2026-10-01,2026-10-10,2026-10-15,1479.2,Pago,202610
MEN00002375,ALU00198,2026-11-01,2026-11-10,2026-11-12,1472.96,Pago,202611
MEN00002376,ALU00198,2026-12-01,2026-12-10,2026-12-13,1451.07,Pago,202612
MEN00002377,ALU00199,2026-01-01,2026-01-10,2026-01-17,1473.38,Pago,202601
MEN00002378,ALU00199,2026-02-01,2026-02-10,2026-02-16,1419.14,Pago,202602
MEN00002379,ALU00199,2026-03-01,2026-03-10,2026-03-15,1470.33,Pago,202603
MEN00002380,ALU00199,2026-04-01,2026-04-10,2026-04-08,1412.3,Pago,202604
MEN00002381,ALU00199,2026-05-01,2026-05-10,2026-05-07,1413.14,Pago,202605
MEN00002382,ALU00199,2026-06-01,2026-06-10,2026-06-07,1467.73,Pago,202606
MEN00002383,ALU00199,2026-07-01,2026-07-10,2026-07-18,1409.97,Pago,202607
MEN00002384,ALU00199,2026-08-01,2026-08-10,2026-08-15,1443.84,Pago,202608
MEN00002385,ALU00199,2026-09-01,2026-09-10,2026-09-11,1478.02,Pago,202609
MEN00002386,ALU00199,2026-10-01,2026-10-10,2026-10-13,1410.76,Pago,202610
MEN00002387,ALU00199,2026-11-01,2026-11-10,2026-11-14,1484.65,Pago,202611
MEN00002388,ALU00199,2026-12-01,2026-12-10,,1454.98,Em Aberto,202612
MEN00002389,ALU00200,2026-01-01,2026-01-10,2026-01-10,1442.95,Pago,202601
MEN00002390,ALU00200,2026-02-01,2026-02-10,2026-02-17,1451.96,Pago,202602
MEN00002391,ALU00200,2026-03-01,2026-03-10,2026-03-07,1449.8,Pago,202603
MEN00002392,ALU00200,2026-04-01,2026-04-10,2026-04-16,1447.23,Pago,202604
MEN00002393,ALU00200,2026-05-01,2026-05-10,2026-05-14,1456.5,Pago,202605
MEN00002394,ALU00200,2026-06-01,2026-06-10,,1475.58,Vencido,202606
MEN00002395,ALU00200,2026-07-01,2026-07-10,2026-07-17,1482.86,Pago,202607
MEN00002396,ALU00200,2026-08-01,2026-08-10,2026-08-18,1490.06,Pago,202608
MEN00002397,ALU00200,2026-09-01,2026-09-10,2026-09-08,1490.61,Pago,202609
MEN00002398,ALU00200,2026-10-01,2026-10-10,2026-10-16,1459.88,Pago,202610
MEN00002399,ALU00200,2026-11-01,2026-11-10,2026-11-11,1415.51,Pago,202611
MEN00002400,ALU00200,2026-12-01,2026-12-10,2026-12-13,1461.4,Pago,202612
MEN00002401,ALU00201,2026-01-01,2026-01-10,2026-01-09,1413.36,Pago,202601
MEN00002402,ALU00201,2026-02-01,2026-02-10,2026-02-18,1429.0,Pago,202602
MEN00002403,ALU00201,2026-03-01,2026-03-10,2026-03-13,1414.59,Pago,202603
MEN00002404,ALU00201,2026-04-01,2026-04-10,2026-04-07,1436.7,Pago,202604
MEN00002405,ALU00201,2026-05-01,2026-05-10,2026-05-10,1486.47,Pago,202605
MEN00002406,ALU00201,2026-06-01,2026-06-10,2026-06-15,1410.3,Pago,202606
MEN00002407,ALU00201,2026-07-01,2026-07-10,2026-07-15,1487.95,Pago,202607
MEN00002408,ALU00201,2026-08-01,2026-08-10,2026-08-09,1423.02,Pago,202608
MEN00002409,ALU00201,2026-09-01,2026-09-10,,1443.91,Vencido,202609
MEN00002410,ALU00201,2026-10-01,2026-10-10,,1474.2,Em Aberto,202610
MEN00002411,ALU00201,2026-11-01,2026-11-10,2026-11-12,1420.12,Pago,202611
MEN00002412,ALU00201,2026-12-01,2026-12-10,2026-12-18,1425.62,Pago,202612
MEN00002413,ALU00202,2026-01-01,2026-01-10,2026-01-18,1471.3,Pago,202601
MEN00002414,ALU00202,2026-02-01,2026-02-10,2026-02-11,1450.69,Pago,202602
MEN00002415,ALU00202,2026-03-01,2026-03-10,2026-03-12,1464.19,Pago,202603
MEN00002416,ALU00202,2026-04-01,2026-04-10,2026-04-14,1417.38,Pago,202604
MEN00002417,ALU00202,2026-05-01,2026-05-10,2026-05-17,1411.47,Pago,202605
MEN00002418,ALU00202,2026-06-01,2026-06-10,2026-06-10,1420.4,Pago,202606
MEN00002419,ALU00202,2026-07-01,2026-07-10,2026-07-18,1488.09,Pago,202607
MEN00002420,ALU00202,2026-08-01,2026-08-10,,1410.79,Vencido,202608
MEN00002421,ALU00202,2026-09-01,2026-09-10,2026-09-13,1407.57,Pago,202609
MEN00002422,ALU00202,2026-10-01,2026-10-10,2026-10-09,1438.94,Pago,202610
MEN00002423,ALU00202,2026-11-01,2026-11-10,2026-11-14,1449.01,Pago,202611
MEN00002424,ALU00202,2026-12-01,2026-12-10,2026-12-14,1446.04,Pago,202612
MEN00002425,ALU00203,2026-01-01,2026-01-10,2026-01-10,1463.68,Pago,202601
MEN00002426,ALU00203,2026-02-01,2026-02-10,2026-02-12,1419.5,Pago,202602
MEN00002427,ALU00203,2026-03-01,2026-03-10,2026-03-09,1449.21,Pago,202603
MEN00002428,ALU00203,2026-04-01,2026-04-10,,1459.48,Vencido,202604
MEN00002429,ALU00203,2026-05-01,2026-05-10,2026-05-11,1436.61,Pago,202605
MEN00002430,ALU00203,2026-06-01,2026-06-10,2026-06-10,1414.52,Pago,202606
MEN00002431,ALU00203,2026-07-01,2026-07-10,2026-07-07,1413.86,Pago,202607
MEN00002432,ALU00203,2026-08-01,2026-08-10,,1422.57,Vencido,202608
MEN00002433,ALU00203,2026-09-01,2026-09-10,2026-09-15,1409.65,Pago,202609
MEN00002434,ALU00203,2026-10-01,2026-10-10,2026-10-18,1414.51,Pago,202610
MEN00002435,ALU00203,2026-11-01,2026-11-10,2026-11-18,1423.54,Pago,202611
MEN00002436,ALU00203,2026-12-01,2026-12-10,2026-12-18,1436.13,Pago,202612
MEN00002437,ALU00204,2026-01-01,2026-01-10,2026-01-13,1413.86,Pago,202601
MEN00002438,ALU00204,2026-02-01,2026-02-10,2026-02-12,1468.69,Pago,202602
MEN00002439,ALU00204,2026-03-01,2026-03-10,2026-03-07,1437.17,Pago,202603
MEN00002440,ALU00204,2026-04-01,2026-04-10,2026-04-14,1476.67,Pago,202604
MEN00002441,ALU00204,2026-05-01,2026-05-10,2026-05-15,1424.11,Pago,202605
MEN00002442,ALU00204,2026-06-01,2026-06-10,2026-06-18,1480.7,Pago,202606
MEN00002443,ALU00204,2026-07-01,2026-07-10,2026-07-17,1485.6,Pago,202607
MEN00002444,ALU00204,2026-08-01,2026-08-10,2026-08-07,1461.09,Pago,202608
MEN00002445,ALU00204,2026-09-01,2026-09-10,2026-09-18,1447.62,Pago,202609
MEN00002446,ALU00204,2026-10-01,2026-10-10,,1415.52,Em Aberto,202610
MEN00002447,ALU00204,2026-11-01,2026-11-10,2026-11-14,1491.47,Pago,202611
MEN00002448,ALU00204,2026-12-01,2026-12-10,2026-12-07,1465.17,Pago,202612
MEN00002449,ALU00205,2026-01-01,2026-01-10,2026-01-10,1426.93,Pago,202601
MEN00002450,ALU00205,2026-02-01,2026-02-10,2026-02-15,1412.95,Pago,202602
MEN00002451,ALU00205,2026-03-01,2026-03-10,2026-03-11,1491.8,Pago,202603
MEN00002452,ALU00205,2026-04-01,2026-04-10,2026-04-17,1479.39,Pago,202604
MEN00002453,ALU00205,2026-05-01,2026-05-10,2026-05-10,1441.04,Pago,202605
MEN00002454,ALU00205,2026-06-01,2026-06-10,,1412.22,Em Aberto,202606
MEN00002455,ALU00205,2026-07-01,2026-07-10,2026-07-09,1423.18,Pago,202607
MEN00002456,ALU00205,2026-08-01,2026-08-10,2026-08-16,1425.95,Pago,202608
MEN00002457,ALU00205,2026-09-01,2026-09-10,,1473.99,Em Aberto,202609
MEN00002458,ALU00205,2026-10-01,2026-10-10,,1445.37,Em Aberto,202610
MEN00002459,ALU00205,2026-11-01,2026-11-10,2026-11-14,1468.44,Pago,202611
MEN00002460,ALU00205,2026-12-01,2026-12-10,2026-12-10,1410.91,Pago,202612
MEN00002461,ALU00206,2026-01-01,2026-01-10,,1413.39,Vencido,202601
MEN00002462,ALU00206,2026-02-01,2026-02-10,2026-02-18,1438.86,Pago,202602
MEN00002463,ALU00206,2026-03-01,2026-03-10,2026-03-16,1438.79,Pago,202603
MEN00002464,ALU00206,2026-04-01,2026-04-10,,1418.87,Vencido,202604
MEN00002465,ALU00206,2026-05-01,2026-05-10,,1459.24,Em Aberto,202605
MEN00002466,ALU00206,2026-06-01,2026-06-10,2026-06-10,1430.2,Pago,202606
MEN00002467,ALU00206,2026-07-01,2026-07-10,2026-07-12,1484.72,Pago,202607
MEN00002468,ALU00206,2026-08-01,2026-08-10,,1450.59,Vencido,202608
MEN00002469,ALU00206,2026-09-01,2026-09-10,2026-09-09,1453.52,Pago,202609
MEN00002470,ALU00206,2026-10-01,2026-10-10,2026-10-08,1407.05,Pago,202610
MEN00002471,ALU00206,2026-11-01,2026-11-10,2026-11-12,1477.73,Pago,202611
MEN00002472,ALU00206,2026-12-01,2026-12-10,2026-12-09,1459.0,Pago,202612
MEN00002473,ALU00207,2026-01-01,2026-01-10,2026-01-18,1425.41,Pago,202601
MEN00002474,ALU00207,2026-02-01,2026-02-10,,1437.28,Vencido,202602
MEN00002475,ALU00207,2026-03-01,2026-03-10,2026-03-10,1412.63,Pago,202603
MEN00002476,ALU00207,2026-04-01,2026-04-10,2026-04-11,1479.09,Pago,202604
MEN00002477,ALU00207,2026-05-01,2026-05-10,,1490.13,Vencido,202605
MEN00002478,ALU00207,2026-06-01,2026-06-10,2026-06-15,1443.27,Pago,202606
MEN00002479,ALU00207,2026-07-01,2026-07-10,2026-07-16,1419.4,Pago,202607
MEN00002480,ALU00207,2026-08-01,2026-08-10,2026-08-15,1487.52,Pago,202608
MEN00002481,ALU00207,2026-09-01,2026-09-10,2026-09-13,1452.66,Pago,202609
MEN00002482,ALU00207,2026-10-01,2026-10-10,2026-10-09,1456.11,Pago,202610
MEN00002483,ALU00207,2026-11-01,2026-11-10,2026-11-14,1407.62,Pago,202611
MEN00002484,ALU00207,2026-12-01,2026-12-10,2026-12-16,1474.53,Pago,202612
MEN00002485,ALU00208,2026-01-01,2026-01-10,2026-01-08,1442.51,Pago,202601
MEN00002486,ALU00208,2026-02-01,2026-02-10,2026-02-15,1489.02,Pago,202602
MEN00002487,ALU00208,2026-03-01,2026-03-10,2026-03-18,1467.4,Pago,202603
MEN00002488,ALU00208,2026-04-01,2026-04-10,,1481.68,Em Aberto,202604
MEN00002489,ALU00208,2026-05-01,2026-05-10,2026-05-13,1491.46,Pago,202605
MEN00002490,ALU00208,2026-06-01,2026-06-10,2026-06-10,1446.61,Pago,202606
MEN00002491,ALU00208,2026-07-01,2026-07-10,2026-07-12,1458.63,Pago,202607
MEN00002492,ALU00208,2026-08-01,2026-08-10,2026-08-12,1413.28,Pago,202608
MEN00002493,ALU00208,2026-09-01,2026-09-10,2026-09-08,1447.63,Pago,202609
MEN00002494,ALU00208,2026-10-01,2026-10-10,,1473.54,Vencido,202610
MEN00002495,ALU00208,2026-11-01,2026-11-10,2026-11-13,1408.45,Pago,202611
MEN00002496,ALU00208,2026-12-01,2026-12-10,2026-12-11,1448.78,Pago,202612
MEN00002497,ALU00209,2026-01-01,2026-01-10,2026-01-13,1415.0,Pago,202601
MEN00002498,ALU00209,2026-02-01,2026-02-10,,1410.0,Vencido,202602
MEN00002499,ALU00209,2026-03-01,2026-03-10,2026-03-08,1483.51,Pago,202603
MEN00002500,ALU00209,2026-04-01,2026-04-10,2026-04-11,1460.19,Pago,202604
MEN00002501,ALU00209,2026-05-01,2026-05-10,2026-05-15,1430.47,Pago,202605
MEN00002502,ALU00209,2026-06-01,2026-06-10,2026-06-12,1470.53,Pago,202606
MEN00002503,ALU00209,2026-07-01,2026-07-10,2026-07-18,1479.28,Pago,202607
MEN00002504,ALU00209,2026-08-01,2026-08-10,2026-08-09,1423.3,Pago,202608
MEN00002505,ALU00209,2026-09-01,2026-09-10,2026-09-18,1491.4,Pago,202609
MEN00002506,ALU00209,2026-10-01,2026-10-10,,1438.95,Vencido,202610
MEN00002507,ALU00209,2026-11-01,2026-11-10,2026-11-16,1443.55,Pago,202611
MEN00002508,ALU00209,2026-12-01,2026-12-10,2026-12-08,1463.48,Pago,202612
MEN00002509,ALU00210,2026-01-01,2026-01-10,2026-01-18,1443.52,Pago,202601
MEN00002510,ALU00210,2026-02-01,2026-02-10,,1422.37,Em Aberto,202602
MEN00002511,ALU00210,2026-03-01,2026-03-10,2026-03-15,1472.9,Pago,202603
MEN00002512,ALU00210,2026-04-01,2026-04-10,2026-04-16,1418.92,Pago,202604
MEN00002513,ALU00210,2026-05-01,2026-05-10,,1464.64,Em Aberto,202605
MEN00002514,ALU00210,2026-06-01,2026-06-10,2026-06-07,1412.56,Pago,202606
MEN00002515,ALU00210,2026-07-01,2026-07-10,2026-07-14,1411.37,Pago,202607
MEN00002516,ALU00210,2026-08-01,2026-08-10,,1439.13,Em Aberto,202608
MEN00002517,ALU00210,2026-09-01,2026-09-10,2026-09-09,1429.66,Pago,202609
MEN00002518,ALU00210,2026-10-01,2026-10-10,2026-10-12,1450.16,Pago,202610
MEN00002519,ALU00210,2026-11-01,2026-11-10,2026-11-11,1483.55,Pago,202611
MEN00002520,ALU00210,2026-12-01,2026-12-10,2026-12-18,1439.99,Pago,202612
MEN00002521,ALU00211,2026-01-01,2026-01-10,2026-01-15,1423.78,Pago,202601
MEN00002522,ALU00211,2026-02-01,2026-02-10,2026-02-15,1481.45,Pago,202602
MEN00002523,ALU00211,2026-03-01,2026-03-10,2026-03-18,1482.47,Pago,202603
MEN00002524,ALU00211,2026-04-01,2026-04-10,,1492.66,Vencido,202604
MEN00002525,ALU00211,2026-05-01,2026-05-10,2026-05-14,1419.78,Pago,202605
MEN00002526,ALU00211,2026-06-01,2026-06-10,2026-06-16,1462.8,Pago,202606
MEN00002527,ALU00211,2026-07-01,2026-07-10,2026-07-14,1446.9,Pago,202607
MEN00002528,ALU00211,2026-08-01,2026-08-10,2026-08-10,1467.02,Pago,202608
MEN00002529,ALU00211,2026-09-01,2026-09-10,,1414.81,Vencido,202609
MEN00002530,ALU00211,2026-10-01,2026-10-10,2026-10-15,1407.09,Pago,202610
MEN00002531,ALU00211,2026-11-01,2026-11-10,,1450.81,Vencido,202611
MEN00002532,ALU00211,2026-12-01,2026-12-10,2026-12-13,1492.29,Pago,202612
MEN00002533,ALU00212,2026-01-01,2026-01-10,2026-01-18,1452.3,Pago,202601
MEN00002534,ALU00212,2026-02-01,2026-02-10,,1406.76,Em Aberto,202602
MEN00002535,ALU00212,2026-03-01,2026-03-10,2026-03-12,1454.63,Pago,202603
MEN00002536,ALU00212,2026-04-01,2026-04-10,2026-04-09,1438.56,Pago,202604
MEN00002537,ALU00212,2026-05-01,2026-05-10,2026-05-09,1409.75,Pago,202605
MEN00002538,ALU00212,2026-06-01,2026-06-10,2026-06-13,1425.54,Pago,202606
MEN00002539,ALU00212,2026-07-01,2026-07-10,2026-07-17,1459.02,Pago,202607
MEN00002540,ALU00212,2026-08-01,2026-08-10,,1411.55,Em Aberto,202608
MEN00002541,ALU00212,2026-09-01,2026-09-10,,1464.45,Em Aberto,202609
MEN00002542,ALU00212,2026-10-01,2026-10-10,2026-10-10,1414.18,Pago,202610
MEN00002543,ALU00212,2026-11-01,2026-11-10,2026-11-09,1444.49,Pago,202611
MEN00002544,ALU00212,2026-12-01,2026-12-10,2026-12-07,1450.09,Pago,202612
MEN00002545,ALU00213,2026-01-01,2026-01-10,2026-01-13,1491.09,Pago,202601
MEN00002546,ALU00213,2026-02-01,2026-02-10,2026-02-12,1443.71,Pago,202602
MEN00002547,ALU00213,2026-03-01,2026-03-10,,1452.67,Em Aberto,202603
MEN00002548,ALU00213,2026-04-01,2026-04-10,2026-04-07,1490.28,Pago,202604
MEN00002549,ALU00213,2026-05-01,2026-05-10,2026-05-14,1491.53,Pago,202605
MEN00002550,ALU00213,2026-06-01,2026-06-10,2026-06-13,1459.94,Pago,202606
MEN00002551,ALU00213,2026-07-01,2026-07-10,2026-07-14,1423.93,Pago,202607
MEN00002552,ALU00213,2026-08-01,2026-08-10,,1489.67,Em Aberto,202608
MEN00002553,ALU00213,2026-09-01,2026-09-10,,1455.25,Em Aberto,202609
MEN00002554,ALU00213,2026-10-01,2026-10-10,2026-10-08,1408.48,Pago,202610
MEN00002555,ALU00213,2026-11-01,2026-11-10,,1440.82,Em Aberto,202611
MEN00002556,ALU00213,2026-12-01,2026-12-10,,1454.51,Vencido,202612
MEN00002557,ALU00214,2026-01-01,2026-01-10,2026-01-15,1426.98,Pago,202601
MEN00002558,ALU00214,2026-02-01,2026-02-10,2026-02-17,1461.75,Pago,202602
MEN00002559,ALU00214,2026-03-01,2026-03-10,2026-03-10,1466.54,Pago,202603
MEN00002560,ALU00214,2026-04-01,2026-04-10,2026-04-07,1437.03,Pago,202604
MEN00002561,ALU00214,2026-05-01,2026-05-10,2026-05-07,1473.78,Pago,202605
MEN00002562,ALU00214,2026-06-01,2026-06-10,2026-06-08,1407.82,Pago,202606
MEN00002563,ALU00214,2026-07-01,2026-07-10,2026-07-15,1458.9,Pago,202607
MEN00002564,ALU00214,2026-08-01,2026-08-10,2026-08-08,1466.33,Pago,202608
MEN00002565,ALU00214,2026-09-01,2026-09-10,2026-09-17,1457.05,Pago,202609
MEN00002566,ALU00214,2026-10-01,2026-10-10,,1474.23,Em Aberto,202610
MEN00002567,ALU00214,2026-11-01,2026-11-10,2026-11-12,1442.99,Pago,202611
MEN00002568,ALU00214,2026-12-01,2026-12-10,2026-12-13,1463.08,Pago,202612
MEN00002569,ALU00215,2026-01-01,2026-01-10,,1470.69,Em Aberto,202601
MEN00002570,ALU00215,2026-02-01,2026-02-10,,1449.98,Vencido,202602
MEN00002571,ALU00215,2026-03-01,2026-03-10,2026-03-14,1423.7,Pago,202603
MEN00002572,ALU00215,2026-04-01,2026-04-10,2026-04-09,1484.03,Pago,202604
MEN00002573,ALU00215,2026-05-01,2026-05-10,2026-05-12,1458.79,Pago,202605
MEN00002574,ALU00215,2026-06-01,2026-06-10,,1418.34,Vencido,202606
MEN00002575,ALU00215,2026-07-01,2026-07-10,2026-07-14,1448.08,Pago,202607
MEN00002576,ALU00215,2026-08-01,2026-08-10,2026-08-09,1433.92,Pago,202608
MEN00002577,ALU00215,2026-09-01,2026-09-10,2026-09-11,1445.53,Pago,202609
MEN00002578,ALU00215,2026-10-01,2026-10-10,2026-10-12,1461.19,Pago,202610
MEN00002579,ALU00215,2026-11-01,2026-11-10,2026-11-13,1475.29,Pago,202611
MEN00002580,ALU00215,2026-12-01,2026-12-10,2026-12-10,1418.24,Pago,202612
MEN00002581,ALU00216,2026-01-01,2026-01-10,,1410.54,Em Aberto,202601
MEN00002582,ALU00216,2026-02-01,2026-02-10,2026-02-12,1488.32,Pago,202602
MEN00002583,ALU00216,2026-03-01,2026-03-10,2026-03-12,1490.4,Pago,202603
MEN00002584,ALU00216,2026-04-01,2026-04-10,,1415.44,Em Aberto,202604
MEN00002585,ALU00216,2026-05-01,2026-05-10,2026-05-08,1478.96,Pago,202605
MEN00002586,ALU00216,2026-06-01,2026-06-10,2026-06-13,1475.04,Pago,202606
MEN00002587,ALU00216,2026-07-01,2026-07-10,2026-07-15,1427.41,Pago,202607
MEN00002588,ALU00216,2026-08-01,2026-08-10,2026-08-16,1469.95,Pago,202608
MEN00002589,ALU00216,2026-09-01,2026-09-10,2026-09-15,1492.45,Pago,202609
MEN00002590,ALU00216,2026-10-01,2026-10-10,,1462.06,Em Aberto,202610
MEN00002591,ALU00216,2026-11-01,2026-11-10,2026-11-07,1463.61,Pago,202611
MEN00002592,ALU00216,2026-12-01,2026-12-10,2026-12-07,1438.45,Pago,202612
MEN00002593,ALU00217,2026-01-01,2026-01-10,,1419.23,Em Aberto,202601
MEN00002594,ALU00217,2026-02-01,2026-02-10,2026-02-13,1477.21,Pago,202602
MEN00002595,ALU00217,2026-03-01,2026-03-10,2026-03-10,1475.31,Pago,202603
MEN00002596,ALU00217,2026-04-01,2026-04-10,,1419.51,Em Aberto,202604
MEN00002597,ALU00217,2026-05-01,2026-05-10,2026-05-10,1434.75,Pago,202605
MEN00002598,ALU00217,2026-06-01,2026-06-10,2026-06-13,1464.05,Pago,202606
MEN00002599,ALU00217,2026-07-01,2026-07-10,2026-07-14,1490.7,Pago,202607
MEN00002600,ALU00217,2026-08-01,2026-08-10,2026-08-12,1470.29,Pago,202608
MEN00002601,ALU00217,2026-09-01,2026-09-10,2026-09-18,1418.16,Pago,202609
MEN00002602,ALU00217,2026-10-01,2026-10-10,2026-10-12,1452.48,Pago,202610
MEN00002603,ALU00217,2026-11-01,2026-11-10,,1474.1,Vencido,202611
MEN00002604,ALU00217,2026-12-01,2026-12-10,2026-12-13,1432.68,Pago,202612
MEN00002605,ALU00218,2026-01-01,2026-01-10,2026-01-13,1435.4,Pago,202601
MEN00002606,ALU00218,2026-02-01,2026-02-10,2026-02-13,1432.01,Pago,202602
MEN00002607,ALU00218,2026-03-01,2026-03-10,2026-03-12,1471.5,Pago,202603
MEN00002608,ALU00218,2026-04-01,2026-04-10,2026-04-11,1470.66,Pago,202604
MEN00002609,ALU00218,2026-05-01,2026-05-10,2026-05-10,1464.53,Pago,202605
MEN00002610,ALU00218,2026-06-01,2026-06-10,2026-06-18,1457.21,Pago,202606
MEN00002611,ALU00218,2026-07-01,2026-07-10,,1492.96,Em Aberto,202607
MEN00002612,ALU00218,2026-08-01,2026-08-10,2026-08-09,1422.51,Pago,202608
MEN00002613,ALU00218,2026-09-01,2026-09-10,2026-09-15,1461.4,Pago,202609
MEN00002614,ALU00218,2026-10-01,2026-10-10,2026-10-11,1451.18,Pago,202610
MEN00002615,ALU00218,2026-11-01,2026-11-10,,1479.87,Vencido,202611
MEN00002616,ALU00218,2026-12-01,2026-12-10,2026-12-15,1425.25,Pago,202612
MEN00002617,ALU00219,2026-01-01,2026-01-10,,1465.31,Vencido,202601
MEN00002618,ALU00219,2026-02-01,2026-02-10,2026-02-18,1422.63,Pago,202602
MEN00002619,ALU00219,2026-03-01,2026-03-10,,1452.7,Em Aberto,202603
MEN00002620,ALU00219,2026-04-01,2026-04-10,2026-04-13,1425.59,Pago,202604
MEN00002621,ALU00219,2026-05-01,2026-05-10,2026-05-17,1435.56,Pago,202605
MEN00002622,ALU00219,2026-06-01,2026-06-10,2026-06-07,1432.2,Pago,202606
MEN00002623,ALU00219,2026-07-01,2026-07-10,2026-07-13,1481.89,Pago,202607
MEN00002624,ALU00219,2026-08-01,2026-08-10,2026-08-07,1487.77,Pago,202608
MEN00002625,ALU00219,2026-09-01,2026-09-10,2026-09-15,1480.07,Pago,202609
MEN00002626,ALU00219,2026-10-01,2026-10-10,2026-10-17,1485.77,Pago,202610
MEN00002627,ALU00219,2026-11-01,2026-11-10,2026-11-10,1435.69,Pago,202611
MEN00002628,ALU00219,2026-12-01,2026-12-10,2026-12-18,1485.48,Pago,202612
MEN00002629,ALU00220,2026-01-01,2026-01-10,2026-01-13,1438.54,Pago,202601
MEN00002630,ALU00220,2026-02-01,2026-02-10,,1465.97,Em Aberto,202602
MEN00002631,ALU00220,2026-03-01,2026-03-10,2026-03-09,1465.48,Pago,202603
MEN00002632,ALU00220,2026-04-01,2026-04-10,2026-04-17,1421.69,Pago,202604
MEN00002633,ALU00220,2026-05-01,2026-05-10,2026-05-09,1408.47,Pago,202605
MEN00002634,ALU00220,2026-06-01,2026-06-10,2026-06-07,1420.39,Pago,202606
MEN00002635,ALU00220,2026-07-01,2026-07-10,2026-07-08,1446.95,Pago,202607
MEN00002636,ALU00220,2026-08-01,2026-08-10,2026-08-10,1407.6,Pago,202608
MEN00002637,ALU00220,2026-09-01,2026-09-10,2026-09-09,1483.64,Pago,202609
MEN00002638,ALU00220,2026-10-01,2026-10-10,2026-10-11,1478.87,Pago,202610
MEN00002639,ALU00220,2026-11-01,2026-11-10,2026-11-16,1440.87,Pago,202611
MEN00002640,ALU00220,2026-12-01,2026-12-10,2026-12-11,1429.07,Pago,202612
MEN00002641,ALU00221,2026-01-01,2026-01-10,2026-01-07,1488.49,Pago,202601
MEN00002642,ALU00221,2026-02-01,2026-02-10,2026-02-18,1475.5,Pago,202602
MEN00002643,ALU00221,2026-03-01,2026-03-10,2026-03-18,1468.75,Pago,202603
MEN00002644,ALU00221,2026-04-01,2026-04-10,2026-04-08,1464.39,Pago,202604
MEN00002645,ALU00221,2026-05-01,2026-05-10,2026-05-07,1491.67,Pago,202605
MEN00002646,ALU00221,2026-06-01,2026-06-10,2026-06-07,1479.54,Pago,202606
MEN00002647,ALU00221,2026-07-01,2026-07-10,,1427.57,Vencido,202607
MEN00002648,ALU00221,2026-08-01,2026-08-10,2026-08-17,1468.74,Pago,202608
MEN00002649,ALU00221,2026-09-01,2026-09-10,2026-09-12,1409.07,Pago,202609
MEN00002650,ALU00221,2026-10-01,2026-10-10,2026-10-13,1468.76,Pago,202610
MEN00002651,ALU00221,2026-11-01,2026-11-10,2026-11-11,1423.71,Pago,202611
MEN00002652,ALU00221,2026-12-01,2026-12-10,2026-12-12,1452.45,Pago,202612
MEN00002653,ALU00222,2026-01-01,2026-01-10,2026-01-13,1437.94,Pago,202601
MEN00002654,ALU00222,2026-02-01,2026-02-10,,1428.37,Vencido,202602
MEN00002655,ALU00222,2026-03-01,2026-03-10,,1416.26,Vencido,202603
MEN00002656,ALU00222,2026-04-01,2026-04-10,2026-04-18,1444.31,Pago,202604
MEN00002657,ALU00222,2026-05-01,2026-05-10,2026-05-17,1434.39,Pago,202605
MEN00002658,ALU00222,2026-06-01,2026-06-10,,1492.62,Em Aberto,202606
MEN00002659,ALU00222,2026-07-01,2026-07-10,2026-07-16,1445.54,Pago,202607
MEN00002660,ALU00222,2026-08-01,2026-08-10,2026-08-10,1428.73,Pago,202608
MEN00002661,ALU00222,2026-09-01,2026-09-10,,1448.54,Em Aberto,202609
MEN00002662,ALU00222,2026-10-01,2026-10-10,,1446.43,Em Aberto,202610
MEN00002663,ALU00222,2026-11-01,2026-11-10,2026-11-09,1475.92,Pago,202611
MEN00002664,ALU00222,2026-12-01,2026-12-10,2026-12-07,1464.64,Pago,202612
MEN00002665,ALU00223,2026-01-01,2026-01-10,2026-01-08,1479.08,Pago,202601
MEN00002666,ALU00223,2026-02-01,2026-02-10,2026-02-14,1483.08,Pago,202602
MEN00002667,ALU00223,2026-03-01,2026-03-10,2026-03-18,1423.77,Pago,202603
MEN00002668,ALU00223,2026-04-01,2026-04-10,2026-04-14,1411.22,Pago,202604
MEN00002669,ALU00223,2026-05-01,2026-05-10,2026-05-12,1474.46,Pago,202605
MEN00002670,ALU00223,2026-06-01,2026-06-10,2026-06-12,1431.14,Pago,202606
MEN00002671,ALU00223,2026-07-01,2026-07-10,,1449.37,Vencido,202607
MEN00002672,ALU00223,2026-08-01,2026-08-10,2026-08-18,1480.33,Pago,202608
MEN00002673,ALU00223,2026-09-01,2026-09-10,2026-09-10,1451.09,Pago,202609
MEN00002674,ALU00223,2026-10-01,2026-10-10,,1476.97,Em Aberto,202610
MEN00002675,ALU00223,2026-11-01,2026-11-10,2026-11-14,1480.89,Pago,202611
MEN00002676,ALU00223,2026-12-01,2026-12-10,2026-12-17,1453.84,Pago,202612
MEN00002677,ALU00224,2026-01-01,2026-01-10,,1411.25,Em Aberto,202601
MEN00002678,ALU00224,2026-02-01,2026-02-10,2026-02-15,1448.29,Pago,202602
MEN00002679,ALU00224,2026-03-01,2026-03-10,,1481.87,Em Aberto,202603
MEN00002680,ALU00224,2026-04-01,2026-04-10,2026-04-18,1492.63,Pago,202604
MEN00002681,ALU00224,2026-05-01,2026-05-10,,1433.72,Em Aberto,202605
MEN00002682,ALU00224,2026-06-01,2026-06-10,2026-06-10,1485.03,Pago,202606
MEN00002683,ALU00224,2026-07-01,2026-07-10,,1487.71,Vencido,202607
MEN00002684,ALU00224,2026-08-01,2026-08-10,2026-08-14,1452.18,Pago,202608
MEN00002685,ALU00224,2026-09-01,2026-09-10,2026-09-12,1491.8,Pago,202609
MEN00002686,ALU00224,2026-10-01,2026-10-10,,1466.89,Vencido,202610
MEN00002687,ALU00224,2026-11-01,2026-11-10,2026-11-12,1413.73,Pago,202611
MEN00002688,ALU00224,2026-12-01,2026-12-10,,1454.28,Vencido,202612
MEN00002689,ALU00225,2026-01-01,2026-01-10,2026-01-12,1485.85,Pago,202601
MEN00002690,ALU00225,2026-02-01,2026-02-10,2026-02-15,1479.99,Pago,202602
MEN00002691,ALU00225,2026-03-01,2026-03-10,2026-03-13,1474.78,Pago,202603
MEN00002692,ALU00225,2026-04-01,2026-04-10,2026-04-16,1445.16,Pago,202604
MEN00002693,ALU00225,2026-05-01,2026-05-10,2026-05-17,1458.41,Pago,202605
MEN00002694,ALU00225,2026-06-01,2026-06-10,2026-06-13,1419.22,Pago,202606
MEN00002695,ALU00225,2026-07-01,2026-07-10,2026-07-12,1489.87,Pago,202607
MEN00002696,ALU00225,2026-08-01,2026-08-10,2026-08-14,1448.11,Pago,202608
MEN00002697,ALU00225,2026-09-01,2026-09-10,2026-09-15,1415.91,Pago,202609
MEN00002698,ALU00225,2026-10-01,2026-10-10,2026-10-10,1488.17,Pago,202610
MEN00002699,ALU00225,2026-11-01,2026-11-10,2026-11-07,1487.57,Pago,202611
MEN00002700,ALU00225,2026-12-01,2026-12-10,2026-12-14,1454.9,Pago,202612
MEN00002701,ALU00226,2026-01-01,2026-01-10,,1487.11,Em Aberto,202601
MEN00002702,ALU00226,2026-02-01,2026-02-10,2026-02-16,1413.54,Pago,202602
MEN00002703,ALU00226,2026-03-01,2026-03-10,,1426.79,Vencido,202603
MEN00002704,ALU00226,2026-04-01,2026-04-10,2026-04-08,1470.85,Pago,202604
MEN00002705,ALU00226,2026-05-01,2026-05-10,2026-05-09,1441.83,Pago,202605
MEN00002706,ALU00226,2026-06-01,2026-06-10,2026-06-15,1449.57,Pago,202606
MEN00002707,ALU00226,2026-07-01,2026-07-10,,1475.57,Vencido,202607
MEN00002708,ALU00226,2026-08-01,2026-08-10,2026-08-13,1443.2,Pago,202608
MEN00002709,ALU00226,2026-09-01,2026-09-10,2026-09-09,1486.36,Pago,202609
MEN00002710,ALU00226,2026-10-01,2026-10-10,,1459.96,Em Aberto,202610
MEN00002711,ALU00226,2026-11-01,2026-11-10,2026-11-11,1418.31,Pago,202611
MEN00002712,ALU00226,2026-12-01,2026-12-10,2026-12-10,1466.07,Pago,202612
MEN00002713,ALU00227,2026-01-01,2026-01-10,2026-01-14,1486.86,Pago,202601
MEN00002714,ALU00227,2026-02-01,2026-02-10,2026-02-12,1422.1,Pago,202602
MEN00002715,ALU00227,2026-03-01,2026-03-10,2026-03-18,1411.8,Pago,202603
MEN00002716,ALU00227,2026-04-01,2026-04-10,2026-04-09,1421.85,Pago,202604
MEN00002717,ALU00227,2026-05-01,2026-05-10,,1430.41,Vencido,202605
MEN00002718,ALU00227,2026-06-01,2026-06-10,2026-06-16,1412.7,Pago,202606
MEN00002719,ALU00227,2026-07-01,2026-07-10,2026-07-12,1458.05,Pago,202607
MEN00002720,ALU00227,2026-08-01,2026-08-10,2026-08-11,1408.33,Pago,202608
MEN00002721,ALU00227,2026-09-01,2026-09-10,,1441.92,Vencido,202609
MEN00002722,ALU00227,2026-10-01,2026-10-10,2026-10-15,1468.72,Pago,202610
MEN00002723,ALU00227,2026-11-01,2026-11-10,2026-11-17,1474.47,Pago,202611
MEN00002724,ALU00227,2026-12-01,2026-12-10,2026-12-07,1467.34,Pago,202612
MEN00002725,ALU00228,2026-01-01,2026-01-10,2026-01-12,1414.7,Pago,202601
MEN00002726,ALU00228,2026-02-01,2026-02-10,2026-02-17,1457.24,Pago,202602
MEN00002727,ALU00228,2026-03-01,2026-03-10,2026-03-11,1458.62,Pago,202603
MEN00002728,ALU00228,2026-04-01,2026-04-10,2026-04-10,1427.24,Pago,202604
MEN00002729,ALU00228,2026-05-01,2026-05-10,2026-05-08,1409.0,Pago,202605
MEN00002730,ALU00228,2026-06-01,2026-06-10,,1453.21,Em Aberto,202606
MEN00002731,ALU00228,2026-07-01,2026-07-10,2026-07-18,1450.2,Pago,202607
MEN00002732,ALU00228,2026-08-01,2026-08-10,2026-08-14,1447.57,Pago,202608
MEN00002733,ALU00228,2026-09-01,2026-09-10,,1468.25,Em Aberto,202609
MEN00002734,ALU00228,2026-10-01,2026-10-10,2026-10-10,1410.59,Pago,202610
MEN00002735,ALU00228,2026-11-01,2026-11-10,2026-11-07,1429.98,Pago,202611
MEN00002736,ALU00228,2026-12-01,2026-12-10,2026-12-07,1446.23,Pago,202612
MEN00002737,ALU00229,2026-01-01,2026-01-10,2026-01-13,1457.7,Pago,202601
MEN00002738,ALU00229,2026-02-01,2026-02-10,2026-02-14,1418.0,Pago,202602
MEN00002739,ALU00229,2026-03-01,2026-03-10,2026-03-10,1479.36,Pago,202603
MEN00002740,ALU00229,2026-04-01,2026-04-10,2026-04-12,1415.74,Pago,202604
MEN00002741,ALU00229,2026-05-01,2026-05-10,2026-05-18,1414.77,Pago,202605
MEN00002742,ALU00229,2026-06-01,2026-06-10,,1452.37,Em Aberto,202606
MEN00002743,ALU00229,2026-07-01,2026-07-10,2026-07-18,1417.37,Pago,202607
MEN00002744,ALU00229,2026-08-01,2026-08-10,2026-08-10,1442.16,Pago,202608
MEN00002745,ALU00229,2026-09-01,2026-09-10,2026-09-13,1419.58,Pago,202609
MEN00002746,ALU00229,2026-10-01,2026-10-10,2026-10-08,1417.84,Pago,202610
MEN00002747,ALU00229,2026-11-01,2026-11-10,2026-11-11,1469.21,Pago,202611
MEN00002748,ALU00229,2026-12-01,2026-12-10,,1441.57,Em Aberto,202612
MEN00002749,ALU00230,2026-01-01,2026-01-10,2026-01-18,1459.85,Pago,202601
MEN00002750,ALU00230,2026-02-01,2026-02-10,2026-02-12,1455.02,Pago,202602
MEN00002751,ALU00230,2026-03-01,2026-03-10,,1482.74,Vencido,202603
MEN00002752,ALU00230,2026-04-01,2026-04-10,2026-04-17,1464.5,Pago,202604
MEN00002753,ALU00230,2026-05-01,2026-05-10,2026-05-16,1408.78,Pago,202605
MEN00002754,ALU00230,2026-06-01,2026-06-10,2026-06-09,1439.51,Pago,202606
MEN00002755,ALU00230,2026-07-01,2026-07-10,,1461.17,Em Aberto,202607
MEN00002756,ALU00230,2026-08-01,2026-08-10,2026-08-11,1433.1,Pago,202608
MEN00002757,ALU00230,2026-09-01,2026-09-10,,1485.38,Vencido,202609
MEN00002758,ALU00230,2026-10-01,2026-10-10,2026-10-11,1424.39,Pago,202610
MEN00002759,ALU00230,2026-11-01,2026-11-10,2026-11-16,1420.41,Pago,202611
MEN00002760,ALU00230,2026-12-01,2026-12-10,2026-12-08,1408.76,Pago,202612
MEN00002761,ALU00231,2026-01-01,2026-01-10,2026-01-09,1450.02,Pago,202601
MEN00002762,ALU00231,2026-02-01,2026-02-10,2026-02-18,1409.05,Pago,202602
MEN00002763,ALU00231,2026-03-01,2026-03-10,2026-03-18,1408.91,Pago,202603
MEN00002764,ALU00231,2026-04-01,2026-04-10,2026-04-16,1484.49,Pago,202604
MEN00002765,ALU00231,2026-05-01,2026-05-10,,1436.18,Em Aberto,202605
MEN00002766,ALU00231,2026-06-01,2026-06-10,2026-06-13,1478.8,Pago,202606
MEN00002767,ALU00231,2026-07-01,2026-07-10,2026-07-08,1433.25,Pago,202607
MEN00002768,ALU00231,2026-08-01,2026-08-10,2026-08-15,1472.94,Pago,202608
MEN00002769,ALU00231,2026-09-01,2026-09-10,2026-09-13,1442.8,Pago,202609
MEN00002770,ALU00231,2026-10-01,2026-10-10,2026-10-14,1421.4,Pago,202610
MEN00002771,ALU00231,2026-11-01,2026-11-10,2026-11-16,1416.07,Pago,202611
MEN00002772,ALU00231,2026-12-01,2026-12-10,2026-12-08,1448.27,Pago,202612
MEN00002773,ALU00232,2026-01-01,2026-01-10,2026-01-10,1407.5,Pago,202601
MEN00002774,ALU00232,2026-02-01,2026-02-10,,1484.34,Vencido,202602
MEN00002775,ALU00232,2026-03-01,2026-03-10,,1461.75,Em Aberto,202603
MEN00002776,ALU00232,2026-04-01,2026-04-10,2026-04-12,1451.33,Pago,202604
MEN00002777,ALU00232,2026-05-01,2026-05-10,,1443.33,Em Aberto,202605
MEN00002778,ALU00232,2026-06-01,2026-06-10,,1445.51,Em Aberto,202606
MEN00002779,ALU00232,2026-07-01,2026-07-10,,1443.97,Vencido,202607
MEN00002780,ALU00232,2026-08-01,2026-08-10,2026-08-12,1428.73,Pago,202608
MEN00002781,ALU00232,2026-09-01,2026-09-10,,1440.73,Em Aberto,202609
MEN00002782,ALU00232,2026-10-01,2026-10-10,2026-10-17,1465.6,Pago,202610
MEN00002783,ALU00232,2026-11-01,2026-11-10,2026-11-08,1436.87,Pago,202611
MEN00002784,ALU00232,2026-12-01,2026-12-10,2026-12-09,1479.78,Pago,202612
MEN00002785,ALU00233,2026-01-01,2026-01-10,2026-01-16,1465.7,Pago,202601
MEN00002786,ALU00233,2026-02-01,2026-02-10,2026-02-08,1414.77,Pago,202602
MEN00002787,ALU00233,2026-03-01,2026-03-10,2026-03-18,1428.74,Pago,202603
MEN00002788,ALU00233,2026-04-01,2026-04-10,2026-04-10,1408.35,Pago,202604
MEN00002789,ALU00233,2026-05-01,2026-05-10,2026-05-14,1484.56,Pago,202605
MEN00002790,ALU00233,2026-06-01,2026-06-10,2026-06-10,1492.34,Pago,202606
MEN00002791,ALU00233,2026-07-01,2026-07-10,2026-07-15,1456.03,Pago,202607
MEN00002792,ALU00233,2026-08-01,2026-08-10,,1480.64,Vencido,202608
MEN00002793,ALU00233,2026-09-01,2026-09-10,,1485.49,Vencido,202609
MEN00002794,ALU00233,2026-10-01,2026-10-10,2026-10-07,1458.15,Pago,202610
MEN00002795,ALU00233,2026-11-01,2026-11-10,2026-11-12,1414.71,Pago,202611
MEN00002796,ALU00233,2026-12-01,2026-12-10,2026-12-15,1413.54,Pago,202612
MEN00002797,ALU00234,2026-01-01,2026-01-10,2026-01-08,1634.93,Pago,202601
MEN00002798,ALU00234,2026-02-01,2026-02-10,,1665.56,Em Aberto,202602
MEN00002799,ALU00234,2026-03-01,2026-03-10,2026-03-08,1647.15,Pago,202603
MEN00002800,ALU00234,2026-04-01,2026-04-10,2026-04-14,1624.21,Pago,202604
MEN00002801,ALU00234,2026-05-01,2026-05-10,2026-05-16,1619.32,Pago,202605
MEN00002802,ALU00234,2026-06-01,2026-06-10,2026-06-08,1617.83,Pago,202606
MEN00002803,ALU00234,2026-07-01,2026-07-10,2026-07-16,1645.33,Pago,202607
MEN00002804,ALU00234,2026-08-01,2026-08-10,,1601.32,Em Aberto,202608
MEN00002805,ALU00234,2026-09-01,2026-09-10,2026-09-14,1640.42,Pago,202609
MEN00002806,ALU00234,2026-10-01,2026-10-10,2026-10-15,1659.16,Pago,202610
MEN00002807,ALU00234,2026-11-01,2026-11-10,2026-11-11,1661.66,Pago,202611
MEN00002808,ALU00234,2026-12-01,2026-12-10,2026-12-15,1673.15,Pago,202612
MEN00002809,ALU00235,2026-01-01,2026-01-10,2026-01-18,1613.99,Pago,202601
MEN00002810,ALU00235,2026-02-01,2026-02-10,,1606.17,Vencido,202602
MEN00002811,ALU00235,2026-03-01,2026-03-10,2026-03-13,1659.41,Pago,202603
MEN00002812,ALU00235,2026-04-01,2026-04-10,2026-04-11,1608.01,Pago,202604
MEN00002813,ALU00235,2026-05-01,2026-05-10,2026-05-14,1667.12,Pago,202605
MEN00002814,ALU00235,2026-06-01,2026-06-10,2026-06-13,1652.52,Pago,202606
MEN00002815,ALU00235,2026-07-01,2026-07-10,,1644.14,Vencido,202607
MEN00002816,ALU00235,2026-08-01,2026-08-10,2026-08-07,1681.16,Pago,202608
MEN00002817,ALU00235,2026-09-01,2026-09-10,2026-09-13,1660.51,Pago,202609
MEN00002818,ALU00235,2026-10-01,2026-10-10,2026-10-13,1612.36,Pago,202610
MEN00002819,ALU00235,2026-11-01,2026-11-10,2026-11-12,1650.73,Pago,202611
MEN00002820,ALU00235,2026-12-01,2026-12-10,2026-12-10,1653.62,Pago,202612
MEN00002821,ALU00236,2026-01-01,2026-01-10,2026-01-15,1635.56,Pago,202601
MEN00002822,ALU00236,2026-02-01,2026-02-10,2026-02-13,1667.89,Pago,202602
MEN00002823,ALU00236,2026-03-01,2026-03-10,,1686.68,Vencido,202603
MEN00002824,ALU00236,2026-04-01,2026-04-10,2026-04-18,1660.44,Pago,202604
MEN00002825,ALU00236,2026-05-01,2026-05-10,2026-05-16,1694.34,Pago,202605
MEN00002826,ALU00236,2026-06-01,2026-06-10,2026-06-11,1670.04,Pago,202606
MEN00002827,ALU00236,2026-07-01,2026-07-10,2026-07-11,1618.94,Pago,202607
MEN00002828,ALU00236,2026-08-01,2026-08-10,2026-08-16,1677.16,Pago,202608
MEN00002829,ALU00236,2026-09-01,2026-09-10,2026-09-07,1605.59,Pago,202609
MEN00002830,ALU00236,2026-10-01,2026-10-10,2026-10-08,1659.19,Pago,202610
MEN00002831,ALU00236,2026-11-01,2026-11-10,2026-11-17,1664.78,Pago,202611
MEN00002832,ALU00236,2026-12-01,2026-12-10,,1650.18,Em Aberto,202612
MEN00002833,ALU00237,2026-01-01,2026-01-10,2026-01-08,1682.28,Pago,202601
MEN00002834,ALU00237,2026-02-01,2026-02-10,2026-02-17,1671.72,Pago,202602
MEN00002835,ALU00237,2026-03-01,2026-03-10,2026-03-15,1698.04,Pago,202603
MEN00002836,ALU00237,2026-04-01,2026-04-10,2026-04-14,1643.75,Pago,202604
MEN00002837,ALU00237,2026-05-01,2026-05-10,2026-05-16,1696.39,Pago,202605
MEN00002838,ALU00237,2026-06-01,2026-06-10,2026-06-18,1636.81,Pago,202606
MEN00002839,ALU00237,2026-07-01,2026-07-10,2026-07-07,1623.84,Pago,202607
MEN00002840,ALU00237,2026-08-01,2026-08-10,,1635.09,Vencido,202608
MEN00002841,ALU00237,2026-09-01,2026-09-10,2026-09-15,1658.7,Pago,202609
MEN00002842,ALU00237,2026-10-01,2026-10-10,2026-10-14,1602.5,Pago,202610
MEN00002843,ALU00237,2026-11-01,2026-11-10,2026-11-11,1616.79,Pago,202611
MEN00002844,ALU00237,2026-12-01,2026-12-10,2026-12-15,1665.33,Pago,202612
MEN00002845,ALU00238,2026-01-01,2026-01-10,2026-01-18,1663.83,Pago,202601
MEN00002846,ALU00238,2026-02-01,2026-02-10,2026-02-15,1610.34,Pago,202602
MEN00002847,ALU00238,2026-03-01,2026-03-10,2026-03-17,1631.75,Pago,202603
MEN00002848,ALU00238,2026-04-01,2026-04-10,2026-04-14,1680.44,Pago,202604
MEN00002849,ALU00238,2026-05-01,2026-05-10,2026-05-12,1626.34,Pago,202605
MEN00002850,ALU00238,2026-06-01,2026-06-10,2026-06-08,1655.0,Pago,202606
MEN00002851,ALU00238,2026-07-01,2026-07-10,,1697.25,Vencido,202607
MEN00002852,ALU00238,2026-08-01,2026-08-10,2026-08-15,1647.44,Pago,202608
MEN00002853,ALU00238,2026-09-01,2026-09-10,2026-09-18,1629.24,Pago,202609
MEN00002854,ALU00238,2026-10-01,2026-10-10,2026-10-16,1616.95,Pago,202610
MEN00002855,ALU00238,2026-11-01,2026-11-10,,1660.91,Em Aberto,202611
MEN00002856,ALU00238,2026-12-01,2026-12-10,2026-12-17,1668.2,Pago,202612
MEN00002857,ALU00239,2026-01-01,2026-01-10,2026-01-10,1682.68,Pago,202601
MEN00002858,ALU00239,2026-02-01,2026-02-10,,1614.46,Em Aberto,202602
MEN00002859,ALU00239,2026-03-01,2026-03-10,2026-03-17,1611.43,Pago,202603
MEN00002860,ALU00239,2026-04-01,2026-04-10,2026-04-07,1616.24,Pago,202604
MEN00002861,ALU00239,2026-05-01,2026-05-10,,1637.78,Vencido,202605
MEN00002862,ALU00239,2026-06-01,2026-06-10,,1644.52,Vencido,202606
MEN00002863,ALU00239,2026-07-01,2026-07-10,2026-07-12,1617.31,Pago,202607
MEN00002864,ALU00239,2026-08-01,2026-08-10,2026-08-14,1693.83,Pago,202608
MEN00002865,ALU00239,2026-09-01,2026-09-10,,1644.61,Vencido,202609
MEN00002866,ALU00239,2026-10-01,2026-10-10,2026-10-15,1633.88,Pago,202610
MEN00002867,ALU00239,2026-11-01,2026-11-10,2026-11-10,1632.56,Pago,202611
MEN00002868,ALU00239,2026-12-01,2026-12-10,2026-12-12,1628.3,Pago,202612
MEN00002869,ALU00240,2026-01-01,2026-01-10,,1628.75,Vencido,202601
MEN00002870,ALU00240,2026-02-01,2026-02-10,,1605.65,Vencido,202602
MEN00002871,ALU00240,2026-03-01,2026-03-10,2026-03-16,1638.37,Pago,202603
MEN00002872,ALU00240,2026-04-01,2026-04-10,2026-04-15,1607.73,Pago,202604
MEN00002873,ALU00240,2026-05-01,2026-05-10,,1671.57,Vencido,202605
MEN00002874,ALU00240,2026-06-01,2026-06-10,2026-06-14,1604.91,Pago,202606
MEN00002875,ALU00240,2026-07-01,2026-07-10,,1634.36,Em Aberto,202607
MEN00002876,ALU00240,2026-08-01,2026-08-10,2026-08-09,1614.84,Pago,202608
MEN00002877,ALU00240,2026-09-01,2026-09-10,2026-09-07,1622.59,Pago,202609
MEN00002878,ALU00240,2026-10-01,2026-10-10,,1646.66,Em Aberto,202610
MEN00002879,ALU00240,2026-11-01,2026-11-10,,1679.87,Em Aberto,202611
MEN00002880,ALU00240,2026-12-01,2026-12-10,2026-12-12,1642.95,Pago,202612
MEN00002881,ALU00241,2026-01-01,2026-01-10,2026-01-09,1657.61,Pago,202601
MEN00002882,ALU00241,2026-02-01,2026-02-10,2026-02-13,1665.65,Pago,202602
MEN00002883,ALU00241,2026-03-01,2026-03-10,,1628.61,Em Aberto,202603
MEN00002884,ALU00241,2026-04-01,2026-04-10,2026-04-12,1691.45,Pago,202604
MEN00002885,ALU00241,2026-05-01,2026-05-10,2026-05-07,1615.15,Pago,202605
MEN00002886,ALU00241,2026-06-01,2026-06-10,2026-06-07,1649.41,Pago,202606
MEN00002887,ALU00241,2026-07-01,2026-07-10,2026-07-10,1647.23,Pago,202607
MEN00002888,ALU00241,2026-08-01,2026-08-10,2026-08-07,1646.62,Pago,202608
MEN00002889,ALU00241,2026-09-01,2026-09-10,2026-09-10,1609.48,Pago,202609
MEN00002890,ALU00241,2026-10-01,2026-10-10,,1628.05,Em Aberto,202610
MEN00002891,ALU00241,2026-11-01,2026-11-10,2026-11-07,1612.59,Pago,202611
MEN00002892,ALU00241,2026-12-01,2026-12-10,2026-12-09,1689.83,Pago,202612
MEN00002893,ALU00242,2026-01-01,2026-01-10,2026-01-15,1692.79,Pago,202601
MEN00002894,ALU00242,2026-02-01,2026-02-10,2026-02-17,1616.54,Pago,202602
MEN00002895,ALU00242,2026-03-01,2026-03-10,,1692.76,Vencido,202603
MEN00002896,ALU00242,2026-04-01,2026-04-10,2026-04-15,1634.28,Pago,202604
MEN00002897,ALU00242,2026-05-01,2026-05-10,2026-05-09,1677.93,Pago,202605
MEN00002898,ALU00242,2026-06-01,2026-06-10,2026-06-15,1652.57,Pago,202606
MEN00002899,ALU00242,2026-07-01,2026-07-10,,1610.78,Em Aberto,202607
MEN00002900,ALU00242,2026-08-01,2026-08-10,2026-08-07,1627.45,Pago,202608
MEN00002901,ALU00242,2026-09-01,2026-09-10,2026-09-16,1639.69,Pago,202609
MEN00002902,ALU00242,2026-10-01,2026-10-10,2026-10-10,1605.65,Pago,202610
MEN00002903,ALU00242,2026-11-01,2026-11-10,2026-11-09,1688.11,Pago,202611
MEN00002904,ALU00242,2026-12-01,2026-12-10,,1684.72,Em Aberto,202612
MEN00002905,ALU00243,2026-01-01,2026-01-10,2026-01-07,1619.63,Pago,202601
MEN00002906,ALU00243,2026-02-01,2026-02-10,,1666.86,Em Aberto,202602
MEN00002907,ALU00243,2026-03-01,2026-03-10,2026-03-10,1608.14,Pago,202603
MEN00002908,ALU00243,2026-04-01,2026-04-10,2026-04-15,1683.28,Pago,202604
MEN00002909,ALU00243,2026-05-01,2026-05-10,2026-05-15,1633.19,Pago,202605
MEN00002910,ALU00243,2026-06-01,2026-06-10,2026-06-08,1674.17,Pago,202606
MEN00002911,ALU00243,2026-07-01,2026-07-10,2026-07-17,1617.44,Pago,202607
MEN00002912,ALU00243,2026-08-01,2026-08-10,2026-08-16,1674.11,Pago,202608
MEN00002913,ALU00243,2026-09-01,2026-09-10,2026-09-08,1689.05,Pago,202609
MEN00002914,ALU00243,2026-10-01,2026-10-10,,1669.74,Vencido,202610
MEN00002915,ALU00243,2026-11-01,2026-11-10,2026-11-09,1689.14,Pago,202611
MEN00002916,ALU00243,2026-12-01,2026-12-10,2026-12-15,1675.04,Pago,202612
MEN00002917,ALU00244,2026-01-01,2026-01-10,2026-01-17,1652.06,Pago,202601
MEN00002918,ALU00244,2026-02-01,2026-02-10,2026-02-18,1660.49,Pago,202602
MEN00002919,ALU00244,2026-03-01,2026-03-10,2026-03-16,1678.79,Pago,202603
MEN00002920,ALU00244,2026-04-01,2026-04-10,2026-04-15,1607.41,Pago,202604
MEN00002921,ALU00244,2026-05-01,2026-05-10,2026-05-16,1639.71,Pago,202605
MEN00002922,ALU00244,2026-06-01,2026-06-10,,1686.85,Em Aberto,202606
MEN00002923,ALU00244,2026-07-01,2026-07-10,2026-07-18,1663.17,Pago,202607
MEN00002924,ALU00244,2026-08-01,2026-08-10,2026-08-10,1686.27,Pago,202608
MEN00002925,ALU00244,2026-09-01,2026-09-10,2026-09-15,1605.15,Pago,202609
MEN00002926,ALU00244,2026-10-01,2026-10-10,2026-10-12,1677.84,Pago,202610
MEN00002927,ALU00244,2026-11-01,2026-11-10,2026-11-16,1683.26,Pago,202611
MEN00002928,ALU00244,2026-12-01,2026-12-10,2026-12-18,1665.34,Pago,202612
MEN00002929,ALU00245,2026-01-01,2026-01-10,2026-01-08,1631.41,Pago,202601
MEN00002930,ALU00245,2026-02-01,2026-02-10,2026-02-07,1681.24,Pago,202602
MEN00002931,ALU00245,2026-03-01,2026-03-10,2026-03-11,1670.62,Pago,202603
MEN00002932,ALU00245,2026-04-01,2026-04-10,2026-04-16,1676.43,Pago,202604
MEN00002933,ALU00245,2026-05-01,2026-05-10,,1600.69,Em Aberto,202605
MEN00002934,ALU00245,2026-06-01,2026-06-10,2026-06-10,1698.42,Pago,202606
MEN00002935,ALU00245,2026-07-01,2026-07-10,2026-07-17,1693.41,Pago,202607
MEN00002936,ALU00245,2026-08-01,2026-08-10,2026-08-12,1684.75,Pago,202608
MEN00002937,ALU00245,2026-09-01,2026-09-10,2026-09-09,1664.98,Pago,202609
MEN00002938,ALU00245,2026-10-01,2026-10-10,2026-10-07,1604.65,Pago,202610
MEN00002939,ALU00245,2026-11-01,2026-11-10,,1624.8,Em Aberto,202611
MEN00002940,ALU00245,2026-12-01,2026-12-10,,1621.61,Em Aberto,202612
MEN00002941,ALU00246,2026-01-01,2026-01-10,2026-01-08,1666.68,Pago,202601
MEN00002942,ALU00246,2026-02-01,2026-02-10,2026-02-18,1621.28,Pago,202602
MEN00002943,ALU00246,2026-03-01,2026-03-10,2026-03-17,1640.04,Pago,202603
MEN00002944,ALU00246,2026-04-01,2026-04-10,,1696.91,Em Aberto,202604
MEN00002945,ALU00246,2026-05-01,2026-05-10,2026-05-17,1695.46,Pago,202605
MEN00002946,ALU00246,2026-06-01,2026-06-10,2026-06-11,1644.36,Pago,202606
MEN00002947,ALU00246,2026-07-01,2026-07-10,2026-07-18,1682.11,Pago,202607
MEN00002948,ALU00246,2026-08-01,2026-08-10,2026-08-17,1656.33,Pago,202608
MEN00002949,ALU00246,2026-09-01,2026-09-10,2026-09-16,1641.21,Pago,202609
MEN00002950,ALU00246,2026-10-01,2026-10-10,2026-10-11,1678.15,Pago,202610
MEN00002951,ALU00246,2026-11-01,2026-11-10,2026-11-13,1692.22,Pago,202611
MEN00002952,ALU00246,2026-12-01,2026-12-10,2026-12-15,1674.1,Pago,202612
MEN00002953,ALU00247,2026-01-01,2026-01-10,,1612.04,Vencido,202601
MEN00002954,ALU00247,2026-02-01,2026-02-10,,1684.64,Vencido,202602
MEN00002955,ALU00247,2026-03-01,2026-03-10,2026-03-15,1691.13,Pago,202603
MEN00002956,ALU00247,2026-04-01,2026-04-10,2026-04-10,1687.95,Pago,202604
MEN00002957,ALU00247,2026-05-01,2026-05-10,2026-05-07,1668.52,Pago,202605
MEN00002958,ALU00247,2026-06-01,2026-06-10,2026-06-15,1682.18,Pago,202606
MEN00002959,ALU00247,2026-07-01,2026-07-10,2026-07-17,1690.51,Pago,202607
MEN00002960,ALU00247,2026-08-01,2026-08-10,2026-08-07,1665.47,Pago,202608
MEN00002961,ALU00247,2026-09-01,2026-09-10,2026-09-15,1646.49,Pago,202609
MEN00002962,ALU00247,2026-10-01,2026-10-10,2026-10-14,1634.21,Pago,202610
MEN00002963,ALU00247,2026-11-01,2026-11-10,2026-11-07,1650.78,Pago,202611
MEN00002964,ALU00247,2026-12-01,2026-12-10,2026-12-12,1641.58,Pago,202612
MEN00002965,ALU00248,2026-01-01,2026-01-10,2026-01-13,1623.85,Pago,202601
MEN00002966,ALU00248,2026-02-01,2026-02-10,2026-02-09,1673.65,Pago,202602
MEN00002967,ALU00248,2026-03-01,2026-03-10,2026-03-07,1648.31,Pago,202603
MEN00002968,ALU00248,2026-04-01,2026-04-10,2026-04-10,1657.09,Pago,202604
MEN00002969,ALU00248,2026-05-01,2026-05-10,2026-05-14,1672.79,Pago,202605
MEN00002970,ALU00248,2026-06-01,2026-06-10,2026-06-09,1640.33,Pago,202606
MEN00002971,ALU00248,2026-07-01,2026-07-10,2026-07-11,1670.19,Pago,202607
MEN00002972,ALU00248,2026-08-01,2026-08-10,2026-08-15,1602.18,Pago,202608
MEN00002973,ALU00248,2026-09-01,2026-09-10,2026-09-14,1630.48,Pago,202609
MEN00002974,ALU00248,2026-10-01,2026-10-10,2026-10-14,1649.69,Pago,202610
MEN00002975,ALU00248,2026-11-01,2026-11-10,,1676.79,Vencido,202611
MEN00002976,ALU00248,2026-12-01,2026-12-10,2026-12-16,1682.2,Pago,202612
MEN00002977,ALU00249,2026-01-01,2026-01-10,2026-01-07,1668.29,Pago,202601
MEN00002978,ALU00249,2026-02-01,2026-02-10,2026-02-18,1643.52,Pago,202602
MEN00002979,ALU00249,2026-03-01,2026-03-10,2026-03-15,1690.31,Pago,202603
MEN00002980,ALU00249,2026-04-01,2026-04-10,2026-04-17,1633.11,Pago,202604
MEN00002981,ALU00249,2026-05-01,2026-05-10,2026-05-14,1663.33,Pago,202605
MEN00002982,ALU00249,2026-06-01,2026-06-10,2026-06-11,1661.58,Pago,202606
MEN00002983,ALU00249,2026-07-01,2026-07-10,2026-07-10,1610.75,Pago,202607
MEN00002984,ALU00249,2026-08-01,2026-08-10,2026-08-12,1639.88,Pago,202608
MEN00002985,ALU00249,2026-09-01,2026-09-10,2026-09-15,1684.96,Pago,202609
MEN00002986,ALU00249,2026-10-01,2026-10-10,2026-10-18,1663.91,Pago,202610
MEN00002987,ALU00249,2026-11-01,2026-11-10,2026-11-09,1682.24,Pago,202611
MEN00002988,ALU00249,2026-12-01,2026-12-10,2026-12-11,1670.68,Pago,202612
MEN00002989,ALU00250,2026-01-01,2026-01-10,,1654.01,Em Aberto,202601
MEN00002990,ALU00250,2026-02-01,2026-02-10,2026-02-17,1628.16,Pago,202602
MEN00002991,ALU00250,2026-03-01,2026-03-10,2026-03-10,1602.42,Pago,202603
MEN00002992,ALU00250,2026-04-01,2026-04-10,2026-04-11,1619.94,Pago,202604
MEN00002993,ALU00250,2026-05-01,2026-05-10,2026-05-18,1680.12,Pago,202605
MEN00002994,ALU00250,2026-06-01,2026-06-10,2026-06-12,1616.29,Pago,202606
MEN00002995,ALU00250,2026-07-01,2026-07-10,2026-07-15,1694.65,Pago,202607
MEN00002996,ALU00250,2026-08-01,2026-08-10,2026-08-09,1636.94,Pago,202608
MEN00002997,ALU00250,2026-09-01,2026-09-10,2026-09-08,1669.07,Pago,202609
MEN00002998,ALU00250,2026-10-01,2026-10-10,2026-10-16,1667.08,Pago,202610
MEN00002999,ALU00250,2026-11-01,2026-11-10,,1674.37,Em Aberto,202611
MEN00003000,ALU00250,2026-12-01,2026-12-10,2026-12-12,1609.63,Pago,202612
MEN00003001,ALU00251,2026-01-01,2026-01-10,2026-01-17,1688.44,Pago,202601
MEN00003002,ALU00251,2026-02-01,2026-02-10,2026-02-10,1629.27,Pago,202602
MEN00003003,ALU00251,2026-03-01,2026-03-10,,1680.11,Em Aberto,202603
MEN00003004,ALU00251,2026-04-01,2026-04-10,2026-04-11,1682.35,Pago,202604
MEN00003005,ALU00251,2026-05-01,2026-05-10,2026-05-16,1684.18,Pago,202605
MEN00003006,ALU00251,2026-06-01,2026-06-10,2026-06-14,1655.5,Pago,202606
MEN00003007,ALU00251,2026-07-01,2026-07-10,2026-07-11,1620.81,Pago,202607
MEN00003008,ALU00251,2026-08-01,2026-08-10,2026-08-17,1645.68,Pago,202608
MEN00003009,ALU00251,2026-09-01,2026-09-10,2026-09-11,1618.35,Pago,202609
MEN00003010,ALU00251,2026-10-01,2026-10-10,2026-10-13,1669.03,Pago,202610
MEN00003011,ALU00251,2026-11-01,2026-11-10,,1664.64,Em Aberto,202611
MEN00003012,ALU00251,2026-12-01,2026-12-10,2026-12-15,1609.29,Pago,202612
MEN00003013,ALU00252,2026-01-01,2026-01-10,,1629.63,Vencido,202601
MEN00003014,ALU00252,2026-02-01,2026-02-10,2026-02-18,1607.2,Pago,202602
MEN00003015,ALU00252,2026-03-01,2026-03-10,2026-03-16,1601.84,Pago,202603
MEN00003016,ALU00252,2026-04-01,2026-04-10,2026-04-13,1640.14,Pago,202604
MEN00003017,ALU00252,2026-05-01,2026-05-10,2026-05-18,1626.02,Pago,202605
MEN00003018,ALU00252,2026-06-01,2026-06-10,,1690.05,Vencido,202606
MEN00003019,ALU00252,2026-07-01,2026-07-10,2026-07-18,1621.84,Pago,202607
MEN00003020,ALU00252,2026-08-01,2026-08-10,2026-08-18,1682.58,Pago,202608
MEN00003021,ALU00252,2026-09-01,2026-09-10,,1613.55,Vencido,202609
MEN00003022,ALU00252,2026-10-01,2026-10-10,2026-10-18,1694.87,Pago,202610
MEN00003023,ALU00252,2026-11-01,2026-11-10,2026-11-08,1621.88,Pago,202611
MEN00003024,ALU00252,2026-12-01,2026-12-10,2026-12-10,1680.67,Pago,202612
MEN00003025,ALU00253,2026-01-01,2026-01-10,2026-01-17,1689.5,Pago,202601
MEN00003026,ALU00253,2026-02-01,2026-02-10,,1662.68,Em Aberto,202602
MEN00003027,ALU00253,2026-03-01,2026-03-10,2026-03-15,1675.43,Pago,202603
MEN00003028,ALU00253,2026-04-01,2026-04-10,2026-04-10,1684.0,Pago,202604
MEN00003029,ALU00253,2026-05-01,2026-05-10,,1683.45,Vencido,202605
MEN00003030,ALU00253,2026-06-01,2026-06-10,2026-06-09,1631.2,Pago,202606
MEN00003031,ALU00253,2026-07-01,2026-07-10,2026-07-07,1602.65,Pago,202607
MEN00003032,ALU00253,2026-08-01,2026-08-10,,1608.02,Vencido,202608
MEN00003033,ALU00253,2026-09-01,2026-09-10,2026-09-15,1605.73,Pago,202609
MEN00003034,ALU00253,2026-10-01,2026-10-10,2026-10-10,1684.99,Pago,202610
MEN00003035,ALU00253,2026-11-01,2026-11-10,2026-11-11,1639.94,Pago,202611
MEN00003036,ALU00253,2026-12-01,2026-12-10,2026-12-16,1619.82,Pago,202612
MEN00003037,ALU00254,2026-01-01,2026-01-10,2026-01-15,1676.39,Pago,202601
MEN00003038,ALU00254,2026-02-01,2026-02-10,2026-02-14,1636.26,Pago,202602
MEN00003039,ALU00254,2026-03-01,2026-03-10,2026-03-14,1688.66,Pago,202603
MEN00003040,ALU00254,2026-04-01,2026-04-10,,1692.91,Em Aberto,202604
MEN00003041,ALU00254,2026-05-01,2026-05-10,2026-05-13,1658.7,Pago,202605
MEN00003042,ALU00254,2026-06-01,2026-06-10,2026-06-11,1671.42,Pago,202606
MEN00003043,ALU00254,2026-07-01,2026-07-10,2026-07-13,1665.38,Pago,202607
MEN00003044,ALU00254,2026-08-01,2026-08-10,2026-08-18,1698.02,Pago,202608
MEN00003045,ALU00254,2026-09-01,2026-09-10,2026-09-09,1691.68,Pago,202609
MEN00003046,ALU00254,2026-10-01,2026-10-10,2026-10-15,1650.19,Pago,202610
MEN00003047,ALU00254,2026-11-01,2026-11-10,,1661.1,Em Aberto,202611
MEN00003048,ALU00254,2026-12-01,2026-12-10,2026-12-07,1602.66,Pago,202612
MEN00003049,ALU00255,2026-01-01,2026-01-10,,1663.51,Vencido,202601
MEN00003050,ALU00255,2026-02-01,2026-02-10,,1610.58,Em Aberto,202602
MEN00003051,ALU00255,2026-03-01,2026-03-10,2026-03-15,1633.43,Pago,202603
MEN00003052,ALU00255,2026-04-01,2026-04-10,2026-04-12,1639.38,Pago,202604
MEN00003053,ALU00255,2026-05-01,2026-05-10,2026-05-10,1600.9,Pago,202605
MEN00003054,ALU00255,2026-06-01,2026-06-10,2026-06-08,1645.66,Pago,202606
MEN00003055,ALU00255,2026-07-01,2026-07-10,2026-07-08,1617.14,Pago,202607
MEN00003056,ALU00255,2026-08-01,2026-08-10,2026-08-09,1688.69,Pago,202608
MEN00003057,ALU00255,2026-09-01,2026-09-10,,1656.24,Vencido,202609
MEN00003058,ALU00255,2026-10-01,2026-10-10,2026-10-08,1646.46,Pago,202610
MEN00003059,ALU00255,2026-11-01,2026-11-10,2026-11-09,1660.97,Pago,202611
MEN00003060,ALU00255,2026-12-01,2026-12-10,2026-12-15,1645.22,Pago,202612
MEN00003061,ALU00256,2026-01-01,2026-01-10,2026-01-08,1671.36,Pago,202601
MEN00003062,ALU00256,2026-02-01,2026-02-10,2026-02-09,1684.13,Pago,202602
MEN00003063,ALU00256,2026-03-01,2026-03-10,,1604.51,Em Aberto,202603
MEN00003064,ALU00256,2026-04-01,2026-04-10,,1622.72,Vencido,202604
MEN00003065,ALU00256,2026-05-01,2026-05-10,,1645.46,Em Aberto,202605
MEN00003066,ALU00256,2026-06-01,2026-06-10,,1652.36,Em Aberto,202606
MEN00003067,ALU00256,2026-07-01,2026-07-10,2026-07-10,1672.68,Pago,202607
MEN00003068,ALU00256,2026-08-01,2026-08-10,2026-08-09,1690.73,Pago,202608
MEN00003069,ALU00256,2026-09-01,2026-09-10,,1636.72,Em Aberto,202609
MEN00003070,ALU00256,2026-10-01,2026-10-10,2026-10-11,1670.22,Pago,202610
MEN00003071,ALU00256,2026-11-01,2026-11-10,,1688.86,Vencido,202611
MEN00003072,ALU00256,2026-12-01,2026-12-10,,1661.74,Vencido,202612
MEN00003073,ALU00257,2026-01-01,2026-01-10,2026-01-14,1614.15,Pago,202601
MEN00003074,ALU00257,2026-02-01,2026-02-10,2026-02-15,1676.74,Pago,202602
MEN00003075,ALU00257,2026-03-01,2026-03-10,2026-03-15,1677.71,Pago,202603
MEN00003076,ALU00257,2026-04-01,2026-04-10,2026-04-13,1681.06,Pago,202604
MEN00003077,ALU00257,2026-05-01,2026-05-10,,1645.13,Vencido,202605
MEN00003078,ALU00257,2026-06-01,2026-06-10,,1655.43,Vencido,202606
MEN00003079,ALU00257,2026-07-01,2026-07-10,2026-07-09,1616.46,Pago,202607
MEN00003080,ALU00257,2026-08-01,2026-08-10,2026-08-16,1609.9,Pago,202608
MEN00003081,ALU00257,2026-09-01,2026-09-10,2026-09-12,1619.97,Pago,202609
MEN00003082,ALU00257,2026-10-01,2026-10-10,2026-10-13,1631.62,Pago,202610
MEN00003083,ALU00257,2026-11-01,2026-11-10,2026-11-13,1622.95,Pago,202611
MEN00003084,ALU00257,2026-12-01,2026-12-10,2026-12-07,1662.52,Pago,202612
MEN00003085,ALU00258,2026-01-01,2026-01-10,2026-01-07,1693.74,Pago,202601
MEN00003086,ALU00258,2026-02-01,2026-02-10,,1692.83,Em Aberto,202602
MEN00003087,ALU00258,2026-03-01,2026-03-10,2026-03-12,1678.36,Pago,202603
MEN00003088,ALU00258,2026-04-01,2026-04-10,2026-04-12,1604.02,Pago,202604
MEN00003089,ALU00258,2026-05-01,2026-05-10,,1699.13,Em Aberto,202605
MEN00003090,ALU00258,2026-06-01,2026-06-10,2026-06-13,1649.3,Pago,202606
MEN00003091,ALU00258,2026-07-01,2026-07-10,2026-07-16,1695.46,Pago,202607
MEN00003092,ALU00258,2026-08-01,2026-08-10,,1664.99,Em Aberto,202608
MEN00003093,ALU00258,2026-09-01,2026-09-10,2026-09-13,1631.63,Pago,202609
MEN00003094,ALU00258,2026-10-01,2026-10-10,2026-10-18,1668.24,Pago,202610
MEN00003095,ALU00258,2026-11-01,2026-11-10,2026-11-11,1651.32,Pago,202611
MEN00003096,ALU00258,2026-12-01,2026-12-10,2026-12-08,1657.95,Pago,202612
MEN00003097,ALU00259,2026-01-01,2026-01-10,2026-01-09,1676.94,Pago,202601
MEN00003098,ALU00259,2026-02-01,2026-02-10,2026-02-11,1642.67,Pago,202602
MEN00003099,ALU00259,2026-03-01,2026-03-10,2026-03-14,1638.75,Pago,202603
MEN00003100,ALU00259,2026-04-01,2026-04-10,2026-04-15,1697.21,Pago,202604
MEN00003101,ALU00259,2026-05-01,2026-05-10,2026-05-13,1690.69,Pago,202605
MEN00003102,ALU00259,2026-06-01,2026-06-10,2026-06-12,1695.96,Pago,202606
MEN00003103,ALU00259,2026-07-01,2026-07-10,2026-07-14,1608.87,Pago,202607
MEN00003104,ALU00259,2026-08-01,2026-08-10,2026-08-14,1677.45,Pago,202608
MEN00003105,ALU00259,2026-09-01,2026-09-10,2026-09-08,1604.26,Pago,202609
MEN00003106,ALU00259,2026-10-01,2026-10-10,2026-10-12,1666.02,Pago,202610
MEN00003107,ALU00259,2026-11-01,2026-11-10,2026-11-15,1609.43,Pago,202611
MEN00003108,ALU00259,2026-12-01,2026-12-10,2026-12-10,1689.28,Pago,202612
MEN00003109,ALU00260,2026-01-01,2026-01-10,,1612.53,Em Aberto,202601
MEN00003110,ALU00260,2026-02-01,2026-02-10,2026-02-11,1686.04,Pago,202602
MEN00003111,ALU00260,2026-03-01,2026-03-10,2026-03-13,1642.3,Pago,202603
MEN00003112,ALU00260,2026-04-01,2026-04-10,,1627.68,Em Aberto,202604
MEN00003113,ALU00260,2026-05-01,2026-05-10,2026-05-12,1691.67,Pago,202605
MEN00003114,ALU00260,2026-06-01,2026-06-10,2026-06-10,1694.13,Pago,202606
MEN00003115,ALU00260,2026-07-01,2026-07-10,2026-07-07,1607.46,Pago,202607
MEN00003116,ALU00260,2026-08-01,2026-08-10,2026-08-14,1622.47,Pago,202608
MEN00003117,ALU00260,2026-09-01,2026-09-10,2026-09-09,1608.19,Pago,202609
MEN00003118,ALU00260,2026-10-01,2026-10-10,2026-10-15,1654.64,Pago,202610
MEN00003119,ALU00260,2026-11-01,2026-11-10,2026-11-09,1644.34,Pago,202611
MEN00003120,ALU00260,2026-12-01,2026-12-10,2026-12-09,1689.72,Pago,202612
MEN00003121,ALU00261,2026-01-01,2026-01-10,2026-01-18,1643.1,Pago,202601
MEN00003122,ALU00261,2026-02-01,2026-02-10,2026-02-11,1692.16,Pago,202602
MEN00003123,ALU00261,2026-03-01,2026-03-10,2026-03-11,1643.91,Pago,202603
MEN00003124,ALU00261,2026-04-01,2026-04-10,2026-04-08,1619.36,Pago,202604
MEN00003125,ALU00261,2026-05-01,2026-05-10,2026-05-12,1662.82,Pago,202605
MEN00003126,ALU00261,2026-06-01,2026-06-10,2026-06-07,1682.02,Pago,202606
MEN00003127,ALU00261,2026-07-01,2026-07-10,,1609.98,Vencido,202607
MEN00003128,ALU00261,2026-08-01,2026-08-10,2026-08-14,1676.54,Pago,202608
MEN00003129,ALU00261,2026-09-01,2026-09-10,2026-09-17,1675.98,Pago,202609
MEN00003130,ALU00261,2026-10-01,2026-10-10,2026-10-07,1683.42,Pago,202610
MEN00003131,ALU00261,2026-11-01,2026-11-10,2026-11-12,1642.39,Pago,202611
MEN00003132,ALU00261,2026-12-01,2026-12-10,2026-12-09,1629.02,Pago,202612
MEN00003133,ALU00262,2026-01-01,2026-01-10,2026-01-10,1616.28,Pago,202601
MEN00003134,ALU00262,2026-02-01,2026-02-10,,1615.16,Em Aberto,202602
MEN00003135,ALU00262,2026-03-01,2026-03-10,2026-03-12,1651.64,Pago,202603
MEN00003136,ALU00262,2026-04-01,2026-04-10,2026-04-14,1601.14,Pago,202604
MEN00003137,ALU00262,2026-05-01,2026-05-10,,1659.96,Em Aberto,202605
MEN00003138,ALU00262,2026-06-01,2026-06-10,,1627.9,Em Aberto,202606
MEN00003139,ALU00262,2026-07-01,2026-07-10,2026-07-09,1640.46,Pago,202607
MEN00003140,ALU00262,2026-08-01,2026-08-10,2026-08-12,1672.12,Pago,202608
MEN00003141,ALU00262,2026-09-01,2026-09-10,2026-09-18,1691.6,Pago,202609
MEN00003142,ALU00262,2026-10-01,2026-10-10,2026-10-10,1693.21,Pago,202610
MEN00003143,ALU00262,2026-11-01,2026-11-10,2026-11-16,1629.12,Pago,202611
MEN00003144,ALU00262,2026-12-01,2026-12-10,2026-12-17,1670.69,Pago,202612
MEN00003145,ALU00263,2026-01-01,2026-01-10,2026-01-10,1635.39,Pago,202601
MEN00003146,ALU00263,2026-02-01,2026-02-10,2026-02-12,1663.85,Pago,202602
MEN00003147,ALU00263,2026-03-01,2026-03-10,2026-03-07,1651.59,Pago,202603
MEN00003148,ALU00263,2026-04-01,2026-04-10,2026-04-09,1675.16,Pago,202604
MEN00003149,ALU00263,2026-05-01,2026-05-10,2026-05-14,1632.07,Pago,202605
MEN00003150,ALU00263,2026-06-01,2026-06-10,,1659.01,Em Aberto,202606
MEN00003151,ALU00263,2026-07-01,2026-07-10,2026-07-18,1625.6,Pago,202607
MEN00003152,ALU00263,2026-08-01,2026-08-10,2026-08-08,1692.51,Pago,202608
MEN00003153,ALU00263,2026-09-01,2026-09-10,2026-09-15,1613.37,Pago,202609
MEN00003154,ALU00263,2026-10-01,2026-10-10,,1684.06,Vencido,202610
MEN00003155,ALU00263,2026-11-01,2026-11-10,2026-11-10,1693.05,Pago,202611
MEN00003156,ALU00263,2026-12-01,2026-12-10,2026-12-08,1675.02,Pago,202612
MEN00003157,ALU00264,2026-01-01,2026-01-10,2026-01-09,1653.36,Pago,202601
MEN00003158,ALU00264,2026-02-01,2026-02-10,,1636.34,Em Aberto,202602
MEN00003159,ALU00264,2026-03-01,2026-03-10,2026-03-08,1618.95,Pago,202603
MEN00003160,ALU00264,2026-04-01,2026-04-10,2026-04-13,1649.54,Pago,202604
MEN00003161,ALU00264,2026-05-01,2026-05-10,2026-05-10,1622.97,Pago,202605
MEN00003162,ALU00264,2026-06-01,2026-06-10,2026-06-10,1657.91,Pago,202606
MEN00003163,ALU00264,2026-07-01,2026-07-10,,1604.24,Em Aberto,202607
MEN00003164,ALU00264,2026-08-01,2026-08-10,2026-08-16,1670.13,Pago,202608
MEN00003165,ALU00264,2026-09-01,2026-09-10,2026-09-17,1629.4,Pago,202609
MEN00003166,ALU00264,2026-10-01,2026-10-10,2026-10-08,1686.4,Pago,202610
MEN00003167,ALU00264,2026-11-01,2026-11-10,2026-11-11,1614.72,Pago,202611
MEN00003168,ALU00264,2026-12-01,2026-12-10,2026-12-13,1684.79,Pago,202612
MEN00003169,ALU00265,2026-01-01,2026-01-10,,1617.21,Em Aberto,202601
MEN00003170,ALU00265,2026-02-01,2026-02-10,2026-02-08,1634.68,Pago,202602
MEN00003171,ALU00265,2026-03-01,2026-03-10,2026-03-11,1600.56,Pago,202603
MEN00003172,ALU00265,2026-04-01,2026-04-10,,1699.09,Em Aberto,202604
MEN00003173,ALU00265,2026-05-01,2026-05-10,2026-05-13,1670.86,Pago,202605
MEN00003174,ALU00265,2026-06-01,2026-06-10,2026-06-09,1651.85,Pago,202606
MEN00003175,ALU00265,2026-07-01,2026-07-10,,1629.49,Em Aberto,202607
MEN00003176,ALU00265,2026-08-01,2026-08-10,2026-08-12,1674.82,Pago,202608
MEN00003177,ALU00265,2026-09-01,2026-09-10,2026-09-07,1604.61,Pago,202609
MEN00003178,ALU00265,2026-10-01,2026-10-10,2026-10-11,1678.28,Pago,202610
MEN00003179,ALU00265,2026-11-01,2026-11-10,2026-11-12,1655.85,Pago,202611
MEN00003180,ALU00265,2026-12-01,2026-12-10,2026-12-15,1658.38,Pago,202612
MEN00003181,ALU00266,2026-01-01,2026-01-10,2026-01-18,1627.32,Pago,202601
MEN00003182,ALU00266,2026-02-01,2026-02-10,,1664.14,Em Aberto,202602
MEN00003183,ALU00266,2026-03-01,2026-03-10,2026-03-10,1635.62,Pago,202603
MEN00003184,ALU00266,2026-04-01,2026-04-10,2026-04-07,1680.08,Pago,202604
MEN00003185,ALU00266,2026-05-01,2026-05-10,2026-05-13,1618.47,Pago,202605
MEN00003186,ALU00266,2026-06-01,2026-06-10,2026-06-15,1676.58,Pago,202606
MEN00003187,ALU00266,2026-07-01,2026-07-10,2026-07-13,1664.46,Pago,202607
MEN00003188,ALU00266,2026-08-01,2026-08-10,2026-08-11,1607.61,Pago,202608
MEN00003189,ALU00266,2026-09-01,2026-09-10,2026-09-15,1680.54,Pago,202609
MEN00003190,ALU00266,2026-10-01,2026-10-10,2026-10-15,1671.62,Pago,202610
MEN00003191,ALU00266,2026-11-01,2026-11-10,2026-11-17,1674.86,Pago,202611
MEN00003192,ALU00266,2026-12-01,2026-12-10,2026-12-18,1635.23,Pago,202612
MEN00003193,ALU00267,2026-01-01,2026-01-10,2026-01-13,1685.2,Pago,202601
MEN00003194,ALU00267,2026-02-01,2026-02-10,2026-02-16,1652.56,Pago,202602
MEN00003195,ALU00267,2026-03-01,2026-03-10,2026-03-15,1645.19,Pago,202603
MEN00003196,ALU00267,2026-04-01,2026-04-10,2026-04-08,1675.84,Pago,202604
MEN00003197,ALU00267,2026-05-01,2026-05-10,2026-05-11,1606.5,Pago,202605
MEN00003198,ALU00267,2026-06-01,2026-06-10,2026-06-13,1682.57,Pago,202606
MEN00003199,ALU00267,2026-07-01,2026-07-10,,1605.17,Vencido,202607
MEN00003200,ALU00267,2026-08-01,2026-08-10,,1695.03,Vencido,202608
MEN00003201,ALU00267,2026-09-01,2026-09-10,2026-09-09,1627.89,Pago,202609
MEN00003202,ALU00267,2026-10-01,2026-10-10,2026-10-10,1668.12,Pago,202610
MEN00003203,ALU00267,2026-11-01,2026-11-10,2026-11-08,1662.89,Pago,202611
MEN00003204,ALU00267,2026-12-01,2026-12-10,2026-12-16,1642.31,Pago,202612
MEN00003205,ALU00268,2026-01-01,2026-01-10,2026-01-13,1688.16,Pago,202601
MEN00003206,ALU00268,2026-02-01,2026-02-10,2026-02-09,1693.09,Pago,202602
MEN00003207,ALU00268,2026-03-01,2026-03-10,2026-03-13,1610.13,Pago,202603
MEN00003208,ALU00268,2026-04-01,2026-04-10,,1666.51,Em Aberto,202604
MEN00003209,ALU00268,2026-05-01,2026-05-10,2026-05-07,1694.3,Pago,202605
MEN00003210,ALU00268,2026-06-01,2026-06-10,2026-06-08,1660.91,Pago,202606
MEN00003211,ALU00268,2026-07-01,2026-07-10,2026-07-09,1667.69,Pago,202607
MEN00003212,ALU00268,2026-08-01,2026-08-10,2026-08-17,1660.27,Pago,202608
MEN00003213,ALU00268,2026-09-01,2026-09-10,2026-09-11,1671.17,Pago,202609
MEN00003214,ALU00268,2026-10-01,2026-10-10,,1639.74,Vencido,202610
MEN00003215,ALU00268,2026-11-01,2026-11-10,2026-11-16,1660.92,Pago,202611
MEN00003216,ALU00268,2026-12-01,2026-12-10,2026-12-09,1609.37,Pago,202612
MEN00003217,ALU00269,2026-01-01,2026-01-10,2026-01-16,1690.1,Pago,202601
MEN00003218,ALU00269,2026-02-01,2026-02-10,2026-02-09,1614.37,Pago,202602
MEN00003219,ALU00269,2026-03-01,2026-03-10,2026-03-16,1688.8,Pago,202603
MEN00003220,ALU00269,2026-04-01,2026-04-10,2026-04-14,1672.51,Pago,202604
MEN00003221,ALU00269,2026-05-01,2026-05-10,,1680.11,Vencido,202605
MEN00003222,ALU00269,2026-06-01,2026-06-10,2026-06-14,1626.49,Pago,202606
MEN00003223,ALU00269,2026-07-01,2026-07-10,2026-07-11,1611.96,Pago,202607
MEN00003224,ALU00269,2026-08-01,2026-08-10,,1623.24,Em Aberto,202608
MEN00003225,ALU00269,2026-09-01,2026-09-10,,1646.35,Em Aberto,202609
MEN00003226,ALU00269,2026-10-01,2026-10-10,2026-10-08,1606.95,Pago,202610
MEN00003227,ALU00269,2026-11-01,2026-11-10,2026-11-12,1645.83,Pago,202611
MEN00003228,ALU00269,2026-12-01,2026-12-10,2026-12-08,1637.13,Pago,202612
MEN00003229,ALU00270,2026-01-01,2026-01-10,2026-01-17,1659.64,Pago,202601
MEN00003230,ALU00270,2026-02-01,2026-02-10,2026-02-15,1628.16,Pago,202602
MEN00003231,ALU00270,2026-03-01,2026-03-10,2026-03-09,1695.04,Pago,202603
MEN00003232,ALU00270,2026-04-01,2026-04-10,2026-04-16,1640.47,Pago,202604
MEN00003233,ALU00270,2026-05-01,2026-05-10,2026-05-12,1615.7,Pago,202605
MEN00003234,ALU00270,2026-06-01,2026-06-10,2026-06-07,1663.65,Pago,202606
MEN00003235,ALU00270,2026-07-01,2026-07-10,,1604.77,Vencido,202607
MEN00003236,ALU00270,2026-08-01,2026-08-10,2026-08-09,1632.94,Pago,202608
MEN00003237,ALU00270,2026-09-01,2026-09-10,,1652.63,Em Aberto,202609
MEN00003238,ALU00270,2026-10-01,2026-10-10,,1666.02,Em Aberto,202610
MEN00003239,ALU00270,2026-11-01,2026-11-10,2026-11-10,1611.69,Pago,202611
MEN00003240,ALU00270,2026-12-01,2026-12-10,2026-12-10,1617.7,Pago,202612
MEN00003241,ALU00271,2026-01-01,2026-01-10,,1623.79,Em Aberto,202601
MEN00003242,ALU00271,2026-02-01,2026-02-10,2026-02-09,1643.68,Pago,202602
MEN00003243,ALU00271,2026-03-01,2026-03-10,2026-03-16,1665.18,Pago,202603
MEN00003244,ALU00271,2026-04-01,2026-04-10,,1681.42,Vencido,202604
MEN00003245,ALU00271,2026-05-01,2026-05-10,2026-05-17,1611.58,Pago,202605
MEN00003246,ALU00271,2026-06-01,2026-06-10,,1683.2,Vencido,202606
MEN00003247,ALU00271,2026-07-01,2026-07-10,2026-07-12,1617.27,Pago,202607
MEN00003248,ALU00271,2026-08-01,2026-08-10,,1645.07,Em Aberto,202608
MEN00003249,ALU00271,2026-09-01,2026-09-10,2026-09-12,1612.28,Pago,202609
MEN00003250,ALU00271,2026-10-01,2026-10-10,2026-10-17,1641.04,Pago,202610
MEN00003251,ALU00271,2026-11-01,2026-11-10,2026-11-14,1603.66,Pago,202611
MEN00003252,ALU00271,2026-12-01,2026-12-10,2026-12-14,1692.52,Pago,202612
MEN00003253,ALU00272,2026-01-01,2026-01-10,2026-01-07,1648.87,Pago,202601
MEN00003254,ALU00272,2026-02-01,2026-02-10,2026-02-07,1684.34,Pago,202602
MEN00003255,ALU00272,2026-03-01,2026-03-10,2026-03-07,1660.53,Pago,202603
MEN00003256,ALU00272,2026-04-01,2026-04-10,2026-04-12,1697.53,Pago,202604
MEN00003257,ALU00272,2026-05-01,2026-05-10,2026-05-11,1613.61,Pago,202605
MEN00003258,ALU00272,2026-06-01,2026-06-10,2026-06-18,1615.62,Pago,202606
MEN00003259,ALU00272,2026-07-01,2026-07-10,2026-07-10,1690.6,Pago,202607
MEN00003260,ALU00272,2026-08-01,2026-08-10,2026-08-15,1643.69,Pago,202608
MEN00003261,ALU00272,2026-09-01,2026-09-10,2026-09-14,1645.19,Pago,202609
MEN00003262,ALU00272,2026-10-01,2026-10-10,,1696.61,Vencido,202610
MEN00003263,ALU00272,2026-11-01,2026-11-10,2026-11-16,1613.14,Pago,202611
MEN00003264,ALU00272,2026-12-01,2026-12-10,2026-12-17,1612.29,Pago,202612
MEN00003265,ALU00273,2026-01-01,2026-01-10,2026-01-13,1693.7,Pago,202601
MEN00003266,ALU00273,2026-02-01,2026-02-10,2026-02-11,1655.53,Pago,202602
MEN00003267,ALU00273,2026-03-01,2026-03-10,,1655.72,Em Aberto,202603
MEN00003268,ALU00273,2026-04-01,2026-04-10,2026-04-15,1602.52,Pago,202604
MEN00003269,ALU00273,2026-05-01,2026-05-10,2026-05-15,1661.43,Pago,202605
MEN00003270,ALU00273,2026-06-01,2026-06-10,2026-06-12,1681.56,Pago,202606
MEN00003271,ALU00273,2026-07-01,2026-07-10,2026-07-18,1660.86,Pago,202607
MEN00003272,ALU00273,2026-08-01,2026-08-10,2026-08-18,1667.17,Pago,202608
MEN00003273,ALU00273,2026-09-01,2026-09-10,2026-09-15,1680.09,Pago,202609
MEN00003274,ALU00273,2026-10-01,2026-10-10,2026-10-14,1631.55,Pago,202610
MEN00003275,ALU00273,2026-11-01,2026-11-10,,1646.27,Em Aberto,202611
MEN00003276,ALU00273,2026-12-01,2026-12-10,2026-12-12,1676.62,Pago,202612
MEN00003277,ALU00274,2026-01-01,2026-01-10,2026-01-17,1622.89,Pago,202601
MEN00003278,ALU00274,2026-02-01,2026-02-10,,1683.41,Em Aberto,202602
MEN00003279,ALU00274,2026-03-01,2026-03-10,2026-03-08,1633.57,Pago,202603
MEN00003280,ALU00274,2026-04-01,2026-04-10,2026-04-13,1637.27,Pago,202604
MEN00003281,ALU00274,2026-05-01,2026-05-10,2026-05-09,1690.08,Pago,202605
MEN00003282,ALU00274,2026-06-01,2026-06-10,2026-06-07,1689.92,Pago,202606
MEN00003283,ALU00274,2026-07-01,2026-07-10,2026-07-15,1619.97,Pago,202607
MEN00003284,ALU00274,2026-08-01,2026-08-10,2026-08-18,1625.3,Pago,202608
MEN00003285,ALU00274,2026-09-01,2026-09-10,2026-09-17,1683.75,Pago,202609
MEN00003286,ALU00274,2026-10-01,2026-10-10,,1641.97,Em Aberto,202610
MEN00003287,ALU00274,2026-11-01,2026-11-10,2026-11-14,1607.82,Pago,202611
MEN00003288,ALU00274,2026-12-01,2026-12-10,2026-12-13,1682.09,Pago,202612
MEN00003289,ALU00275,2026-01-01,2026-01-10,2026-01-13,1698.14,Pago,202601
MEN00003290,ALU00275,2026-02-01,2026-02-10,2026-02-16,1620.19,Pago,202602
MEN00003291,ALU00275,2026-03-01,2026-03-10,2026-03-12,1649.88,Pago,202603
MEN00003292,ALU00275,2026-04-01,2026-04-10,2026-04-12,1680.29,Pago,202604
MEN00003293,ALU00275,2026-05-01,2026-05-10,,1697.39,Vencido,202605
MEN00003294,ALU00275,2026-06-01,2026-06-10,2026-06-08,1652.07,Pago,202606
MEN00003295,ALU00275,2026-07-01,2026-07-10,,1648.48,Em Aberto,202607
MEN00003296,ALU00275,2026-08-01,2026-08-10,,1632.66,Vencido,202608
MEN00003297,ALU00275,2026-09-01,2026-09-10,2026-09-08,1685.85,Pago,202609
MEN00003298,ALU00275,2026-10-01,2026-10-10,2026-10-10,1633.63,Pago,202610
MEN00003299,ALU00275,2026-11-01,2026-11-10,2026-11-08,1642.3,Pago,202611
MEN00003300,ALU00275,2026-12-01,2026-12-10,,1604.39,Em Aberto,202612
MEN00003301,ALU00276,2026-01-01,2026-01-10,2026-01-10,1674.76,Pago,202601
MEN00003302,ALU00276,2026-02-01,2026-02-10,2026-02-12,1627.1,Pago,202602
MEN00003303,ALU00276,2026-03-01,2026-03-10,2026-03-12,1688.71,Pago,202603
MEN00003304,ALU00276,2026-04-01,2026-04-10,,1600.54,Em Aberto,202604
MEN00003305,ALU00276,2026-05-01,2026-05-10,2026-05-18,1696.25,Pago,202605
MEN00003306,ALU00276,2026-06-01,2026-06-10,2026-06-08,1628.67,Pago,202606
MEN00003307,ALU00276,2026-07-01,2026-07-10,2026-07-15,1626.1,Pago,202607
MEN00003308,ALU00276,2026-08-01,2026-08-10,2026-08-07,1669.17,Pago,202608
MEN00003309,ALU00276,2026-09-01,2026-09-10,,1601.64,Em Aberto,202609
MEN00003310,ALU00276,2026-10-01,2026-10-10,2026-10-13,1613.53,Pago,202610
MEN00003311,ALU00276,2026-11-01,2026-11-10,2026-11-10,1681.22,Pago,202611
MEN00003312,ALU00276,2026-12-01,2026-12-10,2026-12-11,1667.57,Pago,202612
MEN00003313,ALU00277,2026-01-01,2026-01-10,2026-01-11,1657.76,Pago,202601
MEN00003314,ALU00277,2026-02-01,2026-02-10,2026-02-11,1684.19,Pago,202602
MEN00003315,ALU00277,2026-03-01,2026-03-10,2026-03-17,1694.3,Pago,202603
MEN00003316,ALU00277,2026-04-01,2026-04-10,2026-04-09,1646.26,Pago,202604
MEN00003317,ALU00277,2026-05-01,2026-05-10,2026-05-10,1672.59,Pago,202605
MEN00003318,ALU00277,2026-06-01,2026-06-10,,1646.74,Vencido,202606
MEN00003319,ALU00277,2026-07-01,2026-07-10,2026-07-14,1689.15,Pago,202607
MEN00003320,ALU00277,2026-08-01,2026-08-10,2026-08-14,1610.64,Pago,202608
MEN00003321,ALU00277,2026-09-01,2026-09-10,2026-09-14,1646.01,Pago,202609
MEN00003322,ALU00277,2026-10-01,2026-10-10,,1644.93,Em Aberto,202610
MEN00003323,ALU00277,2026-11-01,2026-11-10,2026-11-15,1661.58,Pago,202611
MEN00003324,ALU00277,2026-12-01,2026-12-10,2026-12-13,1633.0,Pago,202612
MEN00003325,ALU00278,2026-01-01,2026-01-10,2026-01-11,1615.82,Pago,202601
MEN00003326,ALU00278,2026-02-01,2026-02-10,2026-02-13,1664.56,Pago,202602
MEN00003327,ALU00278,2026-03-01,2026-03-10,2026-03-09,1687.46,Pago,202603
MEN00003328,ALU00278,2026-04-01,2026-04-10,,1601.68,Em Aberto,202604
MEN00003329,ALU00278,2026-05-01,2026-05-10,2026-05-17,1623.49,Pago,202605
MEN00003330,ALU00278,2026-06-01,2026-06-10,2026-06-07,1688.12,Pago,202606
MEN00003331,ALU00278,2026-07-01,2026-07-10,2026-07-15,1624.66,Pago,202607
MEN00003332,ALU00278,2026-08-01,2026-08-10,2026-08-07,1687.48,Pago,202608
MEN00003333,ALU00278,2026-09-01,2026-09-10,2026-09-16,1665.53,Pago,202609
MEN00003334,ALU00278,2026-10-01,2026-10-10,2026-10-17,1617.6,Pago,202610
MEN00003335,ALU00278,2026-11-01,2026-11-10,2026-11-10,1618.68,Pago,202611
MEN00003336,ALU00278,2026-12-01,2026-12-10,2026-12-10,1626.42,Pago,202612
MEN00003337,ALU00279,2026-01-01,2026-01-10,2026-01-13,1697.43,Pago,202601
MEN00003338,ALU00279,2026-02-01,2026-02-10,2026-02-13,1604.56,Pago,202602
MEN00003339,ALU00279,2026-03-01,2026-03-10,2026-03-17,1651.1,Pago,202603
MEN00003340,ALU00279,2026-04-01,2026-04-10,2026-04-16,1694.03,Pago,202604
MEN00003341,ALU00279,2026-05-01,2026-05-10,2026-05-10,1631.21,Pago,202605
MEN00003342,ALU00279,2026-06-01,2026-06-10,2026-06-18,1677.69,Pago,202606
MEN00003343,ALU00279,2026-07-01,2026-07-10,,1668.96,Vencido,202607
MEN00003344,ALU00279,2026-08-01,2026-08-10,2026-08-18,1673.98,Pago,202608
MEN00003345,ALU00279,2026-09-01,2026-09-10,2026-09-18,1632.73,Pago,202609
MEN00003346,ALU00279,2026-10-01,2026-10-10,2026-10-09,1696.52,Pago,202610
MEN00003347,ALU00279,2026-11-01,2026-11-10,2026-11-18,1642.76,Pago,202611
MEN00003348,ALU00279,2026-12-01,2026-12-10,2026-12-16,1693.07,Pago,202612
MEN00003349,ALU00280,2026-01-01,2026-01-10,2026-01-18,1661.5,Pago,202601
MEN00003350,ALU00280,2026-02-01,2026-02-10,2026-02-13,1669.28,Pago,202602
MEN00003351,ALU00280,2026-03-01,2026-03-10,,1608.5,Vencido,202603
MEN00003352,ALU00280,2026-04-01,2026-04-10,2026-04-10,1660.86,Pago,202604
MEN00003353,ALU00280,2026-05-01,2026-05-10,2026-05-09,1696.41,Pago,202605
MEN00003354,ALU00280,2026-06-01,2026-06-10,2026-06-17,1660.61,Pago,202606
MEN00003355,ALU00280,2026-07-01,2026-07-10,2026-07-16,1627.38,Pago,202607
MEN00003356,ALU00280,2026-08-01,2026-08-10,2026-08-08,1657.8,Pago,202608
MEN00003357,ALU00280,2026-09-01,2026-09-10,,1630.19,Em Aberto,202609
MEN00003358,ALU00280,2026-10-01,2026-10-10,,1668.94,Em Aberto,202610
MEN00003359,ALU00280,2026-11-01,2026-11-10,2026-11-07,1669.94,Pago,202611
MEN00003360,ALU00280,2026-12-01,2026-12-10,2026-12-17,1680.2,Pago,202612
MEN00003361,ALU00281,2026-01-01,2026-01-10,2026-01-17,1602.77,Pago,202601
MEN00003362,ALU00281,2026-02-01,2026-02-10,2026-02-11,1658.74,Pago,202602
MEN00003363,ALU00281,2026-03-01,2026-03-10,2026-03-09,1638.48,Pago,202603
MEN00003364,ALU00281,2026-04-01,2026-04-10,2026-04-11,1606.22,Pago,202604
MEN00003365,ALU00281,2026-05-01,2026-05-10,2026-05-13,1636.54,Pago,202605
MEN00003366,ALU00281,2026-06-01,2026-06-10,2026-06-15,1621.29,Pago,202606
MEN00003367,ALU00281,2026-07-01,2026-07-10,2026-07-16,1610.4,Pago,202607
MEN00003368,ALU00281,2026-08-01,2026-08-10,2026-08-09,1655.65,Pago,202608
MEN00003369,ALU00281,2026-09-01,2026-09-10,2026-09-13,1641.14,Pago,202609
MEN00003370,ALU00281,2026-10-01,2026-10-10,2026-10-15,1661.2,Pago,202610
MEN00003371,ALU00281,2026-11-01,2026-11-10,2026-11-10,1607.33,Pago,202611
MEN00003372,ALU00281,2026-12-01,2026-12-10,2026-12-08,1687.59,Pago,202612
MEN00003373,ALU00282,2026-01-01,2026-01-10,2026-01-12,1633.86,Pago,202601
MEN00003374,ALU00282,2026-02-01,2026-02-10,2026-02-14,1664.45,Pago,202602
MEN00003375,ALU00282,2026-03-01,2026-03-10,2026-03-16,1677.33,Pago,202603
MEN00003376,ALU00282,2026-04-01,2026-04-10,2026-04-07,1699.21,Pago,202604
MEN00003377,ALU00282,2026-05-01,2026-05-10,2026-05-16,1642.93,Pago,202605
MEN00003378,ALU00282,2026-06-01,2026-06-10,2026-06-12,1650.41,Pago,202606
MEN00003379,ALU00282,2026-07-01,2026-07-10,2026-07-10,1605.54,Pago,202607
MEN00003380,ALU00282,2026-08-01,2026-08-10,2026-08-17,1624.55,Pago,202608
MEN00003381,ALU00282,2026-09-01,2026-09-10,2026-09-12,1669.36,Pago,202609
MEN00003382,ALU00282,2026-10-01,2026-10-10,2026-10-08,1689.27,Pago,202610
MEN00003383,ALU00282,2026-11-01,2026-11-10,2026-11-09,1638.35,Pago,202611
MEN00003384,ALU00282,2026-12-01,2026-12-10,2026-12-10,1692.86,Pago,202612
MEN00003385,ALU00283,2026-01-01,2026-01-10,,1601.14,Em Aberto,202601
MEN00003386,ALU00283,2026-02-01,2026-02-10,2026-02-11,1693.32,Pago,202602
MEN00003387,ALU00283,2026-03-01,2026-03-10,2026-03-08,1671.86,Pago,202603
MEN00003388,ALU00283,2026-04-01,2026-04-10,2026-04-15,1645.86,Pago,202604
MEN00003389,ALU00283,2026-05-01,2026-05-10,2026-05-17,1691.39,Pago,202605
MEN00003390,ALU00283,2026-06-01,2026-06-10,2026-06-12,1611.41,Pago,202606
MEN00003391,ALU00283,2026-07-01,2026-07-10,2026-07-12,1678.64,Pago,202607
MEN00003392,ALU00283,2026-08-01,2026-08-10,2026-08-18,1679.45,Pago,202608
MEN00003393,ALU00283,2026-09-01,2026-09-10,,1679.76,Em Aberto,202609
MEN00003394,ALU00283,2026-10-01,2026-10-10,2026-10-12,1657.36,Pago,202610
MEN00003395,ALU00283,2026-11-01,2026-11-10,2026-11-07,1621.96,Pago,202611
MEN00003396,ALU00283,2026-12-01,2026-12-10,2026-12-18,1615.74,Pago,202612
MEN00003397,ALU00284,2026-01-01,2026-01-10,,1627.68,Vencido,202601
MEN00003398,ALU00284,2026-02-01,2026-02-10,,1630.92,Em Aberto,202602
MEN00003399,ALU00284,2026-03-01,2026-03-10,2026-03-08,1619.72,Pago,202603
MEN00003400,ALU00284,2026-04-01,2026-04-10,2026-04-18,1651.6,Pago,202604
MEN00003401,ALU00284,2026-05-01,2026-05-10,2026-05-15,1650.83,Pago,202605
MEN00003402,ALU00284,2026-06-01,2026-06-10,2026-06-11,1624.8,Pago,202606
MEN00003403,ALU00284,2026-07-01,2026-07-10,2026-07-17,1640.64,Pago,202607
MEN00003404,ALU00284,2026-08-01,2026-08-10,2026-08-08,1697.57,Pago,202608
MEN00003405,ALU00284,2026-09-01,2026-09-10,2026-09-18,1624.42,Pago,202609
MEN00003406,ALU00284,2026-10-01,2026-10-10,2026-10-16,1625.97,Pago,202610
MEN00003407,ALU00284,2026-11-01,2026-11-10,,1661.6,Em Aberto,202611
MEN00003408,ALU00284,2026-12-01,2026-12-10,2026-12-18,1674.06,Pago,202612
MEN00003409,ALU00285,2026-01-01,2026-01-10,2026-01-10,1684.31,Pago,202601
MEN00003410,ALU00285,2026-02-01,2026-02-10,2026-02-18,1682.46,Pago,202602
MEN00003411,ALU00285,2026-03-01,2026-03-10,2026-03-10,1601.98,Pago,202603
MEN00003412,ALU00285,2026-04-01,2026-04-10,2026-04-13,1641.68,Pago,202604
MEN00003413,ALU00285,2026-05-01,2026-05-10,2026-05-14,1677.72,Pago,202605
MEN00003414,ALU00285,2026-06-01,2026-06-10,2026-06-11,1631.75,Pago,202606
MEN00003415,ALU00285,2026-07-01,2026-07-10,2026-07-07,1692.58,Pago,202607
MEN00003416,ALU00285,2026-08-01,2026-08-10,2026-08-07,1605.71,Pago,202608
MEN00003417,ALU00285,2026-09-01,2026-09-10,2026-09-18,1638.9,Pago,202609
MEN00003418,ALU00285,2026-10-01,2026-10-10,2026-10-14,1611.55,Pago,202610
MEN00003419,ALU00285,2026-11-01,2026-11-10,2026-11-15,1673.83,Pago,202611
MEN00003420,ALU00285,2026-12-01,2026-12-10,2026-12-08,1674.32,Pago,202612
MEN00003421,ALU00286,2026-01-01,2026-01-10,,1692.78,Vencido,202601
MEN00003422,ALU00286,2026-02-01,2026-02-10,2026-02-15,1628.48,Pago,202602
MEN00003423,ALU00286,2026-03-01,2026-03-10,2026-03-16,1618.2,Pago,202603
MEN00003424,ALU00286,2026-04-01,2026-04-10,2026-04-12,1604.32,Pago,202604
MEN00003425,ALU00286,2026-05-01,2026-05-10,2026-05-09,1675.11,Pago,202605
MEN00003426,ALU00286,2026-06-01,2026-06-10,2026-06-08,1643.11,Pago,202606
MEN00003427,ALU00286,2026-07-01,2026-07-10,2026-07-17,1682.38,Pago,202607
MEN00003428,ALU00286,2026-08-01,2026-08-10,2026-08-12,1694.75,Pago,202608
MEN00003429,ALU00286,2026-09-01,2026-09-10,2026-09-08,1660.78,Pago,202609
MEN00003430,ALU00286,2026-10-01,2026-10-10,2026-10-13,1685.23,Pago,202610
MEN00003431,ALU00286,2026-11-01,2026-11-10,,1631.82,Vencido,202611
MEN00003432,ALU00286,2026-12-01,2026-12-10,2026-12-08,1644.18,Pago,202612
MEN00003433,ALU00287,2026-01-01,2026-01-10,2026-01-16,1652.34,Pago,202601
MEN00003434,ALU00287,2026-02-01,2026-02-10,2026-02-11,1635.17,Pago,202602
MEN00003435,ALU00287,2026-03-01,2026-03-10,2026-03-14,1606.73,Pago,202603
MEN00003436,ALU00287,2026-04-01,2026-04-10,2026-04-08,1676.11,Pago,202604
MEN00003437,ALU00287,2026-05-01,2026-05-10,2026-05-18,1690.63,Pago,202605
MEN00003438,ALU00287,2026-06-01,2026-06-10,,1621.26,Em Aberto,202606
MEN00003439,ALU00287,2026-07-01,2026-07-10,2026-07-07,1658.4,Pago,202607
MEN00003440,ALU00287,2026-08-01,2026-08-10,2026-08-12,1659.55,Pago,202608
MEN00003441,ALU00287,2026-09-01,2026-09-10,2026-09-09,1665.59,Pago,202609
MEN00003442,ALU00287,2026-10-01,2026-10-10,,1655.24,Vencido,202610
MEN00003443,ALU00287,2026-11-01,2026-11-10,2026-11-15,1669.53,Pago,202611
MEN00003444,ALU00287,2026-12-01,2026-12-10,,1613.23,Em Aberto,202612
MEN00003445,ALU00288,2026-01-01,2026-01-10,,1608.36,Vencido,202601
MEN00003446,ALU00288,2026-02-01,2026-02-10,,1622.39,Em Aberto,202602
MEN00003447,ALU00288,2026-03-01,2026-03-10,2026-03-17,1630.82,Pago,202603
MEN00003448,ALU00288,2026-04-01,2026-04-10,2026-04-18,1650.18,Pago,202604
MEN00003449,ALU00288,2026-05-01,2026-05-10,2026-05-10,1631.0,Pago,202605
MEN00003450,ALU00288,2026-06-01,2026-06-10,,1651.89,Em Aberto,202606
MEN00003451,ALU00288,2026-07-01,2026-07-10,2026-07-07,1605.46,Pago,202607
MEN00003452,ALU00288,2026-08-01,2026-08-10,,1685.16,Vencido,202608
MEN00003453,ALU00288,2026-09-01,2026-09-10,,1617.76,Vencido,202609
MEN00003454,ALU00288,2026-10-01,2026-10-10,,1684.49,Em Aberto,202610
MEN00003455,ALU00288,2026-11-01,2026-11-10,2026-11-15,1632.24,Pago,202611
MEN00003456,ALU00288,2026-12-01,2026-12-10,2026-12-13,1662.32,Pago,202612
MEN00003457,ALU00289,2026-01-01,2026-01-10,2026-01-15,1658.66,Pago,202601
MEN00003458,ALU00289,2026-02-01,2026-02-10,2026-02-12,1642.6,Pago,202602
MEN00003459,ALU00289,2026-03-01,2026-03-10,2026-03-14,1610.91,Pago,202603
MEN00003460,ALU00289,2026-04-01,2026-04-10,,1669.78,Vencido,202604
MEN00003461,ALU00289,2026-05-01,2026-05-10,2026-05-07,1695.5,Pago,202605
MEN00003462,ALU00289,2026-06-01,2026-06-10,2026-06-13,1610.36,Pago,202606
MEN00003463,ALU00289,2026-07-01,2026-07-10,2026-07-10,1651.75,Pago,202607
MEN00003464,ALU00289,2026-08-01,2026-08-10,,1628.11,Em Aberto,202608
MEN00003465,ALU00289,2026-09-01,2026-09-10,2026-09-16,1602.54,Pago,202609
MEN00003466,ALU00289,2026-10-01,2026-10-10,2026-10-18,1609.64,Pago,202610
MEN00003467,ALU00289,2026-11-01,2026-11-10,2026-11-09,1695.23,Pago,202611
MEN00003468,ALU00289,2026-12-01,2026-12-10,2026-12-15,1652.61,Pago,202612
MEN00003469,ALU00290,2026-01-01,2026-01-10,2026-01-14,1605.22,Pago,202601
MEN00003470,ALU00290,2026-02-01,2026-02-10,2026-02-11,1687.66,Pago,202602
MEN00003471,ALU00290,2026-03-01,2026-03-10,2026-03-14,1673.34,Pago,202603
MEN00003472,ALU00290,2026-04-01,2026-04-10,2026-04-14,1693.68,Pago,202604
MEN00003473,ALU00290,2026-05-01,2026-05-10,,1698.73,Em Aberto,202605
MEN00003474,ALU00290,2026-06-01,2026-06-10,2026-06-08,1678.36,Pago,202606
MEN00003475,ALU00290,2026-07-01,2026-07-10,2026-07-08,1617.47,Pago,202607
MEN00003476,ALU00290,2026-08-01,2026-08-10,2026-08-17,1626.24,Pago,202608
MEN00003477,ALU00290,2026-09-01,2026-09-10,2026-09-12,1668.76,Pago,202609
MEN00003478,ALU00290,2026-10-01,2026-10-10,2026-10-18,1602.71,Pago,202610
MEN00003479,ALU00290,2026-11-01,2026-11-10,2026-11-10,1647.65,Pago,202611
MEN00003480,ALU00290,2026-12-01,2026-12-10,,1637.92,Em Aberto,202612
MEN00003481,ALU00291,2026-01-01,2026-01-10,2026-01-17,1601.18,Pago,202601
MEN00003482,ALU00291,2026-02-01,2026-02-10,2026-02-08,1696.34,Pago,202602
MEN00003483,ALU00291,2026-03-01,2026-03-10,2026-03-07,1665.96,Pago,202603
MEN00003484,ALU00291,2026-04-01,2026-04-10,2026-04-15,1691.65,Pago,202604
MEN00003485,ALU00291,2026-05-01,2026-05-10,,1606.9,Vencido,202605
MEN00003486,ALU00291,2026-06-01,2026-06-10,,1664.24,Vencido,202606
MEN00003487,ALU00291,2026-07-01,2026-07-10,2026-07-11,1655.72,Pago,202607
MEN00003488,ALU00291,2026-08-01,2026-08-10,2026-08-15,1690.7,Pago,202608
MEN00003489,ALU00291,2026-09-01,2026-09-10,2026-09-10,1660.78,Pago,202609
MEN00003490,ALU00291,2026-10-01,2026-10-10,2026-10-15,1641.99,Pago,202610
MEN00003491,ALU00291,2026-11-01,2026-11-10,2026-11-10,1667.48,Pago,202611
MEN00003492,ALU00291,2026-12-01,2026-12-10,2026-12-10,1610.28,Pago,202612
MEN00003493,ALU00292,2026-01-01,2026-01-10,2026-01-11,1665.23,Pago,202601
MEN00003494,ALU00292,2026-02-01,2026-02-10,2026-02-18,1601.08,Pago,202602
MEN00003495,ALU00292,2026-03-01,2026-03-10,2026-03-15,1620.16,Pago,202603
MEN00003496,ALU00292,2026-04-01,2026-04-10,,1666.9,Vencido,202604
MEN00003497,ALU00292,2026-05-01,2026-05-10,,1687.55,Vencido,202605
MEN00003498,ALU00292,2026-06-01,2026-06-10,2026-06-18,1692.93,Pago,202606
MEN00003499,ALU00292,2026-07-01,2026-07-10,2026-07-16,1611.59,Pago,202607
MEN00003500,ALU00292,2026-08-01,2026-08-10,2026-08-09,1607.26,Pago,202608
MEN00003501,ALU00292,2026-09-01,2026-09-10,,1658.16,Em Aberto,202609
MEN00003502,ALU00292,2026-10-01,2026-10-10,2026-10-07,1642.1,Pago,202610
MEN00003503,ALU00292,2026-11-01,2026-11-10,,1640.88,Vencido,202611
MEN00003504,ALU00292,2026-12-01,2026-12-10,,1652.94,Vencido,202612
MEN00003505,ALU00293,2026-01-01,2026-01-10,2026-01-15,1602.2,Pago,202601
MEN00003506,ALU00293,2026-02-01,2026-02-10,2026-02-18,1609.17,Pago,202602
MEN00003507,ALU00293,2026-03-01,2026-03-10,2026-03-13,1622.28,Pago,202603
MEN00003508,ALU00293,2026-04-01,2026-04-10,,1619.47,Em Aberto,202604
MEN00003509,ALU00293,2026-05-01,2026-05-10,2026-05-11,1648.21,Pago,202605
MEN00003510,ALU00293,2026-06-01,2026-06-10,2026-06-12,1638.08,Pago,202606
MEN00003511,ALU00293,2026-07-01,2026-07-10,2026-07-11,1627.39,Pago,202607
MEN00003512,ALU00293,2026-08-01,2026-08-10,2026-08-07,1644.97,Pago,202608
MEN00003513,ALU00293,2026-09-01,2026-09-10,2026-09-08,1681.64,Pago,202609
MEN00003514,ALU00293,2026-10-01,2026-10-10,2026-10-17,1679.03,Pago,202610
MEN00003515,ALU00293,2026-11-01,2026-11-10,,1682.29,Em Aberto,202611
MEN00003516,ALU00293,2026-12-01,2026-12-10,2026-12-14,1694.35,Pago,202612
MEN00003517,ALU00294,2026-01-01,2026-01-10,2026-01-17,1641.81,Pago,202601
MEN00003518,ALU00294,2026-02-01,2026-02-10,2026-02-11,1655.59,Pago,202602
MEN00003519,ALU00294,2026-03-01,2026-03-10,2026-03-16,1684.02,Pago,202603
MEN00003520,ALU00294,2026-04-01,2026-04-10,,1643.79,Em Aberto,202604
MEN00003521,ALU00294,2026-05-01,2026-05-10,2026-05-08,1655.52,Pago,202605
MEN00003522,ALU00294,2026-06-01,2026-06-10,,1690.43,Em Aberto,202606
MEN00003523,ALU00294,2026-07-01,2026-07-10,2026-07-10,1665.54,Pago,202607
MEN00003524,ALU00294,2026-08-01,2026-08-10,2026-08-08,1676.11,Pago,202608
MEN00003525,ALU00294,2026-09-01,2026-09-10,2026-09-14,1662.03,Pago,202609
MEN00003526,ALU00294,2026-10-01,2026-10-10,2026-10-10,1662.76,Pago,202610
MEN00003527,ALU00294,2026-11-01,2026-11-10,2026-11-12,1601.0,Pago,202611
MEN00003528,ALU00294,2026-12-01,2026-12-10,2026-12-13,1605.71,Pago,202612
MEN00003529,ALU00295,2026-01-01,2026-01-10,2026-01-10,1616.97,Pago,202601
MEN00003530,ALU00295,2026-02-01,2026-02-10,2026-02-13,1604.49,Pago,202602
MEN00003531,ALU00295,2026-03-01,2026-03-10,2026-03-11,1633.42,Pago,202603
MEN00003532,ALU00295,2026-04-01,2026-04-10,2026-04-16,1617.23,Pago,202604
MEN00003533,ALU00295,2026-05-01,2026-05-10,2026-05-09,1628.69,Pago,202605
MEN00003534,ALU00295,2026-06-01,2026-06-10,2026-06-11,1615.84,Pago,202606
MEN00003535,ALU00295,2026-07-01,2026-07-10,2026-07-13,1659.54,Pago,202607
MEN00003536,ALU00295,2026-08-01,2026-08-10,2026-08-10,1663.75,Pago,202608
MEN00003537,ALU00295,2026-09-01,2026-09-10,,1603.44,Em Aberto,202609
MEN00003538,ALU00295,2026-10-01,2026-10-10,2026-10-14,1672.71,Pago,202610
MEN00003539,ALU00295,2026-11-01,2026-11-10,2026-11-07,1633.17,Pago,202611
MEN00003540,ALU00295,2026-12-01,2026-12-10,2026-12-15,1649.11,Pago,202612
MEN00003541,ALU00296,2026-01-01,2026-01-10,2026-01-11,1679.03,Pago,202601
MEN00003542,ALU00296,2026-02-01,2026-02-10,2026-02-14,1648.17,Pago,202602
MEN00003543,ALU00296,2026-03-01,2026-03-10,2026-03-08,1687.64,Pago,202603
MEN00003544,ALU00296,2026-04-01,2026-04-10,,1603.9,Em Aberto,202604
MEN00003545,ALU00296,2026-05-01,2026-05-10,2026-05-12,1690.34,Pago,202605
MEN00003546,ALU00296,2026-06-01,2026-06-10,2026-06-07,1639.43,Pago,202606
MEN00003547,ALU00296,2026-07-01,2026-07-10,2026-07-09,1651.78,Pago,202607
MEN00003548,ALU00296,2026-08-01,2026-08-10,2026-08-07,1667.75,Pago,202608
MEN00003549,ALU00296,2026-09-01,2026-09-10,2026-09-18,1668.17,Pago,202609
MEN00003550,ALU00296,2026-10-01,2026-10-10,2026-10-12,1658.64,Pago,202610
MEN00003551,ALU00296,2026-11-01,2026-11-10,2026-11-18,1604.86,Pago,202611
MEN00003552,ALU00296,2026-12-01,2026-12-10,2026-12-18,1674.9,Pago,202612
MEN00003553,ALU00297,2026-01-01,2026-01-10,2026-01-10,1666.77,Pago,202601
MEN00003554,ALU00297,2026-02-01,2026-02-10,2026-02-13,1699.31,Pago,202602
MEN00003555,ALU00297,2026-03-01,2026-03-10,2026-03-17,1680.28,Pago,202603
MEN00003556,ALU00297,2026-04-01,2026-04-10,,1600.56,Vencido,202604
MEN00003557,ALU00297,2026-05-01,2026-05-10,2026-05-15,1619.11,Pago,202605
MEN00003558,ALU00297,2026-06-01,2026-06-10,,1620.1,Vencido,202606
MEN00003559,ALU00297,2026-07-01,2026-07-10,2026-07-14,1696.96,Pago,202607
MEN00003560,ALU00297,2026-08-01,2026-08-10,2026-08-10,1689.09,Pago,202608
MEN00003561,ALU00297,2026-09-01,2026-09-10,2026-09-11,1644.54,Pago,202609
MEN00003562,ALU00297,2026-10-01,2026-10-10,2026-10-14,1646.79,Pago,202610
MEN00003563,ALU00297,2026-11-01,2026-11-10,2026-11-16,1630.65,Pago,202611
MEN00003564,ALU00297,2026-12-01,2026-12-10,2026-12-11,1603.92,Pago,202612
MEN00003565,ALU00298,2026-01-01,2026-01-10,2026-01-13,1686.8,Pago,202601
MEN00003566,ALU00298,2026-02-01,2026-02-10,2026-02-12,1616.97,Pago,202602
MEN00003567,ALU00298,2026-03-01,2026-03-10,2026-03-07,1660.03,Pago,202603
MEN00003568,ALU00298,2026-04-01,2026-04-10,2026-04-15,1631.76,Pago,202604
MEN00003569,ALU00298,2026-05-01,2026-05-10,2026-05-16,1655.65,Pago,202605
MEN00003570,ALU00298,2026-06-01,2026-06-10,2026-06-17,1618.47,Pago,202606
MEN00003571,ALU00298,2026-07-01,2026-07-10,2026-07-07,1682.53,Pago,202607
MEN00003572,ALU00298,2026-08-01,2026-08-10,2026-08-10,1656.12,Pago,202608
MEN00003573,ALU00298,2026-09-01,2026-09-10,2026-09-17,1665.54,Pago,202609
MEN00003574,ALU00298,2026-10-01,2026-10-10,2026-10-12,1651.54,Pago,202610
MEN00003575,ALU00298,2026-11-01,2026-11-10,,1650.92,Em Aberto,202611
MEN00003576,ALU00298,2026-12-01,2026-12-10,,1642.42,Em Aberto,202612
MEN00003577,ALU00299,2026-01-01,2026-01-10,2026-01-18,1695.54,Pago,202601
MEN00003578,ALU00299,2026-02-01,2026-02-10,2026-02-10,1606.77,Pago,202602
MEN00003579,ALU00299,2026-03-01,2026-03-10,2026-03-07,1684.52,Pago,202603
MEN00003580,ALU00299,2026-04-01,2026-04-10,2026-04-10,1611.97,Pago,202604
MEN00003581,ALU00299,2026-05-01,2026-05-10,,1673.03,Vencido,202605
MEN00003582,ALU00299,2026-06-01,2026-06-10,,1628.43,Vencido,202606
MEN00003583,ALU00299,2026-07-01,2026-07-10,2026-07-14,1657.06,Pago,202607
MEN00003584,ALU00299,2026-08-01,2026-08-10,2026-08-16,1689.28,Pago,202608
MEN00003585,ALU00299,2026-09-01,2026-09-10,2026-09-08,1682.87,Pago,202609
MEN00003586,ALU00299,2026-10-01,2026-10-10,2026-10-10,1663.43,Pago,202610
MEN00003587,ALU00299,2026-11-01,2026-11-10,,1607.21,Em Aberto,202611
MEN00003588,ALU00299,2026-12-01,2026-12-10,2026-12-13,1669.71,Pago,202612
MEN00003589,ALU00300,2026-01-01,2026-01-10,2026-01-10,1676.6,Pago,202601
MEN00003590,ALU00300,2026-02-01,2026-02-10,2026-02-17,1604.43,Pago,202602
MEN00003591,ALU00300,2026-03-01,2026-03-10,2026-03-15,1620.28,Pago,202603
MEN00003592,ALU00300,2026-04-01,2026-04-10,2026-04-07,1639.11,Pago,202604
MEN00003593,ALU00300,2026-05-01,2026-05-10,2026-05-15,1604.5,Pago,202605
MEN00003594,ALU00300,2026-06-01,2026-06-10,,1649.79,Vencido,202606
MEN00003595,ALU00300,2026-07-01,2026-07-10,2026-07-18,1662.95,Pago,202607
MEN00003596,ALU00300,2026-08-01,2026-08-10,2026-08-16,1622.98,Pago,202608
MEN00003597,ALU00300,2026-09-01,2026-09-10,2026-09-13,1626.87,Pago,202609
MEN00003598,ALU00300,2026-10-01,2026-10-10,2026-10-07,1684.47,Pago,202610
MEN00003599,ALU00300,2026-11-01,2026-11-10,2026-11-11,1609.92,Pago,202611
MEN00003600,ALU00300,2026-12-01,2026-12-10,2026-12-08,1695.08,Pago,202612
MEN00003601,ALU00301,2026-01-01,2026-01-10,2026-01-13,1688.18,Pago,202601
MEN00003602,ALU00301,2026-02-01,2026-02-10,2026-02-08,1665.95,Pago,202602
MEN00003603,ALU00301,2026-03-01,2026-03-10,2026-03-17,1677.37,Pago,202603
MEN00003604,ALU00301,2026-04-01,2026-04-10,2026-04-17,1655.03,Pago,202604
MEN00003605,ALU00301,2026-05-01,2026-05-10,2026-05-13,1654.78,Pago,202605
MEN00003606,ALU00301,2026-06-01,2026-06-10,2026-06-07,1651.89,Pago,202606
MEN00003607,ALU00301,2026-07-01,2026-07-10,2026-07-10,1635.68,Pago,202607
MEN00003608,ALU00301,2026-08-01,2026-08-10,2026-08-09,1665.65,Pago,202608
MEN00003609,ALU00301,2026-09-01,2026-09-10,2026-09-15,1676.89,Pago,202609
MEN00003610,ALU00301,2026-10-01,2026-10-10,2026-10-16,1691.95,Pago,202610
MEN00003611,ALU00301,2026-11-01,2026-11-10,2026-11-11,1639.69,Pago,202611
MEN00003612,ALU00301,2026-12-01,2026-12-10,2026-12-09,1665.72,Pago,202612
MEN00003613,ALU00302,2026-01-01,2026-01-10,2026-01-09,1665.44,Pago,202601
MEN00003614,ALU00302,2026-02-01,2026-02-10,,1663.55,Em Aberto,202602
MEN00003615,ALU00302,2026-03-01,2026-03-10,,1646.35,Vencido,202603
MEN00003616,ALU00302,2026-04-01,2026-04-10,2026-04-08,1690.88,Pago,202604
MEN00003617,ALU00302,2026-05-01,2026-05-10,2026-05-08,1608.0,Pago,202605
MEN00003618,ALU00302,2026-06-01,2026-06-10,2026-06-10,1648.18,Pago,202606
MEN00003619,ALU00302,2026-07-01,2026-07-10,,1684.52,Em Aberto,202607
MEN00003620,ALU00302,2026-08-01,2026-08-10,2026-08-14,1640.6,Pago,202608
MEN00003621,ALU00302,2026-09-01,2026-09-10,2026-09-15,1676.0,Pago,202609
MEN00003622,ALU00302,2026-10-01,2026-10-10,2026-10-08,1604.01,Pago,202610
MEN00003623,ALU00302,2026-11-01,2026-11-10,2026-11-18,1698.86,Pago,202611
MEN00003624,ALU00302,2026-12-01,2026-12-10,,1637.39,Vencido,202612
MEN00003625,ALU00303,2026-01-01,2026-01-10,2026-01-10,1654.73,Pago,202601
MEN00003626,ALU00303,2026-02-01,2026-02-10,2026-02-10,1680.0,Pago,202602
MEN00003627,ALU00303,2026-03-01,2026-03-10,2026-03-16,1689.11,Pago,202603
MEN00003628,ALU00303,2026-04-01,2026-04-10,2026-04-18,1616.0,Pago,202604
MEN00003629,ALU00303,2026-05-01,2026-05-10,2026-05-10,1688.08,Pago,202605
MEN00003630,ALU00303,2026-06-01,2026-06-10,,1665.5,Em Aberto,202606
MEN00003631,ALU00303,2026-07-01,2026-07-10,,1697.85,Em Aberto,202607
MEN00003632,ALU00303,2026-08-01,2026-08-10,,1670.43,Em Aberto,202608
MEN00003633,ALU00303,2026-09-01,2026-09-10,2026-09-09,1655.65,Pago,202609
MEN00003634,ALU00303,2026-10-01,2026-10-10,2026-10-14,1647.63,Pago,202610
MEN00003635,ALU00303,2026-11-01,2026-11-10,2026-11-18,1690.01,Pago,202611
MEN00003636,ALU00303,2026-12-01,2026-12-10,2026-12-15,1635.98,Pago,202612
MEN00003637,ALU00304,2026-01-01,2026-01-10,2026-01-15,1680.94,Pago,202601
MEN00003638,ALU00304,2026-02-01,2026-02-10,2026-02-16,1666.87,Pago,202602
MEN00003639,ALU00304,2026-03-01,2026-03-10,2026-03-17,1607.83,Pago,202603
MEN00003640,ALU00304,2026-04-01,2026-04-10,2026-04-15,1601.02,Pago,202604
MEN00003641,ALU00304,2026-05-01,2026-05-10,2026-05-10,1671.38,Pago,202605
MEN00003642,ALU00304,2026-06-01,2026-06-10,2026-06-17,1625.91,Pago,202606
MEN00003643,ALU00304,2026-07-01,2026-07-10,2026-07-16,1613.67,Pago,202607
MEN00003644,ALU00304,2026-08-01,2026-08-10,2026-08-15,1649.36,Pago,202608
MEN00003645,ALU00304,2026-09-01,2026-09-10,2026-09-16,1623.48,Pago,202609
MEN00003646,ALU00304,2026-10-01,2026-10-10,2026-10-07,1635.95,Pago,202610
MEN00003647,ALU00304,2026-11-01,2026-11-10,2026-11-07,1646.12,Pago,202611
MEN00003648,ALU00304,2026-12-01,2026-12-10,2026-12-09,1632.57,Pago,202612
MEN00003649,ALU00305,2026-01-01,2026-01-10,2026-01-11,1623.17,Pago,202601
MEN00003650,ALU00305,2026-02-01,2026-02-10,2026-02-16,1616.0,Pago,202602
MEN00003651,ALU00305,2026-03-01,2026-03-10,2026-03-09,1647.1,Pago,202603
MEN00003652,ALU00305,2026-04-01,2026-04-10,2026-04-17,1634.84,Pago,202604
MEN00003653,ALU00305,2026-05-01,2026-05-10,2026-05-11,1624.44,Pago,202605
MEN00003654,ALU00305,2026-06-01,2026-06-10,2026-06-14,1683.02,Pago,202606
MEN00003655,ALU00305,2026-07-01,2026-07-10,2026-07-14,1649.28,Pago,202607
MEN00003656,ALU00305,2026-08-01,2026-08-10,2026-08-11,1699.03,Pago,202608
MEN00003657,ALU00305,2026-09-01,2026-09-10,2026-09-15,1659.2,Pago,202609
MEN00003658,ALU00305,2026-10-01,2026-10-10,2026-10-09,1600.54,Pago,202610
MEN00003659,ALU00305,2026-11-01,2026-11-10,2026-11-12,1671.4,Pago,202611
MEN00003660,ALU00305,2026-12-01,2026-12-10,2026-12-12,1621.01,Pago,202612
MEN00003661,ALU00306,2026-01-01,2026-01-10,,1687.88,Em Aberto,202601
MEN00003662,ALU00306,2026-02-01,2026-02-10,,1681.83,Vencido,202602
MEN00003663,ALU00306,2026-03-01,2026-03-10,2026-03-14,1649.21,Pago,202603
MEN00003664,ALU00306,2026-04-01,2026-04-10,2026-04-08,1674.21,Pago,202604
MEN00003665,ALU00306,2026-05-01,2026-05-10,2026-05-16,1627.83,Pago,202605
MEN00003666,ALU00306,2026-06-01,2026-06-10,,1605.98,Vencido,202606
MEN00003667,ALU00306,2026-07-01,2026-07-10,,1610.85,Vencido,202607
MEN00003668,ALU00306,2026-08-01,2026-08-10,2026-08-16,1683.52,Pago,202608
MEN00003669,ALU00306,2026-09-01,2026-09-10,2026-09-16,1686.99,Pago,202609
MEN00003670,ALU00306,2026-10-01,2026-10-10,2026-10-11,1625.6,Pago,202610
MEN00003671,ALU00306,2026-11-01,2026-11-10,2026-11-14,1696.6,Pago,202611
MEN00003672,ALU00306,2026-12-01,2026-12-10,2026-12-07,1688.6,Pago,202612
MEN00003673,ALU00307,2026-01-01,2026-01-10,,1603.05,Em Aberto,202601
MEN00003674,ALU00307,2026-02-01,2026-02-10,2026-02-14,1639.19,Pago,202602
MEN00003675,ALU00307,2026-03-01,2026-03-10,2026-03-09,1687.15,Pago,202603
MEN00003676,ALU00307,2026-04-01,2026-04-10,2026-04-12,1693.63,Pago,202604
MEN00003677,ALU00307,2026-05-01,2026-05-10,2026-05-09,1609.97,Pago,202605
MEN00003678,ALU00307,2026-06-01,2026-06-10,2026-06-14,1668.06,Pago,202606
MEN00003679,ALU00307,2026-07-01,2026-07-10,2026-07-09,1694.5,Pago,202607
MEN00003680,ALU00307,2026-08-01,2026-08-10,2026-08-10,1602.69,Pago,202608
MEN00003681,ALU00307,2026-09-01,2026-09-10,2026-09-11,1627.88,Pago,202609
MEN00003682,ALU00307,2026-10-01,2026-10-10,2026-10-08,1667.74,Pago,202610
MEN00003683,ALU00307,2026-11-01,2026-11-10,2026-11-09,1603.01,Pago,202611
MEN00003684,ALU00307,2026-12-01,2026-12-10,2026-12-11,1659.83,Pago,202612
MEN00003685,ALU00308,2026-01-01,2026-01-10,2026-01-12,1684.76,Pago,202601
MEN00003686,ALU00308,2026-02-01,2026-02-10,2026-02-14,1626.23,Pago,202602
MEN00003687,ALU00308,2026-03-01,2026-03-10,2026-03-07,1631.02,Pago,202603
MEN00003688,ALU00308,2026-04-01,2026-04-10,2026-04-15,1635.78,Pago,202604
MEN00003689,ALU00308,2026-05-01,2026-05-10,,1658.36,Vencido,202605
MEN00003690,ALU00308,2026-06-01,2026-06-10,2026-06-11,1694.24,Pago,202606
MEN00003691,ALU00308,2026-07-01,2026-07-10,2026-07-10,1636.09,Pago,202607
MEN00003692,ALU00308,2026-08-01,2026-08-10,2026-08-07,1671.16,Pago,202608
MEN00003693,ALU00308,2026-09-01,2026-09-10,2026-09-07,1646.67,Pago,202609
MEN00003694,ALU00308,2026-10-01,2026-10-10,2026-10-08,1614.62,Pago,202610
MEN00003695,ALU00308,2026-11-01,2026-11-10,2026-11-14,1672.77,Pago,202611
MEN00003696,ALU00308,2026-12-01,2026-12-10,,1664.79,Em Aberto,202612
MEN00003697,ALU00309,2026-01-01,2026-01-10,,1683.69,Em Aberto,202601
MEN00003698,ALU00309,2026-02-01,2026-02-10,2026-02-18,1618.43,Pago,202602
MEN00003699,ALU00309,2026-03-01,2026-03-10,2026-03-13,1637.67,Pago,202603
MEN00003700,ALU00309,2026-04-01,2026-04-10,2026-04-15,1639.09,Pago,202604
MEN00003701,ALU00309,2026-05-01,2026-05-10,2026-05-11,1612.95,Pago,202605
MEN00003702,ALU00309,2026-06-01,2026-06-10,2026-06-18,1609.6,Pago,202606
MEN00003703,ALU00309,2026-07-01,2026-07-10,2026-07-10,1684.95,Pago,202607
MEN00003704,ALU00309,2026-08-01,2026-08-10,2026-08-15,1626.67,Pago,202608
MEN00003705,ALU00309,2026-09-01,2026-09-10,2026-09-07,1670.88,Pago,202609
MEN00003706,ALU00309,2026-10-01,2026-10-10,2026-10-15,1670.39,Pago,202610
MEN00003707,ALU00309,2026-11-01,2026-11-10,2026-11-12,1660.92,Pago,202611
MEN00003708,ALU00309,2026-12-01,2026-12-10,2026-12-16,1637.34,Pago,202612
MEN00003709,ALU00310,2026-01-01,2026-01-10,2026-01-11,1614.13,Pago,202601
MEN00003710,ALU00310,2026-02-01,2026-02-10,2026-02-16,1665.58,Pago,202602
MEN00003711,ALU00310,2026-03-01,2026-03-10,,1629.34,Vencido,202603
MEN00003712,ALU00310,2026-04-01,2026-04-10,,1654.91,Em Aberto,202604
MEN00003713,ALU00310,2026-05-01,2026-05-10,2026-05-08,1620.22,Pago,202605
MEN00003714,ALU00310,2026-06-01,2026-06-10,2026-06-10,1630.65,Pago,202606
MEN00003715,ALU00310,2026-07-01,2026-07-10,2026-07-09,1691.57,Pago,202607
MEN00003716,ALU00310,2026-08-01,2026-08-10,,1610.14,Vencido,202608
MEN00003717,ALU00310,2026-09-01,2026-09-10,2026-09-17,1652.55,Pago,202609
MEN00003718,ALU00310,2026-10-01,2026-10-10,2026-10-09,1630.93,Pago,202610
MEN00003719,ALU00310,2026-11-01,2026-11-10,,1698.09,Vencido,202611
MEN00003720,ALU00310,2026-12-01,2026-12-10,2026-12-08,1616.23,Pago,202612
MEN00003721,ALU00311,2026-01-01,2026-01-10,,1670.13,Em Aberto,202601
MEN00003722,ALU00311,2026-02-01,2026-02-10,2026-02-14,1668.22,Pago,202602
MEN00003723,ALU00311,2026-03-01,2026-03-10,2026-03-16,1643.18,Pago,202603
MEN00003724,ALU00311,2026-04-01,2026-04-10,2026-04-15,1682.95,Pago,202604
MEN00003725,ALU00311,2026-05-01,2026-05-10,2026-05-13,1655.5,Pago,202605
MEN00003726,ALU00311,2026-06-01,2026-06-10,2026-06-12,1609.04,Pago,202606
MEN00003727,ALU00311,2026-07-01,2026-07-10,2026-07-09,1691.04,Pago,202607
MEN00003728,ALU00311,2026-08-01,2026-08-10,2026-08-14,1681.37,Pago,202608
MEN00003729,ALU00311,2026-09-01,2026-09-10,,1629.18,Em Aberto,202609
MEN00003730,ALU00311,2026-10-01,2026-10-10,2026-10-14,1636.74,Pago,202610
MEN00003731,ALU00311,2026-11-01,2026-11-10,2026-11-09,1667.4,Pago,202611
MEN00003732,ALU00311,2026-12-01,2026-12-10,2026-12-11,1612.99,Pago,202612
MEN00003733,ALU00312,2026-01-01,2026-01-10,,1694.05,Vencido,202601
MEN00003734,ALU00312,2026-02-01,2026-02-10,2026-02-18,1679.18,Pago,202602
MEN00003735,ALU00312,2026-03-01,2026-03-10,2026-03-13,1660.43,Pago,202603
MEN00003736,ALU00312,2026-04-01,2026-04-10,,1694.82,Em Aberto,202604
MEN00003737,ALU00312,2026-05-01,2026-05-10,2026-05-11,1692.23,Pago,202605
MEN00003738,ALU00312,2026-06-01,2026-06-10,2026-06-13,1647.76,Pago,202606
MEN00003739,ALU00312,2026-07-01,2026-07-10,2026-07-11,1624.01,Pago,202607
MEN00003740,ALU00312,2026-08-01,2026-08-10,2026-08-08,1699.31,Pago,202608
MEN00003741,ALU00312,2026-09-01,2026-09-10,2026-09-14,1671.74,Pago,202609
MEN00003742,ALU00312,2026-10-01,2026-10-10,2026-10-11,1612.37,Pago,202610
MEN00003743,ALU00312,2026-11-01,2026-11-10,2026-11-08,1647.12,Pago,202611
MEN00003744,ALU00312,2026-12-01,2026-12-10,2026-12-13,1660.87,Pago,202612
MEN00003745,ALU00313,2026-01-01,2026-01-10,2026-01-11,1697.3,Pago,202601
MEN00003746,ALU00313,2026-02-01,2026-02-10,,1648.45,Vencido,202602
MEN00003747,ALU00313,2026-03-01,2026-03-10,,1658.38,Vencido,202603
MEN00003748,ALU00313,2026-04-01,2026-04-10,2026-04-12,1695.27,Pago,202604
MEN00003749,ALU00313,2026-05-01,2026-05-10,2026-05-10,1654.51,Pago,202605
MEN00003750,ALU00313,2026-06-01,2026-06-10,2026-06-08,1686.24,Pago,202606
MEN00003751,ALU00313,2026-07-01,2026-07-10,,1668.56,Vencido,202607
MEN00003752,ALU00313,2026-08-01,2026-08-10,2026-08-18,1620.62,Pago,202608
MEN00003753,ALU00313,2026-09-01,2026-09-10,2026-09-18,1670.11,Pago,202609
MEN00003754,ALU00313,2026-10-01,2026-10-10,2026-10-14,1652.47,Pago,202610
MEN00003755,ALU00313,2026-11-01,2026-11-10,2026-11-13,1670.16,Pago,202611
MEN00003756,ALU00313,2026-12-01,2026-12-10,2026-12-13,1637.66,Pago,202612
MEN00003757,ALU00314,2026-01-01,2026-01-10,2026-01-11,1692.23,Pago,202601
MEN00003758,ALU00314,2026-02-01,2026-02-10,2026-02-11,1613.06,Pago,202602
MEN00003759,ALU00314,2026-03-01,2026-03-10,2026-03-08,1679.93,Pago,202603
MEN00003760,ALU00314,2026-04-01,2026-04-10,2026-04-16,1653.2,Pago,202604
MEN00003761,ALU00314,2026-05-01,2026-05-10,2026-05-08,1643.19,Pago,202605
MEN00003762,ALU00314,2026-06-01,2026-06-10,2026-06-16,1665.44,Pago,202606
MEN00003763,ALU00314,2026-07-01,2026-07-10,2026-07-11,1620.62,Pago,202607
MEN00003764,ALU00314,2026-08-01,2026-08-10,2026-08-15,1688.09,Pago,202608
MEN00003765,ALU00314,2026-09-01,2026-09-10,,1644.9,Em Aberto,202609
MEN00003766,ALU00314,2026-10-01,2026-10-10,2026-10-15,1615.64,Pago,202610
MEN00003767,ALU00314,2026-11-01,2026-11-10,2026-11-09,1626.29,Pago,202611
MEN00003768,ALU00314,2026-12-01,2026-12-10,2026-12-10,1695.64,Pago,202612
MEN00003769,ALU00315,2026-01-01,2026-01-10,2026-01-11,1622.82,Pago,202601
MEN00003770,ALU00315,2026-02-01,2026-02-10,,1652.19,Em Aberto,202602
MEN00003771,ALU00315,2026-03-01,2026-03-10,2026-03-14,1633.04,Pago,202603
MEN00003772,ALU00315,2026-04-01,2026-04-10,2026-04-08,1610.87,Pago,202604
MEN00003773,ALU00315,2026-05-01,2026-05-10,2026-05-18,1672.75,Pago,202605
MEN00003774,ALU00315,2026-06-01,2026-06-10,2026-06-11,1620.09,Pago,202606
MEN00003775,ALU00315,2026-07-01,2026-07-10,2026-07-13,1659.3,Pago,202607
MEN00003776,ALU00315,2026-08-01,2026-08-10,2026-08-09,1637.19,Pago,202608
MEN00003777,ALU00315,2026-09-01,2026-09-10,,1693.21,Em Aberto,202609
MEN00003778,ALU00315,2026-10-01,2026-10-10,2026-10-11,1673.02,Pago,202610
MEN00003779,ALU00315,2026-11-01,2026-11-10,2026-11-12,1612.14,Pago,202611
MEN00003780,ALU00315,2026-12-01,2026-12-10,2026-12-08,1641.25,Pago,202612
MEN00003781,ALU00316,2026-01-01,2026-01-10,2026-01-11,1675.62,Pago,202601
MEN00003782,ALU00316,2026-02-01,2026-02-10,2026-02-11,1675.31,Pago,202602
MEN00003783,ALU00316,2026-03-01,2026-03-10,2026-03-14,1691.94,Pago,202603
MEN00003784,ALU00316,2026-04-01,2026-04-10,2026-04-15,1642.13,Pago,202604
MEN00003785,ALU00316,2026-05-01,2026-05-10,2026-05-07,1693.22,Pago,202605
MEN00003786,ALU00316,2026-06-01,2026-06-10,,1606.41,Em Aberto,202606
MEN00003787,ALU00316,2026-07-01,2026-07-10,,1614.05,Em Aberto,202607
MEN00003788,ALU00316,2026-08-01,2026-08-10,2026-08-09,1665.77,Pago,202608
MEN00003789,ALU00316,2026-09-01,2026-09-10,2026-09-18,1663.39,Pago,202609
MEN00003790,ALU00316,2026-10-01,2026-10-10,2026-10-09,1690.15,Pago,202610
MEN00003791,ALU00316,2026-11-01,2026-11-10,,1679.65,Em Aberto,202611
MEN00003792,ALU00316,2026-12-01,2026-12-10,2026-12-16,1648.35,Pago,202612
MEN00003793,ALU00317,2026-01-01,2026-01-10,2026-01-09,1660.44,Pago,202601
MEN00003794,ALU00317,2026-02-01,2026-02-10,2026-02-09,1637.83,Pago,202602
MEN00003795,ALU00317,2026-03-01,2026-03-10,2026-03-14,1692.17,Pago,202603
MEN00003796,ALU00317,2026-04-01,2026-04-10,2026-04-15,1690.47,Pago,202604
MEN00003797,ALU00317,2026-05-01,2026-05-10,2026-05-12,1609.64,Pago,202605
MEN00003798,ALU00317,2026-06-01,2026-06-10,2026-06-10,1617.74,Pago,202606
MEN00003799,ALU00317,2026-07-01,2026-07-10,,1653.5,Em Aberto,202607
MEN00003800,ALU00317,2026-08-01,2026-08-10,2026-08-09,1653.54,Pago,202608
MEN00003801,ALU00317,2026-09-01,2026-09-10,2026-09-15,1667.85,Pago,202609
MEN00003802,ALU00317,2026-10-01,2026-10-10,2026-10-10,1636.9,Pago,202610
MEN00003803,ALU00317,2026-11-01,2026-11-10,2026-11-08,1689.9,Pago,202611
MEN00003804,ALU00317,2026-12-01,2026-12-10,2026-12-18,1665.89,Pago,202612
MEN00003805,ALU00318,2026-01-01,2026-01-10,2026-01-09,1660.76,Pago,202601
MEN00003806,ALU00318,2026-02-01,2026-02-10,,1625.87,Em Aberto,202602
MEN00003807,ALU00318,2026-03-01,2026-03-10,2026-03-15,1627.21,Pago,202603
MEN00003808,ALU00318,2026-04-01,2026-04-10,2026-04-16,1684.09,Pago,202604
MEN00003809,ALU00318,2026-05-01,2026-05-10,2026-05-15,1652.95,Pago,202605
MEN00003810,ALU00318,2026-06-01,2026-06-10,2026-06-16,1625.98,Pago,202606
MEN00003811,ALU00318,2026-07-01,2026-07-10,2026-07-09,1682.43,Pago,202607
MEN00003812,ALU00318,2026-08-01,2026-08-10,2026-08-09,1626.14,Pago,202608
MEN00003813,ALU00318,2026-09-01,2026-09-10,2026-09-17,1652.13,Pago,202609
MEN00003814,ALU00318,2026-10-01,2026-10-10,2026-10-09,1688.14,Pago,202610
MEN00003815,ALU00318,2026-11-01,2026-11-10,2026-11-18,1682.65,Pago,202611
MEN00003816,ALU00318,2026-12-01,2026-12-10,2026-12-07,1679.49,Pago,202612
MEN00003817,ALU00319,2026-01-01,2026-01-10,2026-01-08,1649.64,Pago,202601
MEN00003818,ALU00319,2026-02-01,2026-02-10,2026-02-10,1614.36,Pago,202602
MEN00003819,ALU00319,2026-03-01,2026-03-10,2026-03-09,1641.14,Pago,202603
MEN00003820,ALU00319,2026-04-01,2026-04-10,,1625.43,Em Aberto,202604
MEN00003821,ALU00319,2026-05-01,2026-05-10,2026-05-08,1689.32,Pago,202605
MEN00003822,ALU00319,2026-06-01,2026-06-10,2026-06-09,1609.08,Pago,202606
MEN00003823,ALU00319,2026-07-01,2026-07-10,2026-07-08,1636.57,Pago,202607
MEN00003824,ALU00319,2026-08-01,2026-08-10,2026-08-18,1639.36,Pago,202608
MEN00003825,ALU00319,2026-09-01,2026-09-10,,1637.71,Em Aberto,202609
MEN00003826,ALU00319,2026-10-01,2026-10-10,2026-10-07,1669.5,Pago,202610
MEN00003827,ALU00319,2026-11-01,2026-11-10,2026-11-09,1610.39,Pago,202611
MEN00003828,ALU00319,2026-12-01,2026-12-10,2026-12-13,1642.98,Pago,202612
MEN00003829,ALU00320,2026-01-01,2026-01-10,2026-01-11,1635.64,Pago,202601
MEN00003830,ALU00320,2026-02-01,2026-02-10,2026-02-12,1607.06,Pago,202602
MEN00003831,ALU00320,2026-03-01,2026-03-10,2026-03-08,1673.17,Pago,202603
MEN00003832,ALU00320,2026-04-01,2026-04-10,2026-04-13,1624.07,Pago,202604
MEN00003833,ALU00320,2026-05-01,2026-05-10,2026-05-07,1669.97,Pago,202605
MEN00003834,ALU00320,2026-06-01,2026-06-10,2026-06-12,1644.97,Pago,202606
MEN00003835,ALU00320,2026-07-01,2026-07-10,2026-07-17,1672.14,Pago,202607
MEN00003836,ALU00320,2026-08-01,2026-08-10,,1653.33,Vencido,202608
MEN00003837,ALU00320,2026-09-01,2026-09-10,2026-09-08,1614.83,Pago,202609
MEN00003838,ALU00320,2026-10-01,2026-10-10,2026-10-08,1694.33,Pago,202610
MEN00003839,ALU00320,2026-11-01,2026-11-10,2026-11-17,1671.68,Pago,202611
MEN00003840,ALU00320,2026-12-01,2026-12-10,2026-12-17,1601.64,Pago,202612
MEN00003841,ALU00321,2026-01-01,2026-01-10,2026-01-16,1634.03,Pago,202601
MEN00003842,ALU00321,2026-02-01,2026-02-10,2026-02-16,1629.7,Pago,202602
MEN00003843,ALU00321,2026-03-01,2026-03-10,2026-03-10,1639.28,Pago,202603
MEN00003844,ALU00321,2026-04-01,2026-04-10,2026-04-11,1684.01,Pago,202604
MEN00003845,ALU00321,2026-05-01,2026-05-10,2026-05-17,1669.1,Pago,202605
MEN00003846,ALU00321,2026-06-01,2026-06-10,2026-06-07,1630.85,Pago,202606
MEN00003847,ALU00321,2026-07-01,2026-07-10,2026-07-16,1651.41,Pago,202607
MEN00003848,ALU00321,2026-08-01,2026-08-10,2026-08-10,1676.85,Pago,202608
MEN00003849,ALU00321,2026-09-01,2026-09-10,2026-09-17,1635.88,Pago,202609
MEN00003850,ALU00321,2026-10-01,2026-10-10,,1663.48,Em Aberto,202610
MEN00003851,ALU00321,2026-11-01,2026-11-10,,1666.22,Vencido,202611
MEN00003852,ALU00321,2026-12-01,2026-12-10,,1646.07,Vencido,202612
MEN00003853,ALU00322,2026-01-01,2026-01-10,2026-01-08,1635.91,Pago,202601
MEN00003854,ALU00322,2026-02-01,2026-02-10,2026-02-18,1693.49,Pago,202602
MEN00003855,ALU00322,2026-03-01,2026-03-10,2026-03-12,1699.02,Pago,202603
MEN00003856,ALU00322,2026-04-01,2026-04-10,2026-04-11,1657.48,Pago,202604
MEN00003857,ALU00322,2026-05-01,2026-05-10,,1666.7,Em Aberto,202605
MEN00003858,ALU00322,2026-06-01,2026-06-10,2026-06-15,1664.89,Pago,202606
MEN00003859,ALU00322,2026-07-01,2026-07-10,2026-07-13,1643.26,Pago,202607
MEN00003860,ALU00322,2026-08-01,2026-08-10,,1644.11,Vencido,202608
MEN00003861,ALU00322,2026-09-01,2026-09-10,2026-09-13,1698.87,Pago,202609
MEN00003862,ALU00322,2026-10-01,2026-10-10,2026-10-17,1638.64,Pago,202610
MEN00003863,ALU00322,2026-11-01,2026-11-10,,1602.66,Em Aberto,202611
MEN00003864,ALU00322,2026-12-01,2026-12-10,2026-12-09,1679.39,Pago,202612
MEN00003865,ALU00323,2026-01-01,2026-01-10,,1685.26,Em Aberto,202601
MEN00003866,ALU00323,2026-02-01,2026-02-10,,1668.73,Vencido,202602
MEN00003867,ALU00323,2026-03-01,2026-03-10,2026-03-09,1640.23,Pago,202603
MEN00003868,ALU00323,2026-04-01,2026-04-10,2026-04-13,1637.55,Pago,202604
MEN00003869,ALU00323,2026-05-01,2026-05-10,2026-05-08,1639.26,Pago,202605
MEN00003870,ALU00323,2026-06-01,2026-06-10,2026-06-12,1667.03,Pago,202606
MEN00003871,ALU00323,2026-07-01,2026-07-10,,1681.13,Vencido,202607
MEN00003872,ALU00323,2026-08-01,2026-08-10,2026-08-15,1632.6,Pago,202608
MEN00003873,ALU00323,2026-09-01,2026-09-10,2026-09-10,1681.19,Pago,202609
MEN00003874,ALU00323,2026-10-01,2026-10-10,2026-10-11,1616.08,Pago,202610
MEN00003875,ALU00323,2026-11-01,2026-11-10,2026-11-15,1614.99,Pago,202611
MEN00003876,ALU00323,2026-12-01,2026-12-10,,1645.35,Vencido,202612
MEN00003877,ALU00324,2026-01-01,2026-01-10,2026-01-17,1631.31,Pago,202601
MEN00003878,ALU00324,2026-02-01,2026-02-10,2026-02-09,1622.51,Pago,202602
MEN00003879,ALU00324,2026-03-01,2026-03-10,2026-03-18,1614.35,Pago,202603
MEN00003880,ALU00324,2026-04-01,2026-04-10,2026-04-12,1683.67,Pago,202604
MEN00003881,ALU00324,2026-05-01,2026-05-10,2026-05-11,1606.77,Pago,202605
MEN00003882,ALU00324,2026-06-01,2026-06-10,2026-06-16,1636.15,Pago,202606
MEN00003883,ALU00324,2026-07-01,2026-07-10,,1665.63,Em Aberto,202607
MEN00003884,ALU00324,2026-08-01,2026-08-10,2026-08-08,1680.26,Pago,202608
MEN00003885,ALU00324,2026-09-01,2026-09-10,2026-09-17,1622.35,Pago,202609
MEN00003886,ALU00324,2026-10-01,2026-10-10,2026-10-13,1627.43,Pago,202610
MEN00003887,ALU00324,2026-11-01,2026-11-10,2026-11-18,1626.89,Pago,202611
MEN00003888,ALU00324,2026-12-01,2026-12-10,2026-12-08,1675.83,Pago,202612
MEN00003889,ALU00325,2026-01-01,2026-01-10,2026-01-12,1655.41,Pago,202601
MEN00003890,ALU00325,2026-02-01,2026-02-10,,1672.51,Em Aberto,202602
MEN00003891,ALU00325,2026-03-01,2026-03-10,2026-03-10,1686.83,Pago,202603
MEN00003892,ALU00325,2026-04-01,2026-04-10,2026-04-13,1636.24,Pago,202604
MEN00003893,ALU00325,2026-05-01,2026-05-10,2026-05-14,1635.01,Pago,202605
MEN00003894,ALU00325,2026-06-01,2026-06-10,2026-06-11,1648.42,Pago,202606
MEN00003895,ALU00325,2026-07-01,2026-07-10,2026-07-10,1652.45,Pago,202607
MEN00003896,ALU00325,2026-08-01,2026-08-10,2026-08-12,1609.45,Pago,202608
MEN00003897,ALU00325,2026-09-01,2026-09-10,2026-09-12,1628.07,Pago,202609
MEN00003898,ALU00325,2026-10-01,2026-10-10,2026-10-11,1616.87,Pago,202610
MEN00003899,ALU00325,2026-11-01,2026-11-10,2026-11-13,1684.46,Pago,202611
MEN00003900,ALU00325,2026-12-01,2026-12-10,,1626.06,Vencido,202612
MEN00003901,ALU00326,2026-01-01,2026-01-10,2026-01-08,1658.55,Pago,202601
MEN00003902,ALU00326,2026-02-01,2026-02-10,2026-02-12,1623.76,Pago,202602
MEN00003903,ALU00326,2026-03-01,2026-03-10,2026-03-13,1699.34,Pago,202603
MEN00003904,ALU00326,2026-04-01,2026-04-10,,1675.88,Em Aberto,202604
MEN00003905,ALU00326,2026-05-01,2026-05-10,2026-05-08,1602.07,Pago,202605
MEN00003906,ALU00326,2026-06-01,2026-06-10,2026-06-07,1689.87,Pago,202606
MEN00003907,ALU00326,2026-07-01,2026-07-10,2026-07-18,1606.58,Pago,202607
MEN00003908,ALU00326,2026-08-01,2026-08-10,2026-08-08,1698.62,Pago,202608
MEN00003909,ALU00326,2026-09-01,2026-09-10,,1688.97,Vencido,202609
MEN00003910,ALU00326,2026-10-01,2026-10-10,2026-10-17,1692.19,Pago,202610
MEN00003911,ALU00326,2026-11-01,2026-11-10,2026-11-17,1618.08,Pago,202611
MEN00003912,ALU00326,2026-12-01,2026-12-10,,1694.4,Vencido,202612
MEN00003913,ALU00327,2026-01-01,2026-01-10,2026-01-14,1601.25,Pago,202601
MEN00003914,ALU00327,2026-02-01,2026-02-10,2026-02-18,1678.42,Pago,202602
MEN00003915,ALU00327,2026-03-01,2026-03-10,,1601.3,Em Aberto,202603
MEN00003916,ALU00327,2026-04-01,2026-04-10,2026-04-10,1641.2,Pago,202604
MEN00003917,ALU00327,2026-05-01,2026-05-10,2026-05-07,1637.8,Pago,202605
MEN00003918,ALU00327,2026-06-01,2026-06-10,2026-06-14,1614.57,Pago,202606
MEN00003919,ALU00327,2026-07-01,2026-07-10,2026-07-14,1602.2,Pago,202607
MEN00003920,ALU00327,2026-08-01,2026-08-10,2026-08-13,1622.09,Pago,202608
MEN00003921,ALU00327,2026-09-01,2026-09-10,,1669.33,Em Aberto,202609
MEN00003922,ALU00327,2026-10-01,2026-10-10,2026-10-18,1682.03,Pago,202610
MEN00003923,ALU00327,2026-11-01,2026-11-10,2026-11-15,1647.63,Pago,202611
MEN00003924,ALU00327,2026-12-01,2026-12-10,2026-12-08,1647.87,Pago,202612
MEN00003925,ALU00328,2026-01-01,2026-01-10,2026-01-18,1612.61,Pago,202601
MEN00003926,ALU00328,2026-02-01,2026-02-10,,1670.82,Em Aberto,202602
MEN00003927,ALU00328,2026-03-01,2026-03-10,2026-03-15,1689.72,Pago,202603
MEN00003928,ALU00328,2026-04-01,2026-04-10,2026-04-10,1668.87,Pago,202604
MEN00003929,ALU00328,2026-05-01,2026-05-10,2026-05-12,1680.53,Pago,202605
MEN00003930,ALU00328,2026-06-01,2026-06-10,2026-06-15,1629.14,Pago,202606
MEN00003931,ALU00328,2026-07-01,2026-07-10,,1648.26,Vencido,202607
MEN00003932,ALU00328,2026-08-01,2026-08-10,2026-08-18,1689.43,Pago,202608
MEN00003933,ALU00328,2026-09-01,2026-09-10,2026-09-11,1613.57,Pago,202609
MEN00003934,ALU00328,2026-10-01,2026-10-10,2026-10-11,1638.6,Pago,202610
MEN00003935,ALU00328,2026-11-01,2026-11-10,2026-11-17,1661.95,Pago,202611
MEN00003936,ALU00328,2026-12-01,2026-12-10,2026-12-14,1677.28,Pago,202612
MEN00003937,ALU00329,2026-01-01,2026-01-10,,1683.32,Em Aberto,202601
MEN00003938,ALU00329,2026-02-01,2026-02-10,2026-02-15,1690.02,Pago,202602
MEN00003939,ALU00329,2026-03-01,2026-03-10,,1633.41,Em Aberto,202603
MEN00003940,ALU00329,2026-04-01,2026-04-10,2026-04-09,1643.34,Pago,202604
MEN00003941,ALU00329,2026-05-01,2026-05-10,2026-05-16,1612.54,Pago,202605
MEN00003942,ALU00329,2026-06-01,2026-06-10,2026-06-14,1685.42,Pago,202606
MEN00003943,ALU00329,2026-07-01,2026-07-10,2026-07-13,1612.5,Pago,202607
MEN00003944,ALU00329,2026-08-01,2026-08-10,2026-08-18,1628.5,Pago,202608
MEN00003945,ALU00329,2026-09-01,2026-09-10,,1679.88,Em Aberto,202609
MEN00003946,ALU00329,2026-10-01,2026-10-10,2026-10-07,1649.34,Pago,202610
MEN00003947,ALU00329,2026-11-01,2026-11-10,2026-11-13,1610.02,Pago,202611
MEN00003948,ALU00329,2026-12-01,2026-12-10,2026-12-07,1653.38,Pago,202612
MEN00003949,ALU00330,2026-01-01,2026-01-10,2026-01-17,1646.39,Pago,202601
MEN00003950,ALU00330,2026-02-01,2026-02-10,2026-02-14,1620.28,Pago,202602
MEN00003951,ALU00330,2026-03-01,2026-03-10,2026-03-15,1664.56,Pago,202603
MEN00003952,ALU00330,2026-04-01,2026-04-10,2026-04-13,1602.0,Pago,202604
MEN00003953,ALU00330,2026-05-01,2026-05-10,2026-05-10,1646.12,Pago,202605
MEN00003954,ALU00330,2026-06-01,2026-06-10,2026-06-10,1630.99,Pago,202606
MEN00003955,ALU00330,2026-07-01,2026-07-10,2026-07-18,1639.46,Pago,202607
MEN00003956,ALU00330,2026-08-01,2026-08-10,2026-08-11,1672.63,Pago,202608
MEN00003957,ALU00330,2026-09-01,2026-09-10,2026-09-14,1679.71,Pago,202609
MEN00003958,ALU00330,2026-10-01,2026-10-10,2026-10-17,1604.43,Pago,202610
MEN00003959,ALU00330,2026-11-01,2026-11-10,,1660.73,Em Aberto,202611
MEN00003960,ALU00330,2026-12-01,2026-12-10,2026-12-17,1635.82,Pago,202612
MEN00003961,ALU00331,2026-01-01,2026-01-10,2026-01-16,1616.24,Pago,202601
MEN00003962,ALU00331,2026-02-01,2026-02-10,2026-02-16,1677.36,Pago,202602
MEN00003963,ALU00331,2026-03-01,2026-03-10,2026-03-14,1615.71,Pago,202603
MEN00003964,ALU00331,2026-04-01,2026-04-10,2026-04-10,1645.57,Pago,202604
MEN00003965,ALU00331,2026-05-01,2026-05-10,2026-05-14,1606.27,Pago,202605
MEN00003966,ALU00331,2026-06-01,2026-06-10,2026-06-14,1671.44,Pago,202606
MEN00003967,ALU00331,2026-07-01,2026-07-10,,1672.28,Em Aberto,202607
MEN00003968,ALU00331,2026-08-01,2026-08-10,2026-08-09,1627.03,Pago,202608
MEN00003969,ALU00331,2026-09-01,2026-09-10,2026-09-18,1607.95,Pago,202609
MEN00003970,ALU00331,2026-10-01,2026-10-10,2026-10-13,1691.92,Pago,202610
MEN00003971,ALU00331,2026-11-01,2026-11-10,2026-11-14,1660.42,Pago,202611
MEN00003972,ALU00331,2026-12-01,2026-12-10,2026-12-09,1657.94,Pago,202612
MEN00003973,ALU00332,2026-01-01,2026-01-10,2026-01-17,1674.93,Pago,202601
MEN00003974,ALU00332,2026-02-01,2026-02-10,2026-02-13,1680.86,Pago,202602
MEN00003975,ALU00332,2026-03-01,2026-03-10,2026-03-07,1630.46,Pago,202603
MEN00003976,ALU00332,2026-04-01,2026-04-10,2026-04-17,1681.83,Pago,202604
MEN00003977,ALU00332,2026-05-01,2026-05-10,,1679.15,Em Aberto,202605
MEN00003978,ALU00332,2026-06-01,2026-06-10,2026-06-08,1620.17,Pago,202606
MEN00003979,ALU00332,2026-07-01,2026-07-10,2026-07-09,1615.69,Pago,202607
MEN00003980,ALU00332,2026-08-01,2026-08-10,2026-08-11,1686.65,Pago,202608
MEN00003981,ALU00332,2026-09-01,2026-09-10,2026-09-15,1668.86,Pago,202609
MEN00003982,ALU00332,2026-10-01,2026-10-10,,1615.37,Em Aberto,202610
MEN00003983,ALU00332,2026-11-01,2026-11-10,2026-11-17,1601.18,Pago,202611
MEN00003984,ALU00332,2026-12-01,2026-12-10,2026-12-14,1620.33,Pago,202612
MEN00003985,ALU00333,2026-01-01,2026-01-10,2026-01-11,1669.3,Pago,202601
MEN00003986,ALU00333,2026-02-01,2026-02-10,2026-02-11,1642.6,Pago,202602
MEN00003987,ALU00333,2026-03-01,2026-03-10,2026-03-14,1659.55,Pago,202603
MEN00003988,ALU00333,2026-04-01,2026-04-10,2026-04-15,1645.0,Pago,202604
MEN00003989,ALU00333,2026-05-01,2026-05-10,2026-05-09,1673.71,Pago,202605
MEN00003990,ALU00333,2026-06-01,2026-06-10,2026-06-08,1691.85,Pago,202606
MEN00003991,ALU00333,2026-07-01,2026-07-10,,1611.92,Vencido,202607
MEN00003992,ALU00333,2026-08-01,2026-08-10,,1640.29,Em Aberto,202608
MEN00003993,ALU00333,2026-09-01,2026-09-10,2026-09-11,1605.8,Pago,202609
MEN00003994,ALU00333,2026-10-01,2026-10-10,2026-10-12,1620.08,Pago,202610
MEN00003995,ALU00333,2026-11-01,2026-11-10,2026-11-08,1607.7,Pago,202611
MEN00003996,ALU00333,2026-12-01,2026-12-10,2026-12-17,1696.98,Pago,202612
MEN00003997,ALU00334,2026-01-01,2026-01-10,2026-01-15,1605.68,Pago,202601
MEN00003998,ALU00334,2026-02-01,2026-02-10,2026-02-12,1684.7,Pago,202602
MEN00003999,ALU00334,2026-03-01,2026-03-10,2026-03-11,1640.11,Pago,202603
MEN00004000,ALU00334,2026-04-01,2026-04-10,2026-04-16,1681.61,Pago,202604
MEN00004001,ALU00334,2026-05-01,2026-05-10,2026-05-17,1635.12,Pago,202605
MEN00004002,ALU00334,2026-06-01,2026-06-10,2026-06-16,1675.68,Pago,202606
MEN00004003,ALU00334,2026-07-01,2026-07-10,2026-07-08,1664.0,Pago,202607
MEN00004004,ALU00334,2026-08-01,2026-08-10,2026-08-18,1642.55,Pago,202608
MEN00004005,ALU00334,2026-09-01,2026-09-10,,1651.23,Em Aberto,202609
MEN00004006,ALU00334,2026-10-01,2026-10-10,,1608.42,Em Aberto,202610
MEN00004007,ALU00334,2026-11-01,2026-11-10,2026-11-12,1631.62,Pago,202611
MEN00004008,ALU00334,2026-12-01,2026-12-10,,1634.44,Vencido,202612
MEN00004009,ALU00335,2026-01-01,2026-01-10,2026-01-17,1670.36,Pago,202601
MEN00004010,ALU00335,2026-02-01,2026-02-10,2026-02-13,1647.17,Pago,202602
MEN00004011,ALU00335,2026-03-01,2026-03-10,2026-03-12,1613.86,Pago,202603
MEN00004012,ALU00335,2026-04-01,2026-04-10,2026-04-15,1679.96,Pago,202604
MEN00004013,ALU00335,2026-05-01,2026-05-10,2026-05-18,1667.58,Pago,202605
MEN00004014,ALU00335,2026-06-01,2026-06-10,2026-06-17,1633.85,Pago,202606
MEN00004015,ALU00335,2026-07-01,2026-07-10,,1628.9,Vencido,202607
MEN00004016,ALU00335,2026-08-01,2026-08-10,2026-08-09,1600.99,Pago,202608
MEN00004017,ALU00335,2026-09-01,2026-09-10,2026-09-09,1699.25,Pago,202609
MEN00004018,ALU00335,2026-10-01,2026-10-10,2026-10-15,1643.52,Pago,202610
MEN00004019,ALU00335,2026-11-01,2026-11-10,,1623.86,Vencido,202611
MEN00004020,ALU00335,2026-12-01,2026-12-10,2026-12-10,1604.65,Pago,202612
MEN00004021,ALU00336,2026-01-01,2026-01-10,2026-01-11,1634.11,Pago,202601
MEN00004022,ALU00336,2026-02-01,2026-02-10,2026-02-09,1651.36,Pago,202602
MEN00004023,ALU00336,2026-03-01,2026-03-10,2026-03-15,1664.67,Pago,202603
MEN00004024,ALU00336,2026-04-01,2026-04-10,2026-04-18,1658.57,Pago,202604
MEN00004025,ALU00336,2026-05-01,2026-05-10,2026-05-08,1634.83,Pago,202605
MEN00004026,ALU00336,2026-06-01,2026-06-10,2026-06-14,1646.45,Pago,202606
MEN00004027,ALU00336,2026-07-01,2026-07-10,2026-07-07,1616.65,Pago,202607
MEN00004028,ALU00336,2026-08-01,2026-08-10,,1612.74,Vencido,202608
MEN00004029,ALU00336,2026-09-01,2026-09-10,2026-09-14,1636.67,Pago,202609
MEN00004030,ALU00336,2026-10-01,2026-10-10,2026-10-07,1627.54,Pago,202610
MEN00004031,ALU00336,2026-11-01,2026-11-10,2026-11-16,1699.38,Pago,202611
MEN00004032,ALU00336,2026-12-01,2026-12-10,2026-12-15,1649.35,Pago,202612
MEN00004033,ALU00337,2026-01-01,2026-01-10,,1656.51,Em Aberto,202601
MEN00004034,ALU00337,2026-02-01,2026-02-10,2026-02-12,1626.57,Pago,202602
MEN00004035,ALU00337,2026-03-01,2026-03-10,2026-03-09,1649.88,Pago,202603
MEN00004036,ALU00337,2026-04-01,2026-04-10,2026-04-14,1657.04,Pago,202604
MEN00004037,ALU00337,2026-05-01,2026-05-10,2026-05-07,1602.73,Pago,202605
MEN00004038,ALU00337,2026-06-01,2026-06-10,,1691.62,Vencido,202606
MEN00004039,ALU00337,2026-07-01,2026-07-10,2026-07-09,1696.07,Pago,202607
MEN00004040,ALU00337,2026-08-01,2026-08-10,2026-08-08,1646.75,Pago,202608
MEN00004041,ALU00337,2026-09-01,2026-09-10,2026-09-12,1612.63,Pago,202609
MEN00004042,ALU00337,2026-10-01,2026-10-10,,1671.84,Em Aberto,202610
MEN00004043,ALU00337,2026-11-01,2026-11-10,2026-11-16,1645.51,Pago,202611
MEN00004044,ALU00337,2026-12-01,2026-12-10,2026-12-15,1634.28,Pago,202612
MEN00004045,ALU00338,2026-01-01,2026-01-10,2026-01-07,1628.64,Pago,202601
MEN00004046,ALU00338,2026-02-01,2026-02-10,,1636.62,Em Aberto,202602
MEN00004047,ALU00338,2026-03-01,2026-03-10,,1671.36,Em Aberto,202603
MEN00004048,ALU00338,2026-04-01,2026-04-10,,1656.12,Vencido,202604
MEN00004049,ALU00338,2026-05-01,2026-05-10,2026-05-10,1671.8,Pago,202605
MEN00004050,ALU00338,2026-06-01,2026-06-10,2026-06-08,1692.14,Pago,202606
MEN00004051,ALU00338,2026-07-01,2026-07-10,2026-07-11,1672.2,Pago,202607
MEN00004052,ALU00338,2026-08-01,2026-08-10,,1678.48,Em Aberto,202608
MEN00004053,ALU00338,2026-09-01,2026-09-10,2026-09-07,1645.31,Pago,202609
MEN00004054,ALU00338,2026-10-01,2026-10-10,2026-10-07,1613.85,Pago,202610
MEN00004055,ALU00338,2026-11-01,2026-11-10,,1650.29,Em Aberto,202611
MEN00004056,ALU00338,2026-12-01,2026-12-10,2026-12-12,1642.84,Pago,202612
MEN00004057,ALU00339,2026-01-01,2026-01-10,2026-01-16,1697.61,Pago,202601
MEN00004058,ALU00339,2026-02-01,2026-02-10,2026-02-13,1694.95,Pago,202602
MEN00004059,ALU00339,2026-03-01,2026-03-10,,1614.8,Vencido,202603
MEN00004060,ALU00339,2026-04-01,2026-04-10,2026-04-09,1642.45,Pago,202604
MEN00004061,ALU00339,2026-05-01,2026-05-10,,1672.71,Vencido,202605
MEN00004062,ALU00339,2026-06-01,2026-06-10,2026-06-16,1635.89,Pago,202606
MEN00004063,ALU00339,2026-07-01,2026-07-10,2026-07-08,1642.5,Pago,202607
MEN00004064,ALU00339,2026-08-01,2026-08-10,2026-08-13,1615.21,Pago,202608
MEN00004065,ALU00339,2026-09-01,2026-09-10,2026-09-14,1631.73,Pago,202609
MEN00004066,ALU00339,2026-10-01,2026-10-10,2026-10-10,1679.76,Pago,202610
MEN00004067,ALU00339,2026-11-01,2026-11-10,2026-11-15,1646.06,Pago,202611
MEN00004068,ALU00339,2026-12-01,2026-12-10,,1698.63,Em Aberto,202612
MEN00004069,ALU00340,2026-01-01,2026-01-10,2026-01-11,1614.88,Pago,202601
MEN00004070,ALU00340,2026-02-01,2026-02-10,2026-02-15,1616.07,Pago,202602
MEN00004071,ALU00340,2026-03-01,2026-03-10,,1644.86,Vencido,202603
MEN00004072,ALU00340,2026-04-01,2026-04-10,2026-04-07,1624.34,Pago,202604
MEN00004073,ALU00340,2026-05-01,2026-05-10,2026-05-18,1696.8,Pago,202605
MEN00004074,ALU00340,2026-06-01,2026-06-10,2026-06-10,1616.52,Pago,202606
MEN00004075,ALU00340,2026-07-01,2026-07-10,2026-07-07,1660.97,Pago,202607
MEN00004076,ALU00340,2026-08-01,2026-08-10,2026-08-10,1661.42,Pago,202608
MEN00004077,ALU00340,2026-09-01,2026-09-10,2026-09-08,1657.07,Pago,202609
MEN00004078,ALU00340,2026-10-01,2026-10-10,2026-10-14,1625.16,Pago,202610
MEN00004079,ALU00340,2026-11-01,2026-11-10,2026-11-14,1607.73,Pago,202611
MEN00004080,ALU00340,2026-12-01,2026-12-10,2026-12-14,1697.55,Pago,202612
MEN00004081,ALU00341,2026-01-01,2026-01-10,2026-01-14,1671.54,Pago,202601
MEN00004082,ALU00341,2026-02-01,2026-02-10,2026-02-11,1658.35,Pago,202602
MEN00004083,ALU00341,2026-03-01,2026-03-10,2026-03-15,1624.28,Pago,202603
MEN00004084,ALU00341,2026-04-01,2026-04-10,2026-04-07,1687.72,Pago,202604
MEN00004085,ALU00341,2026-05-01,2026-05-10,2026-05-14,1660.77,Pago,202605
MEN00004086,ALU00341,2026-06-01,2026-06-10,2026-06-11,1618.29,Pago,202606
MEN00004087,ALU00341,2026-07-01,2026-07-10,2026-07-18,1610.06,Pago,202607
MEN00004088,ALU00341,2026-08-01,2026-08-10,2026-08-18,1645.27,Pago,202608
MEN00004089,ALU00341,2026-09-01,2026-09-10,2026-09-14,1683.73,Pago,202609
MEN00004090,ALU00341,2026-10-01,2026-10-10,2026-10-10,1690.19,Pago,202610
MEN00004091,ALU00341,2026-11-01,2026-11-10,,1623.2,Vencido,202611
MEN00004092,ALU00341,2026-12-01,2026-12-10,2026-12-07,1609.37,Pago,202612
MEN00004093,ALU00342,2026-01-01,2026-01-10,,1679.18,Em Aberto,202601
MEN00004094,ALU00342,2026-02-01,2026-02-10,,1658.25,Em Aberto,202602
MEN00004095,ALU00342,2026-03-01,2026-03-10,2026-03-08,1663.07,Pago,202603
MEN00004096,ALU00342,2026-04-01,2026-04-10,2026-04-18,1613.31,Pago,202604
MEN00004097,ALU00342,2026-05-01,2026-05-10,2026-05-11,1689.87,Pago,202605
MEN00004098,ALU00342,2026-06-01,2026-06-10,2026-06-07,1639.09,Pago,202606
MEN00004099,ALU00342,2026-07-01,2026-07-10,2026-07-07,1635.25,Pago,202607
MEN00004100,ALU00342,2026-08-01,2026-08-10,2026-08-08,1694.78,Pago,202608
MEN00004101,ALU00342,2026-09-01,2026-09-10,2026-09-08,1643.39,Pago,202609
MEN00004102,ALU00342,2026-10-01,2026-10-10,2026-10-07,1629.69,Pago,202610
MEN00004103,ALU00342,2026-11-01,2026-11-10,2026-11-07,1617.89,Pago,202611
MEN00004104,ALU00342,2026-12-01,2026-12-10,2026-12-10,1675.36,Pago,202612
MEN00004105,ALU00343,2026-01-01,2026-01-10,2026-01-13,1633.34,Pago,202601
MEN00004106,ALU00343,2026-02-01,2026-02-10,2026-02-08,1609.51,Pago,202602
MEN00004107,ALU00343,2026-03-01,2026-03-10,2026-03-13,1699.12,Pago,202603
MEN00004108,ALU00343,2026-04-01,2026-04-10,,1684.9,Em Aberto,202604
MEN00004109,ALU00343,2026-05-01,2026-05-10,2026-05-07,1621.89,Pago,202605
MEN00004110,ALU00343,2026-06-01,2026-06-10,2026-06-11,1669.19,Pago,202606
MEN00004111,ALU00343,2026-07-01,2026-07-10,2026-07-12,1607.81,Pago,202607
MEN00004112,ALU00343,2026-08-01,2026-08-10,2026-08-15,1641.02,Pago,202608
MEN00004113,ALU00343,2026-09-01,2026-09-10,2026-09-16,1619.81,Pago,202609
MEN00004114,ALU00343,2026-10-01,2026-10-10,2026-10-09,1667.47,Pago,202610
MEN00004115,ALU00343,2026-11-01,2026-11-10,2026-11-08,1647.89,Pago,202611
MEN00004116,ALU00343,2026-12-01,2026-12-10,2026-12-17,1698.74,Pago,202612
MEN00004117,ALU00344,2026-01-01,2026-01-10,2026-01-17,1684.59,Pago,202601
MEN00004118,ALU00344,2026-02-01,2026-02-10,2026-02-07,1627.38,Pago,202602
MEN00004119,ALU00344,2026-03-01,2026-03-10,2026-03-07,1613.72,Pago,202603
MEN00004120,ALU00344,2026-04-01,2026-04-10,2026-04-10,1662.17,Pago,202604
MEN00004121,ALU00344,2026-05-01,2026-05-10,2026-05-15,1675.71,Pago,202605
MEN00004122,ALU00344,2026-06-01,2026-06-10,2026-06-15,1676.22,Pago,202606
MEN00004123,ALU00344,2026-07-01,2026-07-10,2026-07-11,1660.41,Pago,202607
MEN00004124,ALU00344,2026-08-01,2026-08-10,2026-08-10,1668.68,Pago,202608
MEN00004125,ALU00344,2026-09-01,2026-09-10,,1672.53,Em Aberto,202609
MEN00004126,ALU00344,2026-10-01,2026-10-10,2026-10-13,1693.19,Pago,202610
MEN00004127,ALU00344,2026-11-01,2026-11-10,2026-11-16,1688.81,Pago,202611
MEN00004128,ALU00344,2026-12-01,2026-12-10,2026-12-10,1618.49,Pago,202612
MEN00004129,ALU00345,2026-01-01,2026-01-10,,1605.89,Vencido,202601
MEN00004130,ALU00345,2026-02-01,2026-02-10,2026-02-18,1695.88,Pago,202602
MEN00004131,ALU00345,2026-03-01,2026-03-10,2026-03-10,1614.35,Pago,202603
MEN00004132,ALU00345,2026-04-01,2026-04-10,2026-04-17,1641.63,Pago,202604
MEN00004133,ALU00345,2026-05-01,2026-05-10,2026-05-12,1677.19,Pago,202605
MEN00004134,ALU00345,2026-06-01,2026-06-10,,1601.96,Em Aberto,202606
MEN00004135,ALU00345,2026-07-01,2026-07-10,2026-07-14,1623.93,Pago,202607
MEN00004136,ALU00345,2026-08-01,2026-08-10,2026-08-11,1630.56,Pago,202608
MEN00004137,ALU00345,2026-09-01,2026-09-10,2026-09-13,1662.7,Pago,202609
MEN00004138,ALU00345,2026-10-01,2026-10-10,2026-10-17,1651.35,Pago,202610
MEN00004139,ALU00345,2026-11-01,2026-11-10,,1641.3,Vencido,202611
MEN00004140,ALU00345,2026-12-01,2026-12-10,2026-12-16,1652.51,Pago,202612
MEN00004141,ALU00346,2026-01-01,2026-01-10,2026-01-11,1646.68,Pago,202601
MEN00004142,ALU00346,2026-02-01,2026-02-10,2026-02-11,1609.59,Pago,202602
MEN00004143,ALU00346,2026-03-01,2026-03-10,2026-03-12,1617.2,Pago,202603
MEN00004144,ALU00346,2026-04-01,2026-04-10,2026-04-09,1637.57,Pago,202604
MEN00004145,ALU00346,2026-05-01,2026-05-10,2026-05-16,1670.69,Pago,202605
MEN00004146,ALU00346,2026-06-01,2026-06-10,2026-06-09,1665.09,Pago,202606
MEN00004147,ALU00346,2026-07-01,2026-07-10,,1658.46,Vencido,202607
MEN00004148,ALU00346,2026-08-01,2026-08-10,2026-08-10,1615.76,Pago,202608
MEN00004149,ALU00346,2026-09-01,2026-09-10,2026-09-12,1646.34,Pago,202609
MEN00004150,ALU00346,2026-10-01,2026-10-10,2026-10-14,1627.44,Pago,202610
MEN00004151,ALU00346,2026-11-01,2026-11-10,2026-11-17,1644.99,Pago,202611
MEN00004152,ALU00346,2026-12-01,2026-12-10,2026-12-08,1604.52,Pago,202612
MEN00004153,ALU00347,2026-01-01,2026-01-10,2026-01-09,1617.92,Pago,202601
MEN00004154,ALU00347,2026-02-01,2026-02-10,2026-02-17,1617.54,Pago,202602
MEN00004155,ALU00347,2026-03-01,2026-03-10,2026-03-18,1658.2,Pago,202603
MEN00004156,ALU00347,2026-04-01,2026-04-10,,1621.73,Em Aberto,202604
MEN00004157,ALU00347,2026-05-01,2026-05-10,2026-05-14,1639.05,Pago,202605
MEN00004158,ALU00347,2026-06-01,2026-06-10,,1678.42,Em Aberto,202606
MEN00004159,ALU00347,2026-07-01,2026-07-10,2026-07-10,1605.45,Pago,202607
MEN00004160,ALU00347,2026-08-01,2026-08-10,2026-08-07,1620.59,Pago,202608
MEN00004161,ALU00347,2026-09-01,2026-09-10,2026-09-18,1631.63,Pago,202609
MEN00004162,ALU00347,2026-10-01,2026-10-10,2026-10-16,1673.14,Pago,202610
MEN00004163,ALU00347,2026-11-01,2026-11-10,,1688.18,Em Aberto,202611
MEN00004164,ALU00347,2026-12-01,2026-12-10,2026-12-18,1674.41,Pago,202612
MEN00004165,ALU00348,2026-01-01,2026-01-10,2026-01-15,1661.09,Pago,202601
MEN00004166,ALU00348,2026-02-01,2026-02-10,2026-02-16,1600.97,Pago,202602
MEN00004167,ALU00348,2026-03-01,2026-03-10,,1631.25,Em Aberto,202603
MEN00004168,ALU00348,2026-04-01,2026-04-10,2026-04-11,1657.67,Pago,202604
MEN00004169,ALU00348,2026-05-01,2026-05-10,2026-05-09,1639.43,Pago,202605
MEN00004170,ALU00348,2026-06-01,2026-06-10,2026-06-18,1696.35,Pago,202606
MEN00004171,ALU00348,2026-07-01,2026-07-10,2026-07-13,1697.48,Pago,202607
MEN00004172,ALU00348,2026-08-01,2026-08-10,,1661.87,Em Aberto,202608
MEN00004173,ALU00348,2026-09-01,2026-09-10,,1690.2,Vencido,202609
MEN00004174,ALU00348,2026-10-01,2026-10-10,2026-10-12,1697.86,Pago,202610
MEN00004175,ALU00348,2026-11-01,2026-11-10,2026-11-13,1619.65,Pago,202611
MEN00004176,ALU00348,2026-12-01,2026-12-10,2026-12-11,1647.89,Pago,202612
MEN00004177,ALU00349,2026-01-01,2026-01-10,2026-01-14,1695.94,Pago,202601
MEN00004178,ALU00349,2026-02-01,2026-02-10,2026-02-13,1635.61,Pago,202602
MEN00004179,ALU00349,2026-03-01,2026-03-10,2026-03-18,1673.59,Pago,202603
MEN00004180,ALU00349,2026-04-01,2026-04-10,,1642.06,Em Aberto,202604
MEN00004181,ALU00349,2026-05-01,2026-05-10,2026-05-15,1692.3,Pago,202605
MEN00004182,ALU00349,2026-06-01,2026-06-10,2026-06-08,1612.04,Pago,202606
MEN00004183,ALU00349,2026-07-01,2026-07-10,2026-07-09,1666.16,Pago,202607
MEN00004184,ALU00349,2026-08-01,2026-08-10,2026-08-11,1690.49,Pago,202608
MEN00004185,ALU00349,2026-09-01,2026-09-10,2026-09-08,1666.1,Pago,202609
MEN00004186,ALU00349,2026-10-01,2026-10-10,,1655.94,Em Aberto,202610
MEN00004187,ALU00349,2026-11-01,2026-11-10,2026-11-15,1627.07,Pago,202611
MEN00004188,ALU00349,2026-12-01,2026-12-10,2026-12-09,1666.06,Pago,202612
MEN00004189,ALU00350,2026-01-01,2026-01-10,2026-01-12,1613.95,Pago,202601
MEN00004190,ALU00350,2026-02-01,2026-02-10,,1603.89,Em Aberto,202602
MEN00004191,ALU00350,2026-03-01,2026-03-10,2026-03-16,1607.71,Pago,202603
MEN00004192,ALU00350,2026-04-01,2026-04-10,,1607.39,Em Aberto,202604
MEN00004193,ALU00350,2026-05-01,2026-05-10,2026-05-18,1672.49,Pago,202605
MEN00004194,ALU00350,2026-06-01,2026-06-10,2026-06-14,1658.76,Pago,202606
MEN00004195,ALU00350,2026-07-01,2026-07-10,2026-07-11,1663.88,Pago,202607
MEN00004196,ALU00350,2026-08-01,2026-08-10,2026-08-08,1612.88,Pago,202608
MEN00004197,ALU00350,2026-09-01,2026-09-10,2026-09-18,1684.46,Pago,202609
MEN00004198,ALU00350,2026-10-01,2026-10-10,2026-10-11,1667.45,Pago,202610
MEN00004199,ALU00350,2026-11-01,2026-11-10,2026-11-08,1659.03,Pago,202611
MEN00004200,ALU00350,2026-12-01,2026-12-10,2026-12-11,1648.61,Pago,202612
MEN00004201,ALU00351,2026-01-01,2026-01-10,2026-01-16,1604.3,Pago,202601
MEN00004202,ALU00351,2026-02-01,2026-02-10,2026-02-08,1670.23,Pago,202602
MEN00004203,ALU00351,2026-03-01,2026-03-10,2026-03-17,1672.0,Pago,202603
MEN00004204,ALU00351,2026-04-01,2026-04-10,2026-04-14,1676.22,Pago,202604
MEN00004205,ALU00351,2026-05-01,2026-05-10,2026-05-16,1636.27,Pago,202605
MEN00004206,ALU00351,2026-06-01,2026-06-10,2026-06-16,1673.14,Pago,202606
MEN00004207,ALU00351,2026-07-01,2026-07-10,2026-07-17,1606.22,Pago,202607
MEN00004208,ALU00351,2026-08-01,2026-08-10,2026-08-07,1623.45,Pago,202608
MEN00004209,ALU00351,2026-09-01,2026-09-10,2026-09-09,1681.73,Pago,202609
MEN00004210,ALU00351,2026-10-01,2026-10-10,,1676.92,Em Aberto,202610
MEN00004211,ALU00351,2026-11-01,2026-11-10,2026-11-17,1665.65,Pago,202611
MEN00004212,ALU00351,2026-12-01,2026-12-10,2026-12-18,1655.33,Pago,202612
MEN00004213,ALU00352,2026-01-01,2026-01-10,2026-01-09,1625.65,Pago,202601
MEN00004214,ALU00352,2026-02-01,2026-02-10,2026-02-13,1639.23,Pago,202602
MEN00004215,ALU00352,2026-03-01,2026-03-10,,1669.87,Em Aberto,202603
MEN00004216,ALU00352,2026-04-01,2026-04-10,2026-04-14,1686.32,Pago,202604
MEN00004217,ALU00352,2026-05-01,2026-05-10,2026-05-10,1689.38,Pago,202605
MEN00004218,ALU00352,2026-06-01,2026-06-10,2026-06-08,1674.94,Pago,202606
MEN00004219,ALU00352,2026-07-01,2026-07-10,2026-07-14,1620.38,Pago,202607
MEN00004220,ALU00352,2026-08-01,2026-08-10,2026-08-17,1653.32,Pago,202608
MEN00004221,ALU00352,2026-09-01,2026-09-10,2026-09-17,1638.73,Pago,202609
MEN00004222,ALU00352,2026-10-01,2026-10-10,2026-10-11,1637.96,Pago,202610
MEN00004223,ALU00352,2026-11-01,2026-11-10,2026-11-09,1685.97,Pago,202611
MEN00004224,ALU00352,2026-12-01,2026-12-10,2026-12-14,1628.41,Pago,202612
MEN00004225,ALU00353,2026-01-01,2026-01-10,2026-01-08,1600.94,Pago,202601
MEN00004226,ALU00353,2026-02-01,2026-02-10,2026-02-09,1679.47,Pago,202602
MEN00004227,ALU00353,2026-03-01,2026-03-10,2026-03-11,1632.27,Pago,202603
MEN00004228,ALU00353,2026-04-01,2026-04-10,2026-04-16,1642.59,Pago,202604
MEN00004229,ALU00353,2026-05-01,2026-05-10,2026-05-11,1668.54,Pago,202605
MEN00004230,ALU00353,2026-06-01,2026-06-10,2026-06-18,1688.41,Pago,202606
MEN00004231,ALU00353,2026-07-01,2026-07-10,2026-07-10,1640.47,Pago,202607
MEN00004232,ALU00353,2026-08-01,2026-08-10,2026-08-13,1644.38,Pago,202608
MEN00004233,ALU00353,2026-09-01,2026-09-10,2026-09-12,1624.23,Pago,202609
MEN00004234,ALU00353,2026-10-01,2026-10-10,,1630.49,Vencido,202610
MEN00004235,ALU00353,2026-11-01,2026-11-10,2026-11-08,1670.62,Pago,202611
MEN00004236,ALU00353,2026-12-01,2026-12-10,2026-12-14,1680.14,Pago,202612
MEN00004237,ALU00354,2026-01-01,2026-01-10,2026-01-08,1647.53,Pago,202601
MEN00004238,ALU00354,2026-02-01,2026-02-10,2026-02-10,1680.97,Pago,202602
MEN00004239,ALU00354,2026-03-01,2026-03-10,2026-03-16,1678.91,Pago,202603
MEN00004240,ALU00354,2026-04-01,2026-04-10,2026-04-16,1631.1,Pago,202604
MEN00004241,ALU00354,2026-05-01,2026-05-10,2026-05-09,1604.36,Pago,202605
MEN00004242,ALU00354,2026-06-01,2026-06-10,2026-06-15,1638.65,Pago,202606
MEN00004243,ALU00354,2026-07-01,2026-07-10,2026-07-18,1625.95,Pago,202607
MEN00004244,ALU00354,2026-08-01,2026-08-10,,1632.19,Em Aberto,202608
MEN00004245,ALU00354,2026-09-01,2026-09-10,2026-09-12,1671.44,Pago,202609
MEN00004246,ALU00354,2026-10-01,2026-10-10,2026-10-16,1696.0,Pago,202610
MEN00004247,ALU00354,2026-11-01,2026-11-10,,1663.44,Em Aberto,202611
MEN00004248,ALU00354,2026-12-01,2026-12-10,2026-12-12,1650.77,Pago,202612
MEN00004249,ALU00355,2026-01-01,2026-01-10,2026-01-17,1639.69,Pago,202601
MEN00004250,ALU00355,2026-02-01,2026-02-10,2026-02-16,1698.46,Pago,202602
MEN00004251,ALU00355,2026-03-01,2026-03-10,2026-03-07,1692.7,Pago,202603
MEN00004252,ALU00355,2026-04-01,2026-04-10,,1635.68,Em Aberto,202604
MEN00004253,ALU00355,2026-05-01,2026-05-10,,1690.2,Vencido,202605
MEN00004254,ALU00355,2026-06-01,2026-06-10,2026-06-12,1633.07,Pago,202606
MEN00004255,ALU00355,2026-07-01,2026-07-10,2026-07-17,1647.83,Pago,202607
MEN00004256,ALU00355,2026-08-01,2026-08-10,2026-08-13,1677.3,Pago,202608
MEN00004257,ALU00355,2026-09-01,2026-09-10,2026-09-16,1640.36,Pago,202609
MEN00004258,ALU00355,2026-10-01,2026-10-10,2026-10-18,1653.72,Pago,202610
MEN00004259,ALU00355,2026-11-01,2026-11-10,2026-11-15,1628.82,Pago,202611
MEN00004260,ALU00355,2026-12-01,2026-12-10,,1656.67,Vencido,202612
MEN00004261,ALU00356,2026-01-01,2026-01-10,2026-01-16,1613.95,Pago,202601
MEN00004262,ALU00356,2026-02-01,2026-02-10,,1610.75,Em Aberto,202602
MEN00004263,ALU00356,2026-03-01,2026-03-10,2026-03-14,1697.98,Pago,202603
MEN00004264,ALU00356,2026-04-01,2026-04-10,2026-04-15,1628.57,Pago,202604
MEN00004265,ALU00356,2026-05-01,2026-05-10,2026-05-13,1686.2,Pago,202605
MEN00004266,ALU00356,2026-06-01,2026-06-10,,1674.03,Em Aberto,202606
MEN00004267,ALU00356,2026-07-01,2026-07-10,2026-07-13,1654.37,Pago,202607
MEN00004268,ALU00356,2026-08-01,2026-08-10,2026-08-12,1659.4,Pago,202608
MEN00004269,ALU00356,2026-09-01,2026-09-10,2026-09-07,1680.66,Pago,202609
MEN00004270,ALU00356,2026-10-01,2026-10-10,2026-10-17,1604.52,Pago,202610
MEN00004271,ALU00356,2026-11-01,2026-11-10,2026-11-12,1627.48,Pago,202611
MEN00004272,ALU00356,2026-12-01,2026-12-10,2026-12-14,1638.7,Pago,202612
MEN00004273,ALU00357,2026-01-01,2026-01-10,,1644.58,Em Aberto,202601
MEN00004274,ALU00357,2026-02-01,2026-02-10,2026-02-10,1611.79,Pago,202602
MEN00004275,ALU00357,2026-03-01,2026-03-10,2026-03-17,1603.11,Pago,202603
MEN00004276,ALU00357,2026-04-01,2026-04-10,2026-04-07,1612.36,Pago,202604
MEN00004277,ALU00357,2026-05-01,2026-05-10,2026-05-10,1698.81,Pago,202605
MEN00004278,ALU00357,2026-06-01,2026-06-10,,1605.82,Vencido,202606
MEN00004279,ALU00357,2026-07-01,2026-07-10,2026-07-16,1601.43,Pago,202607
MEN00004280,ALU00357,2026-08-01,2026-08-10,2026-08-13,1686.29,Pago,202608
MEN00004281,ALU00357,2026-09-01,2026-09-10,2026-09-08,1690.05,Pago,202609
MEN00004282,ALU00357,2026-10-01,2026-10-10,2026-10-10,1626.81,Pago,202610
MEN00004283,ALU00357,2026-11-01,2026-11-10,2026-11-14,1656.43,Pago,202611
MEN00004284,ALU00357,2026-12-01,2026-12-10,2026-12-18,1660.97,Pago,202612
MEN00004285,ALU00358,2026-01-01,2026-01-10,2026-01-16,1657.38,Pago,202601
MEN00004286,ALU00358,2026-02-01,2026-02-10,2026-02-13,1650.82,Pago,202602
MEN00004287,ALU00358,2026-03-01,2026-03-10,2026-03-14,1660.98,Pago,202603
MEN00004288,ALU00358,2026-04-01,2026-04-10,2026-04-18,1677.88,Pago,202604
MEN00004289,ALU00358,2026-05-01,2026-05-10,2026-05-07,1639.99,Pago,202605
MEN00004290,ALU00358,2026-06-01,2026-06-10,2026-06-15,1683.17,Pago,202606
MEN00004291,ALU00358,2026-07-01,2026-07-10,2026-07-14,1635.42,Pago,202607
MEN00004292,ALU00358,2026-08-01,2026-08-10,,1667.3,Vencido,202608
MEN00004293,ALU00358,2026-09-01,2026-09-10,2026-09-10,1681.77,Pago,202609
MEN00004294,ALU00358,2026-10-01,2026-10-10,2026-10-18,1648.41,Pago,202610
MEN00004295,ALU00358,2026-11-01,2026-11-10,2026-11-13,1657.81,Pago,202611
MEN00004296,ALU00358,2026-12-01,2026-12-10,2026-12-14,1647.99,Pago,202612
MEN00004297,ALU00359,2026-01-01,2026-01-10,2026-01-17,1670.49,Pago,202601
MEN00004298,ALU00359,2026-02-01,2026-02-10,,1607.23,Vencido,202602
MEN00004299,ALU00359,2026-03-01,2026-03-10,,1669.32,Em Aberto,202603
MEN00004300,ALU00359,2026-04-01,2026-04-10,2026-04-07,1618.28,Pago,202604
MEN00004301,ALU00359,2026-05-01,2026-05-10,,1644.14,Em Aberto,202605
MEN00004302,ALU00359,2026-06-01,2026-06-10,2026-06-12,1624.06,Pago,202606
MEN00004303,ALU00359,2026-07-01,2026-07-10,2026-07-10,1684.66,Pago,202607
MEN00004304,ALU00359,2026-08-01,2026-08-10,2026-08-07,1686.06,Pago,202608
MEN00004305,ALU00359,2026-09-01,2026-09-10,2026-09-18,1626.29,Pago,202609
MEN00004306,ALU00359,2026-10-01,2026-10-10,2026-10-14,1655.27,Pago,202610
MEN00004307,ALU00359,2026-11-01,2026-11-10,2026-11-07,1635.67,Pago,202611
MEN00004308,ALU00359,2026-12-01,2026-12-10,2026-12-10,1643.79,Pago,202612
MEN00004309,ALU00360,2026-01-01,2026-01-10,2026-01-17,1695.4,Pago,202601
MEN00004310,ALU00360,2026-02-01,2026-02-10,,1658.9,Vencido,202602
MEN00004311,ALU00360,2026-03-01,2026-03-10,2026-03-17,1631.1,Pago,202603
MEN00004312,ALU00360,2026-04-01,2026-04-10,2026-04-10,1637.89,Pago,202604
MEN00004313,ALU00360,2026-05-01,2026-05-10,2026-05-09,1685.85,Pago,202605
MEN00004314,ALU00360,2026-06-01,2026-06-10,,1645.23,Em Aberto,202606
MEN00004315,ALU00360,2026-07-01,2026-07-10,2026-07-12,1680.35,Pago,202607
MEN00004316,ALU00360,2026-08-01,2026-08-10,2026-08-14,1601.12,Pago,202608
MEN00004317,ALU00360,2026-09-01,2026-09-10,2026-09-09,1620.55,Pago,202609
MEN00004318,ALU00360,2026-10-01,2026-10-10,2026-10-18,1673.31,Pago,202610
MEN00004319,ALU00360,2026-11-01,2026-11-10,2026-11-07,1608.45,Pago,202611
MEN00004320,ALU00360,2026-12-01,2026-12-10,2026-12-17,1684.24,Pago,202612
MEN00004321,ALU00361,2026-01-01,2026-01-10,,1602.45,Em Aberto,202601
MEN00004322,ALU00361,2026-02-01,2026-02-10,,1603.2,Em Aberto,202602
MEN00004323,ALU00361,2026-03-01,2026-03-10,,1607.83,Em Aberto,202603
MEN00004324,ALU00361,2026-04-01,2026-04-10,2026-04-13,1617.8,Pago,202604
MEN00004325,ALU00361,2026-05-01,2026-05-10,2026-05-08,1637.76,Pago,202605
MEN00004326,ALU00361,2026-06-01,2026-06-10,2026-06-12,1633.88,Pago,202606
MEN00004327,ALU00361,2026-07-01,2026-07-10,2026-07-18,1620.54,Pago,202607
MEN00004328,ALU00361,2026-08-01,2026-08-10,2026-08-13,1623.8,Pago,202608
MEN00004329,ALU00361,2026-09-01,2026-09-10,2026-09-15,1656.53,Pago,202609
MEN00004330,ALU00361,2026-10-01,2026-10-10,2026-10-16,1605.91,Pago,202610
MEN00004331,ALU00361,2026-11-01,2026-11-10,2026-11-15,1649.0,Pago,202611
MEN00004332,ALU00361,2026-12-01,2026-12-10,2026-12-13,1633.36,Pago,202612
MEN00004333,ALU00362,2026-01-01,2026-01-10,2026-01-15,1690.89,Pago,202601
MEN00004334,ALU00362,2026-02-01,2026-02-10,2026-02-17,1603.75,Pago,202602
MEN00004335,ALU00362,2026-03-01,2026-03-10,2026-03-16,1676.31,Pago,202603
MEN00004336,ALU00362,2026-04-01,2026-04-10,2026-04-07,1601.4,Pago,202604
MEN00004337,ALU00362,2026-05-01,2026-05-10,2026-05-15,1617.35,Pago,202605
MEN00004338,ALU00362,2026-06-01,2026-06-10,,1677.71,Em Aberto,202606
MEN00004339,ALU00362,2026-07-01,2026-07-10,2026-07-14,1685.63,Pago,202607
MEN00004340,ALU00362,2026-08-01,2026-08-10,2026-08-15,1656.21,Pago,202608
MEN00004341,ALU00362,2026-09-01,2026-09-10,2026-09-07,1677.01,Pago,202609
MEN00004342,ALU00362,2026-10-01,2026-10-10,2026-10-09,1684.13,Pago,202610
MEN00004343,ALU00362,2026-11-01,2026-11-10,,1616.93,Em Aberto,202611
MEN00004344,ALU00362,2026-12-01,2026-12-10,2026-12-15,1644.84,Pago,202612
MEN00004345,ALU00363,2026-01-01,2026-01-10,2026-01-16,1696.97,Pago,202601
MEN00004346,ALU00363,2026-02-01,2026-02-10,2026-02-16,1661.4,Pago,202602
MEN00004347,ALU00363,2026-03-01,2026-03-10,2026-03-12,1618.94,Pago,202603
MEN00004348,ALU00363,2026-04-01,2026-04-10,2026-04-11,1671.8,Pago,202604
MEN00004349,ALU00363,2026-05-01,2026-05-10,,1628.88,Em Aberto,202605
MEN00004350,ALU00363,2026-06-01,2026-06-10,,1685.33,Em Aberto,202606
MEN00004351,ALU00363,2026-07-01,2026-07-10,2026-07-09,1626.45,Pago,202607
MEN00004352,ALU00363,2026-08-01,2026-08-10,2026-08-13,1605.97,Pago,202608
MEN00004353,ALU00363,2026-09-01,2026-09-10,2026-09-11,1669.44,Pago,202609
MEN00004354,ALU00363,2026-10-01,2026-10-10,2026-10-10,1615.65,Pago,202610
MEN00004355,ALU00363,2026-11-01,2026-11-10,2026-11-08,1672.2,Pago,202611
MEN00004356,ALU00363,2026-12-01,2026-12-10,2026-12-09,1688.94,Pago,202612
MEN00004357,ALU00364,2026-01-01,2026-01-10,2026-01-17,1607.5,Pago,202601
MEN00004358,ALU00364,2026-02-01,2026-02-10,2026-02-10,1673.44,Pago,202602
MEN00004359,ALU00364,2026-03-01,2026-03-10,2026-03-14,1686.88,Pago,202603
MEN00004360,ALU00364,2026-04-01,2026-04-10,2026-04-18,1661.66,Pago,202604
MEN00004361,ALU00364,2026-05-01,2026-05-10,2026-05-16,1664.94,Pago,202605
MEN00004362,ALU00364,2026-06-01,2026-06-10,,1685.4,Vencido,202606
MEN00004363,ALU00364,2026-07-01,2026-07-10,,1681.45,Vencido,202607
MEN00004364,ALU00364,2026-08-01,2026-08-10,2026-08-15,1648.85,Pago,202608
MEN00004365,ALU00364,2026-09-01,2026-09-10,,1640.5,Vencido,202609
MEN00004366,ALU00364,2026-10-01,2026-10-10,,1601.82,Em Aberto,202610
MEN00004367,ALU00364,2026-11-01,2026-11-10,2026-11-17,1613.22,Pago,202611
MEN00004368,ALU00364,2026-12-01,2026-12-10,,1656.07,Em Aberto,202612
MEN00004369,ALU00365,2026-01-01,2026-01-10,2026-01-13,1672.12,Pago,202601
MEN00004370,ALU00365,2026-02-01,2026-02-10,,1608.12,Em Aberto,202602
MEN00004371,ALU00365,2026-03-01,2026-03-10,2026-03-11,1616.47,Pago,202603
MEN00004372,ALU00365,2026-04-01,2026-04-10,2026-04-14,1628.07,Pago,202604
MEN00004373,ALU00365,2026-05-01,2026-05-10,2026-05-13,1662.8,Pago,202605
MEN00004374,ALU00365,2026-06-01,2026-06-10,2026-06-15,1630.63,Pago,202606
MEN00004375,ALU00365,2026-07-01,2026-07-10,2026-07-18,1687.2,Pago,202607
MEN00004376,ALU00365,2026-08-01,2026-08-10,2026-08-16,1632.49,Pago,202608
MEN00004377,ALU00365,2026-09-01,2026-09-10,2026-09-15,1649.67,Pago,202609
MEN00004378,ALU00365,2026-10-01,2026-10-10,2026-10-16,1668.52,Pago,202610
MEN00004379,ALU00365,2026-11-01,2026-11-10,2026-11-18,1651.9,Pago,202611
MEN00004380,ALU00365,2026-12-01,2026-12-10,2026-12-12,1612.73,Pago,202612
MEN00004381,ALU00366,2026-01-01,2026-01-10,,1688.32,Vencido,202601
MEN00004382,ALU00366,2026-02-01,2026-02-10,2026-02-11,1623.15,Pago,202602
MEN00004383,ALU00366,2026-03-01,2026-03-10,2026-03-13,1661.46,Pago,202603
MEN00004384,ALU00366,2026-04-01,2026-04-10,2026-04-07,1653.6,Pago,202604
MEN00004385,ALU00366,2026-05-01,2026-05-10,2026-05-14,1676.47,Pago,202605
MEN00004386,ALU00366,2026-06-01,2026-06-10,2026-06-18,1620.36,Pago,202606
MEN00004387,ALU00366,2026-07-01,2026-07-10,,1620.04,Vencido,202607
MEN00004388,ALU00366,2026-08-01,2026-08-10,2026-08-09,1624.59,Pago,202608
MEN00004389,ALU00366,2026-09-01,2026-09-10,2026-09-09,1651.61,Pago,202609
MEN00004390,ALU00366,2026-10-01,2026-10-10,2026-10-13,1624.14,Pago,202610
MEN00004391,ALU00366,2026-11-01,2026-11-10,,1690.42,Vencido,202611
MEN00004392,ALU00366,2026-12-01,2026-12-10,2026-12-15,1608.92,Pago,202612
MEN00004393,ALU00367,2026-01-01,2026-01-10,,1688.33,Vencido,202601
MEN00004394,ALU00367,2026-02-01,2026-02-10,,1606.59,Em Aberto,202602
MEN00004395,ALU00367,2026-03-01,2026-03-10,,1665.63,Em Aberto,202603
MEN00004396,ALU00367,2026-04-01,2026-04-10,2026-04-18,1637.22,Pago,202604
MEN00004397,ALU00367,2026-05-01,2026-05-10,2026-05-09,1640.05,Pago,202605
MEN00004398,ALU00367,2026-06-01,2026-06-10,2026-06-10,1649.27,Pago,202606
MEN00004399,ALU00367,2026-07-01,2026-07-10,2026-07-17,1605.24,Pago,202607
MEN00004400,ALU00367,2026-08-01,2026-08-10,,1632.03,Em Aberto,202608
MEN00004401,ALU00367,2026-09-01,2026-09-10,2026-09-11,1661.82,Pago,202609
MEN00004402,ALU00367,2026-10-01,2026-10-10,2026-10-14,1640.03,Pago,202610
MEN00004403,ALU00367,2026-11-01,2026-11-10,,1694.9,Em Aberto,202611
MEN00004404,ALU00367,2026-12-01,2026-12-10,2026-12-13,1684.04,Pago,202612
MEN00004405,ALU00368,2026-01-01,2026-01-10,2026-01-18,1692.43,Pago,202601
MEN00004406,ALU00368,2026-02-01,2026-02-10,,1682.47,Vencido,202602
MEN00004407,ALU00368,2026-03-01,2026-03-10,,1665.06,Vencido,202603
MEN00004408,ALU00368,2026-04-01,2026-04-10,2026-04-09,1664.84,Pago,202604
MEN00004409,ALU00368,2026-05-01,2026-05-10,2026-05-15,1667.26,Pago,202605
MEN00004410,ALU00368,2026-06-01,2026-06-10,2026-06-08,1660.57,Pago,202606
MEN00004411,ALU00368,2026-07-01,2026-07-10,2026-07-11,1649.65,Pago,202607
MEN00004412,ALU00368,2026-08-01,2026-08-10,2026-08-16,1637.87,Pago,202608
MEN00004413,ALU00368,2026-09-01,2026-09-10,2026-09-14,1684.61,Pago,202609
MEN00004414,ALU00368,2026-10-01,2026-10-10,2026-10-11,1687.3,Pago,202610
MEN00004415,ALU00368,2026-11-01,2026-11-10,2026-11-11,1692.64,Pago,202611
MEN00004416,ALU00368,2026-12-01,2026-12-10,2026-12-13,1611.56,Pago,202612
MEN00004417,ALU00369,2026-01-01,2026-01-10,2026-01-09,1649.7,Pago,202601
MEN00004418,ALU00369,2026-02-01,2026-02-10,2026-02-10,1645.97,Pago,202602
MEN00004419,ALU00369,2026-03-01,2026-03-10,2026-03-14,1689.36,Pago,202603
MEN00004420,ALU00369,2026-04-01,2026-04-10,2026-04-13,1654.78,Pago,202604
MEN00004421,ALU00369,2026-05-01,2026-05-10,2026-05-08,1602.9,Pago,202605
MEN00004422,ALU00369,2026-06-01,2026-06-10,2026-06-15,1656.45,Pago,202606
MEN00004423,ALU00369,2026-07-01,2026-07-10,2026-07-08,1683.05,Pago,202607
MEN00004424,ALU00369,2026-08-01,2026-08-10,2026-08-10,1636.1,Pago,202608
MEN00004425,ALU00369,2026-09-01,2026-09-10,2026-09-15,1659.59,Pago,202609
MEN00004426,ALU00369,2026-10-01,2026-10-10,2026-10-11,1622.19,Pago,202610
MEN00004427,ALU00369,2026-11-01,2026-11-10,2026-11-13,1660.44,Pago,202611
MEN00004428,ALU00369,2026-12-01,2026-12-10,2026-12-12,1642.44,Pago,202612
MEN00004429,ALU00370,2026-01-01,2026-01-10,2026-01-16,1634.73,Pago,202601
MEN00004430,ALU00370,2026-02-01,2026-02-10,2026-02-07,1620.36,Pago,202602
MEN00004431,ALU00370,2026-03-01,2026-03-10,2026-03-16,1607.62,Pago,202603
MEN00004432,ALU00370,2026-04-01,2026-04-10,,1650.18,Vencido,202604
MEN00004433,ALU00370,2026-05-01,2026-05-10,2026-05-17,1613.56,Pago,202605
MEN00004434,ALU00370,2026-06-01,2026-06-10,2026-06-08,1667.67,Pago,202606
MEN00004435,ALU00370,2026-07-01,2026-07-10,2026-07-18,1629.61,Pago,202607
MEN00004436,ALU00370,2026-08-01,2026-08-10,2026-08-09,1613.12,Pago,202608
MEN00004437,ALU00370,2026-09-01,2026-09-10,2026-09-14,1681.8,Pago,202609
MEN00004438,ALU00370,2026-10-01,2026-10-10,,1677.5,Vencido,202610
MEN00004439,ALU00370,2026-11-01,2026-11-10,2026-11-18,1692.99,Pago,202611
MEN00004440,ALU00370,2026-12-01,2026-12-10,2026-12-18,1698.27,Pago,202612
MEN00004441,ALU00371,2026-01-01,2026-01-10,2026-01-15,1619.65,Pago,202601
MEN00004442,ALU00371,2026-02-01,2026-02-10,2026-02-11,1686.86,Pago,202602
MEN00004443,ALU00371,2026-03-01,2026-03-10,2026-03-10,1621.35,Pago,202603
MEN00004444,ALU00371,2026-04-01,2026-04-10,2026-04-09,1622.22,Pago,202604
MEN00004445,ALU00371,2026-05-01,2026-05-10,2026-05-14,1693.78,Pago,202605
MEN00004446,ALU00371,2026-06-01,2026-06-10,,1667.06,Vencido,202606
MEN00004447,ALU00371,2026-07-01,2026-07-10,2026-07-10,1635.25,Pago,202607
MEN00004448,ALU00371,2026-08-01,2026-08-10,,1684.31,Vencido,202608
MEN00004449,ALU00371,2026-09-01,2026-09-10,2026-09-12,1699.46,Pago,202609
MEN00004450,ALU00371,2026-10-01,2026-10-10,2026-10-18,1687.51,Pago,202610
MEN00004451,ALU00371,2026-11-01,2026-11-10,2026-11-14,1659.72,Pago,202611
MEN00004452,ALU00371,2026-12-01,2026-12-10,2026-12-13,1673.93,Pago,202612
MEN00004453,ALU00372,2026-01-01,2026-01-10,2026-01-12,1670.06,Pago,202601
MEN00004454,ALU00372,2026-02-01,2026-02-10,,1627.8,Em Aberto,202602
MEN00004455,ALU00372,2026-03-01,2026-03-10,2026-03-17,1680.51,Pago,202603
MEN00004456,ALU00372,2026-04-01,2026-04-10,2026-04-11,1649.58,Pago,202604
MEN00004457,ALU00372,2026-05-01,2026-05-10,2026-05-10,1631.42,Pago,202605
MEN00004458,ALU00372,2026-06-01,2026-06-10,2026-06-18,1661.09,Pago,202606
MEN00004459,ALU00372,2026-07-01,2026-07-10,2026-07-18,1609.45,Pago,202607
MEN00004460,ALU00372,2026-08-01,2026-08-10,2026-08-08,1667.26,Pago,202608
MEN00004461,ALU00372,2026-09-01,2026-09-10,2026-09-13,1680.08,Pago,202609
MEN00004462,ALU00372,2026-10-01,2026-10-10,2026-10-12,1696.32,Pago,202610
MEN00004463,ALU00372,2026-11-01,2026-11-10,2026-11-12,1686.45,Pago,202611
MEN00004464,ALU00372,2026-12-01,2026-12-10,2026-12-12,1673.96,Pago,202612
MEN00004465,ALU00373,2026-01-01,2026-01-10,2026-01-14,1619.73,Pago,202601
MEN00004466,ALU00373,2026-02-01,2026-02-10,2026-02-10,1673.04,Pago,202602
MEN00004467,ALU00373,2026-03-01,2026-03-10,2026-03-12,1607.61,Pago,202603
MEN00004468,ALU00373,2026-04-01,2026-04-10,2026-04-17,1692.76,Pago,202604
MEN00004469,ALU00373,2026-05-01,2026-05-10,2026-05-14,1635.42,Pago,202605
MEN00004470,ALU00373,2026-06-01,2026-06-10,,1669.12,Em Aberto,202606
MEN00004471,ALU00373,2026-07-01,2026-07-10,2026-07-09,1677.07,Pago,202607
MEN00004472,ALU00373,2026-08-01,2026-08-10,2026-08-14,1679.97,Pago,202608
MEN00004473,ALU00373,2026-09-01,2026-09-10,2026-09-13,1657.24,Pago,202609
MEN00004474,ALU00373,2026-10-01,2026-10-10,2026-10-12,1622.93,Pago,202610
MEN00004475,ALU00373,2026-11-01,2026-11-10,2026-11-11,1672.69,Pago,202611
MEN00004476,ALU00373,2026-12-01,2026-12-10,2026-12-11,1628.32,Pago,202612
MEN00004477,ALU00374,2026-01-01,2026-01-10,,1626.92,Vencido,202601
MEN00004478,ALU00374,2026-02-01,2026-02-10,2026-02-15,1683.97,Pago,202602
MEN00004479,ALU00374,2026-03-01,2026-03-10,2026-03-15,1647.83,Pago,202603
MEN00004480,ALU00374,2026-04-01,2026-04-10,2026-04-14,1633.62,Pago,202604
MEN00004481,ALU00374,2026-05-01,2026-05-10,2026-05-16,1632.94,Pago,202605
MEN00004482,ALU00374,2026-06-01,2026-06-10,2026-06-16,1690.75,Pago,202606
MEN00004483,ALU00374,2026-07-01,2026-07-10,2026-07-12,1662.48,Pago,202607
MEN00004484,ALU00374,2026-08-01,2026-08-10,2026-08-09,1622.06,Pago,202608
MEN00004485,ALU00374,2026-09-01,2026-09-10,2026-09-10,1693.03,Pago,202609
MEN00004486,ALU00374,2026-10-01,2026-10-10,2026-10-08,1656.22,Pago,202610
MEN00004487,ALU00374,2026-11-01,2026-11-10,2026-11-17,1638.8,Pago,202611
MEN00004488,ALU00374,2026-12-01,2026-12-10,,1623.4,Vencido,202612
MEN00004489,ALU00375,2026-01-01,2026-01-10,2026-01-10,1671.72,Pago,202601
MEN00004490,ALU00375,2026-02-01,2026-02-10,2026-02-09,1646.27,Pago,202602
MEN00004491,ALU00375,2026-03-01,2026-03-10,2026-03-11,1600.96,Pago,202603
MEN00004492,ALU00375,2026-04-01,2026-04-10,2026-04-18,1651.4,Pago,202604
MEN00004493,ALU00375,2026-05-01,2026-05-10,2026-05-13,1600.63,Pago,202605
MEN00004494,ALU00375,2026-06-01,2026-06-10,2026-06-12,1629.19,Pago,202606
MEN00004495,ALU00375,2026-07-01,2026-07-10,2026-07-11,1623.76,Pago,202607
MEN00004496,ALU00375,2026-08-01,2026-08-10,2026-08-17,1645.44,Pago,202608
MEN00004497,ALU00375,2026-09-01,2026-09-10,2026-09-07,1677.55,Pago,202609
MEN00004498,ALU00375,2026-10-01,2026-10-10,2026-10-12,1628.27,Pago,202610
MEN00004499,ALU00375,2026-11-01,2026-11-10,2026-11-12,1649.84,Pago,202611
MEN00004500,ALU00375,2026-12-01,2026-12-10,2026-12-14,1678.19,Pago,202612
MEN00004501,ALU00376,2026-01-01,2026-01-10,2026-01-17,1650.38,Pago,202601
MEN00004502,ALU00376,2026-02-01,2026-02-10,2026-02-07,1690.36,Pago,202602
MEN00004503,ALU00376,2026-03-01,2026-03-10,2026-03-16,1664.64,Pago,202603
MEN00004504,ALU00376,2026-04-01,2026-04-10,2026-04-12,1665.42,Pago,202604
MEN00004505,ALU00376,2026-05-01,2026-05-10,2026-05-08,1693.23,Pago,202605
MEN00004506,ALU00376,2026-06-01,2026-06-10,2026-06-09,1658.74,Pago,202606
MEN00004507,ALU00376,2026-07-01,2026-07-10,2026-07-09,1644.29,Pago,202607
MEN00004508,ALU00376,2026-08-01,2026-08-10,2026-08-13,1608.67,Pago,202608
MEN00004509,ALU00376,2026-09-01,2026-09-10,,1698.17,Em Aberto,202609
MEN00004510,ALU00376,2026-10-01,2026-10-10,2026-10-07,1657.32,Pago,202610
MEN00004511,ALU00376,2026-11-01,2026-11-10,2026-11-13,1613.71,Pago,202611
MEN00004512,ALU00376,2026-12-01,2026-12-10,2026-12-11,1691.2,Pago,202612
MEN00004513,ALU00377,2026-01-01,2026-01-10,2026-01-12,1636.8,Pago,202601
MEN00004514,ALU00377,2026-02-01,2026-02-10,2026-02-18,1614.68,Pago,202602
MEN00004515,ALU00377,2026-03-01,2026-03-10,2026-03-13,1650.82,Pago,202603
MEN00004516,ALU00377,2026-04-01,2026-04-10,,1625.48,Vencido,202604
MEN00004517,ALU00377,2026-05-01,2026-05-10,2026-05-13,1645.99,Pago,202605
MEN00004518,ALU00377,2026-06-01,2026-06-10,2026-06-14,1678.08,Pago,202606
MEN00004519,ALU00377,2026-07-01,2026-07-10,2026-07-18,1677.61,Pago,202607
MEN00004520,ALU00377,2026-08-01,2026-08-10,,1629.57,Em Aberto,202608
MEN00004521,ALU00377,2026-09-01,2026-09-10,,1644.08,Em Aberto,202609
MEN00004522,ALU00377,2026-10-01,2026-10-10,,1695.99,Em Aberto,202610
MEN00004523,ALU00377,2026-11-01,2026-11-10,2026-11-15,1646.4,Pago,202611
MEN00004524,ALU00377,2026-12-01,2026-12-10,2026-12-12,1658.7,Pago,202612
MEN00004525,ALU00378,2026-01-01,2026-01-10,2026-01-16,1695.53,Pago,202601
MEN00004526,ALU00378,2026-02-01,2026-02-10,2026-02-10,1602.83,Pago,202602
MEN00004527,ALU00378,2026-03-01,2026-03-10,2026-03-14,1696.38,Pago,202603
MEN00004528,ALU00378,2026-04-01,2026-04-10,2026-04-13,1625.82,Pago,202604
MEN00004529,ALU00378,2026-05-01,2026-05-10,2026-05-16,1652.07,Pago,202605
MEN00004530,ALU00378,2026-06-01,2026-06-10,2026-06-17,1606.04,Pago,202606
MEN00004531,ALU00378,2026-07-01,2026-07-10,2026-07-15,1696.92,Pago,202607
MEN00004532,ALU00378,2026-08-01,2026-08-10,2026-08-17,1681.11,Pago,202608
MEN00004533,ALU00378,2026-09-01,2026-09-10,,1667.48,Em Aberto,202609
MEN00004534,ALU00378,2026-10-01,2026-10-10,2026-10-11,1615.75,Pago,202610
MEN00004535,ALU00378,2026-11-01,2026-11-10,2026-11-17,1657.88,Pago,202611
MEN00004536,ALU00378,2026-12-01,2026-12-10,2026-12-08,1649.23,Pago,202612
MEN00004537,ALU00379,2026-01-01,2026-01-10,2026-01-11,1679.83,Pago,202601
MEN00004538,ALU00379,2026-02-01,2026-02-10,2026-02-12,1690.94,Pago,202602
MEN00004539,ALU00379,2026-03-01,2026-03-10,2026-03-12,1615.38,Pago,202603
MEN00004540,ALU00379,2026-04-01,2026-04-10,2026-04-15,1621.76,Pago,202604
MEN00004541,ALU00379,2026-05-01,2026-05-10,2026-05-17,1679.88,Pago,202605
MEN00004542,ALU00379,2026-06-01,2026-06-10,2026-06-17,1695.56,Pago,202606
MEN00004543,ALU00379,2026-07-01,2026-07-10,2026-07-07,1635.92,Pago,202607
MEN00004544,ALU00379,2026-08-01,2026-08-10,2026-08-13,1621.46,Pago,202608
MEN00004545,ALU00379,2026-09-01,2026-09-10,2026-09-15,1602.27,Pago,202609
MEN00004546,ALU00379,2026-10-01,2026-10-10,2026-10-15,1686.89,Pago,202610
MEN00004547,ALU00379,2026-11-01,2026-11-10,2026-11-08,1659.13,Pago,202611
MEN00004548,ALU00379,2026-12-01,2026-12-10,2026-12-11,1668.87,Pago,202612
MEN00004549,ALU00380,2026-01-01,2026-01-10,2026-01-11,1617.94,Pago,202601
MEN00004550,ALU00380,2026-02-01,2026-02-10,2026-02-13,1601.64,Pago,202602
MEN00004551,ALU00380,2026-03-01,2026-03-10,2026-03-17,1687.07,Pago,202603
MEN00004552,ALU00380,2026-04-01,2026-04-10,2026-04-12,1622.89,Pago,202604
MEN00004553,ALU00380,2026-05-01,2026-05-10,2026-05-07,1665.04,Pago,202605
MEN00004554,ALU00380,2026-06-01,2026-06-10,2026-06-18,1666.32,Pago,202606
MEN00004555,ALU00380,2026-07-01,2026-07-10,2026-07-13,1645.37,Pago,202607
MEN00004556,ALU00380,2026-08-01,2026-08-10,2026-08-07,1638.87,Pago,202608
MEN00004557,ALU00380,2026-09-01,2026-09-10,2026-09-16,1602.29,Pago,202609
MEN00004558,ALU00380,2026-10-01,2026-10-10,2026-10-09,1662.43,Pago,202610
MEN00004559,ALU00380,2026-11-01,2026-11-10,2026-11-13,1618.98,Pago,202611
MEN00004560,ALU00380,2026-12-01,2026-12-10,2026-12-14,1687.39,Pago,202612
MEN00004561,ALU00381,2026-01-01,2026-01-10,2026-01-14,1670.57,Pago,202601
MEN00004562,ALU00381,2026-02-01,2026-02-10,2026-02-10,1673.62,Pago,202602
MEN00004563,ALU00381,2026-03-01,2026-03-10,2026-03-10,1644.52,Pago,202603
MEN00004564,ALU00381,2026-04-01,2026-04-10,2026-04-14,1635.68,Pago,202604
MEN00004565,ALU00381,2026-05-01,2026-05-10,,1606.28,Vencido,202605
MEN00004566,ALU00381,2026-06-01,2026-06-10,2026-06-07,1622.49,Pago,202606
MEN00004567,ALU00381,2026-07-01,2026-07-10,2026-07-08,1639.77,Pago,202607
MEN00004568,ALU00381,2026-08-01,2026-08-10,2026-08-15,1603.77,Pago,202608
MEN00004569,ALU00381,2026-09-01,2026-09-10,2026-09-16,1645.76,Pago,202609
MEN00004570,ALU00381,2026-10-01,2026-10-10,,1603.89,Vencido,202610
MEN00004571,ALU00381,2026-11-01,2026-11-10,2026-11-18,1655.34,Pago,202611
MEN00004572,ALU00381,2026-12-01,2026-12-10,2026-12-15,1648.52,Pago,202612
MEN00004573,ALU00382,2026-01-01,2026-01-10,2026-01-08,1664.56,Pago,202601
MEN00004574,ALU00382,2026-02-01,2026-02-10,2026-02-14,1638.68,Pago,202602
MEN00004575,ALU00382,2026-03-01,2026-03-10,,1684.7,Vencido,202603
MEN00004576,ALU00382,2026-04-01,2026-04-10,2026-04-14,1686.68,Pago,202604
MEN00004577,ALU00382,2026-05-01,2026-05-10,2026-05-09,1663.48,Pago,202605
MEN00004578,ALU00382,2026-06-01,2026-06-10,2026-06-08,1627.19,Pago,202606
MEN00004579,ALU00382,2026-07-01,2026-07-10,2026-07-11,1676.54,Pago,202607
MEN00004580,ALU00382,2026-08-01,2026-08-10,2026-08-13,1609.41,Pago,202608
MEN00004581,ALU00382,2026-09-01,2026-09-10,2026-09-09,1620.5,Pago,202609
MEN00004582,ALU00382,2026-10-01,2026-10-10,2026-10-16,1657.93,Pago,202610
MEN00004583,ALU00382,2026-11-01,2026-11-10,2026-11-17,1618.79,Pago,202611
MEN00004584,ALU00382,2026-12-01,2026-12-10,2026-12-12,1679.95,Pago,202612
MEN00004585,ALU00383,2026-01-01,2026-01-10,,1668.52,Vencido,202601
MEN00004586,ALU00383,2026-02-01,2026-02-10,2026-02-07,1668.61,Pago,202602
MEN00004587,ALU00383,2026-03-01,2026-03-10,2026-03-08,1643.83,Pago,202603
MEN00004588,ALU00383,2026-04-01,2026-04-10,2026-04-07,1643.94,Pago,202604
MEN00004589,ALU00383,2026-05-01,2026-05-10,2026-05-12,1638.43,Pago,202605
MEN00004590,ALU00383,2026-06-01,2026-06-10,2026-06-09,1665.86,Pago,202606
MEN00004591,ALU00383,2026-07-01,2026-07-10,,1612.2,Em Aberto,202607
MEN00004592,ALU00383,2026-08-01,2026-08-10,2026-08-08,1677.94,Pago,202608
MEN00004593,ALU00383,2026-09-01,2026-09-10,2026-09-10,1647.18,Pago,202609
MEN00004594,ALU00383,2026-10-01,2026-10-10,2026-10-12,1652.7,Pago,202610
MEN00004595,ALU00383,2026-11-01,2026-11-10,2026-11-11,1609.96,Pago,202611
MEN00004596,ALU00383,2026-12-01,2026-12-10,,1629.46,Em Aberto,202612
MEN00004597,ALU00384,2026-01-01,2026-01-10,2026-01-14,1667.03,Pago,202601
MEN00004598,ALU00384,2026-02-01,2026-02-10,2026-02-13,1600.56,Pago,202602
MEN00004599,ALU00384,2026-03-01,2026-03-10,,1654.31,Vencido,202603
MEN00004600,ALU00384,2026-04-01,2026-04-10,2026-04-17,1695.16,Pago,202604
MEN00004601,ALU00384,2026-05-01,2026-05-10,2026-05-18,1627.89,Pago,202605
MEN00004602,ALU00384,2026-06-01,2026-06-10,2026-06-12,1694.82,Pago,202606
MEN00004603,ALU00384,2026-07-01,2026-07-10,2026-07-07,1619.26,Pago,202607
MEN00004604,ALU00384,2026-08-01,2026-08-10,2026-08-13,1682.48,Pago,202608
MEN00004605,ALU00384,2026-09-01,2026-09-10,2026-09-17,1616.34,Pago,202609
MEN00004606,ALU00384,2026-10-01,2026-10-10,2026-10-09,1672.86,Pago,202610
MEN00004607,ALU00384,2026-11-01,2026-11-10,,1619.76,Em Aberto,202611
MEN00004608,ALU00384,2026-12-01,2026-12-10,2026-12-16,1666.32,Pago,202612
MEN00004609,ALU00385,2026-01-01,2026-01-10,2026-01-18,1621.94,Pago,202601
MEN00004610,ALU00385,2026-02-01,2026-02-10,2026-02-09,1695.45,Pago,202602
MEN00004611,ALU00385,2026-03-01,2026-03-10,2026-03-11,1646.81,Pago,202603
MEN00004612,ALU00385,2026-04-01,2026-04-10,2026-04-12,1660.49,Pago,202604
MEN00004613,ALU00385,2026-05-01,2026-05-10,2026-05-08,1695.31,Pago,202605
MEN00004614,ALU00385,2026-06-01,2026-06-10,2026-06-07,1678.15,Pago,202606
MEN00004615,ALU00385,2026-07-01,2026-07-10,2026-07-12,1611.32,Pago,202607
MEN00004616,ALU00385,2026-08-01,2026-08-10,2026-08-17,1639.56,Pago,202608
MEN00004617,ALU00385,2026-09-01,2026-09-10,2026-09-17,1669.34,Pago,202609
MEN00004618,ALU00385,2026-10-01,2026-10-10,2026-10-14,1657.03,Pago,202610
MEN00004619,ALU00385,2026-11-01,2026-11-10,2026-11-08,1617.14,Pago,202611
MEN00004620,ALU00385,2026-12-01,2026-12-10,2026-12-18,1618.91,Pago,202612
MEN00004621,ALU00386,2026-01-01,2026-01-10,2026-01-15,1678.11,Pago,202601
MEN00004622,ALU00386,2026-02-01,2026-02-10,2026-02-18,1620.99,Pago,202602
MEN00004623,ALU00386,2026-03-01,2026-03-10,,1678.91,Vencido,202603
MEN00004624,ALU00386,2026-04-01,2026-04-10,2026-04-10,1631.08,Pago,202604
MEN00004625,ALU00386,2026-05-01,2026-05-10,2026-05-07,1692.22,Pago,202605
MEN00004626,ALU00386,2026-06-01,2026-06-10,,1674.01,Em Aberto,202606
MEN00004627,ALU00386,2026-07-01,2026-07-10,2026-07-15,1648.27,Pago,202607
MEN00004628,ALU00386,2026-08-01,2026-08-10,2026-08-16,1679.64,Pago,202608
MEN00004629,ALU00386,2026-09-01,2026-09-10,2026-09-11,1672.64,Pago,202609
MEN00004630,ALU00386,2026-10-01,2026-10-10,2026-10-11,1686.39,Pago,202610
MEN00004631,ALU00386,2026-11-01,2026-11-10,2026-11-08,1697.44,Pago,202611
MEN00004632,ALU00386,2026-12-01,2026-12-10,2026-12-13,1622.1,Pago,202612
MEN00004633,ALU00387,2026-01-01,2026-01-10,2026-01-18,1645.31,Pago,202601
MEN00004634,ALU00387,2026-02-01,2026-02-10,2026-02-08,1613.88,Pago,202602
MEN00004635,ALU00387,2026-03-01,2026-03-10,2026-03-09,1691.92,Pago,202603
MEN00004636,ALU00387,2026-04-01,2026-04-10,2026-04-12,1697.15,Pago,202604
MEN00004637,ALU00387,2026-05-01,2026-05-10,2026-05-11,1643.02,Pago,202605
MEN00004638,ALU00387,2026-06-01,2026-06-10,2026-06-14,1644.21,Pago,202606
MEN00004639,ALU00387,2026-07-01,2026-07-10,2026-07-14,1623.65,Pago,202607
MEN00004640,ALU00387,2026-08-01,2026-08-10,,1611.23,Vencido,202608
MEN00004641,ALU00387,2026-09-01,2026-09-10,2026-09-08,1619.07,Pago,202609
MEN00004642,ALU00387,2026-10-01,2026-10-10,2026-10-12,1649.34,Pago,202610
MEN00004643,ALU00387,2026-11-01,2026-11-10,2026-11-12,1651.09,Pago,202611
MEN00004644,ALU00387,2026-12-01,2026-12-10,2026-12-14,1669.82,Pago,202612
MEN00004645,ALU00388,2026-01-01,2026-01-10,,1648.75,Em Aberto,202601
MEN00004646,ALU00388,2026-02-01,2026-02-10,2026-02-18,1618.98,Pago,202602
MEN00004647,ALU00388,2026-03-01,2026-03-10,,1654.37,Vencido,202603
MEN00004648,ALU00388,2026-04-01,2026-04-10,2026-04-15,1621.12,Pago,202604
MEN00004649,ALU00388,2026-05-01,2026-05-10,,1627.6,Vencido,202605
MEN00004650,ALU00388,2026-06-01,2026-06-10,2026-06-17,1626.68,Pago,202606
MEN00004651,ALU00388,2026-07-01,2026-07-10,2026-07-11,1675.59,Pago,202607
MEN00004652,ALU00388,2026-08-01,2026-08-10,,1692.3,Vencido,202608
MEN00004653,ALU00388,2026-09-01,2026-09-10,,1645.77,Em Aberto,202609
MEN00004654,ALU00388,2026-10-01,2026-10-10,2026-10-10,1669.75,Pago,202610
MEN00004655,ALU00388,2026-11-01,2026-11-10,2026-11-15,1688.46,Pago,202611
MEN00004656,ALU00388,2026-12-01,2026-12-10,2026-12-08,1608.92,Pago,202612
MEN00004657,ALU00389,2026-01-01,2026-01-10,,1647.86,Em Aberto,202601
MEN00004658,ALU00389,2026-02-01,2026-02-10,2026-02-07,1646.12,Pago,202602
MEN00004659,ALU00389,2026-03-01,2026-03-10,2026-03-10,1615.61,Pago,202603
MEN00004660,ALU00389,2026-04-01,2026-04-10,2026-04-15,1616.43,Pago,202604
MEN00004661,ALU00389,2026-05-01,2026-05-10,,1635.72,Vencido,202605
MEN00004662,ALU00389,2026-06-01,2026-06-10,,1632.96,Vencido,202606
MEN00004663,ALU00389,2026-07-01,2026-07-10,2026-07-10,1691.23,Pago,202607
MEN00004664,ALU00389,2026-08-01,2026-08-10,2026-08-11,1662.67,Pago,202608
MEN00004665,ALU00389,2026-09-01,2026-09-10,2026-09-08,1652.64,Pago,202609
MEN00004666,ALU00389,2026-10-01,2026-10-10,2026-10-07,1694.46,Pago,202610
MEN00004667,ALU00389,2026-11-01,2026-11-10,2026-11-07,1643.45,Pago,202611
MEN00004668,ALU00389,2026-12-01,2026-12-10,2026-12-07,1626.7,Pago,202612
MEN00004669,ALU00390,2026-01-01,2026-01-10,2026-01-14,1666.64,Pago,202601
MEN00004670,ALU00390,2026-02-01,2026-02-10,2026-02-13,1689.65,Pago,202602
MEN00004671,ALU00390,2026-03-01,2026-03-10,2026-03-16,1633.32,Pago,202603
MEN00004672,ALU00390,2026-04-01,2026-04-10,,1672.22,Em Aberto,202604
MEN00004673,ALU00390,2026-05-01,2026-05-10,2026-05-16,1615.62,Pago,202605
MEN00004674,ALU00390,2026-06-01,2026-06-10,2026-06-13,1680.18,Pago,202606
MEN00004675,ALU00390,2026-07-01,2026-07-10,2026-07-07,1685.43,Pago,202607
MEN00004676,ALU00390,2026-08-01,2026-08-10,,1603.84,Vencido,202608
MEN00004677,ALU00390,2026-09-01,2026-09-10,2026-09-08,1688.2,Pago,202609
MEN00004678,ALU00390,2026-10-01,2026-10-10,2026-10-17,1634.86,Pago,202610
MEN00004679,ALU00390,2026-11-01,2026-11-10,2026-11-18,1612.87,Pago,202611
MEN00004680,ALU00390,2026-12-01,2026-12-10,2026-12-08,1630.75,Pago,202612
MEN00004681,ALU00391,2026-01-01,2026-01-10,2026-01-08,1627.43,Pago,202601
MEN00004682,ALU00391,2026-02-01,2026-02-10,2026-02-11,1685.92,Pago,202602
MEN00004683,ALU00391,2026-03-01,2026-03-10,2026-03-15,1636.33,Pago,202603
MEN00004684,ALU00391,2026-04-01,2026-04-10,,1693.42,Em Aberto,202604
MEN00004685,ALU00391,2026-05-01,2026-05-10,2026-05-15,1621.38,Pago,202605
MEN00004686,ALU00391,2026-06-01,2026-06-10,2026-06-12,1642.85,Pago,202606
MEN00004687,ALU00391,2026-07-01,2026-07-10,2026-07-18,1675.67,Pago,202607
MEN00004688,ALU00391,2026-08-01,2026-08-10,2026-08-16,1608.53,Pago,202608
MEN00004689,ALU00391,2026-09-01,2026-09-10,2026-09-10,1684.67,Pago,202609
MEN00004690,ALU00391,2026-10-01,2026-10-10,,1625.24,Em Aberto,202610
MEN00004691,ALU00391,2026-11-01,2026-11-10,2026-11-07,1619.79,Pago,202611
MEN00004692,ALU00391,2026-12-01,2026-12-10,2026-12-11,1633.51,Pago,202612
MEN00004693,ALU00392,2026-01-01,2026-01-10,,1645.4,Vencido,202601
MEN00004694,ALU00392,2026-02-01,2026-02-10,2026-02-13,1646.68,Pago,202602
MEN00004695,ALU00392,2026-03-01,2026-03-10,2026-03-16,1686.38,Pago,202603
MEN00004696,ALU00392,2026-04-01,2026-04-10,2026-04-17,1682.52,Pago,202604
MEN00004697,ALU00392,2026-05-01,2026-05-10,2026-05-10,1620.76,Pago,202605
MEN00004698,ALU00392,2026-06-01,2026-06-10,2026-06-09,1632.95,Pago,202606
MEN00004699,ALU00392,2026-07-01,2026-07-10,2026-07-16,1683.45,Pago,202607
MEN00004700,ALU00392,2026-08-01,2026-08-10,2026-08-09,1680.17,Pago,202608
MEN00004701,ALU00392,2026-09-01,2026-09-10,2026-09-14,1683.0,Pago,202609
MEN00004702,ALU00392,2026-10-01,2026-10-10,2026-10-07,1657.44,Pago,202610
MEN00004703,ALU00392,2026-11-01,2026-11-10,2026-11-08,1607.89,Pago,202611
MEN00004704,ALU00392,2026-12-01,2026-12-10,2026-12-11,1627.39,Pago,202612
MEN00004705,ALU00393,2026-01-01,2026-01-10,2026-01-11,1646.54,Pago,202601
MEN00004706,ALU00393,2026-02-01,2026-02-10,2026-02-14,1620.42,Pago,202602
MEN00004707,ALU00393,2026-03-01,2026-03-10,2026-03-14,1691.82,Pago,202603
MEN00004708,ALU00393,2026-04-01,2026-04-10,2026-04-13,1649.43,Pago,202604
MEN00004709,ALU00393,2026-05-01,2026-05-10,,1679.56,Em Aberto,202605
MEN00004710,ALU00393,2026-06-01,2026-06-10,2026-06-07,1632.99,Pago,202606
MEN00004711,ALU00393,2026-07-01,2026-07-10,2026-07-09,1621.42,Pago,202607
MEN00004712,ALU00393,2026-08-01,2026-08-10,,1681.36,Vencido,202608
MEN00004713,ALU00393,2026-09-01,2026-09-10,2026-09-17,1645.65,Pago,202609
MEN00004714,ALU00393,2026-10-01,2026-10-10,2026-10-08,1688.32,Pago,202610
MEN00004715,ALU00393,2026-11-01,2026-11-10,2026-11-10,1661.47,Pago,202611
MEN00004716,ALU00393,2026-12-01,2026-12-10,2026-12-14,1637.45,Pago,202612
MEN00004717,ALU00394,2026-01-01,2026-01-10,,1622.61,Vencido,202601
MEN00004718,ALU00394,2026-02-01,2026-02-10,2026-02-10,1616.13,Pago,202602
MEN00004719,ALU00394,2026-03-01,2026-03-10,2026-03-15,1638.17,Pago,202603
MEN00004720,ALU00394,2026-04-01,2026-04-10,2026-04-11,1645.2,Pago,202604
MEN00004721,ALU00394,2026-05-01,2026-05-10,2026-05-10,1611.68,Pago,202605
MEN00004722,ALU00394,2026-06-01,2026-06-10,2026-06-15,1632.45,Pago,202606
MEN00004723,ALU00394,2026-07-01,2026-07-10,2026-07-07,1689.92,Pago,202607
MEN00004724,ALU00394,2026-08-01,2026-08-10,2026-08-08,1619.52,Pago,202608
MEN00004725,ALU00394,2026-09-01,2026-09-10,,1639.03,Vencido,202609
MEN00004726,ALU00394,2026-10-01,2026-10-10,2026-10-17,1665.39,Pago,202610
MEN00004727,ALU00394,2026-11-01,2026-11-10,2026-11-09,1696.84,Pago,202611
MEN00004728,ALU00394,2026-12-01,2026-12-10,2026-12-07,1607.21,Pago,202612
MEN00004729,ALU00395,2026-01-01,2026-01-10,2026-01-08,1633.03,Pago,202601
MEN00004730,ALU00395,2026-02-01,2026-02-10,,1633.97,Em Aberto,202602
MEN00004731,ALU00395,2026-03-01,2026-03-10,2026-03-15,1616.31,Pago,202603
MEN00004732,ALU00395,2026-04-01,2026-04-10,,1658.08,Vencido,202604
MEN00004733,ALU00395,2026-05-01,2026-05-10,,1674.69,Vencido,202605
MEN00004734,ALU00395,2026-06-01,2026-06-10,2026-06-10,1607.82,Pago,202606
MEN00004735,ALU00395,2026-07-01,2026-07-10,2026-07-08,1603.55,Pago,202607
MEN00004736,ALU00395,2026-08-01,2026-08-10,2026-08-18,1680.02,Pago,202608
MEN00004737,ALU00395,2026-09-01,2026-09-10,2026-09-16,1631.02,Pago,202609
MEN00004738,ALU00395,2026-10-01,2026-10-10,2026-10-18,1635.12,Pago,202610
MEN00004739,ALU00395,2026-11-01,2026-11-10,2026-11-08,1657.3,Pago,202611
MEN00004740,ALU00395,2026-12-01,2026-12-10,2026-12-09,1663.32,Pago,202612
MEN00004741,ALU00396,2026-01-01,2026-01-10,2026-01-07,1696.86,Pago,202601
MEN00004742,ALU00396,2026-02-01,2026-02-10,2026-02-08,1667.73,Pago,202602
MEN00004743,ALU00396,2026-03-01,2026-03-10,2026-03-09,1653.62,Pago,202603
MEN00004744,ALU00396,2026-04-01,2026-04-10,2026-04-17,1665.63,Pago,202604
MEN00004745,ALU00396,2026-05-01,2026-05-10,,1662.51,Vencido,202605
MEN00004746,ALU00396,2026-06-01,2026-06-10,2026-06-07,1663.9,Pago,202606
MEN00004747,ALU00396,2026-07-01,2026-07-10,2026-07-14,1639.14,Pago,202607
MEN00004748,ALU00396,2026-08-01,2026-08-10,2026-08-16,1641.3,Pago,202608
MEN00004749,ALU00396,2026-09-01,2026-09-10,2026-09-17,1635.26,Pago,202609
MEN00004750,ALU00396,2026-10-01,2026-10-10,2026-10-12,1687.2,Pago,202610
MEN00004751,ALU00396,2026-11-01,2026-11-10,2026-11-12,1642.03,Pago,202611
MEN00004752,ALU00396,2026-12-01,2026-12-10,2026-12-10,1656.48,Pago,202612
MEN00004753,ALU00397,2026-01-01,2026-01-10,,1607.77,Vencido,202601
MEN00004754,ALU00397,2026-02-01,2026-02-10,2026-02-11,1629.63,Pago,202602
MEN00004755,ALU00397,2026-03-01,2026-03-10,,1643.22,Em Aberto,202603
MEN00004756,ALU00397,2026-04-01,2026-04-10,2026-04-13,1628.33,Pago,202604
MEN00004757,ALU00397,2026-05-01,2026-05-10,2026-05-10,1647.06,Pago,202605
MEN00004758,ALU00397,2026-06-01,2026-06-10,2026-06-14,1647.12,Pago,202606
MEN00004759,ALU00397,2026-07-01,2026-07-10,2026-07-12,1615.58,Pago,202607
MEN00004760,ALU00397,2026-08-01,2026-08-10,2026-08-07,1679.82,Pago,202608
MEN00004761,ALU00397,2026-09-01,2026-09-10,2026-09-14,1667.25,Pago,202609
MEN00004762,ALU00397,2026-10-01,2026-10-10,2026-10-09,1680.16,Pago,202610
MEN00004763,ALU00397,2026-11-01,2026-11-10,2026-11-07,1671.3,Pago,202611
MEN00004764,ALU00397,2026-12-01,2026-12-10,2026-12-15,1678.55,Pago,202612
MEN00004765,ALU00398,2026-01-01,2026-01-10,2026-01-07,1603.51,Pago,202601
MEN00004766,ALU00398,2026-02-01,2026-02-10,2026-02-11,1678.57,Pago,202602
MEN00004767,ALU00398,2026-03-01,2026-03-10,2026-03-10,1665.3,Pago,202603
MEN00004768,ALU00398,2026-04-01,2026-04-10,2026-04-12,1691.71,Pago,202604
MEN00004769,ALU00398,2026-05-01,2026-05-10,2026-05-15,1668.99,Pago,202605
MEN00004770,ALU00398,2026-06-01,2026-06-10,2026-06-09,1695.55,Pago,202606
MEN00004771,ALU00398,2026-07-01,2026-07-10,2026-07-18,1670.05,Pago,202607
MEN00004772,ALU00398,2026-08-01,2026-08-10,2026-08-17,1624.52,Pago,202608
MEN00004773,ALU00398,2026-09-01,2026-09-10,2026-09-18,1671.66,Pago,202609
MEN00004774,ALU00398,2026-10-01,2026-10-10,2026-10-10,1688.35,Pago,202610
MEN00004775,ALU00398,2026-11-01,2026-11-10,2026-11-17,1684.92,Pago,202611
MEN00004776,ALU00398,2026-12-01,2026-12-10,2026-12-14,1684.45,Pago,202612
MEN00004777,ALU00399,2026-01-01,2026-01-10,,1694.66,Vencido,202601
MEN00004778,ALU00399,2026-02-01,2026-02-10,,1638.82,Vencido,202602
MEN00004779,ALU00399,2026-03-01,2026-03-10,,1603.5,Vencido,202603
MEN00004780,ALU00399,2026-04-01,2026-04-10,2026-04-12,1636.47,Pago,202604
MEN00004781,ALU00399,2026-05-01,2026-05-10,2026-05-11,1616.22,Pago,202605
MEN00004782,ALU00399,2026-06-01,2026-06-10,,1626.25,Em Aberto,202606
MEN00004783,ALU00399,2026-07-01,2026-07-10,2026-07-16,1687.75,Pago,202607
MEN00004784,ALU00399,2026-08-01,2026-08-10,2026-08-13,1609.52,Pago,202608
MEN00004785,ALU00399,2026-09-01,2026-09-10,2026-09-15,1684.65,Pago,202609
MEN00004786,ALU00399,2026-10-01,2026-10-10,2026-10-18,1613.86,Pago,202610
MEN00004787,ALU00399,2026-11-01,2026-11-10,2026-11-15,1666.08,Pago,202611
MEN00004788,ALU00399,2026-12-01,2026-12-10,2026-12-07,1631.38,Pago,202612
MEN00004789,ALU00400,2026-01-01,2026-01-10,2026-01-13,1644.23,Pago,202601
MEN00004790,ALU00400,2026-02-01,2026-02-10,2026-02-10,1654.71,Pago,202602
MEN00004791,ALU00400,2026-03-01,2026-03-10,2026-03-15,1660.84,Pago,202603
MEN00004792,ALU00400,2026-04-01,2026-04-10,2026-04-18,1666.34,Pago,202604
MEN00004793,ALU00400,2026-05-01,2026-05-10,2026-05-14,1622.48,Pago,202605
MEN00004794,ALU00400,2026-06-01,2026-06-10,,1694.53,Em Aberto,202606
MEN00004795,ALU00400,2026-07-01,2026-07-10,2026-07-17,1640.44,Pago,202607
MEN00004796,ALU00400,2026-08-01,2026-08-10,2026-08-13,1619.75,Pago,202608
MEN00004797,ALU00400,2026-09-01,2026-09-10,,1623.77,Vencido,202609
MEN00004798,ALU00400,2026-10-01,2026-10-10,2026-10-18,1623.44,Pago,202610
MEN00004799,ALU00400,2026-11-01,2026-11-10,2026-11-14,1650.45,Pago,202611
MEN00004800,ALU00400,2026-12-01,2026-12-10,,1625.16,Vencido,202612
MEN00004801,ALU00401,2026-01-01,2026-01-10,2026-01-13,1666.36,Pago,202601
MEN00004802,ALU00401,2026-02-01,2026-02-10,,1672.38,Em Aberto,202602
MEN00004803,ALU00401,2026-03-01,2026-03-10,,1692.26,Vencido,202603
MEN00004804,ALU00401,2026-04-01,2026-04-10,2026-04-17,1657.05,Pago,202604
MEN00004805,ALU00401,2026-05-01,2026-05-10,2026-05-10,1694.87,Pago,202605
MEN00004806,ALU00401,2026-06-01,2026-06-10,2026-06-14,1671.43,Pago,202606
MEN00004807,ALU00401,2026-07-01,2026-07-10,2026-07-11,1685.08,Pago,202607
MEN00004808,ALU00401,2026-08-01,2026-08-10,2026-08-08,1657.15,Pago,202608
MEN00004809,ALU00401,2026-09-01,2026-09-10,2026-09-08,1616.53,Pago,202609
MEN00004810,ALU00401,2026-10-01,2026-10-10,2026-10-07,1601.59,Pago,202610
MEN00004811,ALU00401,2026-11-01,2026-11-10,2026-11-16,1643.34,Pago,202611
MEN00004812,ALU00401,2026-12-01,2026-12-10,2026-12-12,1665.39,Pago,202612
MEN00004813,ALU00402,2026-01-01,2026-01-10,2026-01-18,1604.95,Pago,202601
MEN00004814,ALU00402,2026-02-01,2026-02-10,2026-02-14,1632.11,Pago,202602
MEN00004815,ALU00402,2026-03-01,2026-03-10,2026-03-18,1628.58,Pago,202603
MEN00004816,ALU00402,2026-04-01,2026-04-10,2026-04-07,1632.38,Pago,202604
MEN00004817,ALU00402,2026-05-01,2026-05-10,2026-05-10,1617.44,Pago,202605
MEN00004818,ALU00402,2026-06-01,2026-06-10,2026-06-10,1654.61,Pago,202606
MEN00004819,ALU00402,2026-07-01,2026-07-10,2026-07-15,1646.41,Pago,202607
MEN00004820,ALU00402,2026-08-01,2026-08-10,2026-08-12,1692.58,Pago,202608
MEN00004821,ALU00402,2026-09-01,2026-09-10,,1620.34,Em Aberto,202609
MEN00004822,ALU00402,2026-10-01,2026-10-10,2026-10-15,1663.73,Pago,202610
MEN00004823,ALU00402,2026-11-01,2026-11-10,2026-11-13,1635.5,Pago,202611
MEN00004824,ALU00402,2026-12-01,2026-12-10,2026-12-11,1630.04,Pago,202612
MEN00004825,ALU00403,2026-01-01,2026-01-10,2026-01-14,1611.17,Pago,202601
MEN00004826,ALU00403,2026-02-01,2026-02-10,2026-02-18,1627.95,Pago,202602
MEN00004827,ALU00403,2026-03-01,2026-03-10,,1650.87,Vencido,202603
MEN00004828,ALU00403,2026-04-01,2026-04-10,2026-04-16,1625.47,Pago,202604
MEN00004829,ALU00403,2026-05-01,2026-05-10,2026-05-14,1660.0,Pago,202605
MEN00004830,ALU00403,2026-06-01,2026-06-10,2026-06-16,1680.53,Pago,202606
MEN00004831,ALU00403,2026-07-01,2026-07-10,2026-07-18,1636.93,Pago,202607
MEN00004832,ALU00403,2026-08-01,2026-08-10,2026-08-16,1615.03,Pago,202608
MEN00004833,ALU00403,2026-09-01,2026-09-10,2026-09-13,1647.12,Pago,202609
MEN00004834,ALU00403,2026-10-01,2026-10-10,2026-10-11,1663.56,Pago,202610
MEN00004835,ALU00403,2026-11-01,2026-11-10,2026-11-15,1682.92,Pago,202611
MEN00004836,ALU00403,2026-12-01,2026-12-10,2026-12-07,1686.21,Pago,202612
MEN00004837,ALU00404,2026-01-01,2026-01-10,2026-01-16,1653.94,Pago,202601
MEN00004838,ALU00404,2026-02-01,2026-02-10,,1678.72,Vencido,202602
MEN00004839,ALU00404,2026-03-01,2026-03-10,,1675.13,Em Aberto,202603
MEN00004840,ALU00404,2026-04-01,2026-04-10,2026-04-16,1625.3,Pago,202604
MEN00004841,ALU00404,2026-05-01,2026-05-10,2026-05-16,1635.96,Pago,202605
MEN00004842,ALU00404,2026-06-01,2026-06-10,2026-06-08,1697.9,Pago,202606
MEN00004843,ALU00404,2026-07-01,2026-07-10,2026-07-07,1680.57,Pago,202607
MEN00004844,ALU00404,2026-08-01,2026-08-10,2026-08-13,1606.66,Pago,202608
MEN00004845,ALU00404,2026-09-01,2026-09-10,2026-09-08,1621.11,Pago,202609
MEN00004846,ALU00404,2026-10-01,2026-10-10,2026-10-09,1651.6,Pago,202610
MEN00004847,ALU00404,2026-11-01,2026-11-10,2026-11-11,1662.89,Pago,202611
MEN00004848,ALU00404,2026-12-01,2026-12-10,2026-12-15,1624.98,Pago,202612
MEN00004849,ALU00405,2026-01-01,2026-01-10,2026-01-09,1647.01,Pago,202601
MEN00004850,ALU00405,2026-02-01,2026-02-10,,1616.39,Vencido,202602
MEN00004851,ALU00405,2026-03-01,2026-03-10,2026-03-08,1628.06,Pago,202603
MEN00004852,ALU00405,2026-04-01,2026-04-10,,1637.61,Vencido,202604
MEN00004853,ALU00405,2026-05-01,2026-05-10,,1610.05,Vencido,202605
MEN00004854,ALU00405,2026-06-01,2026-06-10,2026-06-13,1619.97,Pago,202606
MEN00004855,ALU00405,2026-07-01,2026-07-10,,1683.95,Vencido,202607
MEN00004856,ALU00405,2026-08-01,2026-08-10,2026-08-16,1679.68,Pago,202608
MEN00004857,ALU00405,2026-09-01,2026-09-10,2026-09-07,1601.99,Pago,202609
MEN00004858,ALU00405,2026-10-01,2026-10-10,2026-10-09,1621.18,Pago,202610
MEN00004859,ALU00405,2026-11-01,2026-11-10,2026-11-15,1660.01,Pago,202611
MEN00004860,ALU00405,2026-12-01,2026-12-10,2026-12-14,1682.23,Pago,202612
MEN00004861,ALU00406,2026-01-01,2026-01-10,2026-01-16,1673.86,Pago,202601
MEN00004862,ALU00406,2026-02-01,2026-02-10,2026-02-14,1639.59,Pago,202602
MEN00004863,ALU00406,2026-03-01,2026-03-10,2026-03-09,1679.77,Pago,202603
MEN00004864,ALU00406,2026-04-01,2026-04-10,2026-04-14,1665.42,Pago,202604
MEN00004865,ALU00406,2026-05-01,2026-05-10,2026-05-08,1663.0,Pago,202605
MEN00004866,ALU00406,2026-06-01,2026-06-10,,1693.06,Em Aberto,202606
MEN00004867,ALU00406,2026-07-01,2026-07-10,2026-07-14,1675.1,Pago,202607
MEN00004868,ALU00406,2026-08-01,2026-08-10,2026-08-09,1614.85,Pago,202608
MEN00004869,ALU00406,2026-09-01,2026-09-10,2026-09-11,1641.11,Pago,202609
MEN00004870,ALU00406,2026-10-01,2026-10-10,2026-10-17,1631.29,Pago,202610
MEN00004871,ALU00406,2026-11-01,2026-11-10,2026-11-15,1688.17,Pago,202611
MEN00004872,ALU00406,2026-12-01,2026-12-10,,1610.83,Em Aberto,202612
MEN00004873,ALU00407,2026-01-01,2026-01-10,2026-01-11,1687.88,Pago,202601
MEN00004874,ALU00407,2026-02-01,2026-02-10,2026-02-09,1695.23,Pago,202602
MEN00004875,ALU00407,2026-03-01,2026-03-10,2026-03-08,1686.43,Pago,202603
MEN00004876,ALU00407,2026-04-01,2026-04-10,2026-04-07,1639.37,Pago,202604
MEN00004877,ALU00407,2026-05-01,2026-05-10,2026-05-15,1640.85,Pago,202605
MEN00004878,ALU00407,2026-06-01,2026-06-10,2026-06-10,1614.13,Pago,202606
MEN00004879,ALU00407,2026-07-01,2026-07-10,2026-07-14,1638.69,Pago,202607
MEN00004880,ALU00407,2026-08-01,2026-08-10,2026-08-12,1622.41,Pago,202608
MEN00004881,ALU00407,2026-09-01,2026-09-10,,1622.91,Vencido,202609
MEN00004882,ALU00407,2026-10-01,2026-10-10,2026-10-16,1691.14,Pago,202610
MEN00004883,ALU00407,2026-11-01,2026-11-10,2026-11-14,1695.3,Pago,202611
MEN00004884,ALU00407,2026-12-01,2026-12-10,,1682.98,Vencido,202612
MEN00004885,ALU00408,2026-01-01,2026-01-10,2026-01-11,1671.12,Pago,202601
MEN00004886,ALU00408,2026-02-01,2026-02-10,2026-02-09,1670.06,Pago,202602
MEN00004887,ALU00408,2026-03-01,2026-03-10,2026-03-16,1659.71,Pago,202603
MEN00004888,ALU00408,2026-04-01,2026-04-10,2026-04-15,1657.39,Pago,202604
MEN00004889,ALU00408,2026-05-01,2026-05-10,2026-05-16,1690.56,Pago,202605
MEN00004890,ALU00408,2026-06-01,2026-06-10,2026-06-17,1601.94,Pago,202606
MEN00004891,ALU00408,2026-07-01,2026-07-10,2026-07-18,1658.32,Pago,202607
MEN00004892,ALU00408,2026-08-01,2026-08-10,2026-08-17,1670.38,Pago,202608
MEN00004893,ALU00408,2026-09-01,2026-09-10,2026-09-08,1635.24,Pago,202609
MEN00004894,ALU00408,2026-10-01,2026-10-10,2026-10-15,1643.61,Pago,202610
MEN00004895,ALU00408,2026-11-01,2026-11-10,2026-11-14,1668.2,Pago,202611
MEN00004896,ALU00408,2026-12-01,2026-12-10,2026-12-07,1690.78,Pago,202612
MEN00004897,ALU00409,2026-01-01,2026-01-10,2026-01-11,1659.38,Pago,202601
MEN00004898,ALU00409,2026-02-01,2026-02-10,2026-02-07,1689.38,Pago,202602
MEN00004899,ALU00409,2026-03-01,2026-03-10,2026-03-12,1692.62,Pago,202603
MEN00004900,ALU00409,2026-04-01,2026-04-10,2026-04-14,1657.12,Pago,202604
MEN00004901,ALU00409,2026-05-01,2026-05-10,2026-05-18,1699.32,Pago,202605
MEN00004902,ALU00409,2026-06-01,2026-06-10,,1676.81,Vencido,202606
MEN00004903,ALU00409,2026-07-01,2026-07-10,2026-07-17,1676.4,Pago,202607
MEN00004904,ALU00409,2026-08-01,2026-08-10,2026-08-07,1668.73,Pago,202608
MEN00004905,ALU00409,2026-09-01,2026-09-10,2026-09-15,1695.52,Pago,202609
MEN00004906,ALU00409,2026-10-01,2026-10-10,2026-10-07,1618.27,Pago,202610
MEN00004907,ALU00409,2026-11-01,2026-11-10,2026-11-09,1636.13,Pago,202611
MEN00004908,ALU00409,2026-12-01,2026-12-10,2026-12-09,1647.14,Pago,202612
MEN00004909,ALU00410,2026-01-01,2026-01-10,2026-01-09,1695.71,Pago,202601
MEN00004910,ALU00410,2026-02-01,2026-02-10,2026-02-10,1662.98,Pago,202602
MEN00004911,ALU00410,2026-03-01,2026-03-10,2026-03-09,1695.8,Pago,202603
MEN00004912,ALU00410,2026-04-01,2026-04-10,2026-04-12,1640.26,Pago,202604
MEN00004913,ALU00410,2026-05-01,2026-05-10,2026-05-16,1668.88,Pago,202605
MEN00004914,ALU00410,2026-06-01,2026-06-10,2026-06-11,1663.51,Pago,202606
MEN00004915,ALU00410,2026-07-01,2026-07-10,2026-07-10,1678.11,Pago,202607
MEN00004916,ALU00410,2026-08-01,2026-08-10,2026-08-10,1682.01,Pago,202608
MEN00004917,ALU00410,2026-09-01,2026-09-10,2026-09-07,1625.52,Pago,202609
MEN00004918,ALU00410,2026-10-01,2026-10-10,2026-10-17,1639.7,Pago,202610
MEN00004919,ALU00410,2026-11-01,2026-11-10,2026-11-10,1654.78,Pago,202611
MEN00004920,ALU00410,2026-12-01,2026-12-10,2026-12-08,1649.53,Pago,202612
MEN00004921,ALU00411,2026-01-01,2026-01-10,,1650.8,Em Aberto,202601
MEN00004922,ALU00411,2026-02-01,2026-02-10,2026-02-09,1621.56,Pago,202602
MEN00004923,ALU00411,2026-03-01,2026-03-10,2026-03-17,1669.73,Pago,202603
MEN00004924,ALU00411,2026-04-01,2026-04-10,2026-04-16,1665.89,Pago,202604
MEN00004925,ALU00411,2026-05-01,2026-05-10,,1666.66,Vencido,202605
MEN00004926,ALU00411,2026-06-01,2026-06-10,2026-06-13,1682.62,Pago,202606
MEN00004927,ALU00411,2026-07-01,2026-07-10,2026-07-16,1625.81,Pago,202607
MEN00004928,ALU00411,2026-08-01,2026-08-10,2026-08-08,1633.72,Pago,202608
MEN00004929,ALU00411,2026-09-01,2026-09-10,2026-09-16,1621.57,Pago,202609
MEN00004930,ALU00411,2026-10-01,2026-10-10,2026-10-16,1606.88,Pago,202610
MEN00004931,ALU00411,2026-11-01,2026-11-10,2026-11-12,1636.57,Pago,202611
MEN00004932,ALU00411,2026-12-01,2026-12-10,2026-12-15,1634.68,Pago,202612
MEN00004933,ALU00412,2026-01-01,2026-01-10,2026-01-12,1603.04,Pago,202601
MEN00004934,ALU00412,2026-02-01,2026-02-10,2026-02-08,1659.17,Pago,202602
MEN00004935,ALU00412,2026-03-01,2026-03-10,2026-03-09,1676.48,Pago,202603
MEN00004936,ALU00412,2026-04-01,2026-04-10,2026-04-08,1680.18,Pago,202604
MEN00004937,ALU00412,2026-05-01,2026-05-10,,1683.8,Vencido,202605
MEN00004938,ALU00412,2026-06-01,2026-06-10,2026-06-18,1678.76,Pago,202606
MEN00004939,ALU00412,2026-07-01,2026-07-10,2026-07-15,1609.04,Pago,202607
MEN00004940,ALU00412,2026-08-01,2026-08-10,2026-08-16,1662.32,Pago,202608
MEN00004941,ALU00412,2026-09-01,2026-09-10,2026-09-16,1675.4,Pago,202609
MEN00004942,ALU00412,2026-10-01,2026-10-10,2026-10-14,1684.74,Pago,202610
MEN00004943,ALU00412,2026-11-01,2026-11-10,,1621.39,Em Aberto,202611
MEN00004944,ALU00412,2026-12-01,2026-12-10,2026-12-08,1690.11,Pago,202612
MEN00004945,ALU00413,2026-01-01,2026-01-10,2026-01-12,1632.06,Pago,202601
MEN00004946,ALU00413,2026-02-01,2026-02-10,2026-02-09,1638.94,Pago,202602
MEN00004947,ALU00413,2026-03-01,2026-03-10,,1606.94,Em Aberto,202603
MEN00004948,ALU00413,2026-04-01,2026-04-10,,1685.3,Vencido,202604
MEN00004949,ALU00413,2026-05-01,2026-05-10,2026-05-14,1637.14,Pago,202605
MEN00004950,ALU00413,2026-06-01,2026-06-10,2026-06-16,1653.39,Pago,202606
MEN00004951,ALU00413,2026-07-01,2026-07-10,2026-07-08,1682.28,Pago,202607
MEN00004952,ALU00413,2026-08-01,2026-08-10,,1693.61,Vencido,202608
MEN00004953,ALU00413,2026-09-01,2026-09-10,2026-09-11,1678.59,Pago,202609
MEN00004954,ALU00413,2026-10-01,2026-10-10,2026-10-10,1615.61,Pago,202610
MEN00004955,ALU00413,2026-11-01,2026-11-10,,1675.07,Vencido,202611
MEN00004956,ALU00413,2026-12-01,2026-12-10,,1603.75,Vencido,202612
MEN00004957,ALU00414,2026-01-01,2026-01-10,2026-01-08,1679.44,Pago,202601
MEN00004958,ALU00414,2026-02-01,2026-02-10,2026-02-16,1606.06,Pago,202602
MEN00004959,ALU00414,2026-03-01,2026-03-10,2026-03-10,1629.84,Pago,202603
MEN00004960,ALU00414,2026-04-01,2026-04-10,2026-04-09,1696.22,Pago,202604
MEN00004961,ALU00414,2026-05-01,2026-05-10,2026-05-18,1668.18,Pago,202605
MEN00004962,ALU00414,2026-06-01,2026-06-10,2026-06-13,1630.52,Pago,202606
MEN00004963,ALU00414,2026-07-01,2026-07-10,,1652.39,Vencido,202607
MEN00004964,ALU00414,2026-08-01,2026-08-10,2026-08-07,1669.26,Pago,202608
MEN00004965,ALU00414,2026-09-01,2026-09-10,2026-09-12,1622.8,Pago,202609
MEN00004966,ALU00414,2026-10-01,2026-10-10,,1676.7,Em Aberto,202610
MEN00004967,ALU00414,2026-11-01,2026-11-10,,1628.68,Em Aberto,202611
MEN00004968,ALU00414,2026-12-01,2026-12-10,2026-12-09,1666.31,Pago,202612
MEN00004969,ALU00415,2026-01-01,2026-01-10,2026-01-17,1678.96,Pago,202601
MEN00004970,ALU00415,2026-02-01,2026-02-10,2026-02-11,1641.39,Pago,202602
MEN00004971,ALU00415,2026-03-01,2026-03-10,,1656.72,Vencido,202603
MEN00004972,ALU00415,2026-04-01,2026-04-10,2026-04-13,1617.83,Pago,202604
MEN00004973,ALU00415,2026-05-01,2026-05-10,2026-05-11,1665.89,Pago,202605
MEN00004974,ALU00415,2026-06-01,2026-06-10,2026-06-16,1648.98,Pago,202606
MEN00004975,ALU00415,2026-07-01,2026-07-10,2026-07-10,1681.4,Pago,202607
MEN00004976,ALU00415,2026-08-01,2026-08-10,2026-08-07,1667.5,Pago,202608
MEN00004977,ALU00415,2026-09-01,2026-09-10,2026-09-18,1694.92,Pago,202609
MEN00004978,ALU00415,2026-10-01,2026-10-10,2026-10-08,1661.59,Pago,202610
MEN00004979,ALU00415,2026-11-01,2026-11-10,2026-11-16,1629.74,Pago,202611
MEN00004980,ALU00415,2026-12-01,2026-12-10,2026-12-18,1604.08,Pago,202612
MEN00004981,ALU00416,2026-01-01,2026-01-10,2026-01-17,1633.63,Pago,202601
MEN00004982,ALU00416,2026-02-01,2026-02-10,2026-02-11,1663.54,Pago,202602
MEN00004983,ALU00416,2026-03-01,2026-03-10,2026-03-12,1686.46,Pago,202603
MEN00004984,ALU00416,2026-04-01,2026-04-10,2026-04-15,1607.9,Pago,202604
MEN00004985,ALU00416,2026-05-01,2026-05-10,2026-05-14,1617.79,Pago,202605
MEN00004986,ALU00416,2026-06-01,2026-06-10,2026-06-18,1677.17,Pago,202606
MEN00004987,ALU00416,2026-07-01,2026-07-10,2026-07-10,1687.94,Pago,202607
MEN00004988,ALU00416,2026-08-01,2026-08-10,2026-08-09,1619.03,Pago,202608
MEN00004989,ALU00416,2026-09-01,2026-09-10,2026-09-12,1614.37,Pago,202609
MEN00004990,ALU00416,2026-10-01,2026-10-10,2026-10-13,1690.36,Pago,202610
MEN00004991,ALU00416,2026-11-01,2026-11-10,2026-11-11,1639.69,Pago,202611
MEN00004992,ALU00416,2026-12-01,2026-12-10,2026-12-08,1642.1,Pago,202612
MEN00004993,ALU00417,2026-01-01,2026-01-10,2026-01-07,1649.04,Pago,202601
MEN00004994,ALU00417,2026-02-01,2026-02-10,,1616.46,Em Aberto,202602
MEN00004995,ALU00417,2026-03-01,2026-03-10,2026-03-11,1685.87,Pago,202603
MEN00004996,ALU00417,2026-04-01,2026-04-10,2026-04-11,1625.01,Pago,202604
MEN00004997,ALU00417,2026-05-01,2026-05-10,2026-05-11,1674.99,Pago,202605
MEN00004998,ALU00417,2026-06-01,2026-06-10,,1670.68,Vencido,202606
MEN00004999,ALU00417,2026-07-01,2026-07-10,2026-07-17,1617.71,Pago,202607
MEN00005000,ALU00417,2026-08-01,2026-08-10,2026-08-15,1646.69,Pago,202608
MEN00005001,ALU00417,2026-09-01,2026-09-10,2026-09-18,1613.19,Pago,202609
MEN00005002,ALU00417,2026-10-01,2026-10-10,2026-10-08,1662.89,Pago,202610
MEN00005003,ALU00417,2026-11-01,2026-11-10,2026-11-16,1620.73,Pago,202611
MEN00005004,ALU00417,2026-12-01,2026-12-10,,1600.84,Em Aberto,202612
MEN00005005,ALU00418,2026-01-01,2026-01-10,2026-01-15,1646.83,Pago,202601
MEN00005006,ALU00418,2026-02-01,2026-02-10,2026-02-09,1687.95,Pago,202602
MEN00005007,ALU00418,2026-03-01,2026-03-10,2026-03-14,1649.44,Pago,202603
MEN00005008,ALU00418,2026-04-01,2026-04-10,,1635.4,Em Aberto,202604
MEN00005009,ALU00418,2026-05-01,2026-05-10,2026-05-09,1618.79,Pago,202605
MEN00005010,ALU00418,2026-06-01,2026-06-10,2026-06-16,1607.86,Pago,202606
MEN00005011,ALU00418,2026-07-01,2026-07-10,2026-07-08,1609.25,Pago,202607
MEN00005012,ALU00418,2026-08-01,2026-08-10,,1682.08,Em Aberto,202608
MEN00005013,ALU00418,2026-09-01,2026-09-10,,1691.68,Vencido,202609
MEN00005014,ALU00418,2026-10-01,2026-10-10,2026-10-14,1657.57,Pago,202610
MEN00005015,ALU00418,2026-11-01,2026-11-10,2026-11-07,1686.45,Pago,202611
MEN00005016,ALU00418,2026-12-01,2026-12-10,,1675.17,Vencido,202612
MEN00005017,ALU00419,2026-01-01,2026-01-10,2026-01-11,1609.99,Pago,202601
MEN00005018,ALU00419,2026-02-01,2026-02-10,2026-02-16,1646.72,Pago,202602
MEN00005019,ALU00419,2026-03-01,2026-03-10,2026-03-17,1680.51,Pago,202603
MEN00005020,ALU00419,2026-04-01,2026-04-10,2026-04-10,1687.37,Pago,202604
MEN00005021,ALU00419,2026-05-01,2026-05-10,2026-05-15,1656.51,Pago,202605
MEN00005022,ALU00419,2026-06-01,2026-06-10,2026-06-10,1624.81,Pago,202606
MEN00005023,ALU00419,2026-07-01,2026-07-10,,1673.07,Vencido,202607
MEN00005024,ALU00419,2026-08-01,2026-08-10,2026-08-17,1639.37,Pago,202608
MEN00005025,ALU00419,2026-09-01,2026-09-10,2026-09-07,1682.31,Pago,202609
MEN00005026,ALU00419,2026-10-01,2026-10-10,2026-10-12,1621.79,Pago,202610
MEN00005027,ALU00419,2026-11-01,2026-11-10,2026-11-08,1679.21,Pago,202611
MEN00005028,ALU00419,2026-12-01,2026-12-10,2026-12-07,1656.67,Pago,202612
MEN00005029,ALU00420,2026-01-01,2026-01-10,,1619.53,Vencido,202601
MEN00005030,ALU00420,2026-02-01,2026-02-10,2026-02-18,1629.62,Pago,202602
MEN00005031,ALU00420,2026-03-01,2026-03-10,2026-03-14,1604.29,Pago,202603
MEN00005032,ALU00420,2026-04-01,2026-04-10,,1689.73,Vencido,202604
MEN00005033,ALU00420,2026-05-01,2026-05-10,2026-05-07,1637.48,Pago,202605
MEN00005034,ALU00420,2026-06-01,2026-06-10,2026-06-15,1661.25,Pago,202606
MEN00005035,ALU00420,2026-07-01,2026-07-10,2026-07-16,1609.95,Pago,202607
MEN00005036,ALU00420,2026-08-01,2026-08-10,2026-08-09,1636.0,Pago,202608
MEN00005037,ALU00420,2026-09-01,2026-09-10,2026-09-17,1630.94,Pago,202609
MEN00005038,ALU00420,2026-10-01,2026-10-10,2026-10-11,1614.54,Pago,202610
MEN00005039,ALU00420,2026-11-01,2026-11-10,2026-11-16,1690.4,Pago,202611
MEN00005040,ALU00420,2026-12-01,2026-12-10,2026-12-17,1609.13,Pago,202612
MEN00005041,ALU00421,2026-01-01,2026-01-10,2026-01-15,1635.16,Pago,202601
MEN00005042,ALU00421,2026-02-01,2026-02-10,2026-02-09,1693.47,Pago,202602
MEN00005043,ALU00421,2026-03-01,2026-03-10,2026-03-10,1606.25,Pago,202603
MEN00005044,ALU00421,2026-04-01,2026-04-10,2026-04-14,1676.69,Pago,202604
MEN00005045,ALU00421,2026-05-01,2026-05-10,2026-05-16,1647.03,Pago,202605
MEN00005046,ALU00421,2026-06-01,2026-06-10,2026-06-14,1654.57,Pago,202606
MEN00005047,ALU00421,2026-07-01,2026-07-10,2026-07-13,1691.45,Pago,202607
MEN00005048,ALU00421,2026-08-01,2026-08-10,,1608.9,Vencido,202608
MEN00005049,ALU00421,2026-09-01,2026-09-10,,1610.91,Em Aberto,202609
MEN00005050,ALU00421,2026-10-01,2026-10-10,2026-10-09,1678.95,Pago,202610
MEN00005051,ALU00421,2026-11-01,2026-11-10,2026-11-09,1690.5,Pago,202611
MEN00005052,ALU00421,2026-12-01,2026-12-10,2026-12-17,1670.95,Pago,202612
MEN00005053,ALU00422,2026-01-01,2026-01-10,2026-01-18,1638.51,Pago,202601
MEN00005054,ALU00422,2026-02-01,2026-02-10,2026-02-13,1633.86,Pago,202602
MEN00005055,ALU00422,2026-03-01,2026-03-10,2026-03-09,1632.66,Pago,202603
MEN00005056,ALU00422,2026-04-01,2026-04-10,2026-04-18,1668.11,Pago,202604
MEN00005057,ALU00422,2026-05-01,2026-05-10,,1639.09,Em Aberto,202605
MEN00005058,ALU00422,2026-06-01,2026-06-10,2026-06-16,1646.53,Pago,202606
MEN00005059,ALU00422,2026-07-01,2026-07-10,2026-07-13,1616.68,Pago,202607
MEN00005060,ALU00422,2026-08-01,2026-08-10,2026-08-07,1634.43,Pago,202608
MEN00005061,ALU00422,2026-09-01,2026-09-10,2026-09-07,1665.81,Pago,202609
MEN00005062,ALU00422,2026-10-01,2026-10-10,2026-10-12,1628.72,Pago,202610
MEN00005063,ALU00422,2026-11-01,2026-11-10,2026-11-16,1668.19,Pago,202611
MEN00005064,ALU00422,2026-12-01,2026-12-10,,1631.85,Vencido,202612
MEN00005065,ALU00423,2026-01-01,2026-01-10,2026-01-14,1603.67,Pago,202601
MEN00005066,ALU00423,2026-02-01,2026-02-10,2026-02-18,1609.52,Pago,202602
MEN00005067,ALU00423,2026-03-01,2026-03-10,2026-03-07,1657.92,Pago,202603
MEN00005068,ALU00423,2026-04-01,2026-04-10,2026-04-12,1690.33,Pago,202604
MEN00005069,ALU00423,2026-05-01,2026-05-10,,1688.59,Em Aberto,202605
MEN00005070,ALU00423,2026-06-01,2026-06-10,,1617.36,Em Aberto,202606
MEN00005071,ALU00423,2026-07-01,2026-07-10,,1634.78,Vencido,202607
MEN00005072,ALU00423,2026-08-01,2026-08-10,2026-08-10,1615.89,Pago,202608
MEN00005073,ALU00423,2026-09-01,2026-09-10,2026-09-13,1606.6,Pago,202609
MEN00005074,ALU00423,2026-10-01,2026-10-10,,1608.96,Em Aberto,202610
MEN00005075,ALU00423,2026-11-01,2026-11-10,2026-11-12,1684.2,Pago,202611
MEN00005076,ALU00423,2026-12-01,2026-12-10,2026-12-14,1632.18,Pago,202612
MEN00005077,ALU00424,2026-01-01,2026-01-10,2026-01-18,1643.21,Pago,202601
MEN00005078,ALU00424,2026-02-01,2026-02-10,,1628.24,Em Aberto,202602
MEN00005079,ALU00424,2026-03-01,2026-03-10,2026-03-16,1681.12,Pago,202603
MEN00005080,ALU00424,2026-04-01,2026-04-10,2026-04-17,1620.47,Pago,202604
MEN00005081,ALU00424,2026-05-01,2026-05-10,,1648.59,Em Aberto,202605
MEN00005082,ALU00424,2026-06-01,2026-06-10,2026-06-14,1697.59,Pago,202606
MEN00005083,ALU00424,2026-07-01,2026-07-10,,1625.99,Em Aberto,202607
MEN00005084,ALU00424,2026-08-01,2026-08-10,2026-08-15,1689.44,Pago,202608
MEN00005085,ALU00424,2026-09-01,2026-09-10,2026-09-18,1661.21,Pago,202609
MEN00005086,ALU00424,2026-10-01,2026-10-10,2026-10-08,1654.75,Pago,202610
MEN00005087,ALU00424,2026-11-01,2026-11-10,2026-11-16,1670.28,Pago,202611
MEN00005088,ALU00424,2026-12-01,2026-12-10,2026-12-18,1649.78,Pago,202612
MEN00005089,ALU00425,2026-01-01,2026-01-10,2026-01-13,1673.64,Pago,202601
MEN00005090,ALU00425,2026-02-01,2026-02-10,2026-02-17,1636.13,Pago,202602
MEN00005091,ALU00425,2026-03-01,2026-03-10,2026-03-12,1618.4,Pago,202603
MEN00005092,ALU00425,2026-04-01,2026-04-10,2026-04-11,1635.84,Pago,202604
MEN00005093,ALU00425,2026-05-01,2026-05-10,2026-05-18,1664.7,Pago,202605
MEN00005094,ALU00425,2026-06-01,2026-06-10,2026-06-18,1634.66,Pago,202606
MEN00005095,ALU00425,2026-07-01,2026-07-10,2026-07-14,1687.82,Pago,202607
MEN00005096,ALU00425,2026-08-01,2026-08-10,2026-08-13,1606.06,Pago,202608
MEN00005097,ALU00425,2026-09-01,2026-09-10,2026-09-08,1659.27,Pago,202609
MEN00005098,ALU00425,2026-10-01,2026-10-10,2026-10-16,1665.73,Pago,202610
MEN00005099,ALU00425,2026-11-01,2026-11-10,2026-11-12,1627.53,Pago,202611
MEN00005100,ALU00425,2026-12-01,2026-12-10,2026-12-12,1641.97,Pago,202612
MEN00005101,ALU00426,2026-01-01,2026-01-10,2026-01-17,1675.25,Pago,202601
MEN00005102,ALU00426,2026-02-01,2026-02-10,2026-02-14,1664.11,Pago,202602
MEN00005103,ALU00426,2026-03-01,2026-03-10,2026-03-18,1653.34,Pago,202603
MEN00005104,ALU00426,2026-04-01,2026-04-10,2026-04-10,1692.79,Pago,202604
MEN00005105,ALU00426,2026-05-01,2026-05-10,2026-05-15,1684.9,Pago,202605
MEN00005106,ALU00426,2026-06-01,2026-06-10,2026-06-14,1610.87,Pago,202606
MEN00005107,ALU00426,2026-07-01,2026-07-10,2026-07-12,1621.86,Pago,202607
MEN00005108,ALU00426,2026-08-01,2026-08-10,2026-08-13,1604.47,Pago,202608
MEN00005109,ALU00426,2026-09-01,2026-09-10,2026-09-10,1621.31,Pago,202609
MEN00005110,ALU00426,2026-10-01,2026-10-10,2026-10-17,1605.93,Pago,202610
MEN00005111,ALU00426,2026-11-01,2026-11-10,2026-11-17,1695.57,Pago,202611
MEN00005112,ALU00426,2026-12-01,2026-12-10,2026-12-10,1615.96,Pago,202612
MEN00005113,ALU00427,2026-01-01,2026-01-10,2026-01-11,1676.0,Pago,202601
MEN00005114,ALU00427,2026-02-01,2026-02-10,,1694.16,Em Aberto,202602
MEN00005115,ALU00427,2026-03-01,2026-03-10,2026-03-13,1660.17,Pago,202603
MEN00005116,ALU00427,2026-04-01,2026-04-10,2026-04-17,1673.02,Pago,202604
MEN00005117,ALU00427,2026-05-01,2026-05-10,2026-05-14,1637.3,Pago,202605
MEN00005118,ALU00427,2026-06-01,2026-06-10,2026-06-15,1617.02,Pago,202606
MEN00005119,ALU00427,2026-07-01,2026-07-10,2026-07-12,1655.14,Pago,202607
MEN00005120,ALU00427,2026-08-01,2026-08-10,2026-08-10,1688.2,Pago,202608
MEN00005121,ALU00427,2026-09-01,2026-09-10,2026-09-09,1620.03,Pago,202609
MEN00005122,ALU00427,2026-10-01,2026-10-10,2026-10-17,1604.01,Pago,202610
MEN00005123,ALU00427,2026-11-01,2026-11-10,2026-11-15,1626.04,Pago,202611
MEN00005124,ALU00427,2026-12-01,2026-12-10,2026-12-14,1607.08,Pago,202612
MEN00005125,ALU00428,2026-01-01,2026-01-10,2026-01-10,1661.65,Pago,202601
MEN00005126,ALU00428,2026-02-01,2026-02-10,,1661.09,Vencido,202602
MEN00005127,ALU00428,2026-03-01,2026-03-10,2026-03-13,1678.01,Pago,202603
MEN00005128,ALU00428,2026-04-01,2026-04-10,2026-04-08,1643.33,Pago,202604
MEN00005129,ALU00428,2026-05-01,2026-05-10,2026-05-15,1662.53,Pago,202605
MEN00005130,ALU00428,2026-06-01,2026-06-10,2026-06-16,1615.92,Pago,202606
MEN00005131,ALU00428,2026-07-01,2026-07-10,2026-07-15,1665.42,Pago,202607
MEN00005132,ALU00428,2026-08-01,2026-08-10,2026-08-08,1678.7,Pago,202608
MEN00005133,ALU00428,2026-09-01,2026-09-10,,1687.47,Em Aberto,202609
MEN00005134,ALU00428,2026-10-01,2026-10-10,2026-10-18,1677.54,Pago,202610
MEN00005135,ALU00428,2026-11-01,2026-11-10,,1632.59,Em Aberto,202611
MEN00005136,ALU00428,2026-12-01,2026-12-10,2026-12-15,1665.07,Pago,202612
MEN00005137,ALU00429,2026-01-01,2026-01-10,2026-01-07,1638.03,Pago,202601
MEN00005138,ALU00429,2026-02-01,2026-02-10,2026-02-09,1631.68,Pago,202602
MEN00005139,ALU00429,2026-03-01,2026-03-10,2026-03-09,1675.8,Pago,202603
MEN00005140,ALU00429,2026-04-01,2026-04-10,2026-04-16,1649.09,Pago,202604
MEN00005141,ALU00429,2026-05-01,2026-05-10,2026-05-13,1689.03,Pago,202605
MEN00005142,ALU00429,2026-06-01,2026-06-10,2026-06-08,1633.35,Pago,202606
MEN00005143,ALU00429,2026-07-01,2026-07-10,,1676.01,Vencido,202607
MEN00005144,ALU00429,2026-08-01,2026-08-10,2026-08-09,1661.68,Pago,202608
MEN00005145,ALU00429,2026-09-01,2026-09-10,2026-09-07,1618.12,Pago,202609
MEN00005146,ALU00429,2026-10-01,2026-10-10,,1619.04,Em Aberto,202610
MEN00005147,ALU00429,2026-11-01,2026-11-10,2026-11-14,1692.52,Pago,202611
MEN00005148,ALU00429,2026-12-01,2026-12-10,2026-12-16,1642.71,Pago,202612
MEN00005149,ALU00430,2026-01-01,2026-01-10,2026-01-11,1633.47,Pago,202601
MEN00005150,ALU00430,2026-02-01,2026-02-10,2026-02-10,1648.29,Pago,202602
MEN00005151,ALU00430,2026-03-01,2026-03-10,2026-03-11,1660.29,Pago,202603
MEN00005152,ALU00430,2026-04-01,2026-04-10,2026-04-09,1628.26,Pago,202604
MEN00005153,ALU00430,2026-05-01,2026-05-10,2026-05-08,1612.87,Pago,202605
MEN00005154,ALU00430,2026-06-01,2026-06-10,2026-06-16,1629.87,Pago,202606
MEN00005155,ALU00430,2026-07-01,2026-07-10,2026-07-08,1694.0,Pago,202607
MEN00005156,ALU00430,2026-08-01,2026-08-10,,1660.01,Em Aberto,202608
MEN00005157,ALU00430,2026-09-01,2026-09-10,2026-09-10,1621.79,Pago,202609
MEN00005158,ALU00430,2026-10-01,2026-10-10,2026-10-15,1632.03,Pago,202610
MEN00005159,ALU00430,2026-11-01,2026-11-10,2026-11-08,1674.74,Pago,202611
MEN00005160,ALU00430,2026-12-01,2026-12-10,,1612.76,Vencido,202612
MEN00005161,ALU00431,2026-01-01,2026-01-10,2026-01-10,1610.5,Pago,202601
MEN00005162,ALU00431,2026-02-01,2026-02-10,,1617.01,Vencido,202602
MEN00005163,ALU00431,2026-03-01,2026-03-10,2026-03-14,1679.94,Pago,202603
MEN00005164,ALU00431,2026-04-01,2026-04-10,2026-04-12,1680.18,Pago,202604
MEN00005165,ALU00431,2026-05-01,2026-05-10,2026-05-11,1670.6,Pago,202605
MEN00005166,ALU00431,2026-06-01,2026-06-10,2026-06-11,1617.16,Pago,202606
MEN00005167,ALU00431,2026-07-01,2026-07-10,2026-07-07,1660.76,Pago,202607
MEN00005168,ALU00431,2026-08-01,2026-08-10,2026-08-08,1600.58,Pago,202608
MEN00005169,ALU00431,2026-09-01,2026-09-10,2026-09-08,1694.33,Pago,202609
MEN00005170,ALU00431,2026-10-01,2026-10-10,2026-10-08,1608.05,Pago,202610
MEN00005171,ALU00431,2026-11-01,2026-11-10,2026-11-12,1678.67,Pago,202611
MEN00005172,ALU00431,2026-12-01,2026-12-10,,1623.85,Em Aberto,202612
MEN00005173,ALU00432,2026-01-01,2026-01-10,2026-01-17,1611.73,Pago,202601
MEN00005174,ALU00432,2026-02-01,2026-02-10,2026-02-14,1667.77,Pago,202602
MEN00005175,ALU00432,2026-03-01,2026-03-10,2026-03-17,1608.28,Pago,202603
MEN00005176,ALU00432,2026-04-01,2026-04-10,2026-04-16,1665.0,Pago,202604
MEN00005177,ALU00432,2026-05-01,2026-05-10,2026-05-10,1632.93,Pago,202605
MEN00005178,ALU00432,2026-06-01,2026-06-10,,1677.63,Em Aberto,202606
MEN00005179,ALU00432,2026-07-01,2026-07-10,2026-07-10,1620.88,Pago,202607
MEN00005180,ALU00432,2026-08-01,2026-08-10,2026-08-17,1627.46,Pago,202608
MEN00005181,ALU00432,2026-09-01,2026-09-10,2026-09-17,1678.22,Pago,202609
MEN00005182,ALU00432,2026-10-01,2026-10-10,2026-10-10,1607.48,Pago,202610
MEN00005183,ALU00432,2026-11-01,2026-11-10,2026-11-16,1611.3,Pago,202611
MEN00005184,ALU00432,2026-12-01,2026-12-10,2026-12-10,1665.22,Pago,202612
MEN00005185,ALU00433,2026-01-01,2026-01-10,2026-01-16,1687.62,Pago,202601
MEN00005186,ALU00433,2026-02-01,2026-02-10,2026-02-15,1685.51,Pago,202602
MEN00005187,ALU00433,2026-03-01,2026-03-10,2026-03-15,1676.68,Pago,202603
MEN00005188,ALU00433,2026-04-01,2026-04-10,2026-04-12,1638.58,Pago,202604
MEN00005189,ALU00433,2026-05-01,2026-05-10,2026-05-16,1692.04,Pago,202605
MEN00005190,ALU00433,2026-06-01,2026-06-10,2026-06-09,1604.4,Pago,202606
MEN00005191,ALU00433,2026-07-01,2026-07-10,2026-07-07,1635.62,Pago,202607
MEN00005192,ALU00433,2026-08-01,2026-08-10,2026-08-17,1625.86,Pago,202608
MEN00005193,ALU00433,2026-09-01,2026-09-10,2026-09-10,1626.69,Pago,202609
MEN00005194,ALU00433,2026-10-01,2026-10-10,2026-10-17,1662.61,Pago,202610
MEN00005195,ALU00433,2026-11-01,2026-11-10,2026-11-12,1643.82,Pago,202611
MEN00005196,ALU00433,2026-12-01,2026-12-10,2026-12-11,1635.21,Pago,202612
MEN00005197,ALU00434,2026-01-01,2026-01-10,2026-01-13,1625.0,Pago,202601
MEN00005198,ALU00434,2026-02-01,2026-02-10,2026-02-08,1628.88,Pago,202602
MEN00005199,ALU00434,2026-03-01,2026-03-10,2026-03-07,1626.86,Pago,202603
MEN00005200,ALU00434,2026-04-01,2026-04-10,,1669.58,Em Aberto,202604
MEN00005201,ALU00434,2026-05-01,2026-05-10,2026-05-11,1673.09,Pago,202605
MEN00005202,ALU00434,2026-06-01,2026-06-10,2026-06-18,1639.85,Pago,202606
MEN00005203,ALU00434,2026-07-01,2026-07-10,2026-07-18,1669.06,Pago,202607
MEN00005204,ALU00434,2026-08-01,2026-08-10,2026-08-17,1618.75,Pago,202608
MEN00005205,ALU00434,2026-09-01,2026-09-10,2026-09-17,1686.79,Pago,202609
MEN00005206,ALU00434,2026-10-01,2026-10-10,2026-10-09,1669.19,Pago,202610
MEN00005207,ALU00434,2026-11-01,2026-11-10,2026-11-08,1628.02,Pago,202611
MEN00005208,ALU00434,2026-12-01,2026-12-10,2026-12-13,1678.84,Pago,202612
MEN00005209,ALU00435,2026-01-01,2026-01-10,2026-01-11,1698.22,Pago,202601
MEN00005210,ALU00435,2026-02-01,2026-02-10,2026-02-10,1658.56,Pago,202602
MEN00005211,ALU00435,2026-03-01,2026-03-10,2026-03-14,1691.66,Pago,202603
MEN00005212,ALU00435,2026-04-01,2026-04-10,2026-04-13,1664.96,Pago,202604
MEN00005213,ALU00435,2026-05-01,2026-05-10,2026-05-16,1665.44,Pago,202605
MEN00005214,ALU00435,2026-06-01,2026-06-10,2026-06-08,1658.5,Pago,202606
MEN00005215,ALU00435,2026-07-01,2026-07-10,2026-07-17,1694.56,Pago,202607
MEN00005216,ALU00435,2026-08-01,2026-08-10,2026-08-09,1682.34,Pago,202608
MEN00005217,ALU00435,2026-09-01,2026-09-10,2026-09-17,1656.4,Pago,202609
MEN00005218,ALU00435,2026-10-01,2026-10-10,,1661.51,Em Aberto,202610
MEN00005219,ALU00435,2026-11-01,2026-11-10,,1671.86,Vencido,202611
MEN00005220,ALU00435,2026-12-01,2026-12-10,2026-12-11,1640.22,Pago,202612
MEN00005221,ALU00436,2026-01-01,2026-01-10,,1638.28,Vencido,202601
MEN00005222,ALU00436,2026-02-01,2026-02-10,,1603.47,Em Aberto,202602
MEN00005223,ALU00436,2026-03-01,2026-03-10,2026-03-17,1630.49,Pago,202603
MEN00005224,ALU00436,2026-04-01,2026-04-10,2026-04-18,1615.46,Pago,202604
MEN00005225,ALU00436,2026-05-01,2026-05-10,2026-05-14,1687.98,Pago,202605
MEN00005226,ALU00436,2026-06-01,2026-06-10,2026-06-07,1605.52,Pago,202606
MEN00005227,ALU00436,2026-07-01,2026-07-10,2026-07-15,1690.76,Pago,202607
MEN00005228,ALU00436,2026-08-01,2026-08-10,2026-08-17,1621.53,Pago,202608
MEN00005229,ALU00436,2026-09-01,2026-09-10,2026-09-07,1626.67,Pago,202609
MEN00005230,ALU00436,2026-10-01,2026-10-10,,1635.45,Em Aberto,202610
MEN00005231,ALU00436,2026-11-01,2026-11-10,,1646.96,Vencido,202611
MEN00005232,ALU00436,2026-12-01,2026-12-10,,1651.98,Vencido,202612
MEN00005233,ALU00437,2026-01-01,2026-01-10,2026-01-18,1649.6,Pago,202601
MEN00005234,ALU00437,2026-02-01,2026-02-10,,1675.01,Vencido,202602
MEN00005235,ALU00437,2026-03-01,2026-03-10,2026-03-13,1677.14,Pago,202603
MEN00005236,ALU00437,2026-04-01,2026-04-10,,1678.68,Vencido,202604
MEN00005237,ALU00437,2026-05-01,2026-05-10,2026-05-17,1676.68,Pago,202605
MEN00005238,ALU00437,2026-06-01,2026-06-10,2026-06-16,1646.17,Pago,202606
MEN00005239,ALU00437,2026-07-01,2026-07-10,2026-07-10,1628.94,Pago,202607
MEN00005240,ALU00437,2026-08-01,2026-08-10,2026-08-18,1691.48,Pago,202608
MEN00005241,ALU00437,2026-09-01,2026-09-10,2026-09-18,1683.58,Pago,202609
MEN00005242,ALU00437,2026-10-01,2026-10-10,2026-10-14,1626.37,Pago,202610
MEN00005243,ALU00437,2026-11-01,2026-11-10,2026-11-12,1668.66,Pago,202611
MEN00005244,ALU00437,2026-12-01,2026-12-10,2026-12-17,1628.31,Pago,202612
MEN00005245,ALU00438,2026-01-01,2026-01-10,2026-01-12,1667.68,Pago,202601
MEN00005246,ALU00438,2026-02-01,2026-02-10,2026-02-18,1686.65,Pago,202602
MEN00005247,ALU00438,2026-03-01,2026-03-10,2026-03-14,1649.92,Pago,202603
MEN00005248,ALU00438,2026-04-01,2026-04-10,2026-04-08,1682.36,Pago,202604
MEN00005249,ALU00438,2026-05-01,2026-05-10,2026-05-16,1610.72,Pago,202605
MEN00005250,ALU00438,2026-06-01,2026-06-10,2026-06-08,1660.4,Pago,202606
MEN00005251,ALU00438,2026-07-01,2026-07-10,,1604.97,Em Aberto,202607
MEN00005252,ALU00438,2026-08-01,2026-08-10,,1606.13,Vencido,202608
MEN00005253,ALU00438,2026-09-01,2026-09-10,2026-09-09,1648.47,Pago,202609
MEN00005254,ALU00438,2026-10-01,2026-10-10,2026-10-15,1674.71,Pago,202610
MEN00005255,ALU00438,2026-11-01,2026-11-10,2026-11-13,1667.66,Pago,202611
MEN00005256,ALU00438,2026-12-01,2026-12-10,2026-12-15,1607.63,Pago,202612
MEN00005257,ALU00439,2026-01-01,2026-01-10,2026-01-07,1685.64,Pago,202601
MEN00005258,ALU00439,2026-02-01,2026-02-10,,1642.81,Vencido,202602
MEN00005259,ALU00439,2026-03-01,2026-03-10,2026-03-18,1633.93,Pago,202603
MEN00005260,ALU00439,2026-04-01,2026-04-10,2026-04-14,1622.91,Pago,202604
MEN00005261,ALU00439,2026-05-01,2026-05-10,2026-05-10,1638.02,Pago,202605
MEN00005262,ALU00439,2026-06-01,2026-06-10,2026-06-18,1641.42,Pago,202606
MEN00005263,ALU00439,2026-07-01,2026-07-10,2026-07-16,1603.66,Pago,202607
MEN00005264,ALU00439,2026-08-01,2026-08-10,2026-08-13,1684.11,Pago,202608
MEN00005265,ALU00439,2026-09-01,2026-09-10,,1681.47,Em Aberto,202609
MEN00005266,ALU00439,2026-10-01,2026-10-10,2026-10-16,1624.88,Pago,202610
MEN00005267,ALU00439,2026-11-01,2026-11-10,2026-11-11,1664.6,Pago,202611
MEN00005268,ALU00439,2026-12-01,2026-12-10,2026-12-08,1683.7,Pago,202612
MEN00005269,ALU00440,2026-01-01,2026-01-10,2026-01-08,1697.9,Pago,202601
MEN00005270,ALU00440,2026-02-01,2026-02-10,2026-02-15,1698.33,Pago,202602
MEN00005271,ALU00440,2026-03-01,2026-03-10,2026-03-08,1651.99,Pago,202603
MEN00005272,ALU00440,2026-04-01,2026-04-10,2026-04-16,1609.27,Pago,202604
MEN00005273,ALU00440,2026-05-01,2026-05-10,2026-05-12,1697.24,Pago,202605
MEN00005274,ALU00440,2026-06-01,2026-06-10,2026-06-09,1645.66,Pago,202606
MEN00005275,ALU00440,2026-07-01,2026-07-10,2026-07-10,1602.84,Pago,202607
MEN00005276,ALU00440,2026-08-01,2026-08-10,2026-08-13,1648.45,Pago,202608
MEN00005277,ALU00440,2026-09-01,2026-09-10,2026-09-16,1624.68,Pago,202609
MEN00005278,ALU00440,2026-10-01,2026-10-10,2026-10-17,1606.93,Pago,202610
MEN00005279,ALU00440,2026-11-01,2026-11-10,2026-11-14,1604.88,Pago,202611
MEN00005280,ALU00440,2026-12-01,2026-12-10,2026-12-07,1669.77,Pago,202612
MEN00005281,ALU00441,2026-01-01,2026-01-10,2026-01-17,1619.55,Pago,202601
MEN00005282,ALU00441,2026-02-01,2026-02-10,,1647.8,Vencido,202602
MEN00005283,ALU00441,2026-03-01,2026-03-10,2026-03-11,1612.67,Pago,202603
MEN00005284,ALU00441,2026-04-01,2026-04-10,2026-04-11,1659.52,Pago,202604
MEN00005285,ALU00441,2026-05-01,2026-05-10,,1692.99,Vencido,202605
MEN00005286,ALU00441,2026-06-01,2026-06-10,2026-06-11,1675.38,Pago,202606
MEN00005287,ALU00441,2026-07-01,2026-07-10,2026-07-18,1649.67,Pago,202607
MEN00005288,ALU00441,2026-08-01,2026-08-10,2026-08-16,1679.06,Pago,202608
MEN00005289,ALU00441,2026-09-01,2026-09-10,2026-09-18,1666.11,Pago,202609
MEN00005290,ALU00441,2026-10-01,2026-10-10,2026-10-10,1600.52,Pago,202610
MEN00005291,ALU00441,2026-11-01,2026-11-10,2026-11-16,1646.59,Pago,202611
MEN00005292,ALU00441,2026-12-01,2026-12-10,2026-12-13,1656.65,Pago,202612
MEN00005293,ALU00442,2026-01-01,2026-01-10,2026-01-16,1661.61,Pago,202601
MEN00005294,ALU00442,2026-02-01,2026-02-10,2026-02-14,1691.12,Pago,202602
MEN00005295,ALU00442,2026-03-01,2026-03-10,2026-03-13,1644.01,Pago,202603
MEN00005296,ALU00442,2026-04-01,2026-04-10,2026-04-18,1606.4,Pago,202604
MEN00005297,ALU00442,2026-05-01,2026-05-10,2026-05-18,1632.37,Pago,202605
MEN00005298,ALU00442,2026-06-01,2026-06-10,2026-06-13,1641.96,Pago,202606
MEN00005299,ALU00442,2026-07-01,2026-07-10,2026-07-16,1684.82,Pago,202607
MEN00005300,ALU00442,2026-08-01,2026-08-10,2026-08-16,1664.55,Pago,202608
MEN00005301,ALU00442,2026-09-01,2026-09-10,2026-09-16,1689.87,Pago,202609
MEN00005302,ALU00442,2026-10-01,2026-10-10,2026-10-11,1654.98,Pago,202610
MEN00005303,ALU00442,2026-11-01,2026-11-10,2026-11-07,1647.8,Pago,202611
MEN00005304,ALU00442,2026-12-01,2026-12-10,2026-12-08,1659.93,Pago,202612
MEN00005305,ALU00443,2026-01-01,2026-01-10,2026-01-09,1635.67,Pago,202601
MEN00005306,ALU00443,2026-02-01,2026-02-10,2026-02-09,1617.66,Pago,202602
MEN00005307,ALU00443,2026-03-01,2026-03-10,2026-03-09,1667.57,Pago,202603
MEN00005308,ALU00443,2026-04-01,2026-04-10,2026-04-09,1696.9,Pago,202604
MEN00005309,ALU00443,2026-05-01,2026-05-10,2026-05-12,1651.74,Pago,202605
MEN00005310,ALU00443,2026-06-01,2026-06-10,2026-06-14,1612.44,Pago,202606
MEN00005311,ALU00443,2026-07-01,2026-07-10,2026-07-08,1650.19,Pago,202607
MEN00005312,ALU00443,2026-08-01,2026-08-10,2026-08-16,1693.88,Pago,202608
MEN00005313,ALU00443,2026-09-01,2026-09-10,2026-09-09,1690.28,Pago,202609
MEN00005314,ALU00443,2026-10-01,2026-10-10,2026-10-10,1672.95,Pago,202610
MEN00005315,ALU00443,2026-11-01,2026-11-10,2026-11-11,1652.54,Pago,202611
MEN00005316,ALU00443,2026-12-01,2026-12-10,2026-12-12,1657.16,Pago,202612
MEN00005317,ALU00444,2026-01-01,2026-01-10,,1626.03,Em Aberto,202601
MEN00005318,ALU00444,2026-02-01,2026-02-10,2026-02-17,1663.01,Pago,202602
MEN00005319,ALU00444,2026-03-01,2026-03-10,2026-03-09,1681.63,Pago,202603
MEN00005320,ALU00444,2026-04-01,2026-04-10,2026-04-07,1653.97,Pago,202604
MEN00005321,ALU00444,2026-05-01,2026-05-10,2026-05-16,1655.92,Pago,202605
MEN00005322,ALU00444,2026-06-01,2026-06-10,2026-06-17,1657.8,Pago,202606
MEN00005323,ALU00444,2026-07-01,2026-07-10,2026-07-07,1643.18,Pago,202607
MEN00005324,ALU00444,2026-08-01,2026-08-10,2026-08-07,1637.6,Pago,202608
MEN00005325,ALU00444,2026-09-01,2026-09-10,2026-09-11,1614.14,Pago,202609
MEN00005326,ALU00444,2026-10-01,2026-10-10,,1613.04,Vencido,202610
MEN00005327,ALU00444,2026-11-01,2026-11-10,2026-11-18,1643.7,Pago,202611
MEN00005328,ALU00444,2026-12-01,2026-12-10,2026-12-12,1644.61,Pago,202612
MEN00005329,ALU00445,2026-01-01,2026-01-10,2026-01-11,1696.17,Pago,202601
MEN00005330,ALU00445,2026-02-01,2026-02-10,2026-02-10,1663.83,Pago,202602
MEN00005331,ALU00445,2026-03-01,2026-03-10,2026-03-15,1673.32,Pago,202603
MEN00005332,ALU00445,2026-04-01,2026-04-10,2026-04-13,1662.16,Pago,202604
MEN00005333,ALU00445,2026-05-01,2026-05-10,2026-05-10,1615.05,Pago,202605
MEN00005334,ALU00445,2026-06-01,2026-06-10,2026-06-07,1613.7,Pago,202606
MEN00005335,ALU00445,2026-07-01,2026-07-10,2026-07-16,1692.65,Pago,202607
MEN00005336,ALU00445,2026-08-01,2026-08-10,2026-08-14,1648.31,Pago,202608
MEN00005337,ALU00445,2026-09-01,2026-09-10,2026-09-14,1671.45,Pago,202609
MEN00005338,ALU00445,2026-10-01,2026-10-10,2026-10-10,1648.63,Pago,202610
MEN00005339,ALU00445,2026-11-01,2026-11-10,2026-11-15,1645.32,Pago,202611
MEN00005340,ALU00445,2026-12-01,2026-12-10,2026-12-16,1678.76,Pago,202612
MEN00005341,ALU00446,2026-01-01,2026-01-10,2026-01-18,1649.98,Pago,202601
MEN00005342,ALU00446,2026-02-01,2026-02-10,2026-02-17,1625.99,Pago,202602
MEN00005343,ALU00446,2026-03-01,2026-03-10,,1664.88,Vencido,202603
MEN00005344,ALU00446,2026-04-01,2026-04-10,,1638.64,Em Aberto,202604
MEN00005345,ALU00446,2026-05-01,2026-05-10,,1607.59,Em Aberto,202605
MEN00005346,ALU00446,2026-06-01,2026-06-10,2026-06-15,1612.97,Pago,202606
MEN00005347,ALU00446,2026-07-01,2026-07-10,2026-07-17,1663.07,Pago,202607
MEN00005348,ALU00446,2026-08-01,2026-08-10,2026-08-09,1625.25,Pago,202608
MEN00005349,ALU00446,2026-09-01,2026-09-10,,1689.35,Vencido,202609
MEN00005350,ALU00446,2026-10-01,2026-10-10,2026-10-18,1688.61,Pago,202610
MEN00005351,ALU00446,2026-11-01,2026-11-10,2026-11-13,1627.92,Pago,202611
MEN00005352,ALU00446,2026-12-01,2026-12-10,2026-12-18,1628.42,Pago,202612
MEN00005353,ALU00447,2026-01-01,2026-01-10,2026-01-14,1651.96,Pago,202601
MEN00005354,ALU00447,2026-02-01,2026-02-10,,1606.13,Vencido,202602
MEN00005355,ALU00447,2026-03-01,2026-03-10,2026-03-17,1621.45,Pago,202603
MEN00005356,ALU00447,2026-04-01,2026-04-10,2026-04-17,1609.09,Pago,202604
MEN00005357,ALU00447,2026-05-01,2026-05-10,2026-05-15,1693.14,Pago,202605
MEN00005358,ALU00447,2026-06-01,2026-06-10,2026-06-11,1674.09,Pago,202606
MEN00005359,ALU00447,2026-07-01,2026-07-10,2026-07-07,1627.67,Pago,202607
MEN00005360,ALU00447,2026-08-01,2026-08-10,,1693.98,Vencido,202608
MEN00005361,ALU00447,2026-09-01,2026-09-10,2026-09-18,1649.95,Pago,202609
MEN00005362,ALU00447,2026-10-01,2026-10-10,2026-10-15,1655.49,Pago,202610
MEN00005363,ALU00447,2026-11-01,2026-11-10,2026-11-07,1695.62,Pago,202611
MEN00005364,ALU00447,2026-12-01,2026-12-10,,1687.45,Em Aberto,202612
MEN00005365,ALU00448,2026-01-01,2026-01-10,2026-01-10,1659.03,Pago,202601
MEN00005366,ALU00448,2026-02-01,2026-02-10,,1612.91,Vencido,202602
MEN00005367,ALU00448,2026-03-01,2026-03-10,2026-03-13,1632.3,Pago,202603
MEN00005368,ALU00448,2026-04-01,2026-04-10,2026-04-07,1697.51,Pago,202604
MEN00005369,ALU00448,2026-05-01,2026-05-10,,1653.47,Vencido,202605
MEN00005370,ALU00448,2026-06-01,2026-06-10,,1623.33,Vencido,202606
MEN00005371,ALU00448,2026-07-01,2026-07-10,2026-07-12,1694.15,Pago,202607
MEN00005372,ALU00448,2026-08-01,2026-08-10,,1608.38,Vencido,202608
MEN00005373,ALU00448,2026-09-01,2026-09-10,2026-09-16,1619.8,Pago,202609
MEN00005374,ALU00448,2026-10-01,2026-10-10,2026-10-13,1622.99,Pago,202610
MEN00005375,ALU00448,2026-11-01,2026-11-10,,1619.55,Vencido,202611
MEN00005376,ALU00448,2026-12-01,2026-12-10,2026-12-12,1622.43,Pago,202612
MEN00005377,ALU00449,2026-01-01,2026-01-10,2026-01-07,1642.96,Pago,202601
MEN00005378,ALU00449,2026-02-01,2026-02-10,2026-02-09,1693.74,Pago,202602
MEN00005379,ALU00449,2026-03-01,2026-03-10,2026-03-15,1673.13,Pago,202603
MEN00005380,ALU00449,2026-04-01,2026-04-10,,1682.38,Vencido,202604
MEN00005381,ALU00449,2026-05-01,2026-05-10,,1639.2,Vencido,202605
MEN00005382,ALU00449,2026-06-01,2026-06-10,,1665.47,Vencido,202606
MEN00005383,ALU00449,2026-07-01,2026-07-10,2026-07-13,1616.26,Pago,202607
MEN00005384,ALU00449,2026-08-01,2026-08-10,2026-08-16,1688.34,Pago,202608
MEN00005385,ALU00449,2026-09-01,2026-09-10,,1679.81,Em Aberto,202609
MEN00005386,ALU00449,2026-10-01,2026-10-10,,1647.39,Em Aberto,202610
MEN00005387,ALU00449,2026-11-01,2026-11-10,2026-11-12,1692.0,Pago,202611
MEN00005388,ALU00449,2026-12-01,2026-12-10,,1652.04,Vencido,202612
MEN00005389,ALU00450,2026-01-01,2026-01-10,2026-01-17,1678.9,Pago,202601
MEN00005390,ALU00450,2026-02-01,2026-02-10,,1665.57,Vencido,202602
MEN00005391,ALU00450,2026-03-01,2026-03-10,,1653.29,Vencido,202603
MEN00005392,ALU00450,2026-04-01,2026-04-10,2026-04-16,1614.82,Pago,202604
MEN00005393,ALU00450,2026-05-01,2026-05-10,,1643.1,Em Aberto,202605
MEN00005394,ALU00450,2026-06-01,2026-06-10,,1698.41,Em Aberto,202606
MEN00005395,ALU00450,2026-07-01,2026-07-10,2026-07-09,1685.61,Pago,202607
MEN00005396,ALU00450,2026-08-01,2026-08-10,2026-08-17,1648.21,Pago,202608
MEN00005397,ALU00450,2026-09-01,2026-09-10,2026-09-12,1616.89,Pago,202609
MEN00005398,ALU00450,2026-10-01,2026-10-10,2026-10-07,1626.25,Pago,202610
MEN00005399,ALU00450,2026-11-01,2026-11-10,2026-11-09,1652.62,Pago,202611
MEN00005400,ALU00450,2026-12-01,2026-12-10,,1634.18,Em Aberto,202612
MEN00005401,ALU00451,2026-01-01,2026-01-10,2026-01-08,1601.63,Pago,202601
MEN00005402,ALU00451,2026-02-01,2026-02-10,2026-02-12,1604.8,Pago,202602
MEN00005403,ALU00451,2026-03-01,2026-03-10,2026-03-11,1611.23,Pago,202603
MEN00005404,ALU00451,2026-04-01,2026-04-10,2026-04-17,1607.82,Pago,202604
MEN00005405,ALU00451,2026-05-01,2026-05-10,2026-05-08,1646.92,Pago,202605
MEN00005406,ALU00451,2026-06-01,2026-06-10,,1661.23,Vencido,202606
MEN00005407,ALU00451,2026-07-01,2026-07-10,2026-07-09,1637.34,Pago,202607
MEN00005408,ALU00451,2026-08-01,2026-08-10,2026-08-18,1672.46,Pago,202608
MEN00005409,ALU00451,2026-09-01,2026-09-10,2026-09-13,1674.02,Pago,202609
MEN00005410,ALU00451,2026-10-01,2026-10-10,2026-10-13,1605.97,Pago,202610
MEN00005411,ALU00451,2026-11-01,2026-11-10,2026-11-18,1626.13,Pago,202611
MEN00005412,ALU00451,2026-12-01,2026-12-10,2026-12-13,1676.68,Pago,202612
MEN00005413,ALU00452,2026-01-01,2026-01-10,,1622.27,Em Aberto,202601
MEN00005414,ALU00452,2026-02-01,2026-02-10,2026-02-09,1646.17,Pago,202602
MEN00005415,ALU00452,2026-03-01,2026-03-10,2026-03-18,1678.97,Pago,202603
MEN00005416,ALU00452,2026-04-01,2026-04-10,,1627.9,Em Aberto,202604
MEN00005417,ALU00452,2026-05-01,2026-05-10,2026-05-18,1655.75,Pago,202605
MEN00005418,ALU00452,2026-06-01,2026-06-10,2026-06-15,1650.39,Pago,202606
MEN00005419,ALU00452,2026-07-01,2026-07-10,2026-07-18,1689.17,Pago,202607
MEN00005420,ALU00452,2026-08-01,2026-08-10,,1604.89,Em Aberto,202608
MEN00005421,ALU00452,2026-09-01,2026-09-10,2026-09-07,1655.14,Pago,202609
MEN00005422,ALU00452,2026-10-01,2026-10-10,2026-10-13,1653.29,Pago,202610
MEN00005423,ALU00452,2026-11-01,2026-11-10,,1610.45,Em Aberto,202611
MEN00005424,ALU00452,2026-12-01,2026-12-10,2026-12-08,1631.79,Pago,202612
MEN00005425,ALU00453,2026-01-01,2026-01-10,2026-01-10,1673.98,Pago,202601
MEN00005426,ALU00453,2026-02-01,2026-02-10,2026-02-10,1680.52,Pago,202602
MEN00005427,ALU00453,2026-03-01,2026-03-10,2026-03-11,1649.9,Pago,202603
MEN00005428,ALU00453,2026-04-01,2026-04-10,2026-04-11,1686.82,Pago,202604
MEN00005429,ALU00453,2026-05-01,2026-05-10,2026-05-16,1621.55,Pago,202605
MEN00005430,ALU00453,2026-06-01,2026-06-10,2026-06-14,1686.19,Pago,202606
MEN00005431,ALU00453,2026-07-01,2026-07-10,2026-07-14,1668.59,Pago,202607
MEN00005432,ALU00453,2026-08-01,2026-08-10,,1609.44,Vencido,202608
MEN00005433,ALU00453,2026-09-01,2026-09-10,2026-09-11,1623.78,Pago,202609
MEN00005434,ALU00453,2026-10-01,2026-10-10,2026-10-11,1647.37,Pago,202610
MEN00005435,ALU00453,2026-11-01,2026-11-10,2026-11-12,1677.11,Pago,202611
MEN00005436,ALU00453,2026-12-01,2026-12-10,2026-12-12,1627.57,Pago,202612
MEN00005437,ALU00454,2026-01-01,2026-01-10,,1686.45,Em Aberto,202601
MEN00005438,ALU00454,2026-02-01,2026-02-10,2026-02-18,1636.95,Pago,202602
MEN00005439,ALU00454,2026-03-01,2026-03-10,2026-03-12,1638.21,Pago,202603
MEN00005440,ALU00454,2026-04-01,2026-04-10,2026-04-17,1609.19,Pago,202604
MEN00005441,ALU00454,2026-05-01,2026-05-10,2026-05-15,1602.9,Pago,202605
MEN00005442,ALU00454,2026-06-01,2026-06-10,,1646.11,Vencido,202606
MEN00005443,ALU00454,2026-07-01,2026-07-10,,1624.27,Em Aberto,202607
MEN00005444,ALU00454,2026-08-01,2026-08-10,2026-08-11,1609.14,Pago,202608
MEN00005445,ALU00454,2026-09-01,2026-09-10,,1601.86,Em Aberto,202609
MEN00005446,ALU00454,2026-10-01,2026-10-10,2026-10-11,1668.51,Pago,202610
MEN00005447,ALU00454,2026-11-01,2026-11-10,2026-11-18,1618.96,Pago,202611
MEN00005448,ALU00454,2026-12-01,2026-12-10,2026-12-15,1601.92,Pago,202612
MEN00005449,ALU00455,2026-01-01,2026-01-10,2026-01-18,1604.7,Pago,202601
MEN00005450,ALU00455,2026-02-01,2026-02-10,2026-02-15,1677.89,Pago,202602
MEN00005451,ALU00455,2026-03-01,2026-03-10,2026-03-15,1613.77,Pago,202603
MEN00005452,ALU00455,2026-04-01,2026-04-10,2026-04-18,1629.15,Pago,202604
MEN00005453,ALU00455,2026-05-01,2026-05-10,2026-05-09,1673.86,Pago,202605
MEN00005454,ALU00455,2026-06-01,2026-06-10,2026-06-10,1639.02,Pago,202606
MEN00005455,ALU00455,2026-07-01,2026-07-10,2026-07-08,1632.33,Pago,202607
MEN00005456,ALU00455,2026-08-01,2026-08-10,2026-08-12,1698.44,Pago,202608
MEN00005457,ALU00455,2026-09-01,2026-09-10,2026-09-10,1671.32,Pago,202609
MEN00005458,ALU00455,2026-10-01,2026-10-10,2026-10-15,1635.37,Pago,202610
MEN00005459,ALU00455,2026-11-01,2026-11-10,2026-11-11,1699.44,Pago,202611
MEN00005460,ALU00455,2026-12-01,2026-12-10,2026-12-15,1646.36,Pago,202612
MEN00005461,ALU00456,2026-01-01,2026-01-10,,1687.24,Em Aberto,202601
MEN00005462,ALU00456,2026-02-01,2026-02-10,2026-02-11,1639.3,Pago,202602
MEN00005463,ALU00456,2026-03-01,2026-03-10,2026-03-17,1618.16,Pago,202603
MEN00005464,ALU00456,2026-04-01,2026-04-10,2026-04-11,1613.39,Pago,202604
MEN00005465,ALU00456,2026-05-01,2026-05-10,2026-05-14,1635.38,Pago,202605
MEN00005466,ALU00456,2026-06-01,2026-06-10,2026-06-10,1639.22,Pago,202606
MEN00005467,ALU00456,2026-07-01,2026-07-10,2026-07-13,1685.21,Pago,202607
MEN00005468,ALU00456,2026-08-01,2026-08-10,2026-08-14,1685.23,Pago,202608
MEN00005469,ALU00456,2026-09-01,2026-09-10,,1623.89,Em Aberto,202609
MEN00005470,ALU00456,2026-10-01,2026-10-10,2026-10-07,1604.74,Pago,202610
MEN00005471,ALU00456,2026-11-01,2026-11-10,2026-11-15,1649.99,Pago,202611
MEN00005472,ALU00456,2026-12-01,2026-12-10,2026-12-11,1696.2,Pago,202612
MEN00005473,ALU00457,2026-01-01,2026-01-10,2026-01-18,1674.84,Pago,202601
MEN00005474,ALU00457,2026-02-01,2026-02-10,2026-02-15,1695.71,Pago,202602
MEN00005475,ALU00457,2026-03-01,2026-03-10,2026-03-17,1633.32,Pago,202603
MEN00005476,ALU00457,2026-04-01,2026-04-10,2026-04-12,1601.52,Pago,202604
MEN00005477,ALU00457,2026-05-01,2026-05-10,2026-05-13,1647.4,Pago,202605
MEN00005478,ALU00457,2026-06-01,2026-06-10,2026-06-16,1675.78,Pago,202606
MEN00005479,ALU00457,2026-07-01,2026-07-10,2026-07-17,1692.3,Pago,202607
MEN00005480,ALU00457,2026-08-01,2026-08-10,2026-08-15,1674.49,Pago,202608
MEN00005481,ALU00457,2026-09-01,2026-09-10,2026-09-07,1619.38,Pago,202609
MEN00005482,ALU00457,2026-10-01,2026-10-10,2026-10-17,1673.79,Pago,202610
MEN00005483,ALU00457,2026-11-01,2026-11-10,2026-11-11,1657.19,Pago,202611
MEN00005484,ALU00457,2026-12-01,2026-12-10,2026-12-07,1644.69,Pago,202612
MEN00005485,ALU00458,2026-01-01,2026-01-10,2026-01-12,1606.41,Pago,202601
MEN00005486,ALU00458,2026-02-01,2026-02-10,2026-02-18,1635.86,Pago,202602
MEN00005487,ALU00458,2026-03-01,2026-03-10,2026-03-14,1633.6,Pago,202603
MEN00005488,ALU00458,2026-04-01,2026-04-10,2026-04-16,1673.94,Pago,202604
MEN00005489,ALU00458,2026-05-01,2026-05-10,2026-05-17,1671.08,Pago,202605
MEN00005490,ALU00458,2026-06-01,2026-06-10,,1662.11,Vencido,202606
MEN00005491,ALU00458,2026-07-01,2026-07-10,2026-07-13,1613.04,Pago,202607
MEN00005492,ALU00458,2026-08-01,2026-08-10,2026-08-17,1655.57,Pago,202608
MEN00005493,ALU00458,2026-09-01,2026-09-10,2026-09-18,1670.41,Pago,202609
MEN00005494,ALU00458,2026-10-01,2026-10-10,2026-10-10,1672.35,Pago,202610
MEN00005495,ALU00458,2026-11-01,2026-11-10,2026-11-09,1677.98,Pago,202611
MEN00005496,ALU00458,2026-12-01,2026-12-10,2026-12-10,1698.04,Pago,202612
MEN00005497,ALU00459,2026-01-01,2026-01-10,,1674.47,Em Aberto,202601
MEN00005498,ALU00459,2026-02-01,2026-02-10,2026-02-14,1686.06,Pago,202602
MEN00005499,ALU00459,2026-03-01,2026-03-10,2026-03-09,1645.85,Pago,202603
MEN00005500,ALU00459,2026-04-01,2026-04-10,,1654.42,Em Aberto,202604
MEN00005501,ALU00459,2026-05-01,2026-05-10,2026-05-11,1663.0,Pago,202605
MEN00005502,ALU00459,2026-06-01,2026-06-10,2026-06-15,1670.41,Pago,202606
MEN00005503,ALU00459,2026-07-01,2026-07-10,2026-07-13,1611.15,Pago,202607
MEN00005504,ALU00459,2026-08-01,2026-08-10,2026-08-11,1622.32,Pago,202608
MEN00005505,ALU00459,2026-09-01,2026-09-10,2026-09-17,1669.9,Pago,202609
MEN00005506,ALU00459,2026-10-01,2026-10-10,2026-10-17,1694.79,Pago,202610
MEN00005507,ALU00459,2026-11-01,2026-11-10,2026-11-17,1622.54,Pago,202611
MEN00005508,ALU00459,2026-12-01,2026-12-10,2026-12-18,1669.05,Pago,202612
MEN00005509,ALU00460,2026-01-01,2026-01-10,2026-01-09,1609.2,Pago,202601
MEN00005510,ALU00460,2026-02-01,2026-02-10,2026-02-12,1644.07,Pago,202602
MEN00005511,ALU00460,2026-03-01,2026-03-10,2026-03-18,1652.71,Pago,202603
MEN00005512,ALU00460,2026-04-01,2026-04-10,2026-04-09,1662.11,Pago,202604
MEN00005513,ALU00460,2026-05-01,2026-05-10,2026-05-17,1603.12,Pago,202605
MEN00005514,ALU00460,2026-06-01,2026-06-10,,1606.52,Vencido,202606
MEN00005515,ALU00460,2026-07-01,2026-07-10,2026-07-09,1615.82,Pago,202607
MEN00005516,ALU00460,2026-08-01,2026-08-10,2026-08-13,1627.96,Pago,202608
MEN00005517,ALU00460,2026-09-01,2026-09-10,2026-09-16,1664.94,Pago,202609
MEN00005518,ALU00460,2026-10-01,2026-10-10,,1616.6,Vencido,202610
MEN00005519,ALU00460,2026-11-01,2026-11-10,2026-11-18,1605.91,Pago,202611
MEN00005520,ALU00460,2026-12-01,2026-12-10,2026-12-15,1647.77,Pago,202612
MEN00005521,ALU00461,2026-01-01,2026-01-10,2026-01-09,1680.03,Pago,202601
MEN00005522,ALU00461,2026-02-01,2026-02-10,,1609.53,Em Aberto,202602
MEN00005523,ALU00461,2026-03-01,2026-03-10,2026-03-07,1623.42,Pago,202603
MEN00005524,ALU00461,2026-04-01,2026-04-10,2026-04-09,1638.62,Pago,202604
MEN00005525,ALU00461,2026-05-01,2026-05-10,2026-05-13,1672.11,Pago,202605
MEN00005526,ALU00461,2026-06-01,2026-06-10,2026-06-11,1626.72,Pago,202606
MEN00005527,ALU00461,2026-07-01,2026-07-10,2026-07-11,1694.85,Pago,202607
MEN00005528,ALU00461,2026-08-01,2026-08-10,,1689.21,Em Aberto,202608
MEN00005529,ALU00461,2026-09-01,2026-09-10,2026-09-18,1628.09,Pago,202609
MEN00005530,ALU00461,2026-10-01,2026-10-10,2026-10-13,1671.58,Pago,202610
MEN00005531,ALU00461,2026-11-01,2026-11-10,,1655.01,Vencido,202611
MEN00005532,ALU00461,2026-12-01,2026-12-10,2026-12-13,1627.14,Pago,202612
MEN00005533,ALU00462,2026-01-01,2026-01-10,,1648.38,Em Aberto,202601
MEN00005534,ALU00462,2026-02-01,2026-02-10,2026-02-16,1615.08,Pago,202602
MEN00005535,ALU00462,2026-03-01,2026-03-10,2026-03-08,1644.23,Pago,202603
MEN00005536,ALU00462,2026-04-01,2026-04-10,2026-04-14,1662.77,Pago,202604
MEN00005537,ALU00462,2026-05-01,2026-05-10,,1646.74,Em Aberto,202605
MEN00005538,ALU00462,2026-06-01,2026-06-10,2026-06-17,1620.0,Pago,202606
MEN00005539,ALU00462,2026-07-01,2026-07-10,2026-07-17,1699.24,Pago,202607
MEN00005540,ALU00462,2026-08-01,2026-08-10,,1671.8,Em Aberto,202608
MEN00005541,ALU00462,2026-09-01,2026-09-10,2026-09-13,1645.77,Pago,202609
MEN00005542,ALU00462,2026-10-01,2026-10-10,2026-10-17,1683.25,Pago,202610
MEN00005543,ALU00462,2026-11-01,2026-11-10,,1635.08,Vencido,202611
MEN00005544,ALU00462,2026-12-01,2026-12-10,2026-12-08,1692.53,Pago,202612
MEN00005545,ALU00463,2026-01-01,2026-01-10,2026-01-11,1683.17,Pago,202601
MEN00005546,ALU00463,2026-02-01,2026-02-10,2026-02-09,1610.55,Pago,202602
MEN00005547,ALU00463,2026-03-01,2026-03-10,2026-03-17,1612.52,Pago,202603
MEN00005548,ALU00463,2026-04-01,2026-04-10,2026-04-13,1684.89,Pago,202604
MEN00005549,ALU00463,2026-05-01,2026-05-10,,1649.78,Vencido,202605
MEN00005550,ALU00463,2026-06-01,2026-06-10,2026-06-16,1602.77,Pago,202606
MEN00005551,ALU00463,2026-07-01,2026-07-10,2026-07-14,1689.35,Pago,202607
MEN00005552,ALU00463,2026-08-01,2026-08-10,2026-08-08,1695.61,Pago,202608
MEN00005553,ALU00463,2026-09-01,2026-09-10,2026-09-08,1665.95,Pago,202609
MEN00005554,ALU00463,2026-10-01,2026-10-10,,1611.76,Em Aberto,202610
MEN00005555,ALU00463,2026-11-01,2026-11-10,2026-11-08,1687.64,Pago,202611
MEN00005556,ALU00463,2026-12-01,2026-12-10,2026-12-13,1622.39,Pago,202612
MEN00005557,ALU00464,2026-01-01,2026-01-10,2026-01-10,1665.44,Pago,202601
MEN00005558,ALU00464,2026-02-01,2026-02-10,,1662.26,Vencido,202602
MEN00005559,ALU00464,2026-03-01,2026-03-10,,1626.67,Em Aberto,202603
MEN00005560,ALU00464,2026-04-01,2026-04-10,2026-04-12,1690.51,Pago,202604
MEN00005561,ALU00464,2026-05-01,2026-05-10,2026-05-07,1646.46,Pago,202605
MEN00005562,ALU00464,2026-06-01,2026-06-10,2026-06-18,1679.02,Pago,202606
MEN00005563,ALU00464,2026-07-01,2026-07-10,2026-07-13,1619.25,Pago,202607
MEN00005564,ALU00464,2026-08-01,2026-08-10,2026-08-18,1603.91,Pago,202608
MEN00005565,ALU00464,2026-09-01,2026-09-10,2026-09-15,1606.28,Pago,202609
MEN00005566,ALU00464,2026-10-01,2026-10-10,2026-10-16,1606.64,Pago,202610
MEN00005567,ALU00464,2026-11-01,2026-11-10,2026-11-13,1643.48,Pago,202611
MEN00005568,ALU00464,2026-12-01,2026-12-10,2026-12-16,1674.33,Pago,202612
MEN00005569,ALU00465,2026-01-01,2026-01-10,,1659.77,Em Aberto,202601
MEN00005570,ALU00465,2026-02-01,2026-02-10,,1676.8,Em Aberto,202602
MEN00005571,ALU00465,2026-03-01,2026-03-10,2026-03-08,1692.75,Pago,202603
MEN00005572,ALU00465,2026-04-01,2026-04-10,,1692.96,Em Aberto,202604
MEN00005573,ALU00465,2026-05-01,2026-05-10,,1626.96,Em Aberto,202605
MEN00005574,ALU00465,2026-06-01,2026-06-10,2026-06-14,1643.31,Pago,202606
MEN00005575,ALU00465,2026-07-01,2026-07-10,2026-07-13,1691.93,Pago,202607
MEN00005576,ALU00465,2026-08-01,2026-08-10,2026-08-14,1662.93,Pago,202608
MEN00005577,ALU00465,2026-09-01,2026-09-10,2026-09-12,1687.24,Pago,202609
MEN00005578,ALU00465,2026-10-01,2026-10-10,2026-10-11,1600.94,Pago,202610
MEN00005579,ALU00465,2026-11-01,2026-11-10,2026-11-18,1683.5,Pago,202611
MEN00005580,ALU00465,2026-12-01,2026-12-10,2026-12-16,1679.39,Pago,202612
MEN00005581,ALU00466,2026-01-01,2026-01-10,2026-01-08,1643.24,Pago,202601
MEN00005582,ALU00466,2026-02-01,2026-02-10,2026-02-10,1643.14,Pago,202602
MEN00005583,ALU00466,2026-03-01,2026-03-10,2026-03-10,1602.46,Pago,202603
MEN00005584,ALU00466,2026-04-01,2026-04-10,2026-04-10,1605.18,Pago,202604
MEN00005585,ALU00466,2026-05-01,2026-05-10,,1603.23,Em Aberto,202605
MEN00005586,ALU00466,2026-06-01,2026-06-10,2026-06-16,1653.32,Pago,202606
MEN00005587,ALU00466,2026-07-01,2026-07-10,2026-07-14,1643.23,Pago,202607
MEN00005588,ALU00466,2026-08-01,2026-08-10,,1639.36,Em Aberto,202608
MEN00005589,ALU00466,2026-09-01,2026-09-10,2026-09-18,1631.47,Pago,202609
MEN00005590,ALU00466,2026-10-01,2026-10-10,2026-10-08,1678.64,Pago,202610
MEN00005591,ALU00466,2026-11-01,2026-11-10,2026-11-16,1639.81,Pago,202611
MEN00005592,ALU00466,2026-12-01,2026-12-10,2026-12-09,1662.17,Pago,202612
MEN00005593,ALU00467,2026-01-01,2026-01-10,2026-01-09,1623.17,Pago,202601
MEN00005594,ALU00467,2026-02-01,2026-02-10,2026-02-17,1679.58,Pago,202602
MEN00005595,ALU00467,2026-03-01,2026-03-10,2026-03-18,1659.31,Pago,202603
MEN00005596,ALU00467,2026-04-01,2026-04-10,,1611.1,Vencido,202604
MEN00005597,ALU00467,2026-05-01,2026-05-10,,1684.43,Em Aberto,202605
MEN00005598,ALU00467,2026-06-01,2026-06-10,,1667.96,Em Aberto,202606
MEN00005599,ALU00467,2026-07-01,2026-07-10,2026-07-16,1607.28,Pago,202607
MEN00005600,ALU00467,2026-08-01,2026-08-10,2026-08-18,1622.93,Pago,202608
MEN00005601,ALU00467,2026-09-01,2026-09-10,2026-09-11,1646.22,Pago,202609
MEN00005602,ALU00467,2026-10-01,2026-10-10,,1670.71,Vencido,202610
MEN00005603,ALU00467,2026-11-01,2026-11-10,2026-11-08,1613.84,Pago,202611
MEN00005604,ALU00467,2026-12-01,2026-12-10,2026-12-18,1627.98,Pago,202612
MEN00005605,ALU00468,2026-01-01,2026-01-10,2026-01-18,1630.21,Pago,202601
MEN00005606,ALU00468,2026-02-01,2026-02-10,,1664.81,Em Aberto,202602
MEN00005607,ALU00468,2026-03-01,2026-03-10,2026-03-13,1631.62,Pago,202603
MEN00005608,ALU00468,2026-04-01,2026-04-10,2026-04-07,1665.66,Pago,202604
MEN00005609,ALU00468,2026-05-01,2026-05-10,2026-05-18,1626.24,Pago,202605
MEN00005610,ALU00468,2026-06-01,2026-06-10,2026-06-18,1638.2,Pago,202606
MEN00005611,ALU00468,2026-07-01,2026-07-10,2026-07-11,1685.5,Pago,202607
MEN00005612,ALU00468,2026-08-01,2026-08-10,2026-08-08,1691.61,Pago,202608
MEN00005613,ALU00468,2026-09-01,2026-09-10,2026-09-10,1693.41,Pago,202609
MEN00005614,ALU00468,2026-10-01,2026-10-10,2026-10-15,1697.75,Pago,202610
MEN00005615,ALU00468,2026-11-01,2026-11-10,2026-11-08,1670.85,Pago,202611
MEN00005616,ALU00468,2026-12-01,2026-12-10,,1610.48,Em Aberto,202612
MEN00005617,ALU00469,2026-01-01,2026-01-10,2026-01-18,1675.02,Pago,202601
MEN00005618,ALU00469,2026-02-01,2026-02-10,2026-02-12,1685.08,Pago,202602
MEN00005619,ALU00469,2026-03-01,2026-03-10,,1633.41,Vencido,202603
MEN00005620,ALU00469,2026-04-01,2026-04-10,2026-04-09,1659.04,Pago,202604
MEN00005621,ALU00469,2026-05-01,2026-05-10,,1658.65,Vencido,202605
MEN00005622,ALU00469,2026-06-01,2026-06-10,2026-06-10,1691.79,Pago,202606
MEN00005623,ALU00469,2026-07-01,2026-07-10,,1620.22,Em Aberto,202607
MEN00005624,ALU00469,2026-08-01,2026-08-10,2026-08-18,1634.02,Pago,202608
MEN00005625,ALU00469,2026-09-01,2026-09-10,2026-09-07,1644.01,Pago,202609
MEN00005626,ALU00469,2026-10-01,2026-10-10,2026-10-14,1696.51,Pago,202610
MEN00005627,ALU00469,2026-11-01,2026-11-10,2026-11-14,1655.53,Pago,202611
MEN00005628,ALU00469,2026-12-01,2026-12-10,2026-12-14,1643.89,Pago,202612
MEN00005629,ALU00470,2026-01-01,2026-01-10,2026-01-17,1695.13,Pago,202601
MEN00005630,ALU00470,2026-02-01,2026-02-10,2026-02-08,1660.2,Pago,202602
MEN00005631,ALU00470,2026-03-01,2026-03-10,2026-03-11,1644.3,Pago,202603
MEN00005632,ALU00470,2026-04-01,2026-04-10,2026-04-08,1683.73,Pago,202604
MEN00005633,ALU00470,2026-05-01,2026-05-10,2026-05-15,1622.23,Pago,202605
MEN00005634,ALU00470,2026-06-01,2026-06-10,2026-06-13,1645.26,Pago,202606
MEN00005635,ALU00470,2026-07-01,2026-07-10,,1640.57,Em Aberto,202607
MEN00005636,ALU00470,2026-08-01,2026-08-10,2026-08-08,1638.66,Pago,202608
MEN00005637,ALU00470,2026-09-01,2026-09-10,2026-09-18,1642.45,Pago,202609
MEN00005638,ALU00470,2026-10-01,2026-10-10,2026-10-16,1621.33,Pago,202610
MEN00005639,ALU00470,2026-11-01,2026-11-10,2026-11-07,1666.16,Pago,202611
MEN00005640,ALU00470,2026-12-01,2026-12-10,,1690.88,Vencido,202612
MEN00005641,ALU00471,2026-01-01,2026-01-10,2026-01-09,1637.0,Pago,202601
MEN00005642,ALU00471,2026-02-01,2026-02-10,2026-02-11,1696.83,Pago,202602
MEN00005643,ALU00471,2026-03-01,2026-03-10,2026-03-17,1653.08,Pago,202603
MEN00005644,ALU00471,2026-04-01,2026-04-10,2026-04-15,1645.44,Pago,202604
MEN00005645,ALU00471,2026-05-01,2026-05-10,,1653.61,Em Aberto,202605
MEN00005646,ALU00471,2026-06-01,2026-06-10,2026-06-09,1698.49,Pago,202606
MEN00005647,ALU00471,2026-07-01,2026-07-10,,1615.44,Vencido,202607
MEN00005648,ALU00471,2026-08-01,2026-08-10,2026-08-12,1677.88,Pago,202608
MEN00005649,ALU00471,2026-09-01,2026-09-10,2026-09-15,1622.48,Pago,202609
MEN00005650,ALU00471,2026-10-01,2026-10-10,2026-10-10,1690.7,Pago,202610
MEN00005651,ALU00471,2026-11-01,2026-11-10,2026-11-14,1620.82,Pago,202611
MEN00005652,ALU00471,2026-12-01,2026-12-10,2026-12-08,1647.64,Pago,202612
MEN00005653,ALU00472,2026-01-01,2026-01-10,2026-01-17,1656.74,Pago,202601
MEN00005654,ALU00472,2026-02-01,2026-02-10,2026-02-07,1694.9,Pago,202602
MEN00005655,ALU00472,2026-03-01,2026-03-10,,1686.4,Em Aberto,202603
MEN00005656,ALU00472,2026-04-01,2026-04-10,2026-04-14,1616.27,Pago,202604
MEN00005657,ALU00472,2026-05-01,2026-05-10,2026-05-07,1656.94,Pago,202605
MEN00005658,ALU00472,2026-06-01,2026-06-10,2026-06-16,1606.54,Pago,202606
MEN00005659,ALU00472,2026-07-01,2026-07-10,2026-07-14,1601.06,Pago,202607
MEN00005660,ALU00472,2026-08-01,2026-08-10,2026-08-12,1641.94,Pago,202608
MEN00005661,ALU00472,2026-09-01,2026-09-10,2026-09-18,1601.56,Pago,202609
MEN00005662,ALU00472,2026-10-01,2026-10-10,2026-10-15,1635.62,Pago,202610
MEN00005663,ALU00472,2026-11-01,2026-11-10,2026-11-10,1671.66,Pago,202611
MEN00005664,ALU00472,2026-12-01,2026-12-10,2026-12-14,1613.68,Pago,202612
MEN00005665,ALU00473,2026-01-01,2026-01-10,2026-01-14,1662.65,Pago,202601
MEN00005666,ALU00473,2026-02-01,2026-02-10,2026-02-13,1623.95,Pago,202602
MEN00005667,ALU00473,2026-03-01,2026-03-10,2026-03-09,1625.21,Pago,202603
MEN00005668,ALU00473,2026-04-01,2026-04-10,2026-04-08,1693.02,Pago,202604
MEN00005669,ALU00473,2026-05-01,2026-05-10,,1627.45,Vencido,202605
MEN00005670,ALU00473,2026-06-01,2026-06-10,2026-06-18,1645.98,Pago,202606
MEN00005671,ALU00473,2026-07-01,2026-07-10,2026-07-09,1685.07,Pago,202607
MEN00005672,ALU00473,2026-08-01,2026-08-10,2026-08-11,1648.66,Pago,202608
MEN00005673,ALU00473,2026-09-01,2026-09-10,2026-09-14,1607.52,Pago,202609
MEN00005674,ALU00473,2026-10-01,2026-10-10,2026-10-16,1601.55,Pago,202610
MEN00005675,ALU00473,2026-11-01,2026-11-10,2026-11-08,1659.77,Pago,202611
MEN00005676,ALU00473,2026-12-01,2026-12-10,2026-12-08,1627.65,Pago,202612
MEN00005677,ALU00474,2026-01-01,2026-01-10,2026-01-15,1617.93,Pago,202601
MEN00005678,ALU00474,2026-02-01,2026-02-10,2026-02-18,1637.76,Pago,202602
MEN00005679,ALU00474,2026-03-01,2026-03-10,2026-03-15,1675.34,Pago,202603
MEN00005680,ALU00474,2026-04-01,2026-04-10,2026-04-18,1675.18,Pago,202604
MEN00005681,ALU00474,2026-05-01,2026-05-10,2026-05-08,1655.3,Pago,202605
MEN00005682,ALU00474,2026-06-01,2026-06-10,2026-06-18,1631.2,Pago,202606
MEN00005683,ALU00474,2026-07-01,2026-07-10,2026-07-18,1605.18,Pago,202607
MEN00005684,ALU00474,2026-08-01,2026-08-10,2026-08-07,1691.72,Pago,202608
MEN00005685,ALU00474,2026-09-01,2026-09-10,2026-09-16,1654.26,Pago,202609
MEN00005686,ALU00474,2026-10-01,2026-10-10,2026-10-12,1612.45,Pago,202610
MEN00005687,ALU00474,2026-11-01,2026-11-10,2026-11-13,1638.48,Pago,202611
MEN00005688,ALU00474,2026-12-01,2026-12-10,2026-12-11,1649.84,Pago,202612
MEN00005689,ALU00475,2026-01-01,2026-01-10,,1674.71,Vencido,202601
MEN00005690,ALU00475,2026-02-01,2026-02-10,2026-02-11,1667.87,Pago,202602
MEN00005691,ALU00475,2026-03-01,2026-03-10,2026-03-18,1607.57,Pago,202603
MEN00005692,ALU00475,2026-04-01,2026-04-10,2026-04-13,1687.08,Pago,202604
MEN00005693,ALU00475,2026-05-01,2026-05-10,2026-05-08,1658.48,Pago,202605
MEN00005694,ALU00475,2026-06-01,2026-06-10,2026-06-07,1632.89,Pago,202606
MEN00005695,ALU00475,2026-07-01,2026-07-10,2026-07-07,1627.87,Pago,202607
MEN00005696,ALU00475,2026-08-01,2026-08-10,2026-08-16,1605.27,Pago,202608
MEN00005697,ALU00475,2026-09-01,2026-09-10,2026-09-09,1616.91,Pago,202609
MEN00005698,ALU00475,2026-10-01,2026-10-10,,1665.9,Vencido,202610
MEN00005699,ALU00475,2026-11-01,2026-11-10,2026-11-10,1653.08,Pago,202611
MEN00005700,ALU00475,2026-12-01,2026-12-10,2026-12-14,1693.45,Pago,202612
MEN00005701,ALU00476,2026-01-01,2026-01-10,2026-01-11,1663.43,Pago,202601
MEN00005702,ALU00476,2026-02-01,2026-02-10,2026-02-12,1612.34,Pago,202602
MEN00005703,ALU00476,2026-03-01,2026-03-10,2026-03-12,1645.5,Pago,202603
MEN00005704,ALU00476,2026-04-01,2026-04-10,2026-04-18,1658.27,Pago,202604
MEN00005705,ALU00476,2026-05-01,2026-05-10,2026-05-14,1668.9,Pago,202605
MEN00005706,ALU00476,2026-06-01,2026-06-10,2026-06-07,1640.35,Pago,202606
MEN00005707,ALU00476,2026-07-01,2026-07-10,,1650.75,Em Aberto,202607
MEN00005708,ALU00476,2026-08-01,2026-08-10,2026-08-14,1662.38,Pago,202608
MEN00005709,ALU00476,2026-09-01,2026-09-10,2026-09-14,1678.54,Pago,202609
MEN00005710,ALU00476,2026-10-01,2026-10-10,2026-10-18,1638.84,Pago,202610
MEN00005711,ALU00476,2026-11-01,2026-11-10,2026-11-08,1697.46,Pago,202611
MEN00005712,ALU00476,2026-12-01,2026-12-10,2026-12-08,1664.72,Pago,202612
MEN00005713,ALU00477,2026-01-01,2026-01-10,2026-01-17,1670.63,Pago,202601
MEN00005714,ALU00477,2026-02-01,2026-02-10,2026-02-13,1608.94,Pago,202602
MEN00005715,ALU00477,2026-03-01,2026-03-10,2026-03-11,1611.48,Pago,202603
MEN00005716,ALU00477,2026-04-01,2026-04-10,,1656.39,Em Aberto,202604
MEN00005717,ALU00477,2026-05-01,2026-05-10,2026-05-08,1624.85,Pago,202605
MEN00005718,ALU00477,2026-06-01,2026-06-10,2026-06-10,1607.18,Pago,202606
MEN00005719,ALU00477,2026-07-01,2026-07-10,2026-07-18,1688.48,Pago,202607
MEN00005720,ALU00477,2026-08-01,2026-08-10,2026-08-13,1633.87,Pago,202608
MEN00005721,ALU00477,2026-09-01,2026-09-10,2026-09-13,1677.83,Pago,202609
MEN00005722,ALU00477,2026-10-01,2026-10-10,2026-10-09,1642.2,Pago,202610
MEN00005723,ALU00477,2026-11-01,2026-11-10,2026-11-17,1691.36,Pago,202611
MEN00005724,ALU00477,2026-12-01,2026-12-10,,1675.63,Em Aberto,202612
MEN00005725,ALU00478,2026-01-01,2026-01-10,2026-01-15,1631.52,Pago,202601
MEN00005726,ALU00478,2026-02-01,2026-02-10,2026-02-13,1672.35,Pago,202602
MEN00005727,ALU00478,2026-03-01,2026-03-10,2026-03-15,1655.73,Pago,202603
MEN00005728,ALU00478,2026-04-01,2026-04-10,2026-04-17,1648.65,Pago,202604
MEN00005729,ALU00478,2026-05-01,2026-05-10,2026-05-16,1671.26,Pago,202605
MEN00005730,ALU00478,2026-06-01,2026-06-10,2026-06-17,1665.27,Pago,202606
MEN00005731,ALU00478,2026-07-01,2026-07-10,2026-07-12,1604.79,Pago,202607
MEN00005732,ALU00478,2026-08-01,2026-08-10,,1638.03,Vencido,202608
MEN00005733,ALU00478,2026-09-01,2026-09-10,2026-09-14,1637.33,Pago,202609
MEN00005734,ALU00478,2026-10-01,2026-10-10,2026-10-07,1643.99,Pago,202610
MEN00005735,ALU00478,2026-11-01,2026-11-10,2026-11-11,1608.99,Pago,202611
MEN00005736,ALU00478,2026-12-01,2026-12-10,,1600.83,Em Aberto,202612
MEN00005737,ALU00479,2026-01-01,2026-01-10,2026-01-13,1645.24,Pago,202601
MEN00005738,ALU00479,2026-02-01,2026-02-10,2026-02-18,1625.37,Pago,202602
MEN00005739,ALU00479,2026-03-01,2026-03-10,2026-03-10,1612.07,Pago,202603
MEN00005740,ALU00479,2026-04-01,2026-04-10,2026-04-16,1607.06,Pago,202604
MEN00005741,ALU00479,2026-05-01,2026-05-10,2026-05-11,1660.2,Pago,202605
MEN00005742,ALU00479,2026-06-01,2026-06-10,2026-06-18,1608.7,Pago,202606
MEN00005743,ALU00479,2026-07-01,2026-07-10,2026-07-08,1694.0,Pago,202607
MEN00005744,ALU00479,2026-08-01,2026-08-10,2026-08-17,1630.81,Pago,202608
MEN00005745,ALU00479,2026-09-01,2026-09-10,2026-09-07,1639.3,Pago,202609
MEN00005746,ALU00479,2026-10-01,2026-10-10,2026-10-10,1613.23,Pago,202610
MEN00005747,ALU00479,2026-11-01,2026-11-10,,1607.69,Em Aberto,202611
MEN00005748,ALU00479,2026-12-01,2026-12-10,,1609.3,Vencido,202612
MEN00005749,ALU00480,2026-01-01,2026-01-10,,1682.95,Vencido,202601
MEN00005750,ALU00480,2026-02-01,2026-02-10,2026-02-10,1629.45,Pago,202602
MEN00005751,ALU00480,2026-03-01,2026-03-10,2026-03-13,1608.65,Pago,202603
MEN00005752,ALU00480,2026-04-01,2026-04-10,2026-04-18,1678.39,Pago,202604
MEN00005753,ALU00480,2026-05-01,2026-05-10,2026-05-10,1602.79,Pago,202605
MEN00005754,ALU00480,2026-06-01,2026-06-10,2026-06-09,1676.73,Pago,202606
MEN00005755,ALU00480,2026-07-01,2026-07-10,2026-07-07,1627.85,Pago,202607
MEN00005756,ALU00480,2026-08-01,2026-08-10,2026-08-11,1624.28,Pago,202608
MEN00005757,ALU00480,2026-09-01,2026-09-10,2026-09-11,1667.48,Pago,202609
MEN00005758,ALU00480,2026-10-01,2026-10-10,,1683.12,Vencido,202610
MEN00005759,ALU00480,2026-11-01,2026-11-10,2026-11-14,1647.31,Pago,202611
MEN00005760,ALU00480,2026-12-01,2026-12-10,,1630.64,Em Aberto,202612
MEN00005761,ALU00481,2026-01-01,2026-01-10,,1605.57,Em Aberto,202601
MEN00005762,ALU00481,2026-02-01,2026-02-10,2026-02-18,1668.76,Pago,202602
MEN00005763,ALU00481,2026-03-01,2026-03-10,2026-03-10,1656.46,Pago,202603
MEN00005764,ALU00481,2026-04-01,2026-04-10,,1634.66,Vencido,202604
MEN00005765,ALU00481,2026-05-01,2026-05-10,,1694.62,Vencido,202605
MEN00005766,ALU00481,2026-06-01,2026-06-10,2026-06-10,1694.12,Pago,202606
MEN00005767,ALU00481,2026-07-01,2026-07-10,2026-07-15,1662.13,Pago,202607
MEN00005768,ALU00481,2026-08-01,2026-08-10,2026-08-09,1697.26,Pago,202608
MEN00005769,ALU00481,2026-09-01,2026-09-10,,1646.82,Em Aberto,202609
MEN00005770,ALU00481,2026-10-01,2026-10-10,2026-10-16,1698.61,Pago,202610
MEN00005771,ALU00481,2026-11-01,2026-11-10,2026-11-16,1614.06,Pago,202611
MEN00005772,ALU00481,2026-12-01,2026-12-10,2026-12-12,1618.07,Pago,202612
MEN00005773,ALU00482,2026-01-01,2026-01-10,2026-01-16,1600.78,Pago,202601
MEN00005774,ALU00482,2026-02-01,2026-02-10,2026-02-07,1620.3,Pago,202602
MEN00005775,ALU00482,2026-03-01,2026-03-10,2026-03-17,1665.49,Pago,202603
MEN00005776,ALU00482,2026-04-01,2026-04-10,2026-04-07,1676.54,Pago,202604
MEN00005777,ALU00482,2026-05-01,2026-05-10,2026-05-18,1628.55,Pago,202605
MEN00005778,ALU00482,2026-06-01,2026-06-10,2026-06-15,1606.02,Pago,202606
MEN00005779,ALU00482,2026-07-01,2026-07-10,2026-07-10,1607.04,Pago,202607
MEN00005780,ALU00482,2026-08-01,2026-08-10,2026-08-07,1682.44,Pago,202608
MEN00005781,ALU00482,2026-09-01,2026-09-10,2026-09-18,1678.72,Pago,202609
MEN00005782,ALU00482,2026-10-01,2026-10-10,2026-10-15,1611.4,Pago,202610
MEN00005783,ALU00482,2026-11-01,2026-11-10,2026-11-09,1604.61,Pago,202611
MEN00005784,ALU00482,2026-12-01,2026-12-10,2026-12-18,1609.09,Pago,202612
MEN00005785,ALU00483,2026-01-01,2026-01-10,2026-01-12,1690.72,Pago,202601
MEN00005786,ALU00483,2026-02-01,2026-02-10,2026-02-09,1653.11,Pago,202602
MEN00005787,ALU00483,2026-03-01,2026-03-10,2026-03-13,1663.36,Pago,202603
MEN00005788,ALU00483,2026-04-01,2026-04-10,2026-04-11,1618.9,Pago,202604
MEN00005789,ALU00483,2026-05-01,2026-05-10,2026-05-12,1683.45,Pago,202605
MEN00005790,ALU00483,2026-06-01,2026-06-10,2026-06-09,1659.18,Pago,202606
MEN00005791,ALU00483,2026-07-01,2026-07-10,2026-07-12,1642.35,Pago,202607
MEN00005792,ALU00483,2026-08-01,2026-08-10,2026-08-17,1617.52,Pago,202608
MEN00005793,ALU00483,2026-09-01,2026-09-10,2026-09-12,1687.89,Pago,202609
MEN00005794,ALU00483,2026-10-01,2026-10-10,2026-10-18,1622.75,Pago,202610
MEN00005795,ALU00483,2026-11-01,2026-11-10,2026-11-17,1666.46,Pago,202611
MEN00005796,ALU00483,2026-12-01,2026-12-10,,1612.09,Vencido,202612
MEN00005797,ALU00484,2026-01-01,2026-01-10,,1601.24,Em Aberto,202601
MEN00005798,ALU00484,2026-02-01,2026-02-10,2026-02-16,1615.22,Pago,202602
MEN00005799,ALU00484,2026-03-01,2026-03-10,2026-03-08,1620.58,Pago,202603
MEN00005800,ALU00484,2026-04-01,2026-04-10,2026-04-08,1675.36,Pago,202604
MEN00005801,ALU00484,2026-05-01,2026-05-10,2026-05-11,1631.83,Pago,202605
MEN00005802,ALU00484,2026-06-01,2026-06-10,,1683.25,Vencido,202606
MEN00005803,ALU00484,2026-07-01,2026-07-10,2026-07-13,1650.37,Pago,202607
MEN00005804,ALU00484,2026-08-01,2026-08-10,,1667.94,Em Aberto,202608
MEN00005805,ALU00484,2026-09-01,2026-09-10,2026-09-14,1693.97,Pago,202609
MEN00005806,ALU00484,2026-10-01,2026-10-10,2026-10-09,1622.28,Pago,202610
MEN00005807,ALU00484,2026-11-01,2026-11-10,2026-11-11,1616.68,Pago,202611
MEN00005808,ALU00484,2026-12-01,2026-12-10,2026-12-15,1685.04,Pago,202612
MEN00005809,ALU00485,2026-01-01,2026-01-10,2026-01-13,1696.96,Pago,202601
MEN00005810,ALU00485,2026-02-01,2026-02-10,2026-02-13,1651.75,Pago,202602
MEN00005811,ALU00485,2026-03-01,2026-03-10,2026-03-12,1685.54,Pago,202603
MEN00005812,ALU00485,2026-04-01,2026-04-10,2026-04-10,1680.88,Pago,202604
MEN00005813,ALU00485,2026-05-01,2026-05-10,,1603.08,Vencido,202605
MEN00005814,ALU00485,2026-06-01,2026-06-10,2026-06-07,1617.37,Pago,202606
MEN00005815,ALU00485,2026-07-01,2026-07-10,2026-07-11,1662.72,Pago,202607
MEN00005816,ALU00485,2026-08-01,2026-08-10,2026-08-14,1682.89,Pago,202608
MEN00005817,ALU00485,2026-09-01,2026-09-10,2026-09-16,1604.11,Pago,202609
MEN00005818,ALU00485,2026-10-01,2026-10-10,2026-10-11,1673.09,Pago,202610
MEN00005819,ALU00485,2026-11-01,2026-11-10,2026-11-09,1668.8,Pago,202611
MEN00005820,ALU00485,2026-12-01,2026-12-10,,1676.67,Vencido,202612
MEN00005821,ALU00486,2026-01-01,2026-01-10,2026-01-16,1677.96,Pago,202601
MEN00005822,ALU00486,2026-02-01,2026-02-10,2026-02-17,1651.73,Pago,202602
MEN00005823,ALU00486,2026-03-01,2026-03-10,2026-03-17,1672.55,Pago,202603
MEN00005824,ALU00486,2026-04-01,2026-04-10,2026-04-10,1609.87,Pago,202604
MEN00005825,ALU00486,2026-05-01,2026-05-10,2026-05-14,1626.44,Pago,202605
MEN00005826,ALU00486,2026-06-01,2026-06-10,2026-06-17,1661.65,Pago,202606
MEN00005827,ALU00486,2026-07-01,2026-07-10,2026-07-07,1698.92,Pago,202607
MEN00005828,ALU00486,2026-08-01,2026-08-10,2026-08-08,1674.25,Pago,202608
MEN00005829,ALU00486,2026-09-01,2026-09-10,2026-09-08,1658.32,Pago,202609
MEN00005830,ALU00486,2026-10-01,2026-10-10,,1699.16,Em Aberto,202610
MEN00005831,ALU00486,2026-11-01,2026-11-10,2026-11-15,1630.54,Pago,202611
MEN00005832,ALU00486,2026-12-01,2026-12-10,,1685.18,Vencido,202612
MEN00005833,ALU00487,2026-01-01,2026-01-10,2026-01-14,1606.0,Pago,202601
MEN00005834,ALU00487,2026-02-01,2026-02-10,,1602.75,Vencido,202602
MEN00005835,ALU00487,2026-03-01,2026-03-10,2026-03-07,1606.6,Pago,202603
MEN00005836,ALU00487,2026-04-01,2026-04-10,,1630.8,Em Aberto,202604
MEN00005837,ALU00487,2026-05-01,2026-05-10,,1620.68,Em Aberto,202605
MEN00005838,ALU00487,2026-06-01,2026-06-10,2026-06-16,1673.37,Pago,202606
MEN00005839,ALU00487,2026-07-01,2026-07-10,2026-07-08,1670.45,Pago,202607
MEN00005840,ALU00487,2026-08-01,2026-08-10,2026-08-18,1606.03,Pago,202608
MEN00005841,ALU00487,2026-09-01,2026-09-10,2026-09-10,1602.71,Pago,202609
MEN00005842,ALU00487,2026-10-01,2026-10-10,2026-10-18,1685.94,Pago,202610
MEN00005843,ALU00487,2026-11-01,2026-11-10,2026-11-11,1612.41,Pago,202611
MEN00005844,ALU00487,2026-12-01,2026-12-10,2026-12-13,1639.56,Pago,202612
MEN00005845,ALU00488,2026-01-01,2026-01-10,2026-01-17,1623.87,Pago,202601
MEN00005846,ALU00488,2026-02-01,2026-02-10,2026-02-13,1671.65,Pago,202602
MEN00005847,ALU00488,2026-03-01,2026-03-10,,1688.02,Vencido,202603
MEN00005848,ALU00488,2026-04-01,2026-04-10,2026-04-13,1628.73,Pago,202604
MEN00005849,ALU00488,2026-05-01,2026-05-10,2026-05-10,1654.39,Pago,202605
MEN00005850,ALU00488,2026-06-01,2026-06-10,2026-06-12,1615.89,Pago,202606
MEN00005851,ALU00488,2026-07-01,2026-07-10,2026-07-09,1643.65,Pago,202607
MEN00005852,ALU00488,2026-08-01,2026-08-10,2026-08-11,1676.79,Pago,202608
MEN00005853,ALU00488,2026-09-01,2026-09-10,2026-09-16,1680.68,Pago,202609
MEN00005854,ALU00488,2026-10-01,2026-10-10,2026-10-12,1666.83,Pago,202610
MEN00005855,ALU00488,2026-11-01,2026-11-10,2026-11-08,1638.38,Pago,202611
MEN00005856,ALU00488,2026-12-01,2026-12-10,2026-12-07,1612.55,Pago,202612
MEN00005857,ALU00489,2026-01-01,2026-01-10,2026-01-11,1639.65,Pago,202601
MEN00005858,ALU00489,2026-02-01,2026-02-10,2026-02-08,1661.17,Pago,202602
MEN00005859,ALU00489,2026-03-01,2026-03-10,2026-03-10,1664.42,Pago,202603
MEN00005860,ALU00489,2026-04-01,2026-04-10,2026-04-12,1642.9,Pago,202604
MEN00005861,ALU00489,2026-05-01,2026-05-10,2026-05-07,1685.02,Pago,202605
MEN00005862,ALU00489,2026-06-01,2026-06-10,2026-06-15,1618.6,Pago,202606
MEN00005863,ALU00489,2026-07-01,2026-07-10,,1608.45,Em Aberto,202607
MEN00005864,ALU00489,2026-08-01,2026-08-10,2026-08-11,1688.56,Pago,202608
MEN00005865,ALU00489,2026-09-01,2026-09-10,2026-09-08,1669.54,Pago,202609
MEN00005866,ALU00489,2026-10-01,2026-10-10,2026-10-16,1679.82,Pago,202610
MEN00005867,ALU00489,2026-11-01,2026-11-10,2026-11-08,1626.05,Pago,202611
MEN00005868,ALU00489,2026-12-01,2026-12-10,2026-12-13,1605.64,Pago,202612
MEN00005869,ALU00490,2026-01-01,2026-01-10,2026-01-15,1602.86,Pago,202601
MEN00005870,ALU00490,2026-02-01,2026-02-10,2026-02-09,1662.56,Pago,202602
MEN00005871,ALU00490,2026-03-01,2026-03-10,2026-03-11,1636.31,Pago,202603
MEN00005872,ALU00490,2026-04-01,2026-04-10,2026-04-17,1678.04,Pago,202604
MEN00005873,ALU00490,2026-05-01,2026-05-10,2026-05-07,1618.3,Pago,202605
MEN00005874,ALU00490,2026-06-01,2026-06-10,2026-06-09,1617.83,Pago,202606
MEN00005875,ALU00490,2026-07-01,2026-07-10,2026-07-12,1659.03,Pago,202607
MEN00005876,ALU00490,2026-08-01,2026-08-10,2026-08-15,1683.33,Pago,202608
MEN00005877,ALU00490,2026-09-01,2026-09-10,2026-09-09,1615.65,Pago,202609
MEN00005878,ALU00490,2026-10-01,2026-10-10,2026-10-11,1616.49,Pago,202610
MEN00005879,ALU00490,2026-11-01,2026-11-10,,1672.26,Em Aberto,202611
MEN00005880,ALU00490,2026-12-01,2026-12-10,2026-12-07,1698.33,Pago,202612
MEN00005881,ALU00491,2026-01-01,2026-01-10,2026-01-16,1602.07,Pago,202601
MEN00005882,ALU00491,2026-02-01,2026-02-10,2026-02-14,1646.51,Pago,202602
MEN00005883,ALU00491,2026-03-01,2026-03-10,2026-03-18,1614.74,Pago,202603
MEN00005884,ALU00491,2026-04-01,2026-04-10,2026-04-17,1631.52,Pago,202604
MEN00005885,ALU00491,2026-05-01,2026-05-10,2026-05-14,1613.55,Pago,202605
MEN00005886,ALU00491,2026-06-01,2026-06-10,,1660.66,Em Aberto,202606
MEN00005887,ALU00491,2026-07-01,2026-07-10,,1635.7,Em Aberto,202607
MEN00005888,ALU00491,2026-08-01,2026-08-10,2026-08-16,1601.76,Pago,202608
MEN00005889,ALU00491,2026-09-01,2026-09-10,,1684.04,Em Aberto,202609
MEN00005890,ALU00491,2026-10-01,2026-10-10,2026-10-07,1668.15,Pago,202610
MEN00005891,ALU00491,2026-11-01,2026-11-10,2026-11-16,1673.61,Pago,202611
MEN00005892,ALU00491,2026-12-01,2026-12-10,2026-12-17,1690.94,Pago,202612
MEN00005893,ALU00492,2026-01-01,2026-01-10,2026-01-12,1635.14,Pago,202601
MEN00005894,ALU00492,2026-02-01,2026-02-10,2026-02-11,1665.47,Pago,202602
MEN00005895,ALU00492,2026-03-01,2026-03-10,2026-03-08,1688.48,Pago,202603
MEN00005896,ALU00492,2026-04-01,2026-04-10,2026-04-12,1603.15,Pago,202604
MEN00005897,ALU00492,2026-05-01,2026-05-10,2026-05-15,1670.93,Pago,202605
MEN00005898,ALU00492,2026-06-01,2026-06-10,,1618.22,Vencido,202606
MEN00005899,ALU00492,2026-07-01,2026-07-10,2026-07-10,1621.93,Pago,202607
MEN00005900,ALU00492,2026-08-01,2026-08-10,,1611.56,Em Aberto,202608
MEN00005901,ALU00492,2026-09-01,2026-09-10,2026-09-07,1607.92,Pago,202609
MEN00005902,ALU00492,2026-10-01,2026-10-10,2026-10-13,1690.32,Pago,202610
MEN00005903,ALU00492,2026-11-01,2026-11-10,2026-11-15,1627.96,Pago,202611
MEN00005904,ALU00492,2026-12-01,2026-12-10,2026-12-12,1697.92,Pago,202612
MEN00005905,ALU00493,2026-01-01,2026-01-10,2026-01-16,1601.35,Pago,202601
MEN00005906,ALU00493,2026-02-01,2026-02-10,2026-02-11,1685.18,Pago,202602
MEN00005907,ALU00493,2026-03-01,2026-03-10,2026-03-17,1681.01,Pago,202603
MEN00005908,ALU00493,2026-04-01,2026-04-10,2026-04-09,1632.26,Pago,202604
MEN00005909,ALU00493,2026-05-01,2026-05-10,2026-05-11,1665.13,Pago,202605
MEN00005910,ALU00493,2026-06-01,2026-06-10,2026-06-07,1683.57,Pago,202606
MEN00005911,ALU00493,2026-07-01,2026-07-10,2026-07-13,1621.65,Pago,202607
MEN00005912,ALU00493,2026-08-01,2026-08-10,2026-08-11,1614.19,Pago,202608
MEN00005913,ALU00493,2026-09-01,2026-09-10,2026-09-11,1608.09,Pago,202609
MEN00005914,ALU00493,2026-10-01,2026-10-10,2026-10-13,1649.49,Pago,202610
MEN00005915,ALU00493,2026-11-01,2026-11-10,2026-11-17,1635.34,Pago,202611
MEN00005916,ALU00493,2026-12-01,2026-12-10,2026-12-10,1680.52,Pago,202612
MEN00005917,ALU00494,2026-01-01,2026-01-10,,1645.09,Em Aberto,202601
MEN00005918,ALU00494,2026-02-01,2026-02-10,2026-02-12,1644.17,Pago,202602
MEN00005919,ALU00494,2026-03-01,2026-03-10,2026-03-18,1678.59,Pago,202603
MEN00005920,ALU00494,2026-04-01,2026-04-10,2026-04-14,1691.16,Pago,202604
MEN00005921,ALU00494,2026-05-01,2026-05-10,2026-05-14,1642.62,Pago,202605
MEN00005922,ALU00494,2026-06-01,2026-06-10,2026-06-13,1639.94,Pago,202606
MEN00005923,ALU00494,2026-07-01,2026-07-10,2026-07-13,1668.91,Pago,202607
MEN00005924,ALU00494,2026-08-01,2026-08-10,2026-08-10,1619.55,Pago,202608
MEN00005925,ALU00494,2026-09-01,2026-09-10,2026-09-15,1695.85,Pago,202609
MEN00005926,ALU00494,2026-10-01,2026-10-10,2026-10-12,1676.09,Pago,202610
MEN00005927,ALU00494,2026-11-01,2026-11-10,2026-11-10,1667.41,Pago,202611
MEN00005928,ALU00494,2026-12-01,2026-12-10,2026-12-18,1653.76,Pago,202612
MEN00005929,ALU00495,2026-01-01,2026-01-10,,1675.14,Em Aberto,202601
MEN00005930,ALU00495,2026-02-01,2026-02-10,2026-02-15,1651.01,Pago,202602
MEN00005931,ALU00495,2026-03-01,2026-03-10,2026-03-14,1631.68,Pago,202603
MEN00005932,ALU00495,2026-04-01,2026-04-10,2026-04-16,1680.88,Pago,202604
MEN00005933,ALU00495,2026-05-01,2026-05-10,2026-05-17,1692.56,Pago,202605
MEN00005934,ALU00495,2026-06-01,2026-06-10,2026-06-15,1638.09,Pago,202606
MEN00005935,ALU00495,2026-07-01,2026-07-10,2026-07-10,1638.47,Pago,202607
MEN00005936,ALU00495,2026-08-01,2026-08-10,2026-08-13,1663.74,Pago,202608
MEN00005937,ALU00495,2026-09-01,2026-09-10,2026-09-10,1640.11,Pago,202609
MEN00005938,ALU00495,2026-10-01,2026-10-10,,1680.84,Em Aberto,202610
MEN00005939,ALU00495,2026-11-01,2026-11-10,,1663.12,Em Aberto,202611
MEN00005940,ALU00495,2026-12-01,2026-12-10,2026-12-16,1688.51,Pago,202612
MEN00005941,ALU00496,2026-01-01,2026-01-10,2026-01-17,1631.32,Pago,202601
MEN00005942,ALU00496,2026-02-01,2026-02-10,2026-02-14,1669.43,Pago,202602
MEN00005943,ALU00496,2026-03-01,2026-03-10,2026-03-14,1627.94,Pago,202603
MEN00005944,ALU00496,2026-04-01,2026-04-10,,1671.1,Em Aberto,202604
MEN00005945,ALU00496,2026-05-01,2026-05-10,2026-05-12,1686.21,Pago,202605
MEN00005946,ALU00496,2026-06-01,2026-06-10,2026-06-12,1644.66,Pago,202606
MEN00005947,ALU00496,2026-07-01,2026-07-10,2026-07-17,1664.93,Pago,202607
MEN00005948,ALU00496,2026-08-01,2026-08-10,2026-08-10,1629.7,Pago,202608
MEN00005949,ALU00496,2026-09-01,2026-09-10,2026-09-11,1658.85,Pago,202609
MEN00005950,ALU00496,2026-10-01,2026-10-10,2026-10-17,1651.79,Pago,202610
MEN00005951,ALU00496,2026-11-01,2026-11-10,,1683.18,Em Aberto,202611
MEN00005952,ALU00496,2026-12-01,2026-12-10,2026-12-18,1657.74,Pago,202612
MEN00005953,ALU00497,2026-01-01,2026-01-10,,1640.01,Em Aberto,202601
MEN00005954,ALU00497,2026-02-01,2026-02-10,2026-02-12,1619.97,Pago,202602
MEN00005955,ALU00497,2026-03-01,2026-03-10,2026-03-14,1640.6,Pago,202603
MEN00005956,ALU00497,2026-04-01,2026-04-10,,1617.52,Em Aberto,202604
MEN00005957,ALU00497,2026-05-01,2026-05-10,2026-05-15,1623.1,Pago,202605
MEN00005958,ALU00497,2026-06-01,2026-06-10,2026-06-17,1695.08,Pago,202606
MEN00005959,ALU00497,2026-07-01,2026-07-10,2026-07-16,1682.74,Pago,202607
MEN00005960,ALU00497,2026-08-01,2026-08-10,2026-08-13,1657.26,Pago,202608
MEN00005961,ALU00497,2026-09-01,2026-09-10,2026-09-12,1695.35,Pago,202609
MEN00005962,ALU00497,2026-10-01,2026-10-10,2026-10-11,1621.84,Pago,202610
MEN00005963,ALU00497,2026-11-01,2026-11-10,2026-11-17,1691.23,Pago,202611
MEN00005964,ALU00497,2026-12-01,2026-12-10,2026-12-08,1625.22,Pago,202612
MEN00005965,ALU00498,2026-01-01,2026-01-10,2026-01-18,1608.97,Pago,202601
MEN00005966,ALU00498,2026-02-01,2026-02-10,2026-02-07,1655.17,Pago,202602
MEN00005967,ALU00498,2026-03-01,2026-03-10,2026-03-08,1643.41,Pago,202603
MEN00005968,ALU00498,2026-04-01,2026-04-10,2026-04-09,1627.15,Pago,202604
MEN00005969,ALU00498,2026-05-01,2026-05-10,2026-05-14,1601.05,Pago,202605
MEN00005970,ALU00498,2026-06-01,2026-06-10,2026-06-15,1614.84,Pago,202606
MEN00005971,ALU00498,2026-07-01,2026-07-10,2026-07-08,1637.05,Pago,202607
MEN00005972,ALU00498,2026-08-01,2026-08-10,2026-08-16,1646.86,Pago,202608
MEN00005973,ALU00498,2026-09-01,2026-09-10,2026-09-15,1677.54,Pago,202609
MEN00005974,ALU00498,2026-10-01,2026-10-10,2026-10-12,1652.87,Pago,202610
MEN00005975,ALU00498,2026-11-01,2026-11-10,,1601.27,Em Aberto,202611
MEN00005976,ALU00498,2026-12-01,2026-12-10,2026-12-13,1616.52,Pago,202612
MEN00005977,ALU00499,2026-01-01,2026-01-10,2026-01-15,1692.73,Pago,202601
MEN00005978,ALU00499,2026-02-01,2026-02-10,2026-02-17,1646.72,Pago,202602
MEN00005979,ALU00499,2026-03-01,2026-03-10,,1688.59,Em Aberto,202603
MEN00005980,ALU00499,2026-04-01,2026-04-10,2026-04-16,1626.21,Pago,202604
MEN00005981,ALU00499,2026-05-01,2026-05-10,2026-05-07,1603.64,Pago,202605
MEN00005982,ALU00499,2026-06-01,2026-06-10,2026-06-08,1683.45,Pago,202606
MEN00005983,ALU00499,2026-07-01,2026-07-10,2026-07-09,1657.56,Pago,202607
MEN00005984,ALU00499,2026-08-01,2026-08-10,2026-08-10,1639.96,Pago,202608
MEN00005985,ALU00499,2026-09-01,2026-09-10,2026-09-16,1618.72,Pago,202609
MEN00005986,ALU00499,2026-10-01,2026-10-10,2026-10-13,1694.3,Pago,202610
MEN00005987,ALU00499,2026-11-01,2026-11-10,2026-11-11,1657.68,Pago,202611
MEN00005988,ALU00499,2026-12-01,2026-12-10,2026-12-14,1637.49,Pago,202612
MEN00005989,ALU00500,2026-01-01,2026-01-10,2026-01-15,1615.48,Pago,202601
MEN00005990,ALU00500,2026-02-01,2026-02-10,2026-02-10,1635.6,Pago,202602
MEN00005991,ALU00500,2026-03-01,2026-03-10,2026-03-13,1694.32,Pago,202603
MEN00005992,ALU00500,2026-04-01,2026-04-10,2026-04-08,1618.76,Pago,202604
MEN00005993,ALU00500,2026-05-01,2026-05-10,,1639.12,Em Aberto,202605
MEN00005994,ALU00500,2026-06-01,2026-06-10,2026-06-12,1673.71,Pago,202606
MEN00005995,ALU00500,2026-07-01,2026-07-10,2026-07-17,1660.08,Pago,202607
MEN00005996,ALU00500,2026-08-01,2026-08-10,2026-08-12,1619.5,Pago,202608
MEN00005997,ALU00500,2026-09-01,2026-09-10,,1678.44,Em Aberto,202609
MEN00005998,ALU00500,2026-10-01,2026-10-10,2026-10-16,1699.04,Pago,202610
MEN00005999,ALU00500,2026-11-01,2026-11-10,2026-11-09,1648.82,Pago,202611
MEN00006000,ALU00500,2026-12-01,2026-12-10,,1636.45,Vencido,202612
MEN00006001,ALU00501,2026-01-01,2026-01-10,,1695.89,Em Aberto,202601
MEN00006002,ALU00501,2026-02-01,2026-02-10,,1642.13,Em Aberto,202602
MEN00006003,ALU00501,2026-03-01,2026-03-10,2026-03-11,1686.11,Pago,202603
MEN00006004,ALU00501,2026-04-01,2026-04-10,2026-04-11,1678.5,Pago,202604
MEN00006005,ALU00501,2026-05-01,2026-05-10,2026-05-11,1649.14,Pago,202605
MEN00006006,ALU00501,2026-06-01,2026-06-10,2026-06-16,1692.52,Pago,202606
MEN00006007,ALU00501,2026-07-01,2026-07-10,2026-07-17,1688.16,Pago,202607
MEN00006008,ALU00501,2026-08-01,2026-08-10,2026-08-16,1630.68,Pago,202608
MEN00006009,ALU00501,2026-09-01,2026-09-10,2026-09-11,1612.99,Pago,202609
MEN00006010,ALU00501,2026-10-01,2026-10-10,,1682.66,Vencido,202610
MEN00006011,ALU00501,2026-11-01,2026-11-10,,1688.58,Em Aberto,202611
MEN00006012,ALU00501,2026-12-01,2026-12-10,2026-12-11,1619.31,Pago,202612
MEN00006013,ALU00502,2026-01-01,2026-01-10,2026-01-16,1698.78,Pago,202601
MEN00006014,ALU00502,2026-02-01,2026-02-10,2026-02-18,1656.52,Pago,202602
MEN00006015,ALU00502,2026-03-01,2026-03-10,2026-03-16,1617.53,Pago,202603
MEN00006016,ALU00502,2026-04-01,2026-04-10,2026-04-11,1636.84,Pago,202604
MEN00006017,ALU00502,2026-05-01,2026-05-10,2026-05-08,1677.68,Pago,202605
MEN00006018,ALU00502,2026-06-01,2026-06-10,2026-06-14,1680.69,Pago,202606
MEN00006019,ALU00502,2026-07-01,2026-07-10,2026-07-10,1668.64,Pago,202607
MEN00006020,ALU00502,2026-08-01,2026-08-10,2026-08-12,1698.21,Pago,202608
MEN00006021,ALU00502,2026-09-01,2026-09-10,2026-09-18,1687.73,Pago,202609
MEN00006022,ALU00502,2026-10-01,2026-10-10,2026-10-08,1662.4,Pago,202610
MEN00006023,ALU00502,2026-11-01,2026-11-10,,1622.86,Vencido,202611
MEN00006024,ALU00502,2026-12-01,2026-12-10,2026-12-16,1606.04,Pago,202612
MEN00006025,ALU00503,2026-01-01,2026-01-10,2026-01-16,1692.99,Pago,202601
MEN00006026,ALU00503,2026-02-01,2026-02-10,2026-02-12,1608.37,Pago,202602
MEN00006027,ALU00503,2026-03-01,2026-03-10,2026-03-18,1696.55,Pago,202603
MEN00006028,ALU00503,2026-04-01,2026-04-10,2026-04-10,1691.1,Pago,202604
MEN00006029,ALU00503,2026-05-01,2026-05-10,2026-05-17,1610.29,Pago,202605
MEN00006030,ALU00503,2026-06-01,2026-06-10,2026-06-12,1664.58,Pago,202606
MEN00006031,ALU00503,2026-07-01,2026-07-10,2026-07-10,1619.89,Pago,202607
MEN00006032,ALU00503,2026-08-01,2026-08-10,2026-08-17,1617.09,Pago,202608
MEN00006033,ALU00503,2026-09-01,2026-09-10,2026-09-15,1653.97,Pago,202609
MEN00006034,ALU00503,2026-10-01,2026-10-10,2026-10-17,1699.11,Pago,202610
MEN00006035,ALU00503,2026-11-01,2026-11-10,2026-11-09,1661.33,Pago,202611
MEN00006036,ALU00503,2026-12-01,2026-12-10,2026-12-13,1697.88,Pago,202612
MEN00006037,ALU00504,2026-01-01,2026-01-10,,1654.51,Em Aberto,202601
MEN00006038,ALU00504,2026-02-01,2026-02-10,2026-02-07,1623.58,Pago,202602
MEN00006039,ALU00504,2026-03-01,2026-03-10,2026-03-16,1619.53,Pago,202603
MEN00006040,ALU00504,2026-04-01,2026-04-10,,1608.46,Em Aberto,202604
MEN00006041,ALU00504,2026-05-01,2026-05-10,2026-05-12,1649.69,Pago,202605
MEN00006042,ALU00504,2026-06-01,2026-06-10,2026-06-10,1665.8,Pago,202606
MEN00006043,ALU00504,2026-07-01,2026-07-10,2026-07-13,1668.32,Pago,202607
MEN00006044,ALU00504,2026-08-01,2026-08-10,2026-08-11,1633.57,Pago,202608
MEN00006045,ALU00504,2026-09-01,2026-09-10,2026-09-16,1624.36,Pago,202609
MEN00006046,ALU00504,2026-10-01,2026-10-10,,1639.64,Em Aberto,202610
MEN00006047,ALU00504,2026-11-01,2026-11-10,2026-11-10,1684.61,Pago,202611
MEN00006048,ALU00504,2026-12-01,2026-12-10,,1681.84,Em Aberto,202612
MEN00006049,ALU00505,2026-01-01,2026-01-10,2026-01-17,1640.69,Pago,202601
MEN00006050,ALU00505,2026-02-01,2026-02-10,,1663.51,Em Aberto,202602
MEN00006051,ALU00505,2026-03-01,2026-03-10,2026-03-09,1695.05,Pago,202603
MEN00006052,ALU00505,2026-04-01,2026-04-10,2026-04-17,1648.92,Pago,202604
MEN00006053,ALU00505,2026-05-01,2026-05-10,2026-05-08,1634.6,Pago,202605
MEN00006054,ALU00505,2026-06-01,2026-06-10,,1691.61,Vencido,202606
MEN00006055,ALU00505,2026-07-01,2026-07-10,2026-07-17,1608.62,Pago,202607
MEN00006056,ALU00505,2026-08-01,2026-08-10,2026-08-09,1601.99,Pago,202608
MEN00006057,ALU00505,2026-09-01,2026-09-10,2026-09-18,1648.1,Pago,202609
MEN00006058,ALU00505,2026-10-01,2026-10-10,,1672.4,Vencido,202610
MEN00006059,ALU00505,2026-11-01,2026-11-10,2026-11-09,1631.87,Pago,202611
MEN00006060,ALU00505,2026-12-01,2026-12-10,2026-12-16,1658.52,Pago,202612
MEN00006061,ALU00506,2026-01-01,2026-01-10,2026-01-08,1664.07,Pago,202601
MEN00006062,ALU00506,2026-02-01,2026-02-10,2026-02-18,1695.08,Pago,202602
MEN00006063,ALU00506,2026-03-01,2026-03-10,2026-03-12,1675.28,Pago,202603
MEN00006064,ALU00506,2026-04-01,2026-04-10,2026-04-12,1685.92,Pago,202604
MEN00006065,ALU00506,2026-05-01,2026-05-10,,1604.92,Vencido,202605
MEN00006066,ALU00506,2026-06-01,2026-06-10,2026-06-14,1678.99,Pago,202606
MEN00006067,ALU00506,2026-07-01,2026-07-10,2026-07-09,1627.09,Pago,202607
MEN00006068,ALU00506,2026-08-01,2026-08-10,2026-08-08,1667.13,Pago,202608
MEN00006069,ALU00506,2026-09-01,2026-09-10,,1638.47,Em Aberto,202609
MEN00006070,ALU00506,2026-10-01,2026-10-10,2026-10-16,1678.55,Pago,202610
MEN00006071,ALU00506,2026-11-01,2026-11-10,2026-11-17,1638.95,Pago,202611
MEN00006072,ALU00506,2026-12-01,2026-12-10,2026-12-15,1603.69,Pago,202612
MEN00006073,ALU00507,2026-01-01,2026-01-10,2026-01-17,1699.29,Pago,202601
MEN00006074,ALU00507,2026-02-01,2026-02-10,2026-02-14,1674.16,Pago,202602
MEN00006075,ALU00507,2026-03-01,2026-03-10,2026-03-08,1608.1,Pago,202603
MEN00006076,ALU00507,2026-04-01,2026-04-10,2026-04-10,1635.63,Pago,202604
MEN00006077,ALU00507,2026-05-01,2026-05-10,,1690.94,Vencido,202605
MEN00006078,ALU00507,2026-06-01,2026-06-10,2026-06-13,1618.17,Pago,202606
MEN00006079,ALU00507,2026-07-01,2026-07-10,2026-07-12,1614.67,Pago,202607
MEN00006080,ALU00507,2026-08-01,2026-08-10,2026-08-10,1639.42,Pago,202608
MEN00006081,ALU00507,2026-09-01,2026-09-10,2026-09-07,1660.6,Pago,202609
MEN00006082,ALU00507,2026-10-01,2026-10-10,,1657.01,Vencido,202610
MEN00006083,ALU00507,2026-11-01,2026-11-10,2026-11-09,1667.05,Pago,202611
MEN00006084,ALU00507,2026-12-01,2026-12-10,,1646.45,Vencido,202612
MEN00006085,ALU00508,2026-01-01,2026-01-10,2026-01-14,1628.31,Pago,202601
MEN00006086,ALU00508,2026-02-01,2026-02-10,2026-02-16,1623.57,Pago,202602
MEN00006087,ALU00508,2026-03-01,2026-03-10,2026-03-07,1606.45,Pago,202603
MEN00006088,ALU00508,2026-04-01,2026-04-10,2026-04-11,1601.33,Pago,202604
MEN00006089,ALU00508,2026-05-01,2026-05-10,2026-05-16,1692.92,Pago,202605
MEN00006090,ALU00508,2026-06-01,2026-06-10,2026-06-10,1685.3,Pago,202606
MEN00006091,ALU00508,2026-07-01,2026-07-10,2026-07-18,1672.12,Pago,202607
MEN00006092,ALU00508,2026-08-01,2026-08-10,2026-08-16,1606.58,Pago,202608
MEN00006093,ALU00508,2026-09-01,2026-09-10,2026-09-10,1605.57,Pago,202609
MEN00006094,ALU00508,2026-10-01,2026-10-10,,1657.21,Em Aberto,202610
MEN00006095,ALU00508,2026-11-01,2026-11-10,,1641.96,Em Aberto,202611
MEN00006096,ALU00508,2026-12-01,2026-12-10,2026-12-17,1668.14,Pago,202612
MEN00006097,ALU00509,2026-01-01,2026-01-10,2026-01-12,1651.59,Pago,202601
MEN00006098,ALU00509,2026-02-01,2026-02-10,2026-02-17,1688.3,Pago,202602
MEN00006099,ALU00509,2026-03-01,2026-03-10,2026-03-17,1657.23,Pago,202603
MEN00006100,ALU00509,2026-04-01,2026-04-10,2026-04-12,1693.52,Pago,202604
MEN00006101,ALU00509,2026-05-01,2026-05-10,2026-05-07,1654.12,Pago,202605
MEN00006102,ALU00509,2026-06-01,2026-06-10,2026-06-09,1660.13,Pago,202606
MEN00006103,ALU00509,2026-07-01,2026-07-10,2026-07-13,1615.09,Pago,202607
MEN00006104,ALU00509,2026-08-01,2026-08-10,2026-08-18,1672.28,Pago,202608
MEN00006105,ALU00509,2026-09-01,2026-09-10,2026-09-13,1676.04,Pago,202609
MEN00006106,ALU00509,2026-10-01,2026-10-10,2026-10-11,1614.55,Pago,202610
MEN00006107,ALU00509,2026-11-01,2026-11-10,2026-11-09,1687.95,Pago,202611
MEN00006108,ALU00509,2026-12-01,2026-12-10,2026-12-10,1621.78,Pago,202612
MEN00006109,ALU00510,2026-01-01,2026-01-10,2026-01-11,1667.95,Pago,202601
MEN00006110,ALU00510,2026-02-01,2026-02-10,2026-02-08,1615.98,Pago,202602
MEN00006111,ALU00510,2026-03-01,2026-03-10,2026-03-14,1690.16,Pago,202603
MEN00006112,ALU00510,2026-04-01,2026-04-10,2026-04-08,1686.55,Pago,202604
MEN00006113,ALU00510,2026-05-01,2026-05-10,2026-05-10,1659.03,Pago,202605
MEN00006114,ALU00510,2026-06-01,2026-06-10,2026-06-16,1617.85,Pago,202606
MEN00006115,ALU00510,2026-07-01,2026-07-10,2026-07-14,1640.63,Pago,202607
MEN00006116,ALU00510,2026-08-01,2026-08-10,2026-08-11,1690.12,Pago,202608
MEN00006117,ALU00510,2026-09-01,2026-09-10,2026-09-08,1695.8,Pago,202609
MEN00006118,ALU00510,2026-10-01,2026-10-10,,1689.5,Em Aberto,202610
MEN00006119,ALU00510,2026-11-01,2026-11-10,2026-11-17,1677.58,Pago,202611
MEN00006120,ALU00510,2026-12-01,2026-12-10,2026-12-16,1631.43,Pago,202612
MEN00006121,ALU00511,2026-01-01,2026-01-10,,1615.06,Vencido,202601
MEN00006122,ALU00511,2026-02-01,2026-02-10,2026-02-17,1697.19,Pago,202602
MEN00006123,ALU00511,2026-03-01,2026-03-10,2026-03-10,1630.1,Pago,202603
MEN00006124,ALU00511,2026-04-01,2026-04-10,2026-04-17,1618.85,Pago,202604
MEN00006125,ALU00511,2026-05-01,2026-05-10,2026-05-11,1671.58,Pago,202605
MEN00006126,ALU00511,2026-06-01,2026-06-10,2026-06-14,1623.3,Pago,202606
MEN00006127,ALU00511,2026-07-01,2026-07-10,,1608.1,Em Aberto,202607
MEN00006128,ALU00511,2026-08-01,2026-08-10,2026-08-15,1614.63,Pago,202608
MEN00006129,ALU00511,2026-09-01,2026-09-10,2026-09-10,1676.95,Pago,202609
MEN00006130,ALU00511,2026-10-01,2026-10-10,2026-10-12,1664.46,Pago,202610
MEN00006131,ALU00511,2026-11-01,2026-11-10,2026-11-17,1605.52,Pago,202611
MEN00006132,ALU00511,2026-12-01,2026-12-10,2026-12-16,1607.0,Pago,202612
MEN00006133,ALU00512,2026-01-01,2026-01-10,2026-01-18,1689.22,Pago,202601
MEN00006134,ALU00512,2026-02-01,2026-02-10,2026-02-09,1609.64,Pago,202602
MEN00006135,ALU00512,2026-03-01,2026-03-10,2026-03-17,1635.36,Pago,202603
MEN00006136,ALU00512,2026-04-01,2026-04-10,2026-04-14,1606.48,Pago,202604
MEN00006137,ALU00512,2026-05-01,2026-05-10,,1609.1,Vencido,202605
MEN00006138,ALU00512,2026-06-01,2026-06-10,2026-06-11,1686.31,Pago,202606
MEN00006139,ALU00512,2026-07-01,2026-07-10,2026-07-13,1618.8,Pago,202607
MEN00006140,ALU00512,2026-08-01,2026-08-10,,1685.06,Em Aberto,202608
MEN00006141,ALU00512,2026-09-01,2026-09-10,2026-09-10,1676.08,Pago,202609
MEN00006142,ALU00512,2026-10-01,2026-10-10,2026-10-09,1689.45,Pago,202610
MEN00006143,ALU00512,2026-11-01,2026-11-10,2026-11-12,1650.34,Pago,202611
MEN00006144,ALU00512,2026-12-01,2026-12-10,2026-12-07,1642.07,Pago,202612
MEN00006145,ALU00513,2026-01-01,2026-01-10,2026-01-18,1613.81,Pago,202601
MEN00006146,ALU00513,2026-02-01,2026-02-10,2026-02-17,1602.99,Pago,202602
MEN00006147,ALU00513,2026-03-01,2026-03-10,2026-03-15,1600.69,Pago,202603
MEN00006148,ALU00513,2026-04-01,2026-04-10,2026-04-09,1660.54,Pago,202604
MEN00006149,ALU00513,2026-05-01,2026-05-10,2026-05-13,1638.36,Pago,202605
MEN00006150,ALU00513,2026-06-01,2026-06-10,2026-06-11,1689.94,Pago,202606
MEN00006151,ALU00513,2026-07-01,2026-07-10,2026-07-12,1644.0,Pago,202607
MEN00006152,ALU00513,2026-08-01,2026-08-10,2026-08-07,1664.64,Pago,202608
MEN00006153,ALU00513,2026-09-01,2026-09-10,2026-09-10,1601.28,Pago,202609
MEN00006154,ALU00513,2026-10-01,2026-10-10,2026-10-08,1645.45,Pago,202610
MEN00006155,ALU00513,2026-11-01,2026-11-10,,1624.15,Em Aberto,202611
MEN00006156,ALU00513,2026-12-01,2026-12-10,2026-12-15,1698.59,Pago,202612
MEN00006157,ALU00514,2026-01-01,2026-01-10,2026-01-15,1629.2,Pago,202601
MEN00006158,ALU00514,2026-02-01,2026-02-10,2026-02-08,1629.47,Pago,202602
MEN00006159,ALU00514,2026-03-01,2026-03-10,2026-03-16,1662.12,Pago,202603
MEN00006160,ALU00514,2026-04-01,2026-04-10,2026-04-18,1603.54,Pago,202604
MEN00006161,ALU00514,2026-05-01,2026-05-10,2026-05-12,1683.57,Pago,202605
MEN00006162,ALU00514,2026-06-01,2026-06-10,2026-06-13,1619.05,Pago,202606
MEN00006163,ALU00514,2026-07-01,2026-07-10,2026-07-11,1610.39,Pago,202607
MEN00006164,ALU00514,2026-08-01,2026-08-10,2026-08-16,1641.13,Pago,202608
MEN00006165,ALU00514,2026-09-01,2026-09-10,,1609.23,Em Aberto,202609
MEN00006166,ALU00514,2026-10-01,2026-10-10,2026-10-15,1670.91,Pago,202610
MEN00006167,ALU00514,2026-11-01,2026-11-10,2026-11-14,1672.44,Pago,202611
MEN00006168,ALU00514,2026-12-01,2026-12-10,2026-12-18,1689.58,Pago,202612
MEN00006169,ALU00515,2026-01-01,2026-01-10,2026-01-17,1641.74,Pago,202601
MEN00006170,ALU00515,2026-02-01,2026-02-10,2026-02-16,1698.37,Pago,202602
MEN00006171,ALU00515,2026-03-01,2026-03-10,2026-03-16,1604.18,Pago,202603
MEN00006172,ALU00515,2026-04-01,2026-04-10,2026-04-13,1617.47,Pago,202604
MEN00006173,ALU00515,2026-05-01,2026-05-10,2026-05-14,1684.19,Pago,202605
MEN00006174,ALU00515,2026-06-01,2026-06-10,2026-06-14,1608.75,Pago,202606
MEN00006175,ALU00515,2026-07-01,2026-07-10,2026-07-18,1691.23,Pago,202607
MEN00006176,ALU00515,2026-08-01,2026-08-10,2026-08-17,1675.33,Pago,202608
MEN00006177,ALU00515,2026-09-01,2026-09-10,2026-09-11,1696.05,Pago,202609
MEN00006178,ALU00515,2026-10-01,2026-10-10,2026-10-18,1659.16,Pago,202610
MEN00006179,ALU00515,2026-11-01,2026-11-10,2026-11-18,1663.79,Pago,202611
MEN00006180,ALU00515,2026-12-01,2026-12-10,,1609.29,Em Aberto,202612
MEN00006181,ALU00516,2026-01-01,2026-01-10,,1639.2,Vencido,202601
MEN00006182,ALU00516,2026-02-01,2026-02-10,2026-02-11,1664.05,Pago,202602
MEN00006183,ALU00516,2026-03-01,2026-03-10,2026-03-18,1637.05,Pago,202603
MEN00006184,ALU00516,2026-04-01,2026-04-10,2026-04-14,1615.91,Pago,202604
MEN00006185,ALU00516,2026-05-01,2026-05-10,2026-05-16,1685.73,Pago,202605
MEN00006186,ALU00516,2026-06-01,2026-06-10,2026-06-11,1678.84,Pago,202606
MEN00006187,ALU00516,2026-07-01,2026-07-10,2026-07-13,1694.93,Pago,202607
MEN00006188,ALU00516,2026-08-01,2026-08-10,2026-08-11,1626.95,Pago,202608
MEN00006189,ALU00516,2026-09-01,2026-09-10,2026-09-17,1663.59,Pago,202609
MEN00006190,ALU00516,2026-10-01,2026-10-10,2026-10-18,1696.51,Pago,202610
MEN00006191,ALU00516,2026-11-01,2026-11-10,2026-11-13,1656.96,Pago,202611
MEN00006192,ALU00516,2026-12-01,2026-12-10,2026-12-18,1689.77,Pago,202612
MEN00006193,ALU00517,2026-01-01,2026-01-10,2026-01-18,1604.85,Pago,202601
MEN00006194,ALU00517,2026-02-01,2026-02-10,2026-02-11,1668.07,Pago,202602
MEN00006195,ALU00517,2026-03-01,2026-03-10,2026-03-12,1671.15,Pago,202603
MEN00006196,ALU00517,2026-04-01,2026-04-10,2026-04-11,1615.11,Pago,202604
MEN00006197,ALU00517,2026-05-01,2026-05-10,,1630.57,Em Aberto,202605
MEN00006198,ALU00517,2026-06-01,2026-06-10,2026-06-17,1646.46,Pago,202606
MEN00006199,ALU00517,2026-07-01,2026-07-10,2026-07-08,1600.75,Pago,202607
MEN00006200,ALU00517,2026-08-01,2026-08-10,2026-08-18,1604.76,Pago,202608
MEN00006201,ALU00517,2026-09-01,2026-09-10,2026-09-08,1692.96,Pago,202609
MEN00006202,ALU00517,2026-10-01,2026-10-10,2026-10-08,1651.07,Pago,202610
MEN00006203,ALU00517,2026-11-01,2026-11-10,,1637.7,Em Aberto,202611
MEN00006204,ALU00517,2026-12-01,2026-12-10,2026-12-14,1689.5,Pago,202612
MEN00006205,ALU00518,2026-01-01,2026-01-10,2026-01-07,1621.8,Pago,202601
MEN00006206,ALU00518,2026-02-01,2026-02-10,,1681.83,Vencido,202602
MEN00006207,ALU00518,2026-03-01,2026-03-10,2026-03-07,1607.43,Pago,202603
MEN00006208,ALU00518,2026-04-01,2026-04-10,2026-04-10,1620.77,Pago,202604
MEN00006209,ALU00518,2026-05-01,2026-05-10,,1670.88,Em Aberto,202605
MEN00006210,ALU00518,2026-06-01,2026-06-10,2026-06-17,1633.7,Pago,202606
MEN00006211,ALU00518,2026-07-01,2026-07-10,2026-07-13,1682.52,Pago,202607
MEN00006212,ALU00518,2026-08-01,2026-08-10,2026-08-07,1688.3,Pago,202608
MEN00006213,ALU00518,2026-09-01,2026-09-10,,1659.04,Em Aberto,202609
MEN00006214,ALU00518,2026-10-01,2026-10-10,,1664.98,Em Aberto,202610
MEN00006215,ALU00518,2026-11-01,2026-11-10,,1622.96,Vencido,202611
MEN00006216,ALU00518,2026-12-01,2026-12-10,2026-12-08,1690.73,Pago,202612
MEN00006217,ALU00519,2026-01-01,2026-01-10,2026-01-07,1685.5,Pago,202601
MEN00006218,ALU00519,2026-02-01,2026-02-10,2026-02-17,1641.67,Pago,202602
MEN00006219,ALU00519,2026-03-01,2026-03-10,,1641.85,Em Aberto,202603
MEN00006220,ALU00519,2026-04-01,2026-04-10,2026-04-18,1661.11,Pago,202604
MEN00006221,ALU00519,2026-05-01,2026-05-10,2026-05-09,1675.25,Pago,202605
MEN00006222,ALU00519,2026-06-01,2026-06-10,2026-06-14,1690.2,Pago,202606
MEN00006223,ALU00519,2026-07-01,2026-07-10,2026-07-07,1688.03,Pago,202607
MEN00006224,ALU00519,2026-08-01,2026-08-10,2026-08-10,1658.14,Pago,202608
MEN00006225,ALU00519,2026-09-01,2026-09-10,,1668.89,Em Aberto,202609
MEN00006226,ALU00519,2026-10-01,2026-10-10,2026-10-07,1651.99,Pago,202610
MEN00006227,ALU00519,2026-11-01,2026-11-10,,1652.92,Vencido,202611
MEN00006228,ALU00519,2026-12-01,2026-12-10,2026-12-08,1614.94,Pago,202612
MEN00006229,ALU00520,2026-01-01,2026-01-10,2026-01-17,1613.41,Pago,202601
MEN00006230,ALU00520,2026-02-01,2026-02-10,2026-02-15,1689.89,Pago,202602
MEN00006231,ALU00520,2026-03-01,2026-03-10,2026-03-13,1661.82,Pago,202603
MEN00006232,ALU00520,2026-04-01,2026-04-10,2026-04-11,1636.42,Pago,202604
MEN00006233,ALU00520,2026-05-01,2026-05-10,2026-05-09,1604.31,Pago,202605
MEN00006234,ALU00520,2026-06-01,2026-06-10,2026-06-10,1661.1,Pago,202606
MEN00006235,ALU00520,2026-07-01,2026-07-10,2026-07-08,1632.88,Pago,202607
MEN00006236,ALU00520,2026-08-01,2026-08-10,2026-08-08,1696.7,Pago,202608
MEN00006237,ALU00520,2026-09-01,2026-09-10,,1644.88,Em Aberto,202609
MEN00006238,ALU00520,2026-10-01,2026-10-10,2026-10-09,1699.44,Pago,202610
MEN00006239,ALU00520,2026-11-01,2026-11-10,2026-11-17,1693.14,Pago,202611
MEN00006240,ALU00520,2026-12-01,2026-12-10,2026-12-17,1633.15,Pago,202612
MEN00006241,ALU00521,2026-01-01,2026-01-10,2026-01-16,1687.19,Pago,202601
MEN00006242,ALU00521,2026-02-01,2026-02-10,2026-02-12,1693.51,Pago,202602
MEN00006243,ALU00521,2026-03-01,2026-03-10,2026-03-14,1688.56,Pago,202603
MEN00006244,ALU00521,2026-04-01,2026-04-10,2026-04-15,1623.37,Pago,202604
MEN00006245,ALU00521,2026-05-01,2026-05-10,,1634.83,Vencido,202605
MEN00006246,ALU00521,2026-06-01,2026-06-10,2026-06-18,1606.48,Pago,202606
MEN00006247,ALU00521,2026-07-01,2026-07-10,2026-07-11,1640.29,Pago,202607
MEN00006248,ALU00521,2026-08-01,2026-08-10,2026-08-09,1693.62,Pago,202608
MEN00006249,ALU00521,2026-09-01,2026-09-10,2026-09-07,1665.72,Pago,202609
MEN00006250,ALU00521,2026-10-01,2026-10-10,2026-10-08,1691.36,Pago,202610
MEN00006251,ALU00521,2026-11-01,2026-11-10,2026-11-13,1687.22,Pago,202611
MEN00006252,ALU00521,2026-12-01,2026-12-10,2026-12-07,1631.99,Pago,202612
MEN00006253,ALU00522,2026-01-01,2026-01-10,2026-01-08,1652.26,Pago,202601
MEN00006254,ALU00522,2026-02-01,2026-02-10,2026-02-16,1675.92,Pago,202602
MEN00006255,ALU00522,2026-03-01,2026-03-10,,1629.23,Vencido,202603
MEN00006256,ALU00522,2026-04-01,2026-04-10,,1622.9,Em Aberto,202604
MEN00006257,ALU00522,2026-05-01,2026-05-10,2026-05-14,1679.87,Pago,202605
MEN00006258,ALU00522,2026-06-01,2026-06-10,,1698.17,Em Aberto,202606
MEN00006259,ALU00522,2026-07-01,2026-07-10,2026-07-12,1661.24,Pago,202607
MEN00006260,ALU00522,2026-08-01,2026-08-10,,1625.04,Em Aberto,202608
MEN00006261,ALU00522,2026-09-01,2026-09-10,2026-09-08,1695.49,Pago,202609
MEN00006262,ALU00522,2026-10-01,2026-10-10,,1655.91,Vencido,202610
MEN00006263,ALU00522,2026-11-01,2026-11-10,2026-11-07,1689.17,Pago,202611
MEN00006264,ALU00522,2026-12-01,2026-12-10,2026-12-15,1668.08,Pago,202612
MEN00006265,ALU00523,2026-01-01,2026-01-10,,1679.52,Vencido,202601
MEN00006266,ALU00523,2026-02-01,2026-02-10,2026-02-17,1600.6,Pago,202602
MEN00006267,ALU00523,2026-03-01,2026-03-10,2026-03-15,1636.02,Pago,202603
MEN00006268,ALU00523,2026-04-01,2026-04-10,,1661.17,Vencido,202604
MEN00006269,ALU00523,2026-05-01,2026-05-10,2026-05-12,1612.14,Pago,202605
MEN00006270,ALU00523,2026-06-01,2026-06-10,2026-06-17,1656.99,Pago,202606
MEN00006271,ALU00523,2026-07-01,2026-07-10,2026-07-11,1618.89,Pago,202607
MEN00006272,ALU00523,2026-08-01,2026-08-10,2026-08-08,1661.02,Pago,202608
MEN00006273,ALU00523,2026-09-01,2026-09-10,2026-09-13,1637.17,Pago,202609
MEN00006274,ALU00523,2026-10-01,2026-10-10,2026-10-11,1661.09,Pago,202610
MEN00006275,ALU00523,2026-11-01,2026-11-10,2026-11-17,1629.76,Pago,202611
MEN00006276,ALU00523,2026-12-01,2026-12-10,,1612.99,Em Aberto,202612
MEN00006277,ALU00524,2026-01-01,2026-01-10,2026-01-16,1644.8,Pago,202601
MEN00006278,ALU00524,2026-02-01,2026-02-10,2026-02-12,1622.49,Pago,202602
MEN00006279,ALU00524,2026-03-01,2026-03-10,2026-03-14,1693.6,Pago,202603
MEN00006280,ALU00524,2026-04-01,2026-04-10,2026-04-07,1695.33,Pago,202604
MEN00006281,ALU00524,2026-05-01,2026-05-10,2026-05-08,1668.68,Pago,202605
MEN00006282,ALU00524,2026-06-01,2026-06-10,2026-06-16,1687.47,Pago,202606
MEN00006283,ALU00524,2026-07-01,2026-07-10,2026-07-17,1644.83,Pago,202607
MEN00006284,ALU00524,2026-08-01,2026-08-10,,1641.82,Vencido,202608
MEN00006285,ALU00524,2026-09-01,2026-09-10,,1678.37,Em Aberto,202609
MEN00006286,ALU00524,2026-10-01,2026-10-10,2026-10-17,1604.21,Pago,202610
MEN00006287,ALU00524,2026-11-01,2026-11-10,2026-11-07,1672.59,Pago,202611
MEN00006288,ALU00524,2026-12-01,2026-12-10,,1642.44,Em Aberto,202612
MEN00006289,ALU00525,2026-01-01,2026-01-10,,1637.75,Vencido,202601
MEN00006290,ALU00525,2026-02-01,2026-02-10,2026-02-07,1672.69,Pago,202602
MEN00006291,ALU00525,2026-03-01,2026-03-10,2026-03-10,1642.24,Pago,202603
MEN00006292,ALU00525,2026-04-01,2026-04-10,2026-04-07,1679.52,Pago,202604
MEN00006293,ALU00525,2026-05-01,2026-05-10,2026-05-15,1636.89,Pago,202605
MEN00006294,ALU00525,2026-06-01,2026-06-10,2026-06-14,1654.99,Pago,202606
MEN00006295,ALU00525,2026-07-01,2026-07-10,2026-07-08,1647.19,Pago,202607
MEN00006296,ALU00525,2026-08-01,2026-08-10,2026-08-09,1640.81,Pago,202608
MEN00006297,ALU00525,2026-09-01,2026-09-10,2026-09-17,1693.9,Pago,202609
MEN00006298,ALU00525,2026-10-01,2026-10-10,2026-10-13,1606.31,Pago,202610
MEN00006299,ALU00525,2026-11-01,2026-11-10,2026-11-17,1677.53,Pago,202611
MEN00006300,ALU00525,2026-12-01,2026-12-10,2026-12-12,1617.22,Pago,202612
MEN00006301,ALU00526,2026-01-01,2026-01-10,2026-01-11,1664.29,Pago,202601
MEN00006302,ALU00526,2026-02-01,2026-02-10,2026-02-14,1686.93,Pago,202602
MEN00006303,ALU00526,2026-03-01,2026-03-10,,1602.58,Em Aberto,202603
MEN00006304,ALU00526,2026-04-01,2026-04-10,2026-04-16,1653.9,Pago,202604
MEN00006305,ALU00526,2026-05-01,2026-05-10,2026-05-14,1636.82,Pago,202605
MEN00006306,ALU00526,2026-06-01,2026-06-10,2026-06-13,1613.31,Pago,202606
MEN00006307,ALU00526,2026-07-01,2026-07-10,2026-07-15,1685.24,Pago,202607
MEN00006308,ALU00526,2026-08-01,2026-08-10,2026-08-14,1623.16,Pago,202608
MEN00006309,ALU00526,2026-09-01,2026-09-10,2026-09-16,1692.29,Pago,202609
MEN00006310,ALU00526,2026-10-01,2026-10-10,2026-10-07,1638.52,Pago,202610
MEN00006311,ALU00526,2026-11-01,2026-11-10,2026-11-10,1664.95,Pago,202611
MEN00006312,ALU00526,2026-12-01,2026-12-10,2026-12-08,1690.67,Pago,202612
MEN00006313,ALU00527,2026-01-01,2026-01-10,2026-01-18,1667.04,Pago,202601
MEN00006314,ALU00527,2026-02-01,2026-02-10,2026-02-11,1607.5,Pago,202602
MEN00006315,ALU00527,2026-03-01,2026-03-10,,1622.49,Vencido,202603
MEN00006316,ALU00527,2026-04-01,2026-04-10,2026-04-14,1642.31,Pago,202604
MEN00006317,ALU00527,2026-05-01,2026-05-10,2026-05-17,1650.89,Pago,202605
MEN00006318,ALU00527,2026-06-01,2026-06-10,2026-06-17,1602.12,Pago,202606
MEN00006319,ALU00527,2026-07-01,2026-07-10,2026-07-07,1697.23,Pago,202607
MEN00006320,ALU00527,2026-08-01,2026-08-10,2026-08-16,1653.61,Pago,202608
MEN00006321,ALU00527,2026-09-01,2026-09-10,2026-09-15,1628.34,Pago,202609
MEN00006322,ALU00527,2026-10-01,2026-10-10,2026-10-14,1619.02,Pago,202610
MEN00006323,ALU00527,2026-11-01,2026-11-10,2026-11-11,1678.93,Pago,202611
MEN00006324,ALU00527,2026-12-01,2026-12-10,2026-12-16,1649.9,Pago,202612
MEN00006325,ALU00528,2026-01-01,2026-01-10,2026-01-14,1671.07,Pago,202601
MEN00006326,ALU00528,2026-02-01,2026-02-10,,1659.79,Em Aberto,202602
MEN00006327,ALU00528,2026-03-01,2026-03-10,2026-03-18,1630.47,Pago,202603
MEN00006328,ALU00528,2026-04-01,2026-04-10,2026-04-13,1685.83,Pago,202604
MEN00006329,ALU00528,2026-05-01,2026-05-10,2026-05-09,1696.63,Pago,202605
MEN00006330,ALU00528,2026-06-01,2026-06-10,2026-06-15,1622.66,Pago,202606
MEN00006331,ALU00528,2026-07-01,2026-07-10,2026-07-17,1679.17,Pago,202607
MEN00006332,ALU00528,2026-08-01,2026-08-10,2026-08-12,1651.57,Pago,202608
MEN00006333,ALU00528,2026-09-01,2026-09-10,2026-09-09,1643.11,Pago,202609
MEN00006334,ALU00528,2026-10-01,2026-10-10,2026-10-16,1646.07,Pago,202610
MEN00006335,ALU00528,2026-11-01,2026-11-10,,1660.54,Vencido,202611
MEN00006336,ALU00528,2026-12-01,2026-12-10,2026-12-12,1688.54,Pago,202612
MEN00006337,ALU00529,2026-01-01,2026-01-10,2026-01-17,1665.14,Pago,202601
MEN00006338,ALU00529,2026-02-01,2026-02-10,2026-02-15,1639.65,Pago,202602
MEN00006339,ALU00529,2026-03-01,2026-03-10,,1652.01,Vencido,202603
MEN00006340,ALU00529,2026-04-01,2026-04-10,2026-04-14,1694.25,Pago,202604
MEN00006341,ALU00529,2026-05-01,2026-05-10,,1611.65,Em Aberto,202605
MEN00006342,ALU00529,2026-06-01,2026-06-10,2026-06-18,1658.05,Pago,202606
MEN00006343,ALU00529,2026-07-01,2026-07-10,2026-07-15,1637.45,Pago,202607
MEN00006344,ALU00529,2026-08-01,2026-08-10,2026-08-18,1645.22,Pago,202608
MEN00006345,ALU00529,2026-09-01,2026-09-10,2026-09-18,1633.8,Pago,202609
MEN00006346,ALU00529,2026-10-01,2026-10-10,2026-10-07,1686.74,Pago,202610
MEN00006347,ALU00529,2026-11-01,2026-11-10,2026-11-13,1698.43,Pago,202611
MEN00006348,ALU00529,2026-12-01,2026-12-10,2026-12-17,1667.58,Pago,202612
MEN00006349,ALU00530,2026-01-01,2026-01-10,,1693.75,Vencido,202601
MEN00006350,ALU00530,2026-02-01,2026-02-10,,1662.23,Em Aberto,202602
MEN00006351,ALU00530,2026-03-01,2026-03-10,2026-03-11,1649.56,Pago,202603
MEN00006352,ALU00530,2026-04-01,2026-04-10,2026-04-16,1628.21,Pago,202604
MEN00006353,ALU00530,2026-05-01,2026-05-10,2026-05-08,1630.64,Pago,202605
MEN00006354,ALU00530,2026-06-01,2026-06-10,2026-06-14,1654.99,Pago,202606
MEN00006355,ALU00530,2026-07-01,2026-07-10,2026-07-13,1623.13,Pago,202607
MEN00006356,ALU00530,2026-08-01,2026-08-10,2026-08-07,1669.9,Pago,202608
MEN00006357,ALU00530,2026-09-01,2026-09-10,2026-09-12,1638.62,Pago,202609
MEN00006358,ALU00530,2026-10-01,2026-10-10,2026-10-11,1656.59,Pago,202610
MEN00006359,ALU00530,2026-11-01,2026-11-10,,1697.87,Em Aberto,202611
MEN00006360,ALU00530,2026-12-01,2026-12-10,2026-12-10,1655.99,Pago,202612
MEN00006361,ALU00531,2026-01-01,2026-01-10,2026-01-11,1641.42,Pago,202601
MEN00006362,ALU00531,2026-02-01,2026-02-10,2026-02-09,1622.2,Pago,202602
MEN00006363,ALU00531,2026-03-01,2026-03-10,,1696.15,Em Aberto,202603
MEN00006364,ALU00531,2026-04-01,2026-04-10,2026-04-12,1660.82,Pago,202604
MEN00006365,ALU00531,2026-05-01,2026-05-10,2026-05-17,1679.64,Pago,202605
MEN00006366,ALU00531,2026-06-01,2026-06-10,2026-06-16,1680.27,Pago,202606
MEN00006367,ALU00531,2026-07-01,2026-07-10,2026-07-15,1656.17,Pago,202607
MEN00006368,ALU00531,2026-08-01,2026-08-10,2026-08-16,1653.14,Pago,202608
MEN00006369,ALU00531,2026-09-01,2026-09-10,2026-09-14,1602.62,Pago,202609
MEN00006370,ALU00531,2026-10-01,2026-10-10,2026-10-10,1643.25,Pago,202610
MEN00006371,ALU00531,2026-11-01,2026-11-10,2026-11-08,1628.7,Pago,202611
MEN00006372,ALU00531,2026-12-01,2026-12-10,,1690.01,Em Aberto,202612
MEN00006373,ALU00532,2026-01-01,2026-01-10,,1642.71,Em Aberto,202601
MEN00006374,ALU00532,2026-02-01,2026-02-10,2026-02-18,1628.02,Pago,202602
MEN00006375,ALU00532,2026-03-01,2026-03-10,2026-03-17,1600.99,Pago,202603
MEN00006376,ALU00532,2026-04-01,2026-04-10,2026-04-11,1645.31,Pago,202604
MEN00006377,ALU00532,2026-05-01,2026-05-10,2026-05-10,1611.7,Pago,202605
MEN00006378,ALU00532,2026-06-01,2026-06-10,2026-06-17,1665.7,Pago,202606
MEN00006379,ALU00532,2026-07-01,2026-07-10,,1616.94,Vencido,202607
MEN00006380,ALU00532,2026-08-01,2026-08-10,2026-08-17,1659.28,Pago,202608
MEN00006381,ALU00532,2026-09-01,2026-09-10,2026-09-12,1662.38,Pago,202609
MEN00006382,ALU00532,2026-10-01,2026-10-10,2026-10-18,1657.16,Pago,202610
MEN00006383,ALU00532,2026-11-01,2026-11-10,,1611.19,Vencido,202611
MEN00006384,ALU00532,2026-12-01,2026-12-10,2026-12-13,1687.26,Pago,202612
MEN00006385,ALU00533,2026-01-01,2026-01-10,2026-01-16,1694.2,Pago,202601
MEN00006386,ALU00533,2026-02-01,2026-02-10,,1642.84,Vencido,202602
MEN00006387,ALU00533,2026-03-01,2026-03-10,2026-03-14,1691.56,Pago,202603
MEN00006388,ALU00533,2026-04-01,2026-04-10,2026-04-08,1692.0,Pago,202604
MEN00006389,ALU00533,2026-05-01,2026-05-10,2026-05-14,1627.43,Pago,202605
MEN00006390,ALU00533,2026-06-01,2026-06-10,,1673.77,Em Aberto,202606
MEN00006391,ALU00533,2026-07-01,2026-07-10,2026-07-08,1667.18,Pago,202607
MEN00006392,ALU00533,2026-08-01,2026-08-10,2026-08-07,1689.06,Pago,202608
MEN00006393,ALU00533,2026-09-01,2026-09-10,,1604.56,Em Aberto,202609
MEN00006394,ALU00533,2026-10-01,2026-10-10,2026-10-17,1653.82,Pago,202610
MEN00006395,ALU00533,2026-11-01,2026-11-10,2026-11-12,1681.92,Pago,202611
MEN00006396,ALU00533,2026-12-01,2026-12-10,2026-12-14,1647.32,Pago,202612
MEN00006397,ALU00534,2026-01-01,2026-01-10,2026-01-08,1613.75,Pago,202601
MEN00006398,ALU00534,2026-02-01,2026-02-10,2026-02-09,1647.57,Pago,202602
MEN00006399,ALU00534,2026-03-01,2026-03-10,2026-03-09,1685.91,Pago,202603
MEN00006400,ALU00534,2026-04-01,2026-04-10,2026-04-07,1653.31,Pago,202604
MEN00006401,ALU00534,2026-05-01,2026-05-10,2026-05-17,1613.06,Pago,202605
MEN00006402,ALU00534,2026-06-01,2026-06-10,2026-06-12,1611.33,Pago,202606
MEN00006403,ALU00534,2026-07-01,2026-07-10,2026-07-17,1623.88,Pago,202607
MEN00006404,ALU00534,2026-08-01,2026-08-10,2026-08-12,1601.27,Pago,202608
MEN00006405,ALU00534,2026-09-01,2026-09-10,2026-09-18,1664.83,Pago,202609
MEN00006406,ALU00534,2026-10-01,2026-10-10,2026-10-12,1697.91,Pago,202610
MEN00006407,ALU00534,2026-11-01,2026-11-10,2026-11-08,1673.22,Pago,202611
MEN00006408,ALU00534,2026-12-01,2026-12-10,2026-12-16,1640.58,Pago,202612
MEN00006409,ALU00535,2026-01-01,2026-01-10,2026-01-11,1644.43,Pago,202601
MEN00006410,ALU00535,2026-02-01,2026-02-10,2026-02-10,1608.71,Pago,202602
MEN00006411,ALU00535,2026-03-01,2026-03-10,2026-03-18,1653.34,Pago,202603
MEN00006412,ALU00535,2026-04-01,2026-04-10,2026-04-15,1651.94,Pago,202604
MEN00006413,ALU00535,2026-05-01,2026-05-10,2026-05-07,1635.99,Pago,202605
MEN00006414,ALU00535,2026-06-01,2026-06-10,2026-06-18,1679.15,Pago,202606
MEN00006415,ALU00535,2026-07-01,2026-07-10,2026-07-09,1613.5,Pago,202607
MEN00006416,ALU00535,2026-08-01,2026-08-10,2026-08-10,1671.63,Pago,202608
MEN00006417,ALU00535,2026-09-01,2026-09-10,2026-09-14,1688.05,Pago,202609
MEN00006418,ALU00535,2026-10-01,2026-10-10,,1610.23,Em Aberto,202610
MEN00006419,ALU00535,2026-11-01,2026-11-10,2026-11-11,1688.11,Pago,202611
MEN00006420,ALU00535,2026-12-01,2026-12-10,2026-12-16,1698.73,Pago,202612
MEN00006421,ALU00536,2026-01-01,2026-01-10,2026-01-16,1666.55,Pago,202601
MEN00006422,ALU00536,2026-02-01,2026-02-10,2026-02-15,1642.65,Pago,202602
MEN00006423,ALU00536,2026-03-01,2026-03-10,2026-03-11,1636.81,Pago,202603
MEN00006424,ALU00536,2026-04-01,2026-04-10,2026-04-08,1613.23,Pago,202604
MEN00006425,ALU00536,2026-05-01,2026-05-10,,1614.59,Em Aberto,202605
MEN00006426,ALU00536,2026-06-01,2026-06-10,2026-06-14,1606.13,Pago,202606
MEN00006427,ALU00536,2026-07-01,2026-07-10,2026-07-14,1686.1,Pago,202607
MEN00006428,ALU00536,2026-08-01,2026-08-10,2026-08-18,1623.7,Pago,202608
MEN00006429,ALU00536,2026-09-01,2026-09-10,2026-09-15,1698.29,Pago,202609
MEN00006430,ALU00536,2026-10-01,2026-10-10,2026-10-08,1647.17,Pago,202610
MEN00006431,ALU00536,2026-11-01,2026-11-10,2026-11-12,1642.14,Pago,202611
MEN00006432,ALU00536,2026-12-01,2026-12-10,2026-12-10,1647.23,Pago,202612
MEN00006433,ALU00537,2026-01-01,2026-01-10,2026-01-08,1623.03,Pago,202601
MEN00006434,ALU00537,2026-02-01,2026-02-10,2026-02-10,1644.32,Pago,202602
MEN00006435,ALU00537,2026-03-01,2026-03-10,2026-03-18,1602.12,Pago,202603
MEN00006436,ALU00537,2026-04-01,2026-04-10,2026-04-07,1637.22,Pago,202604
MEN00006437,ALU00537,2026-05-01,2026-05-10,2026-05-17,1630.66,Pago,202605
MEN00006438,ALU00537,2026-06-01,2026-06-10,2026-06-09,1684.56,Pago,202606
MEN00006439,ALU00537,2026-07-01,2026-07-10,2026-07-11,1638.92,Pago,202607
MEN00006440,ALU00537,2026-08-01,2026-08-10,2026-08-16,1673.53,Pago,202608
MEN00006441,ALU00537,2026-09-01,2026-09-10,2026-09-15,1657.11,Pago,202609
MEN00006442,ALU00537,2026-10-01,2026-10-10,2026-10-13,1696.73,Pago,202610
MEN00006443,ALU00537,2026-11-01,2026-11-10,2026-11-08,1685.73,Pago,202611
MEN00006444,ALU00537,2026-12-01,2026-12-10,2026-12-16,1684.7,Pago,202612
MEN00006445,ALU00538,2026-01-01,2026-01-10,2026-01-10,1646.94,Pago,202601
MEN00006446,ALU00538,2026-02-01,2026-02-10,2026-02-10,1604.83,Pago,202602
MEN00006447,ALU00538,2026-03-01,2026-03-10,2026-03-09,1645.67,Pago,202603
MEN00006448,ALU00538,2026-04-01,2026-04-10,,1671.45,Vencido,202604
MEN00006449,ALU00538,2026-05-01,2026-05-10,2026-05-09,1631.58,Pago,202605
MEN00006450,ALU00538,2026-06-01,2026-06-10,2026-06-07,1661.59,Pago,202606
MEN00006451,ALU00538,2026-07-01,2026-07-10,2026-07-13,1611.66,Pago,202607
MEN00006452,ALU00538,2026-08-01,2026-08-10,2026-08-16,1638.82,Pago,202608
MEN00006453,ALU00538,2026-09-01,2026-09-10,2026-09-07,1640.51,Pago,202609
MEN00006454,ALU00538,2026-10-01,2026-10-10,2026-10-13,1686.55,Pago,202610
MEN00006455,ALU00538,2026-11-01,2026-11-10,2026-11-10,1672.73,Pago,202611
MEN00006456,ALU00538,2026-12-01,2026-12-10,2026-12-15,1676.59,Pago,202612
MEN00006457,ALU00539,2026-01-01,2026-01-10,2026-01-11,1650.63,Pago,202601
MEN00006458,ALU00539,2026-02-01,2026-02-10,,1675.68,Em Aberto,202602
MEN00006459,ALU00539,2026-03-01,2026-03-10,2026-03-14,1641.12,Pago,202603
MEN00006460,ALU00539,2026-04-01,2026-04-10,,1620.85,Vencido,202604
MEN00006461,ALU00539,2026-05-01,2026-05-10,,1692.4,Em Aberto,202605
MEN00006462,ALU00539,2026-06-01,2026-06-10,,1683.34,Vencido,202606
MEN00006463,ALU00539,2026-07-01,2026-07-10,2026-07-08,1647.99,Pago,202607
MEN00006464,ALU00539,2026-08-01,2026-08-10,,1690.98,Vencido,202608
MEN00006465,ALU00539,2026-09-01,2026-09-10,,1616.39,Vencido,202609
MEN00006466,ALU00539,2026-10-01,2026-10-10,2026-10-17,1611.3,Pago,202610
MEN00006467,ALU00539,2026-11-01,2026-11-10,2026-11-12,1619.27,Pago,202611
MEN00006468,ALU00539,2026-12-01,2026-12-10,2026-12-13,1652.63,Pago,202612
MEN00006469,ALU00540,2026-01-01,2026-01-10,,1659.98,Vencido,202601
MEN00006470,ALU00540,2026-02-01,2026-02-10,,1689.36,Vencido,202602
MEN00006471,ALU00540,2026-03-01,2026-03-10,2026-03-12,1644.86,Pago,202603
MEN00006472,ALU00540,2026-04-01,2026-04-10,2026-04-08,1606.63,Pago,202604
MEN00006473,ALU00540,2026-05-01,2026-05-10,2026-05-09,1683.42,Pago,202605
MEN00006474,ALU00540,2026-06-01,2026-06-10,2026-06-12,1664.03,Pago,202606
MEN00006475,ALU00540,2026-07-01,2026-07-10,2026-07-15,1697.93,Pago,202607
MEN00006476,ALU00540,2026-08-01,2026-08-10,2026-08-11,1635.85,Pago,202608
MEN00006477,ALU00540,2026-09-01,2026-09-10,2026-09-14,1699.39,Pago,202609
MEN00006478,ALU00540,2026-10-01,2026-10-10,2026-10-15,1659.63,Pago,202610
MEN00006479,ALU00540,2026-11-01,2026-11-10,2026-11-15,1632.25,Pago,202611
MEN00006480,ALU00540,2026-12-01,2026-12-10,,1613.67,Em Aberto,202612
MEN00006481,ALU00541,2026-01-01,2026-01-10,2026-01-17,1627.28,Pago,202601
MEN00006482,ALU00541,2026-02-01,2026-02-10,2026-02-16,1672.44,Pago,202602
MEN00006483,ALU00541,2026-03-01,2026-03-10,,1664.94,Em Aberto,202603
MEN00006484,ALU00541,2026-04-01,2026-04-10,2026-04-15,1684.19,Pago,202604
MEN00006485,ALU00541,2026-05-01,2026-05-10,2026-05-17,1687.96,Pago,202605
MEN00006486,ALU00541,2026-06-01,2026-06-10,2026-06-08,1684.32,Pago,202606
MEN00006487,ALU00541,2026-07-01,2026-07-10,,1686.5,Em Aberto,202607
MEN00006488,ALU00541,2026-08-01,2026-08-10,2026-08-11,1661.14,Pago,202608
MEN00006489,ALU00541,2026-09-01,2026-09-10,2026-09-16,1610.74,Pago,202609
MEN00006490,ALU00541,2026-10-01,2026-10-10,2026-10-18,1699.13,Pago,202610
MEN00006491,ALU00541,2026-11-01,2026-11-10,2026-11-10,1668.17,Pago,202611
MEN00006492,ALU00541,2026-12-01,2026-12-10,2026-12-17,1692.91,Pago,202612
MEN00006493,ALU00542,2026-01-01,2026-01-10,,1695.85,Em Aberto,202601
MEN00006494,ALU00542,2026-02-01,2026-02-10,2026-02-11,1697.18,Pago,202602
MEN00006495,ALU00542,2026-03-01,2026-03-10,2026-03-08,1692.89,Pago,202603
MEN00006496,ALU00542,2026-04-01,2026-04-10,,1663.38,Vencido,202604
MEN00006497,ALU00542,2026-05-01,2026-05-10,2026-05-11,1654.87,Pago,202605
MEN00006498,ALU00542,2026-06-01,2026-06-10,,1608.22,Vencido,202606
MEN00006499,ALU00542,2026-07-01,2026-07-10,2026-07-10,1681.11,Pago,202607
MEN00006500,ALU00542,2026-08-01,2026-08-10,,1604.09,Vencido,202608
MEN00006501,ALU00542,2026-09-01,2026-09-10,2026-09-08,1676.31,Pago,202609
MEN00006502,ALU00542,2026-10-01,2026-10-10,2026-10-07,1639.0,Pago,202610
MEN00006503,ALU00542,2026-11-01,2026-11-10,2026-11-13,1601.79,Pago,202611
MEN00006504,ALU00542,2026-12-01,2026-12-10,2026-12-11,1664.23,Pago,202612
MEN00006505,ALU00543,2026-01-01,2026-01-10,2026-01-07,1637.41,Pago,202601
MEN00006506,ALU00543,2026-02-01,2026-02-10,2026-02-10,1654.87,Pago,202602
MEN00006507,ALU00543,2026-03-01,2026-03-10,2026-03-18,1600.85,Pago,202603
MEN00006508,ALU00543,2026-04-01,2026-04-10,2026-04-17,1645.22,Pago,202604
MEN00006509,ALU00543,2026-05-01,2026-05-10,,1685.15,Em Aberto,202605
MEN00006510,ALU00543,2026-06-01,2026-06-10,2026-06-08,1686.0,Pago,202606
MEN00006511,ALU00543,2026-07-01,2026-07-10,2026-07-12,1636.87,Pago,202607
MEN00006512,ALU00543,2026-08-01,2026-08-10,,1613.5,Em Aberto,202608
MEN00006513,ALU00543,2026-09-01,2026-09-10,2026-09-10,1615.37,Pago,202609
MEN00006514,ALU00543,2026-10-01,2026-10-10,2026-10-14,1643.65,Pago,202610
MEN00006515,ALU00543,2026-11-01,2026-11-10,2026-11-17,1675.27,Pago,202611
MEN00006516,ALU00543,2026-12-01,2026-12-10,2026-12-17,1673.94,Pago,202612
MEN00006517,ALU00544,2026-01-01,2026-01-10,2026-01-14,1688.24,Pago,202601
MEN00006518,ALU00544,2026-02-01,2026-02-10,2026-02-17,1660.11,Pago,202602
MEN00006519,ALU00544,2026-03-01,2026-03-10,2026-03-10,1608.71,Pago,202603
MEN00006520,ALU00544,2026-04-01,2026-04-10,2026-04-07,1693.61,Pago,202604
MEN00006521,ALU00544,2026-05-01,2026-05-10,2026-05-08,1629.56,Pago,202605
MEN00006522,ALU00544,2026-06-01,2026-06-10,2026-06-14,1625.6,Pago,202606
MEN00006523,ALU00544,2026-07-01,2026-07-10,2026-07-15,1655.02,Pago,202607
MEN00006524,ALU00544,2026-08-01,2026-08-10,2026-08-13,1680.99,Pago,202608
MEN00006525,ALU00544,2026-09-01,2026-09-10,2026-09-14,1679.88,Pago,202609
MEN00006526,ALU00544,2026-10-01,2026-10-10,,1606.11,Em Aberto,202610
MEN00006527,ALU00544,2026-11-01,2026-11-10,2026-11-09,1634.11,Pago,202611
MEN00006528,ALU00544,2026-12-01,2026-12-10,,1633.43,Vencido,202612
MEN00006529,ALU00545,2026-01-01,2026-01-10,,1696.41,Em Aberto,202601
MEN00006530,ALU00545,2026-02-01,2026-02-10,2026-02-13,1625.38,Pago,202602
MEN00006531,ALU00545,2026-03-01,2026-03-10,2026-03-16,1628.78,Pago,202603
MEN00006532,ALU00545,2026-04-01,2026-04-10,,1621.96,Em Aberto,202604
MEN00006533,ALU00545,2026-05-01,2026-05-10,2026-05-09,1655.9,Pago,202605
MEN00006534,ALU00545,2026-06-01,2026-06-10,2026-06-18,1635.16,Pago,202606
MEN00006535,ALU00545,2026-07-01,2026-07-10,,1626.97,Em Aberto,202607
MEN00006536,ALU00545,2026-08-01,2026-08-10,,1674.59,Vencido,202608
MEN00006537,ALU00545,2026-09-01,2026-09-10,2026-09-09,1669.52,Pago,202609
MEN00006538,ALU00545,2026-10-01,2026-10-10,,1654.76,Vencido,202610
MEN00006539,ALU00545,2026-11-01,2026-11-10,2026-11-07,1670.59,Pago,202611
MEN00006540,ALU00545,2026-12-01,2026-12-10,2026-12-15,1619.46,Pago,202612
MEN00006541,ALU00546,2026-01-01,2026-01-10,2026-01-15,1625.97,Pago,202601
MEN00006542,ALU00546,2026-02-01,2026-02-10,2026-02-11,1633.87,Pago,202602
MEN00006543,ALU00546,2026-03-01,2026-03-10,2026-03-14,1671.24,Pago,202603
MEN00006544,ALU00546,2026-04-01,2026-04-10,,1630.44,Vencido,202604
MEN00006545,ALU00546,2026-05-01,2026-05-10,2026-05-18,1601.56,Pago,202605
MEN00006546,ALU00546,2026-06-01,2026-06-10,2026-06-10,1698.5,Pago,202606
MEN00006547,ALU00546,2026-07-01,2026-07-10,,1656.47,Em Aberto,202607
MEN00006548,ALU00546,2026-08-01,2026-08-10,2026-08-16,1658.26,Pago,202608
MEN00006549,ALU00546,2026-09-01,2026-09-10,2026-09-09,1642.52,Pago,202609
MEN00006550,ALU00546,2026-10-01,2026-10-10,2026-10-12,1654.14,Pago,202610
MEN00006551,ALU00546,2026-11-01,2026-11-10,2026-11-09,1684.58,Pago,202611
MEN00006552,ALU00546,2026-12-01,2026-12-10,2026-12-08,1638.98,Pago,202612
MEN00006553,ALU00547,2026-01-01,2026-01-10,2026-01-10,1627.67,Pago,202601
MEN00006554,ALU00547,2026-02-01,2026-02-10,2026-02-11,1620.16,Pago,202602
MEN00006555,ALU00547,2026-03-01,2026-03-10,2026-03-17,1616.02,Pago,202603
MEN00006556,ALU00547,2026-04-01,2026-04-10,,1619.97,Em Aberto,202604
MEN00006557,ALU00547,2026-05-01,2026-05-10,2026-05-16,1688.7,Pago,202605
MEN00006558,ALU00547,2026-06-01,2026-06-10,2026-06-11,1664.69,Pago,202606
MEN00006559,ALU00547,2026-07-01,2026-07-10,2026-07-14,1601.02,Pago,202607
MEN00006560,ALU00547,2026-08-01,2026-08-10,,1691.38,Vencido,202608
MEN00006561,ALU00547,2026-09-01,2026-09-10,2026-09-11,1691.71,Pago,202609
MEN00006562,ALU00547,2026-10-01,2026-10-10,2026-10-13,1694.88,Pago,202610
MEN00006563,ALU00547,2026-11-01,2026-11-10,2026-11-11,1611.02,Pago,202611
MEN00006564,ALU00547,2026-12-01,2026-12-10,2026-12-07,1621.47,Pago,202612
MEN00006565,ALU00548,2026-01-01,2026-01-10,2026-01-15,1617.24,Pago,202601
MEN00006566,ALU00548,2026-02-01,2026-02-10,2026-02-16,1658.24,Pago,202602
MEN00006567,ALU00548,2026-03-01,2026-03-10,2026-03-18,1657.46,Pago,202603
MEN00006568,ALU00548,2026-04-01,2026-04-10,2026-04-07,1664.53,Pago,202604
MEN00006569,ALU00548,2026-05-01,2026-05-10,2026-05-15,1607.26,Pago,202605
MEN00006570,ALU00548,2026-06-01,2026-06-10,2026-06-16,1646.4,Pago,202606
MEN00006571,ALU00548,2026-07-01,2026-07-10,2026-07-16,1696.97,Pago,202607
MEN00006572,ALU00548,2026-08-01,2026-08-10,2026-08-16,1614.72,Pago,202608
MEN00006573,ALU00548,2026-09-01,2026-09-10,,1648.45,Vencido,202609
MEN00006574,ALU00548,2026-10-01,2026-10-10,2026-10-07,1654.93,Pago,202610
MEN00006575,ALU00548,2026-11-01,2026-11-10,2026-11-09,1679.92,Pago,202611
MEN00006576,ALU00548,2026-12-01,2026-12-10,2026-12-07,1629.83,Pago,202612
MEN00006577,ALU00549,2026-01-01,2026-01-10,2026-01-13,1693.44,Pago,202601
MEN00006578,ALU00549,2026-02-01,2026-02-10,2026-02-14,1658.14,Pago,202602
MEN00006579,ALU00549,2026-03-01,2026-03-10,2026-03-15,1696.84,Pago,202603
MEN00006580,ALU00549,2026-04-01,2026-04-10,2026-04-13,1694.51,Pago,202604
MEN00006581,ALU00549,2026-05-01,2026-05-10,2026-05-18,1635.04,Pago,202605
MEN00006582,ALU00549,2026-06-01,2026-06-10,2026-06-10,1675.35,Pago,202606
MEN00006583,ALU00549,2026-07-01,2026-07-10,2026-07-14,1697.5,Pago,202607
MEN00006584,ALU00549,2026-08-01,2026-08-10,,1650.38,Vencido,202608
MEN00006585,ALU00549,2026-09-01,2026-09-10,,1625.83,Em Aberto,202609
MEN00006586,ALU00549,2026-10-01,2026-10-10,2026-10-12,1622.12,Pago,202610
MEN00006587,ALU00549,2026-11-01,2026-11-10,,1629.11,Em Aberto,202611
MEN00006588,ALU00549,2026-12-01,2026-12-10,,1665.92,Vencido,202612
MEN00006589,ALU00550,2026-01-01,2026-01-10,2026-01-14,1686.54,Pago,202601
MEN00006590,ALU00550,2026-02-01,2026-02-10,2026-02-11,1617.03,Pago,202602
MEN00006591,ALU00550,2026-03-01,2026-03-10,2026-03-18,1608.6,Pago,202603
MEN00006592,ALU00550,2026-04-01,2026-04-10,2026-04-13,1685.83,Pago,202604
MEN00006593,ALU00550,2026-05-01,2026-05-10,,1633.58,Em Aberto,202605
MEN00006594,ALU00550,2026-06-01,2026-06-10,2026-06-08,1616.49,Pago,202606
MEN00006595,ALU00550,2026-07-01,2026-07-10,2026-07-15,1634.66,Pago,202607
MEN00006596,ALU00550,2026-08-01,2026-08-10,2026-08-11,1642.28,Pago,202608
MEN00006597,ALU00550,2026-09-01,2026-09-10,2026-09-10,1678.74,Pago,202609
MEN00006598,ALU00550,2026-10-01,2026-10-10,2026-10-15,1683.54,Pago,202610
MEN00006599,ALU00550,2026-11-01,2026-11-10,2026-11-11,1615.36,Pago,202611
MEN00006600,ALU00550,2026-12-01,2026-12-10,2026-12-16,1648.45,Pago,202612
MEN00006601,ALU00551,2026-01-01,2026-01-10,,1613.5,Em Aberto,202601
MEN00006602,ALU00551,2026-02-01,2026-02-10,2026-02-11,1653.83,Pago,202602
MEN00006603,ALU00551,2026-03-01,2026-03-10,2026-03-18,1632.44,Pago,202603
MEN00006604,ALU00551,2026-04-01,2026-04-10,2026-04-07,1696.71,Pago,202604
MEN00006605,ALU00551,2026-05-01,2026-05-10,2026-05-09,1632.26,Pago,202605
MEN00006606,ALU00551,2026-06-01,2026-06-10,,1689.63,Vencido,202606
MEN00006607,ALU00551,2026-07-01,2026-07-10,2026-07-15,1692.98,Pago,202607
MEN00006608,ALU00551,2026-08-01,2026-08-10,2026-08-16,1694.75,Pago,202608
MEN00006609,ALU00551,2026-09-01,2026-09-10,2026-09-07,1600.71,Pago,202609
MEN00006610,ALU00551,2026-10-01,2026-10-10,2026-10-15,1656.49,Pago,202610
MEN00006611,ALU00551,2026-11-01,2026-11-10,2026-11-08,1696.25,Pago,202611
MEN00006612,ALU00551,2026-12-01,2026-12-10,2026-12-08,1658.47,Pago,202612
MEN00006613,ALU00552,2026-01-01,2026-01-10,,1686.38,Vencido,202601
MEN00006614,ALU00552,2026-02-01,2026-02-10,2026-02-09,1666.48,Pago,202602
MEN00006615,ALU00552,2026-03-01,2026-03-10,2026-03-14,1606.12,Pago,202603
MEN00006616,ALU00552,2026-04-01,2026-04-10,2026-04-17,1636.71,Pago,202604
MEN00006617,ALU00552,2026-05-01,2026-05-10,2026-05-11,1665.37,Pago,202605
MEN00006618,ALU00552,2026-06-01,2026-06-10,2026-06-08,1611.59,Pago,202606
MEN00006619,ALU00552,2026-07-01,2026-07-10,2026-07-15,1655.82,Pago,202607
MEN00006620,ALU00552,2026-08-01,2026-08-10,2026-08-14,1601.45,Pago,202608
MEN00006621,ALU00552,2026-09-01,2026-09-10,2026-09-13,1671.79,Pago,202609
MEN00006622,ALU00552,2026-10-01,2026-10-10,2026-10-07,1608.44,Pago,202610
MEN00006623,ALU00552,2026-11-01,2026-11-10,2026-11-17,1656.73,Pago,202611
MEN00006624,ALU00552,2026-12-01,2026-12-10,,1688.67,Vencido,202612
MEN00006625,ALU00553,2026-01-01,2026-01-10,2026-01-07,1670.55,Pago,202601
MEN00006626,ALU00553,2026-02-01,2026-02-10,2026-02-11,1606.05,Pago,202602
MEN00006627,ALU00553,2026-03-01,2026-03-10,2026-03-10,1678.86,Pago,202603
MEN00006628,ALU00553,2026-04-01,2026-04-10,2026-04-16,1641.26,Pago,202604
MEN00006629,ALU00553,2026-05-01,2026-05-10,2026-05-10,1648.08,Pago,202605
MEN00006630,ALU00553,2026-06-01,2026-06-10,,1677.08,Em Aberto,202606
MEN00006631,ALU00553,2026-07-01,2026-07-10,2026-07-15,1679.06,Pago,202607
MEN00006632,ALU00553,2026-08-01,2026-08-10,2026-08-14,1662.57,Pago,202608
MEN00006633,ALU00553,2026-09-01,2026-09-10,2026-09-11,1621.25,Pago,202609
MEN00006634,ALU00553,2026-10-01,2026-10-10,2026-10-16,1677.99,Pago,202610
MEN00006635,ALU00553,2026-11-01,2026-11-10,2026-11-15,1689.8,Pago,202611
MEN00006636,ALU00553,2026-12-01,2026-12-10,2026-12-18,1677.09,Pago,202612
MEN00006637,ALU00554,2026-01-01,2026-01-10,2026-01-17,1616.53,Pago,202601
MEN00006638,ALU00554,2026-02-01,2026-02-10,,1630.7,Em Aberto,202602
MEN00006639,ALU00554,2026-03-01,2026-03-10,2026-03-18,1694.77,Pago,202603
MEN00006640,ALU00554,2026-04-01,2026-04-10,2026-04-11,1677.8,Pago,202604
MEN00006641,ALU00554,2026-05-01,2026-05-10,2026-05-13,1619.82,Pago,202605
MEN00006642,ALU00554,2026-06-01,2026-06-10,,1669.77,Em Aberto,202606
MEN00006643,ALU00554,2026-07-01,2026-07-10,2026-07-10,1642.69,Pago,202607
MEN00006644,ALU00554,2026-08-01,2026-08-10,,1628.02,Vencido,202608
MEN00006645,ALU00554,2026-09-01,2026-09-10,2026-09-10,1684.99,Pago,202609
MEN00006646,ALU00554,2026-10-01,2026-10-10,2026-10-13,1637.98,Pago,202610
MEN00006647,ALU00554,2026-11-01,2026-11-10,2026-11-13,1666.58,Pago,202611
MEN00006648,ALU00554,2026-12-01,2026-12-10,,1607.24,Vencido,202612
MEN00006649,ALU00555,2026-01-01,2026-01-10,2026-01-14,1619.89,Pago,202601
MEN00006650,ALU00555,2026-02-01,2026-02-10,2026-02-17,1622.63,Pago,202602
MEN00006651,ALU00555,2026-03-01,2026-03-10,2026-03-12,1633.78,Pago,202603
MEN00006652,ALU00555,2026-04-01,2026-04-10,2026-04-08,1654.72,Pago,202604
MEN00006653,ALU00555,2026-05-01,2026-05-10,2026-05-18,1679.3,Pago,202605
MEN00006654,ALU00555,2026-06-01,2026-06-10,,1687.66,Em Aberto,202606
MEN00006655,ALU00555,2026-07-01,2026-07-10,2026-07-12,1600.93,Pago,202607
MEN00006656,ALU00555,2026-08-01,2026-08-10,2026-08-18,1620.93,Pago,202608
MEN00006657,ALU00555,2026-09-01,2026-09-10,,1603.56,Vencido,202609
MEN00006658,ALU00555,2026-10-01,2026-10-10,2026-10-15,1619.55,Pago,202610
MEN00006659,ALU00555,2026-11-01,2026-11-10,2026-11-13,1689.72,Pago,202611
MEN00006660,ALU00555,2026-12-01,2026-12-10,2026-12-12,1640.36,Pago,202612
MEN00006661,ALU00556,2026-01-01,2026-01-10,2026-01-18,1686.12,Pago,202601
MEN00006662,ALU00556,2026-02-01,2026-02-10,2026-02-18,1675.04,Pago,202602
MEN00006663,ALU00556,2026-03-01,2026-03-10,2026-03-08,1632.44,Pago,202603
MEN00006664,ALU00556,2026-04-01,2026-04-10,2026-04-10,1661.89,Pago,202604
MEN00006665,ALU00556,2026-05-01,2026-05-10,2026-05-15,1683.18,Pago,202605
MEN00006666,ALU00556,2026-06-01,2026-06-10,2026-06-12,1628.25,Pago,202606
MEN00006667,ALU00556,2026-07-01,2026-07-10,2026-07-08,1636.16,Pago,202607
MEN00006668,ALU00556,2026-08-01,2026-08-10,,1666.76,Vencido,202608
MEN00006669,ALU00556,2026-09-01,2026-09-10,2026-09-08,1691.0,Pago,202609
MEN00006670,ALU00556,2026-10-01,2026-10-10,2026-10-11,1684.6,Pago,202610
MEN00006671,ALU00556,2026-11-01,2026-11-10,2026-11-11,1652.33,Pago,202611
MEN00006672,ALU00556,2026-12-01,2026-12-10,2026-12-07,1670.18,Pago,202612
MEN00006673,ALU00557,2026-01-01,2026-01-10,2026-01-17,1629.13,Pago,202601
MEN00006674,ALU00557,2026-02-01,2026-02-10,2026-02-07,1652.54,Pago,202602
MEN00006675,ALU00557,2026-03-01,2026-03-10,,1655.81,Em Aberto,202603
MEN00006676,ALU00557,2026-04-01,2026-04-10,2026-04-11,1681.43,Pago,202604
MEN00006677,ALU00557,2026-05-01,2026-05-10,2026-05-16,1695.72,Pago,202605
MEN00006678,ALU00557,2026-06-01,2026-06-10,,1693.08,Em Aberto,202606
MEN00006679,ALU00557,2026-07-01,2026-07-10,2026-07-14,1624.9,Pago,202607
MEN00006680,ALU00557,2026-08-01,2026-08-10,,1679.33,Vencido,202608
MEN00006681,ALU00557,2026-09-01,2026-09-10,2026-09-08,1636.01,Pago,202609
MEN00006682,ALU00557,2026-10-01,2026-10-10,2026-10-17,1623.8,Pago,202610
MEN00006683,ALU00557,2026-11-01,2026-11-10,2026-11-17,1611.01,Pago,202611
MEN00006684,ALU00557,2026-12-01,2026-12-10,2026-12-07,1602.88,Pago,202612
MEN00006685,ALU00558,2026-01-01,2026-01-10,2026-01-14,1635.2,Pago,202601
MEN00006686,ALU00558,2026-02-01,2026-02-10,,1692.87,Vencido,202602
MEN00006687,ALU00558,2026-03-01,2026-03-10,,1653.72,Em Aberto,202603
MEN00006688,ALU00558,2026-04-01,2026-04-10,2026-04-12,1656.34,Pago,202604
MEN00006689,ALU00558,2026-05-01,2026-05-10,2026-05-11,1621.63,Pago,202605
MEN00006690,ALU00558,2026-06-01,2026-06-10,2026-06-10,1604.34,Pago,202606
MEN00006691,ALU00558,2026-07-01,2026-07-10,2026-07-16,1602.5,Pago,202607
MEN00006692,ALU00558,2026-08-01,2026-08-10,2026-08-15,1698.52,Pago,202608
MEN00006693,ALU00558,2026-09-01,2026-09-10,2026-09-14,1685.0,Pago,202609
MEN00006694,ALU00558,2026-10-01,2026-10-10,,1678.02,Vencido,202610
MEN00006695,ALU00558,2026-11-01,2026-11-10,2026-11-17,1669.61,Pago,202611
MEN00006696,ALU00558,2026-12-01,2026-12-10,2026-12-18,1634.95,Pago,202612
MEN00006697,ALU00559,2026-01-01,2026-01-10,2026-01-07,1636.8,Pago,202601
MEN00006698,ALU00559,2026-02-01,2026-02-10,,1663.7,Vencido,202602
MEN00006699,ALU00559,2026-03-01,2026-03-10,2026-03-07,1672.58,Pago,202603
MEN00006700,ALU00559,2026-04-01,2026-04-10,2026-04-13,1681.61,Pago,202604
MEN00006701,ALU00559,2026-05-01,2026-05-10,2026-05-08,1622.54,Pago,202605
MEN00006702,ALU00559,2026-06-01,2026-06-10,,1656.24,Em Aberto,202606
MEN00006703,ALU00559,2026-07-01,2026-07-10,2026-07-08,1664.74,Pago,202607
MEN00006704,ALU00559,2026-08-01,2026-08-10,2026-08-11,1668.37,Pago,202608
MEN00006705,ALU00559,2026-09-01,2026-09-10,2026-09-13,1673.87,Pago,202609
MEN00006706,ALU00559,2026-10-01,2026-10-10,2026-10-17,1638.72,Pago,202610
MEN00006707,ALU00559,2026-11-01,2026-11-10,2026-11-13,1635.94,Pago,202611
MEN00006708,ALU00559,2026-12-01,2026-12-10,2026-12-17,1650.93,Pago,202612
MEN00006709,ALU00560,2026-01-01,2026-01-10,2026-01-16,1662.04,Pago,202601
MEN00006710,ALU00560,2026-02-01,2026-02-10,2026-02-07,1694.96,Pago,202602
MEN00006711,ALU00560,2026-03-01,2026-03-10,2026-03-11,1678.15,Pago,202603
MEN00006712,ALU00560,2026-04-01,2026-04-10,2026-04-17,1604.35,Pago,202604
MEN00006713,ALU00560,2026-05-01,2026-05-10,2026-05-14,1685.51,Pago,202605
MEN00006714,ALU00560,2026-06-01,2026-06-10,2026-06-16,1634.41,Pago,202606
MEN00006715,ALU00560,2026-07-01,2026-07-10,2026-07-07,1611.13,Pago,202607
MEN00006716,ALU00560,2026-08-01,2026-08-10,2026-08-15,1636.25,Pago,202608
MEN00006717,ALU00560,2026-09-01,2026-09-10,2026-09-14,1689.81,Pago,202609
MEN00006718,ALU00560,2026-10-01,2026-10-10,2026-10-18,1691.52,Pago,202610
MEN00006719,ALU00560,2026-11-01,2026-11-10,2026-11-18,1602.74,Pago,202611
MEN00006720,ALU00560,2026-12-01,2026-12-10,2026-12-11,1601.49,Pago,202612
MEN00006721,ALU00561,2026-01-01,2026-01-10,,1652.22,Vencido,202601
MEN00006722,ALU00561,2026-02-01,2026-02-10,2026-02-15,1683.99,Pago,202602
MEN00006723,ALU00561,2026-03-01,2026-03-10,2026-03-18,1667.68,Pago,202603
MEN00006724,ALU00561,2026-04-01,2026-04-10,2026-04-07,1664.59,Pago,202604
MEN00006725,ALU00561,2026-05-01,2026-05-10,2026-05-14,1693.32,Pago,202605
MEN00006726,ALU00561,2026-06-01,2026-06-10,,1691.87,Em Aberto,202606
MEN00006727,ALU00561,2026-07-01,2026-07-10,2026-07-16,1651.1,Pago,202607
MEN00006728,ALU00561,2026-08-01,2026-08-10,2026-08-14,1691.47,Pago,202608
MEN00006729,ALU00561,2026-09-01,2026-09-10,2026-09-17,1648.33,Pago,202609
MEN00006730,ALU00561,2026-10-01,2026-10-10,2026-10-15,1634.83,Pago,202610
MEN00006731,ALU00561,2026-11-01,2026-11-10,2026-11-12,1682.49,Pago,202611
MEN00006732,ALU00561,2026-12-01,2026-12-10,2026-12-18,1635.14,Pago,202612
MEN00006733,ALU00562,2026-01-01,2026-01-10,2026-01-17,1607.99,Pago,202601
MEN00006734,ALU00562,2026-02-01,2026-02-10,2026-02-16,1676.51,Pago,202602
MEN00006735,ALU00562,2026-03-01,2026-03-10,2026-03-18,1671.44,Pago,202603
MEN00006736,ALU00562,2026-04-01,2026-04-10,2026-04-15,1674.78,Pago,202604
MEN00006737,ALU00562,2026-05-01,2026-05-10,2026-05-13,1643.39,Pago,202605
MEN00006738,ALU00562,2026-06-01,2026-06-10,2026-06-16,1685.85,Pago,202606
MEN00006739,ALU00562,2026-07-01,2026-07-10,2026-07-09,1672.33,Pago,202607
MEN00006740,ALU00562,2026-08-01,2026-08-10,2026-08-09,1628.37,Pago,202608
MEN00006741,ALU00562,2026-09-01,2026-09-10,2026-09-07,1607.2,Pago,202609
MEN00006742,ALU00562,2026-10-01,2026-10-10,2026-10-12,1691.11,Pago,202610
MEN00006743,ALU00562,2026-11-01,2026-11-10,2026-11-18,1659.91,Pago,202611
MEN00006744,ALU00562,2026-12-01,2026-12-10,2026-12-09,1624.63,Pago,202612
MEN00006745,ALU00563,2026-01-01,2026-01-10,2026-01-09,1683.37,Pago,202601
MEN00006746,ALU00563,2026-02-01,2026-02-10,2026-02-08,1626.06,Pago,202602
MEN00006747,ALU00563,2026-03-01,2026-03-10,2026-03-13,1622.64,Pago,202603
MEN00006748,ALU00563,2026-04-01,2026-04-10,,1653.1,Vencido,202604
MEN00006749,ALU00563,2026-05-01,2026-05-10,2026-05-10,1690.48,Pago,202605
MEN00006750,ALU00563,2026-06-01,2026-06-10,2026-06-12,1643.03,Pago,202606
MEN00006751,ALU00563,2026-07-01,2026-07-10,2026-07-16,1621.52,Pago,202607
MEN00006752,ALU00563,2026-08-01,2026-08-10,2026-08-09,1614.93,Pago,202608
MEN00006753,ALU00563,2026-09-01,2026-09-10,2026-09-17,1674.14,Pago,202609
MEN00006754,ALU00563,2026-10-01,2026-10-10,2026-10-17,1682.13,Pago,202610
MEN00006755,ALU00563,2026-11-01,2026-11-10,2026-11-17,1699.46,Pago,202611
MEN00006756,ALU00563,2026-12-01,2026-12-10,2026-12-14,1643.11,Pago,202612
MEN00006757,ALU00564,2026-01-01,2026-01-10,2026-01-07,1613.22,Pago,202601
MEN00006758,ALU00564,2026-02-01,2026-02-10,2026-02-07,1647.97,Pago,202602
MEN00006759,ALU00564,2026-03-01,2026-03-10,2026-03-16,1617.5,Pago,202603
MEN00006760,ALU00564,2026-04-01,2026-04-10,2026-04-08,1645.95,Pago,202604
MEN00006761,ALU00564,2026-05-01,2026-05-10,2026-05-17,1685.01,Pago,202605
MEN00006762,ALU00564,2026-06-01,2026-06-10,2026-06-10,1630.07,Pago,202606
MEN00006763,ALU00564,2026-07-01,2026-07-10,2026-07-07,1618.31,Pago,202607
MEN00006764,ALU00564,2026-08-01,2026-08-10,2026-08-09,1687.63,Pago,202608
MEN00006765,ALU00564,2026-09-01,2026-09-10,2026-09-12,1680.82,Pago,202609
MEN00006766,ALU00564,2026-10-01,2026-10-10,2026-10-14,1655.87,Pago,202610
MEN00006767,ALU00564,2026-11-01,2026-11-10,2026-11-17,1632.46,Pago,202611
MEN00006768,ALU00564,2026-12-01,2026-12-10,2026-12-08,1678.72,Pago,202612
MEN00006769,ALU00565,2026-01-01,2026-01-10,2026-01-11,1625.06,Pago,202601
MEN00006770,ALU00565,2026-02-01,2026-02-10,2026-02-18,1694.16,Pago,202602
MEN00006771,ALU00565,2026-03-01,2026-03-10,,1609.77,Em Aberto,202603
MEN00006772,ALU00565,2026-04-01,2026-04-10,2026-04-16,1610.33,Pago,202604
MEN00006773,ALU00565,2026-05-01,2026-05-10,2026-05-16,1617.11,Pago,202605
MEN00006774,ALU00565,2026-06-01,2026-06-10,2026-06-18,1648.21,Pago,202606
MEN00006775,ALU00565,2026-07-01,2026-07-10,2026-07-14,1683.97,Pago,202607
MEN00006776,ALU00565,2026-08-01,2026-08-10,2026-08-15,1630.6,Pago,202608
MEN00006777,ALU00565,2026-09-01,2026-09-10,,1698.95,Vencido,202609
MEN00006778,ALU00565,2026-10-01,2026-10-10,2026-10-07,1640.76,Pago,202610
MEN00006779,ALU00565,2026-11-01,2026-11-10,2026-11-15,1692.18,Pago,202611
MEN00006780,ALU00565,2026-12-01,2026-12-10,2026-12-10,1625.39,Pago,202612
MEN00006781,ALU00566,2026-01-01,2026-01-10,2026-01-12,1614.14,Pago,202601
MEN00006782,ALU00566,2026-02-01,2026-02-10,2026-02-09,1655.11,Pago,202602
MEN00006783,ALU00566,2026-03-01,2026-03-10,2026-03-15,1643.67,Pago,202603
MEN00006784,ALU00566,2026-04-01,2026-04-10,2026-04-09,1670.46,Pago,202604
MEN00006785,ALU00566,2026-05-01,2026-05-10,2026-05-09,1695.44,Pago,202605
MEN00006786,ALU00566,2026-06-01,2026-06-10,2026-06-08,1625.69,Pago,202606
MEN00006787,ALU00566,2026-07-01,2026-07-10,2026-07-13,1612.56,Pago,202607
MEN00006788,ALU00566,2026-08-01,2026-08-10,2026-08-12,1676.69,Pago,202608
MEN00006789,ALU00566,2026-09-01,2026-09-10,2026-09-13,1642.39,Pago,202609
MEN00006790,ALU00566,2026-10-01,2026-10-10,,1689.61,Vencido,202610
MEN00006791,ALU00566,2026-11-01,2026-11-10,2026-11-13,1627.66,Pago,202611
MEN00006792,ALU00566,2026-12-01,2026-12-10,2026-12-13,1668.38,Pago,202612
MEN00006793,ALU00567,2026-01-01,2026-01-10,,1684.83,Em Aberto,202601
MEN00006794,ALU00567,2026-02-01,2026-02-10,2026-02-17,1622.13,Pago,202602
MEN00006795,ALU00567,2026-03-01,2026-03-10,2026-03-14,1652.4,Pago,202603
MEN00006796,ALU00567,2026-04-01,2026-04-10,2026-04-13,1669.4,Pago,202604
MEN00006797,ALU00567,2026-05-01,2026-05-10,,1649.58,Vencido,202605
MEN00006798,ALU00567,2026-06-01,2026-06-10,,1686.0,Vencido,202606
MEN00006799,ALU00567,2026-07-01,2026-07-10,,1637.77,Em Aberto,202607
MEN00006800,ALU00567,2026-08-01,2026-08-10,2026-08-13,1654.91,Pago,202608
MEN00006801,ALU00567,2026-09-01,2026-09-10,2026-09-09,1648.27,Pago,202609
MEN00006802,ALU00567,2026-10-01,2026-10-10,2026-10-11,1623.01,Pago,202610
MEN00006803,ALU00567,2026-11-01,2026-11-10,,1607.14,Em Aberto,202611
MEN00006804,ALU00567,2026-12-01,2026-12-10,,1635.6,Em Aberto,202612
MEN00006805,ALU00568,2026-01-01,2026-01-10,2026-01-07,1686.19,Pago,202601
MEN00006806,ALU00568,2026-02-01,2026-02-10,,1622.61,Vencido,202602
MEN00006807,ALU00568,2026-03-01,2026-03-10,2026-03-09,1692.09,Pago,202603
MEN00006808,ALU00568,2026-04-01,2026-04-10,2026-04-16,1630.07,Pago,202604
MEN00006809,ALU00568,2026-05-01,2026-05-10,2026-05-09,1696.97,Pago,202605
MEN00006810,ALU00568,2026-06-01,2026-06-10,2026-06-15,1616.55,Pago,202606
MEN00006811,ALU00568,2026-07-01,2026-07-10,,1679.64,Em Aberto,202607
MEN00006812,ALU00568,2026-08-01,2026-08-10,2026-08-11,1683.61,Pago,202608
MEN00006813,ALU00568,2026-09-01,2026-09-10,2026-09-12,1682.11,Pago,202609
MEN00006814,ALU00568,2026-10-01,2026-10-10,2026-10-11,1606.67,Pago,202610
MEN00006815,ALU00568,2026-11-01,2026-11-10,,1676.85,Vencido,202611
MEN00006816,ALU00568,2026-12-01,2026-12-10,2026-12-14,1640.74,Pago,202612
MEN00006817,ALU00569,2026-01-01,2026-01-10,2026-01-13,1666.43,Pago,202601
MEN00006818,ALU00569,2026-02-01,2026-02-10,,1638.47,Vencido,202602
MEN00006819,ALU00569,2026-03-01,2026-03-10,2026-03-16,1646.92,Pago,202603
MEN00006820,ALU00569,2026-04-01,2026-04-10,2026-04-08,1607.51,Pago,202604
MEN00006821,ALU00569,2026-05-01,2026-05-10,2026-05-08,1606.55,Pago,202605
MEN00006822,ALU00569,2026-06-01,2026-06-10,2026-06-12,1624.42,Pago,202606
MEN00006823,ALU00569,2026-07-01,2026-07-10,2026-07-08,1622.75,Pago,202607
MEN00006824,ALU00569,2026-08-01,2026-08-10,,1697.4,Vencido,202608
MEN00006825,ALU00569,2026-09-01,2026-09-10,2026-09-15,1647.65,Pago,202609
MEN00006826,ALU00569,2026-10-01,2026-10-10,2026-10-10,1660.35,Pago,202610
MEN00006827,ALU00569,2026-11-01,2026-11-10,2026-11-09,1643.2,Pago,202611
MEN00006828,ALU00569,2026-12-01,2026-12-10,2026-12-14,1629.89,Pago,202612
MEN00006829,ALU00570,2026-01-01,2026-01-10,,1676.24,Em Aberto,202601
MEN00006830,ALU00570,2026-02-01,2026-02-10,2026-02-16,1637.67,Pago,202602
MEN00006831,ALU00570,2026-03-01,2026-03-10,2026-03-08,1624.94,Pago,202603
MEN00006832,ALU00570,2026-04-01,2026-04-10,2026-04-12,1643.31,Pago,202604
MEN00006833,ALU00570,2026-05-01,2026-05-10,,1634.96,Em Aberto,202605
MEN00006834,ALU00570,2026-06-01,2026-06-10,2026-06-13,1662.15,Pago,202606
MEN00006835,ALU00570,2026-07-01,2026-07-10,2026-07-16,1665.17,Pago,202607
MEN00006836,ALU00570,2026-08-01,2026-08-10,2026-08-07,1680.91,Pago,202608
MEN00006837,ALU00570,2026-09-01,2026-09-10,2026-09-12,1646.62,Pago,202609
MEN00006838,ALU00570,2026-10-01,2026-10-10,,1684.9,Vencido,202610
MEN00006839,ALU00570,2026-11-01,2026-11-10,2026-11-15,1670.83,Pago,202611
MEN00006840,ALU00570,2026-12-01,2026-12-10,2026-12-17,1689.79,Pago,202612
MEN00006841,ALU00571,2026-01-01,2026-01-10,,1623.01,Vencido,202601
MEN00006842,ALU00571,2026-02-01,2026-02-10,2026-02-12,1673.97,Pago,202602
MEN00006843,ALU00571,2026-03-01,2026-03-10,2026-03-13,1660.18,Pago,202603
MEN00006844,ALU00571,2026-04-01,2026-04-10,2026-04-07,1611.48,Pago,202604
MEN00006845,ALU00571,2026-05-01,2026-05-10,2026-05-12,1615.95,Pago,202605
MEN00006846,ALU00571,2026-06-01,2026-06-10,2026-06-10,1655.93,Pago,202606
MEN00006847,ALU00571,2026-07-01,2026-07-10,,1663.17,Em Aberto,202607
MEN00006848,ALU00571,2026-08-01,2026-08-10,,1611.92,Vencido,202608
MEN00006849,ALU00571,2026-09-01,2026-09-10,2026-09-16,1699.0,Pago,202609
MEN00006850,ALU00571,2026-10-01,2026-10-10,2026-10-07,1605.73,Pago,202610
MEN00006851,ALU00571,2026-11-01,2026-11-10,2026-11-14,1626.3,Pago,202611
MEN00006852,ALU00571,2026-12-01,2026-12-10,2026-12-10,1671.52,Pago,202612
MEN00006853,ALU00572,2026-01-01,2026-01-10,2026-01-10,1604.65,Pago,202601
MEN00006854,ALU00572,2026-02-01,2026-02-10,2026-02-07,1619.7,Pago,202602
MEN00006855,ALU00572,2026-03-01,2026-03-10,2026-03-11,1666.39,Pago,202603
MEN00006856,ALU00572,2026-04-01,2026-04-10,,1647.26,Em Aberto,202604
MEN00006857,ALU00572,2026-05-01,2026-05-10,2026-05-17,1611.36,Pago,202605
MEN00006858,ALU00572,2026-06-01,2026-06-10,,1687.67,Em Aberto,202606
MEN00006859,ALU00572,2026-07-01,2026-07-10,2026-07-12,1624.84,Pago,202607
MEN00006860,ALU00572,2026-08-01,2026-08-10,2026-08-18,1669.3,Pago,202608
MEN00006861,ALU00572,2026-09-01,2026-09-10,2026-09-07,1611.45,Pago,202609
MEN00006862,ALU00572,2026-10-01,2026-10-10,2026-10-11,1687.09,Pago,202610
MEN00006863,ALU00572,2026-11-01,2026-11-10,2026-11-09,1694.97,Pago,202611
MEN00006864,ALU00572,2026-12-01,2026-12-10,2026-12-16,1601.88,Pago,202612
MEN00006865,ALU00573,2026-01-01,2026-01-10,2026-01-07,1627.85,Pago,202601
MEN00006866,ALU00573,2026-02-01,2026-02-10,2026-02-08,1638.2,Pago,202602
MEN00006867,ALU00573,2026-03-01,2026-03-10,,1617.15,Vencido,202603
MEN00006868,ALU00573,2026-04-01,2026-04-10,2026-04-11,1600.8,Pago,202604
MEN00006869,ALU00573,2026-05-01,2026-05-10,,1684.72,Em Aberto,202605
MEN00006870,ALU00573,2026-06-01,2026-06-10,2026-06-15,1683.55,Pago,202606
MEN00006871,ALU00573,2026-07-01,2026-07-10,2026-07-18,1654.08,Pago,202607
MEN00006872,ALU00573,2026-08-01,2026-08-10,2026-08-11,1696.31,Pago,202608
MEN00006873,ALU00573,2026-09-01,2026-09-10,2026-09-13,1686.94,Pago,202609
MEN00006874,ALU00573,2026-10-01,2026-10-10,2026-10-14,1687.89,Pago,202610
MEN00006875,ALU00573,2026-11-01,2026-11-10,2026-11-12,1608.96,Pago,202611
MEN00006876,ALU00573,2026-12-01,2026-12-10,2026-12-16,1695.33,Pago,202612
MEN00006877,ALU00574,2026-01-01,2026-01-10,2026-01-10,1683.6,Pago,202601
MEN00006878,ALU00574,2026-02-01,2026-02-10,2026-02-09,1639.24,Pago,202602
MEN00006879,ALU00574,2026-03-01,2026-03-10,2026-03-18,1659.95,Pago,202603
MEN00006880,ALU00574,2026-04-01,2026-04-10,2026-04-09,1617.84,Pago,202604
MEN00006881,ALU00574,2026-05-01,2026-05-10,2026-05-08,1603.01,Pago,202605
MEN00006882,ALU00574,2026-06-01,2026-06-10,2026-06-09,1639.0,Pago,202606
MEN00006883,ALU00574,2026-07-01,2026-07-10,2026-07-10,1678.27,Pago,202607
MEN00006884,ALU00574,2026-08-01,2026-08-10,2026-08-09,1607.05,Pago,202608
MEN00006885,ALU00574,2026-09-01,2026-09-10,2026-09-15,1660.11,Pago,202609
MEN00006886,ALU00574,2026-10-01,2026-10-10,2026-10-08,1661.77,Pago,202610
MEN00006887,ALU00574,2026-11-01,2026-11-10,2026-11-18,1626.79,Pago,202611
MEN00006888,ALU00574,2026-12-01,2026-12-10,2026-12-16,1638.07,Pago,202612
MEN00006889,ALU00575,2026-01-01,2026-01-10,2026-01-10,1663.82,Pago,202601
MEN00006890,ALU00575,2026-02-01,2026-02-10,,1633.37,Em Aberto,202602
MEN00006891,ALU00575,2026-03-01,2026-03-10,2026-03-09,1665.8,Pago,202603
MEN00006892,ALU00575,2026-04-01,2026-04-10,2026-04-16,1641.22,Pago,202604
MEN00006893,ALU00575,2026-05-01,2026-05-10,2026-05-13,1643.52,Pago,202605
MEN00006894,ALU00575,2026-06-01,2026-06-10,2026-06-14,1678.06,Pago,202606
MEN00006895,ALU00575,2026-07-01,2026-07-10,2026-07-16,1662.41,Pago,202607
MEN00006896,ALU00575,2026-08-01,2026-08-10,2026-08-08,1635.95,Pago,202608
MEN00006897,ALU00575,2026-09-01,2026-09-10,2026-09-08,1694.28,Pago,202609
MEN00006898,ALU00575,2026-10-01,2026-10-10,2026-10-17,1635.26,Pago,202610
MEN00006899,ALU00575,2026-11-01,2026-11-10,2026-11-16,1633.1,Pago,202611
MEN00006900,ALU00575,2026-12-01,2026-12-10,2026-12-18,1637.85,Pago,202612
MEN00006901,ALU00576,2026-01-01,2026-01-10,2026-01-15,1610.3,Pago,202601
MEN00006902,ALU00576,2026-02-01,2026-02-10,2026-02-18,1641.45,Pago,202602
MEN00006903,ALU00576,2026-03-01,2026-03-10,2026-03-15,1625.16,Pago,202603
MEN00006904,ALU00576,2026-04-01,2026-04-10,,1608.43,Em Aberto,202604
MEN00006905,ALU00576,2026-05-01,2026-05-10,2026-05-16,1652.85,Pago,202605
MEN00006906,ALU00576,2026-06-01,2026-06-10,,1635.79,Vencido,202606
MEN00006907,ALU00576,2026-07-01,2026-07-10,2026-07-16,1648.16,Pago,202607
MEN00006908,ALU00576,2026-08-01,2026-08-10,,1653.18,Em Aberto,202608
MEN00006909,ALU00576,2026-09-01,2026-09-10,2026-09-10,1690.75,Pago,202609
MEN00006910,ALU00576,2026-10-01,2026-10-10,2026-10-17,1695.9,Pago,202610
MEN00006911,ALU00576,2026-11-01,2026-11-10,2026-11-08,1677.37,Pago,202611
MEN00006912,ALU00576,2026-12-01,2026-12-10,2026-12-08,1688.41,Pago,202612
MEN00006913,ALU00577,2026-01-01,2026-01-10,2026-01-09,1621.27,Pago,202601
MEN00006914,ALU00577,2026-02-01,2026-02-10,2026-02-07,1689.47,Pago,202602
MEN00006915,ALU00577,2026-03-01,2026-03-10,2026-03-14,1643.77,Pago,202603
MEN00006916,ALU00577,2026-04-01,2026-04-10,,1637.17,Em Aberto,202604
MEN00006917,ALU00577,2026-05-01,2026-05-10,2026-05-15,1600.82,Pago,202605
MEN00006918,ALU00577,2026-06-01,2026-06-10,2026-06-15,1612.94,Pago,202606
MEN00006919,ALU00577,2026-07-01,2026-07-10,2026-07-09,1657.51,Pago,202607
MEN00006920,ALU00577,2026-08-01,2026-08-10,2026-08-10,1653.76,Pago,202608
MEN00006921,ALU00577,2026-09-01,2026-09-10,2026-09-13,1662.3,Pago,202609
MEN00006922,ALU00577,2026-10-01,2026-10-10,2026-10-07,1604.44,Pago,202610
MEN00006923,ALU00577,2026-11-01,2026-11-10,2026-11-08,1646.77,Pago,202611
MEN00006924,ALU00577,2026-12-01,2026-12-10,2026-12-18,1665.27,Pago,202612
MEN00006925,ALU00578,2026-01-01,2026-01-10,,1664.84,Em Aberto,202601
MEN00006926,ALU00578,2026-02-01,2026-02-10,,1662.78,Vencido,202602
MEN00006927,ALU00578,2026-03-01,2026-03-10,2026-03-17,1647.74,Pago,202603
MEN00006928,ALU00578,2026-04-01,2026-04-10,,1650.74,Vencido,202604
MEN00006929,ALU00578,2026-05-01,2026-05-10,2026-05-12,1622.77,Pago,202605
MEN00006930,ALU00578,2026-06-01,2026-06-10,,1644.46,Vencido,202606
MEN00006931,ALU00578,2026-07-01,2026-07-10,,1600.65,Em Aberto,202607
MEN00006932,ALU00578,2026-08-01,2026-08-10,2026-08-14,1666.47,Pago,202608
MEN00006933,ALU00578,2026-09-01,2026-09-10,2026-09-07,1674.38,Pago,202609
MEN00006934,ALU00578,2026-10-01,2026-10-10,2026-10-10,1620.13,Pago,202610
MEN00006935,ALU00578,2026-11-01,2026-11-10,2026-11-08,1681.18,Pago,202611
MEN00006936,ALU00578,2026-12-01,2026-12-10,,1630.21,Vencido,202612
MEN00006937,ALU00579,2026-01-01,2026-01-10,2026-01-07,1643.74,Pago,202601
MEN00006938,ALU00579,2026-02-01,2026-02-10,2026-02-18,1666.42,Pago,202602
MEN00006939,ALU00579,2026-03-01,2026-03-10,2026-03-09,1685.04,Pago,202603
MEN00006940,ALU00579,2026-04-01,2026-04-10,2026-04-09,1615.73,Pago,202604
MEN00006941,ALU00579,2026-05-01,2026-05-10,2026-05-13,1670.58,Pago,202605
MEN00006942,ALU00579,2026-06-01,2026-06-10,,1637.72,Em Aberto,202606
MEN00006943,ALU00579,2026-07-01,2026-07-10,2026-07-12,1662.62,Pago,202607
MEN00006944,ALU00579,2026-08-01,2026-08-10,2026-08-17,1667.69,Pago,202608
MEN00006945,ALU00579,2026-09-01,2026-09-10,2026-09-15,1695.37,Pago,202609
MEN00006946,ALU00579,2026-10-01,2026-10-10,2026-10-11,1602.84,Pago,202610
MEN00006947,ALU00579,2026-11-01,2026-11-10,2026-11-12,1643.08,Pago,202611
MEN00006948,ALU00579,2026-12-01,2026-12-10,2026-12-17,1686.17,Pago,202612
MEN00006949,ALU00580,2026-01-01,2026-01-10,2026-01-17,1687.54,Pago,202601
MEN00006950,ALU00580,2026-02-01,2026-02-10,2026-02-11,1651.51,Pago,202602
MEN00006951,ALU00580,2026-03-01,2026-03-10,,1687.52,Em Aberto,202603
MEN00006952,ALU00580,2026-04-01,2026-04-10,2026-04-13,1652.42,Pago,202604
MEN00006953,ALU00580,2026-05-01,2026-05-10,2026-05-12,1664.9,Pago,202605
MEN00006954,ALU00580,2026-06-01,2026-06-10,2026-06-08,1665.05,Pago,202606
MEN00006955,ALU00580,2026-07-01,2026-07-10,2026-07-18,1689.44,Pago,202607
MEN00006956,ALU00580,2026-08-01,2026-08-10,2026-08-15,1697.38,Pago,202608
MEN00006957,ALU00580,2026-09-01,2026-09-10,2026-09-10,1684.51,Pago,202609
MEN00006958,ALU00580,2026-10-01,2026-10-10,2026-10-15,1696.9,Pago,202610
MEN00006959,ALU00580,2026-11-01,2026-11-10,,1651.2,Em Aberto,202611
MEN00006960,ALU00580,2026-12-01,2026-12-10,2026-12-10,1620.26,Pago,202612
MEN00006961,ALU00581,2026-01-01,2026-01-10,2026-01-15,1674.96,Pago,202601
MEN00006962,ALU00581,2026-02-01,2026-02-10,2026-02-15,1640.85,Pago,202602
MEN00006963,ALU00581,2026-03-01,2026-03-10,2026-03-09,1679.01,Pago,202603
MEN00006964,ALU00581,2026-04-01,2026-04-10,2026-04-16,1660.02,Pago,202604
MEN00006965,ALU00581,2026-05-01,2026-05-10,2026-05-18,1675.67,Pago,202605
MEN00006966,ALU00581,2026-06-01,2026-06-10,2026-06-18,1632.41,Pago,202606
MEN00006967,ALU00581,2026-07-01,2026-07-10,2026-07-17,1627.45,Pago,202607
MEN00006968,ALU00581,2026-08-01,2026-08-10,,1681.12,Em Aberto,202608
MEN00006969,ALU00581,2026-09-01,2026-09-10,2026-09-18,1601.93,Pago,202609
MEN00006970,ALU00581,2026-10-01,2026-10-10,2026-10-07,1684.06,Pago,202610
MEN00006971,ALU00581,2026-11-01,2026-11-10,2026-11-07,1634.7,Pago,202611
MEN00006972,ALU00581,2026-12-01,2026-12-10,2026-12-13,1609.76,Pago,202612
MEN00006973,ALU00582,2026-01-01,2026-01-10,2026-01-08,1678.7,Pago,202601
MEN00006974,ALU00582,2026-02-01,2026-02-10,2026-02-13,1674.25,Pago,202602
MEN00006975,ALU00582,2026-03-01,2026-03-10,2026-03-18,1639.74,Pago,202603
MEN00006976,ALU00582,2026-04-01,2026-04-10,2026-04-09,1607.24,Pago,202604
MEN00006977,ALU00582,2026-05-01,2026-05-10,2026-05-07,1651.56,Pago,202605
MEN00006978,ALU00582,2026-06-01,2026-06-10,2026-06-10,1659.36,Pago,202606
MEN00006979,ALU00582,2026-07-01,2026-07-10,2026-07-12,1690.35,Pago,202607
MEN00006980,ALU00582,2026-08-01,2026-08-10,,1639.35,Em Aberto,202608
MEN00006981,ALU00582,2026-09-01,2026-09-10,2026-09-17,1630.44,Pago,202609
MEN00006982,ALU00582,2026-10-01,2026-10-10,2026-10-14,1687.71,Pago,202610
MEN00006983,ALU00582,2026-11-01,2026-11-10,2026-11-15,1662.48,Pago,202611
MEN00006984,ALU00582,2026-12-01,2026-12-10,2026-12-15,1662.48,Pago,202612
MEN00006985,ALU00583,2026-01-01,2026-01-10,2026-01-14,1605.58,Pago,202601
MEN00006986,ALU00583,2026-02-01,2026-02-10,,1638.1,Vencido,202602
MEN00006987,ALU00583,2026-03-01,2026-03-10,2026-03-15,1642.35,Pago,202603
MEN00006988,ALU00583,2026-04-01,2026-04-10,2026-04-15,1616.98,Pago,202604
MEN00006989,ALU00583,2026-05-01,2026-05-10,2026-05-16,1619.39,Pago,202605
MEN00006990,ALU00583,2026-06-01,2026-06-10,2026-06-17,1630.59,Pago,202606
MEN00006991,ALU00583,2026-07-01,2026-07-10,2026-07-11,1641.61,Pago,202607
MEN00006992,ALU00583,2026-08-01,2026-08-10,2026-08-17,1644.67,Pago,202608
MEN00006993,ALU00583,2026-09-01,2026-09-10,2026-09-08,1601.55,Pago,202609
MEN00006994,ALU00583,2026-10-01,2026-10-10,,1632.56,Em Aberto,202610
MEN00006995,ALU00583,2026-11-01,2026-11-10,2026-11-11,1649.43,Pago,202611
MEN00006996,ALU00583,2026-12-01,2026-12-10,2026-12-15,1612.43,Pago,202612
MEN00006997,ALU00584,2026-01-01,2026-01-10,,1615.03,Em Aberto,202601
MEN00006998,ALU00584,2026-02-01,2026-02-10,2026-02-08,1668.34,Pago,202602
MEN00006999,ALU00584,2026-03-01,2026-03-10,2026-03-18,1644.07,Pago,202603
MEN00007000,ALU00584,2026-04-01,2026-04-10,2026-04-10,1680.74,Pago,202604
MEN00007001,ALU00584,2026-05-01,2026-05-10,2026-05-07,1683.28,Pago,202605
MEN00007002,ALU00584,2026-06-01,2026-06-10,2026-06-15,1645.73,Pago,202606
MEN00007003,ALU00584,2026-07-01,2026-07-10,2026-07-08,1675.26,Pago,202607
MEN00007004,ALU00584,2026-08-01,2026-08-10,2026-08-13,1642.41,Pago,202608
MEN00007005,ALU00584,2026-09-01,2026-09-10,2026-09-12,1641.21,Pago,202609
MEN00007006,ALU00584,2026-10-01,2026-10-10,,1669.32,Em Aberto,202610
MEN00007007,ALU00584,2026-11-01,2026-11-10,2026-11-11,1622.48,Pago,202611
MEN00007008,ALU00584,2026-12-01,2026-12-10,2026-12-18,1675.54,Pago,202612
MEN00007009,ALU00585,2026-01-01,2026-01-10,2026-01-13,1682.06,Pago,202601
MEN00007010,ALU00585,2026-02-01,2026-02-10,2026-02-09,1653.19,Pago,202602
MEN00007011,ALU00585,2026-03-01,2026-03-10,2026-03-07,1623.09,Pago,202603
MEN00007012,ALU00585,2026-04-01,2026-04-10,2026-04-10,1654.04,Pago,202604
MEN00007013,ALU00585,2026-05-01,2026-05-10,2026-05-10,1688.66,Pago,202605
MEN00007014,ALU00585,2026-06-01,2026-06-10,2026-06-13,1619.69,Pago,202606
MEN00007015,ALU00585,2026-07-01,2026-07-10,2026-07-11,1636.78,Pago,202607
MEN00007016,ALU00585,2026-08-01,2026-08-10,2026-08-12,1640.53,Pago,202608
MEN00007017,ALU00585,2026-09-01,2026-09-10,2026-09-18,1619.09,Pago,202609
MEN00007018,ALU00585,2026-10-01,2026-10-10,2026-10-16,1678.88,Pago,202610
MEN00007019,ALU00585,2026-11-01,2026-11-10,2026-11-13,1608.75,Pago,202611
MEN00007020,ALU00585,2026-12-01,2026-12-10,2026-12-15,1635.17,Pago,202612
MEN00007021,ALU00586,2026-01-01,2026-01-10,2026-01-12,1658.9,Pago,202601
MEN00007022,ALU00586,2026-02-01,2026-02-10,2026-02-10,1689.91,Pago,202602
MEN00007023,ALU00586,2026-03-01,2026-03-10,2026-03-12,1604.48,Pago,202603
MEN00007024,ALU00586,2026-04-01,2026-04-10,,1643.42,Em Aberto,202604
MEN00007025,ALU00586,2026-05-01,2026-05-10,2026-05-14,1682.15,Pago,202605
MEN00007026,ALU00586,2026-06-01,2026-06-10,2026-06-14,1629.48,Pago,202606
MEN00007027,ALU00586,2026-07-01,2026-07-10,,1612.68,Em Aberto,202607
MEN00007028,ALU00586,2026-08-01,2026-08-10,,1679.98,Em Aberto,202608
MEN00007029,ALU00586,2026-09-01,2026-09-10,2026-09-10,1696.93,Pago,202609
MEN00007030,ALU00586,2026-10-01,2026-10-10,2026-10-08,1680.27,Pago,202610
MEN00007031,ALU00586,2026-11-01,2026-11-10,2026-11-07,1648.53,Pago,202611
MEN00007032,ALU00586,2026-12-01,2026-12-10,2026-12-14,1630.63,Pago,202612
MEN00007033,ALU00587,2026-01-01,2026-01-10,2026-01-12,1601.31,Pago,202601
MEN00007034,ALU00587,2026-02-01,2026-02-10,2026-02-15,1641.66,Pago,202602
MEN00007035,ALU00587,2026-03-01,2026-03-10,2026-03-18,1632.36,Pago,202603
MEN00007036,ALU00587,2026-04-01,2026-04-10,2026-04-17,1617.2,Pago,202604
MEN00007037,ALU00587,2026-05-01,2026-05-10,2026-05-08,1673.89,Pago,202605
MEN00007038,ALU00587,2026-06-01,2026-06-10,2026-06-16,1685.63,Pago,202606
MEN00007039,ALU00587,2026-07-01,2026-07-10,2026-07-11,1648.28,Pago,202607
MEN00007040,ALU00587,2026-08-01,2026-08-10,2026-08-10,1693.28,Pago,202608
MEN00007041,ALU00587,2026-09-01,2026-09-10,2026-09-15,1689.61,Pago,202609
MEN00007042,ALU00587,2026-10-01,2026-10-10,2026-10-15,1690.93,Pago,202610
MEN00007043,ALU00587,2026-11-01,2026-11-10,2026-11-09,1651.53,Pago,202611
MEN00007044,ALU00587,2026-12-01,2026-12-10,2026-12-10,1660.12,Pago,202612
MEN00007045,ALU00588,2026-01-01,2026-01-10,2026-01-15,1687.3,Pago,202601
MEN00007046,ALU00588,2026-02-01,2026-02-10,,1689.67,Em Aberto,202602
MEN00007047,ALU00588,2026-03-01,2026-03-10,2026-03-16,1687.83,Pago,202603
MEN00007048,ALU00588,2026-04-01,2026-04-10,2026-04-15,1646.02,Pago,202604
MEN00007049,ALU00588,2026-05-01,2026-05-10,2026-05-09,1648.86,Pago,202605
MEN00007050,ALU00588,2026-06-01,2026-06-10,2026-06-15,1674.88,Pago,202606
MEN00007051,ALU00588,2026-07-01,2026-07-10,2026-07-10,1679.76,Pago,202607
MEN00007052,ALU00588,2026-08-01,2026-08-10,2026-08-11,1682.22,Pago,202608
MEN00007053,ALU00588,2026-09-01,2026-09-10,2026-09-11,1628.85,Pago,202609
MEN00007054,ALU00588,2026-10-01,2026-10-10,2026-10-12,1651.87,Pago,202610
MEN00007055,ALU00588,2026-11-01,2026-11-10,,1654.14,Em Aberto,202611
MEN00007056,ALU00588,2026-12-01,2026-12-10,2026-12-11,1617.81,Pago,202612
MEN00007057,ALU00589,2026-01-01,2026-01-10,2026-01-14,1680.46,Pago,202601
MEN00007058,ALU00589,2026-02-01,2026-02-10,,1607.95,Em Aberto,202602
MEN00007059,ALU00589,2026-03-01,2026-03-10,,1650.69,Vencido,202603
MEN00007060,ALU00589,2026-04-01,2026-04-10,2026-04-09,1642.99,Pago,202604
MEN00007061,ALU00589,2026-05-01,2026-05-10,2026-05-09,1671.58,Pago,202605
MEN00007062,ALU00589,2026-06-01,2026-06-10,2026-06-16,1601.9,Pago,202606
MEN00007063,ALU00589,2026-07-01,2026-07-10,2026-07-14,1621.84,Pago,202607
MEN00007064,ALU00589,2026-08-01,2026-08-10,2026-08-13,1623.62,Pago,202608
MEN00007065,ALU00589,2026-09-01,2026-09-10,2026-09-15,1691.23,Pago,202609
MEN00007066,ALU00589,2026-10-01,2026-10-10,2026-10-13,1688.86,Pago,202610
MEN00007067,ALU00589,2026-11-01,2026-11-10,2026-11-16,1605.79,Pago,202611
MEN00007068,ALU00589,2026-12-01,2026-12-10,2026-12-10,1626.68,Pago,202612
MEN00007069,ALU00590,2026-01-01,2026-01-10,2026-01-10,1607.76,Pago,202601
MEN00007070,ALU00590,2026-02-01,2026-02-10,2026-02-15,1672.02,Pago,202602
MEN00007071,ALU00590,2026-03-01,2026-03-10,2026-03-08,1601.08,Pago,202603
MEN00007072,ALU00590,2026-04-01,2026-04-10,2026-04-15,1676.0,Pago,202604
MEN00007073,ALU00590,2026-05-01,2026-05-10,2026-05-08,1626.87,Pago,202605
MEN00007074,ALU00590,2026-06-01,2026-06-10,,1648.17,Em Aberto,202606
MEN00007075,ALU00590,2026-07-01,2026-07-10,,1698.81,Em Aberto,202607
MEN00007076,ALU00590,2026-08-01,2026-08-10,2026-08-10,1691.67,Pago,202608
MEN00007077,ALU00590,2026-09-01,2026-09-10,,1667.74,Vencido,202609
MEN00007078,ALU00590,2026-10-01,2026-10-10,2026-10-09,1656.97,Pago,202610
MEN00007079,ALU00590,2026-11-01,2026-11-10,2026-11-16,1614.35,Pago,202611
MEN00007080,ALU00590,2026-12-01,2026-12-10,,1645.24,Em Aberto,202612
MEN00007081,ALU00591,2026-01-01,2026-01-10,2026-01-16,1643.74,Pago,202601
MEN00007082,ALU00591,2026-02-01,2026-02-10,2026-02-10,1616.88,Pago,202602
MEN00007083,ALU00591,2026-03-01,2026-03-10,2026-03-10,1670.58,Pago,202603
MEN00007084,ALU00591,2026-04-01,2026-04-10,,1603.1,Em Aberto,202604
MEN00007085,ALU00591,2026-05-01,2026-05-10,2026-05-10,1653.54,Pago,202605
MEN00007086,ALU00591,2026-06-01,2026-06-10,2026-06-07,1675.85,Pago,202606
MEN00007087,ALU00591,2026-07-01,2026-07-10,2026-07-12,1629.91,Pago,202607
MEN00007088,ALU00591,2026-08-01,2026-08-10,2026-08-11,1619.33,Pago,202608
MEN00007089,ALU00591,2026-09-01,2026-09-10,,1689.01,Em Aberto,202609
MEN00007090,ALU00591,2026-10-01,2026-10-10,2026-10-09,1625.55,Pago,202610
MEN00007091,ALU00591,2026-11-01,2026-11-10,2026-11-13,1646.61,Pago,202611
MEN00007092,ALU00591,2026-12-01,2026-12-10,2026-12-18,1698.04,Pago,202612
MEN00007093,ALU00592,2026-01-01,2026-01-10,2026-01-07,1673.89,Pago,202601
MEN00007094,ALU00592,2026-02-01,2026-02-10,2026-02-17,1646.43,Pago,202602
MEN00007095,ALU00592,2026-03-01,2026-03-10,2026-03-15,1609.92,Pago,202603
MEN00007096,ALU00592,2026-04-01,2026-04-10,,1690.7,Em Aberto,202604
MEN00007097,ALU00592,2026-05-01,2026-05-10,2026-05-17,1691.41,Pago,202605
MEN00007098,ALU00592,2026-06-01,2026-06-10,2026-06-17,1662.05,Pago,202606
MEN00007099,ALU00592,2026-07-01,2026-07-10,2026-07-08,1612.83,Pago,202607
MEN00007100,ALU00592,2026-08-01,2026-08-10,2026-08-18,1683.06,Pago,202608
MEN00007101,ALU00592,2026-09-01,2026-09-10,2026-09-10,1672.19,Pago,202609
MEN00007102,ALU00592,2026-10-01,2026-10-10,2026-10-11,1684.98,Pago,202610
MEN00007103,ALU00592,2026-11-01,2026-11-10,,1671.31,Vencido,202611
MEN00007104,ALU00592,2026-12-01,2026-12-10,2026-12-07,1669.84,Pago,202612
MEN00007105,ALU00593,2026-01-01,2026-01-10,2026-01-08,1691.55,Pago,202601
MEN00007106,ALU00593,2026-02-01,2026-02-10,2026-02-10,1627.66,Pago,202602
MEN00007107,ALU00593,2026-03-01,2026-03-10,,1673.09,Vencido,202603
MEN00007108,ALU00593,2026-04-01,2026-04-10,2026-04-17,1607.82,Pago,202604
MEN00007109,ALU00593,2026-05-01,2026-05-10,2026-05-12,1634.42,Pago,202605
MEN00007110,ALU00593,2026-06-01,2026-06-10,,1623.98,Vencido,202606
MEN00007111,ALU00593,2026-07-01,2026-07-10,2026-07-10,1664.37,Pago,202607
MEN00007112,ALU00593,2026-08-01,2026-08-10,2026-08-14,1686.68,Pago,202608
MEN00007113,ALU00593,2026-09-01,2026-09-10,,1625.61,Vencido,202609
MEN00007114,ALU00593,2026-10-01,2026-10-10,2026-10-15,1668.4,Pago,202610
MEN00007115,ALU00593,2026-11-01,2026-11-10,2026-11-09,1612.6,Pago,202611
MEN00007116,ALU00593,2026-12-01,2026-12-10,2026-12-09,1660.57,Pago,202612
MEN00007117,ALU00594,2026-01-01,2026-01-10,2026-01-08,1637.44,Pago,202601
MEN00007118,ALU00594,2026-02-01,2026-02-10,2026-02-16,1620.58,Pago,202602
MEN00007119,ALU00594,2026-03-01,2026-03-10,2026-03-10,1680.4,Pago,202603
MEN00007120,ALU00594,2026-04-01,2026-04-10,2026-04-08,1625.58,Pago,202604
MEN00007121,ALU00594,2026-05-01,2026-05-10,2026-05-13,1632.0,Pago,202605
MEN00007122,ALU00594,2026-06-01,2026-06-10,2026-06-16,1624.99,Pago,202606
MEN00007123,ALU00594,2026-07-01,2026-07-10,2026-07-07,1675.54,Pago,202607
MEN00007124,ALU00594,2026-08-01,2026-08-10,2026-08-12,1633.08,Pago,202608
MEN00007125,ALU00594,2026-09-01,2026-09-10,2026-09-17,1611.46,Pago,202609
MEN00007126,ALU00594,2026-10-01,2026-10-10,2026-10-16,1607.01,Pago,202610
MEN00007127,ALU00594,2026-11-01,2026-11-10,2026-11-07,1647.16,Pago,202611
MEN00007128,ALU00594,2026-12-01,2026-12-10,2026-12-10,1645.18,Pago,202612
MEN00007129,ALU00595,2026-01-01,2026-01-10,2026-01-07,1623.14,Pago,202601
MEN00007130,ALU00595,2026-02-01,2026-02-10,,1659.88,Vencido,202602
MEN00007131,ALU00595,2026-03-01,2026-03-10,,1672.48,Em Aberto,202603
MEN00007132,ALU00595,2026-04-01,2026-04-10,2026-04-16,1646.16,Pago,202604
MEN00007133,ALU00595,2026-05-01,2026-05-10,,1669.36,Em Aberto,202605
MEN00007134,ALU00595,2026-06-01,2026-06-10,2026-06-08,1674.68,Pago,202606
MEN00007135,ALU00595,2026-07-01,2026-07-10,2026-07-08,1672.19,Pago,202607
MEN00007136,ALU00595,2026-08-01,2026-08-10,2026-08-12,1627.26,Pago,202608
MEN00007137,ALU00595,2026-09-01,2026-09-10,2026-09-10,1675.13,Pago,202609
MEN00007138,ALU00595,2026-10-01,2026-10-10,,1626.66,Em Aberto,202610
MEN00007139,ALU00595,2026-11-01,2026-11-10,2026-11-13,1618.36,Pago,202611
MEN00007140,ALU00595,2026-12-01,2026-12-10,2026-12-10,1620.38,Pago,202612
MEN00007141,ALU00596,2026-01-01,2026-01-10,,1657.14,Vencido,202601
MEN00007142,ALU00596,2026-02-01,2026-02-10,2026-02-11,1691.85,Pago,202602
MEN00007143,ALU00596,2026-03-01,2026-03-10,2026-03-14,1641.44,Pago,202603
MEN00007144,ALU00596,2026-04-01,2026-04-10,2026-04-08,1693.8,Pago,202604
MEN00007145,ALU00596,2026-05-01,2026-05-10,,1616.79,Vencido,202605
MEN00007146,ALU00596,2026-06-01,2026-06-10,,1643.01,Vencido,202606
MEN00007147,ALU00596,2026-07-01,2026-07-10,2026-07-15,1671.84,Pago,202607
MEN00007148,ALU00596,2026-08-01,2026-08-10,2026-08-10,1629.9,Pago,202608
MEN00007149,ALU00596,2026-09-01,2026-09-10,2026-09-12,1689.06,Pago,202609
MEN00007150,ALU00596,2026-10-01,2026-10-10,2026-10-09,1620.02,Pago,202610
MEN00007151,ALU00596,2026-11-01,2026-11-10,2026-11-07,1642.3,Pago,202611
MEN00007152,ALU00596,2026-12-01,2026-12-10,2026-12-09,1679.44,Pago,202612
MEN00007153,ALU00597,2026-01-01,2026-01-10,2026-01-08,1612.7,Pago,202601
MEN00007154,ALU00597,2026-02-01,2026-02-10,,1641.21,Em Aberto,202602
MEN00007155,ALU00597,2026-03-01,2026-03-10,2026-03-17,1646.24,Pago,202603
MEN00007156,ALU00597,2026-04-01,2026-04-10,2026-04-13,1664.25,Pago,202604
MEN00007157,ALU00597,2026-05-01,2026-05-10,,1642.86,Em Aberto,202605
MEN00007158,ALU00597,2026-06-01,2026-06-10,2026-06-09,1635.97,Pago,202606
MEN00007159,ALU00597,2026-07-01,2026-07-10,2026-07-12,1608.65,Pago,202607
MEN00007160,ALU00597,2026-08-01,2026-08-10,2026-08-10,1641.37,Pago,202608
MEN00007161,ALU00597,2026-09-01,2026-09-10,2026-09-17,1699.14,Pago,202609
MEN00007162,ALU00597,2026-10-01,2026-10-10,2026-10-16,1657.64,Pago,202610
MEN00007163,ALU00597,2026-11-01,2026-11-10,2026-11-15,1654.46,Pago,202611
MEN00007164,ALU00597,2026-12-01,2026-12-10,2026-12-09,1650.99,Pago,202612
MEN00007165,ALU00598,2026-01-01,2026-01-10,2026-01-17,1660.73,Pago,202601
MEN00007166,ALU00598,2026-02-01,2026-02-10,2026-02-09,1648.73,Pago,202602
MEN00007167,ALU00598,2026-03-01,2026-03-10,2026-03-09,1632.34,Pago,202603
MEN00007168,ALU00598,2026-04-01,2026-04-10,,1657.28,Vencido,202604
MEN00007169,ALU00598,2026-05-01,2026-05-10,,1666.24,Em Aberto,202605
MEN00007170,ALU00598,2026-06-01,2026-06-10,2026-06-15,1611.79,Pago,202606
MEN00007171,ALU00598,2026-07-01,2026-07-10,,1687.1,Vencido,202607
MEN00007172,ALU00598,2026-08-01,2026-08-10,2026-08-18,1612.4,Pago,202608
MEN00007173,ALU00598,2026-09-01,2026-09-10,2026-09-07,1654.71,Pago,202609
MEN00007174,ALU00598,2026-10-01,2026-10-10,2026-10-12,1626.57,Pago,202610
MEN00007175,ALU00598,2026-11-01,2026-11-10,,1695.4,Em Aberto,202611
MEN00007176,ALU00598,2026-12-01,2026-12-10,2026-12-12,1607.12,Pago,202612
MEN00007177,ALU00599,2026-01-01,2026-01-10,2026-01-14,1652.65,Pago,202601
MEN00007178,ALU00599,2026-02-01,2026-02-10,2026-02-17,1639.38,Pago,202602
MEN00007179,ALU00599,2026-03-01,2026-03-10,2026-03-08,1678.46,Pago,202603
MEN00007180,ALU00599,2026-04-01,2026-04-10,2026-04-12,1608.85,Pago,202604
MEN00007181,ALU00599,2026-05-01,2026-05-10,,1636.27,Em Aberto,202605
MEN00007182,ALU00599,2026-06-01,2026-06-10,2026-06-17,1652.42,Pago,202606
MEN00007183,ALU00599,2026-07-01,2026-07-10,2026-07-11,1616.11,Pago,202607
MEN00007184,ALU00599,2026-08-01,2026-08-10,2026-08-11,1692.67,Pago,202608
MEN00007185,ALU00599,2026-09-01,2026-09-10,2026-09-13,1676.18,Pago,202609
MEN00007186,ALU00599,2026-10-01,2026-10-10,2026-10-08,1685.33,Pago,202610
MEN00007187,ALU00599,2026-11-01,2026-11-10,2026-11-15,1648.58,Pago,202611
MEN00007188,ALU00599,2026-12-01,2026-12-10,2026-12-16,1655.13,Pago,202612
MEN00007189,ALU00600,2026-01-01,2026-01-10,2026-01-15,1693.08,Pago,202601
MEN00007190,ALU00600,2026-02-01,2026-02-10,2026-02-16,1624.76,Pago,202602
MEN00007191,ALU00600,2026-03-01,2026-03-10,2026-03-16,1654.3,Pago,202603
MEN00007192,ALU00600,2026-04-01,2026-04-10,2026-04-13,1671.51,Pago,202604
MEN00007193,ALU00600,2026-05-01,2026-05-10,2026-05-13,1676.97,Pago,202605
MEN00007194,ALU00600,2026-06-01,2026-06-10,2026-06-15,1692.53,Pago,202606
MEN00007195,ALU00600,2026-07-01,2026-07-10,2026-07-15,1661.3,Pago,202607
MEN00007196,ALU00600,2026-08-01,2026-08-10,2026-08-13,1610.74,Pago,202608
MEN00007197,ALU00600,2026-09-01,2026-09-10,,1628.57,Vencido,202609
MEN00007198,ALU00600,2026-10-01,2026-10-10,2026-10-08,1688.08,Pago,202610
MEN00007199,ALU00600,2026-11-01,2026-11-10,2026-11-08,1634.34,Pago,202611
MEN00007200,ALU00600,2026-12-01,2026-12-10,2026-12-09,1659.44,Pago,202612
MEN00007201,ALU00601,2026-01-01,2026-01-10,2026-01-11,1647.91,Pago,202601
MEN00007202,ALU00601,2026-02-01,2026-02-10,,1647.18,Em Aberto,202602
MEN00007203,ALU00601,2026-03-01,2026-03-10,2026-03-10,1657.62,Pago,202603
MEN00007204,ALU00601,2026-04-01,2026-04-10,2026-04-10,1605.39,Pago,202604
MEN00007205,ALU00601,2026-05-01,2026-05-10,2026-05-07,1626.01,Pago,202605
MEN00007206,ALU00601,2026-06-01,2026-06-10,2026-06-10,1675.48,Pago,202606
MEN00007207,ALU00601,2026-07-01,2026-07-10,,1666.6,Em Aberto,202607
MEN00007208,ALU00601,2026-08-01,2026-08-10,2026-08-13,1642.89,Pago,202608
MEN00007209,ALU00601,2026-09-01,2026-09-10,2026-09-11,1616.67,Pago,202609
MEN00007210,ALU00601,2026-10-01,2026-10-10,2026-10-16,1629.9,Pago,202610
MEN00007211,ALU00601,2026-11-01,2026-11-10,,1607.86,Em Aberto,202611
MEN00007212,ALU00601,2026-12-01,2026-12-10,2026-12-13,1614.43,Pago,202612
MEN00007213,ALU00602,2026-01-01,2026-01-10,2026-01-12,1667.56,Pago,202601
MEN00007214,ALU00602,2026-02-01,2026-02-10,,1624.73,Em Aberto,202602
MEN00007215,ALU00602,2026-03-01,2026-03-10,,1661.23,Vencido,202603
MEN00007216,ALU00602,2026-04-01,2026-04-10,2026-04-18,1645.53,Pago,202604
MEN00007217,ALU00602,2026-05-01,2026-05-10,2026-05-09,1634.83,Pago,202605
MEN00007218,ALU00602,2026-06-01,2026-06-10,2026-06-12,1677.62,Pago,202606
MEN00007219,ALU00602,2026-07-01,2026-07-10,2026-07-08,1639.25,Pago,202607
MEN00007220,ALU00602,2026-08-01,2026-08-10,2026-08-07,1631.42,Pago,202608
MEN00007221,ALU00602,2026-09-01,2026-09-10,2026-09-18,1676.04,Pago,202609
MEN00007222,ALU00602,2026-10-01,2026-10-10,2026-10-18,1612.93,Pago,202610
MEN00007223,ALU00602,2026-11-01,2026-11-10,2026-11-07,1638.2,Pago,202611
MEN00007224,ALU00602,2026-12-01,2026-12-10,2026-12-15,1690.76,Pago,202612
MEN00007225,ALU00603,2026-01-01,2026-01-10,2026-01-17,1681.89,Pago,202601
MEN00007226,ALU00603,2026-02-01,2026-02-10,2026-02-18,1635.14,Pago,202602
MEN00007227,ALU00603,2026-03-01,2026-03-10,2026-03-17,1666.59,Pago,202603
MEN00007228,ALU00603,2026-04-01,2026-04-10,2026-04-10,1633.2,Pago,202604
MEN00007229,ALU00603,2026-05-01,2026-05-10,2026-05-13,1666.07,Pago,202605
MEN00007230,ALU00603,2026-06-01,2026-06-10,,1621.02,Vencido,202606
MEN00007231,ALU00603,2026-07-01,2026-07-10,2026-07-11,1629.21,Pago,202607
MEN00007232,ALU00603,2026-08-01,2026-08-10,2026-08-13,1686.66,Pago,202608
MEN00007233,ALU00603,2026-09-01,2026-09-10,2026-09-11,1643.66,Pago,202609
MEN00007234,ALU00603,2026-10-01,2026-10-10,2026-10-16,1689.97,Pago,202610
MEN00007235,ALU00603,2026-11-01,2026-11-10,2026-11-13,1649.65,Pago,202611
MEN00007236,ALU00603,2026-12-01,2026-12-10,2026-12-12,1671.58,Pago,202612
MEN00007237,ALU00604,2026-01-01,2026-01-10,2026-01-09,1672.0,Pago,202601
MEN00007238,ALU00604,2026-02-01,2026-02-10,2026-02-16,1625.56,Pago,202602
MEN00007239,ALU00604,2026-03-01,2026-03-10,2026-03-12,1633.42,Pago,202603
MEN00007240,ALU00604,2026-04-01,2026-04-10,2026-04-11,1653.2,Pago,202604
MEN00007241,ALU00604,2026-05-01,2026-05-10,,1603.67,Em Aberto,202605
MEN00007242,ALU00604,2026-06-01,2026-06-10,2026-06-08,1632.0,Pago,202606
MEN00007243,ALU00604,2026-07-01,2026-07-10,2026-07-18,1603.67,Pago,202607
MEN00007244,ALU00604,2026-08-01,2026-08-10,2026-08-15,1670.64,Pago,202608
MEN00007245,ALU00604,2026-09-01,2026-09-10,2026-09-07,1691.34,Pago,202609
MEN00007246,ALU00604,2026-10-01,2026-10-10,2026-10-09,1654.1,Pago,202610
MEN00007247,ALU00604,2026-11-01,2026-11-10,2026-11-15,1626.97,Pago,202611
MEN00007248,ALU00604,2026-12-01,2026-12-10,2026-12-11,1609.1,Pago,202612
MEN00007249,ALU00605,2026-01-01,2026-01-10,2026-01-14,1673.99,Pago,202601
MEN00007250,ALU00605,2026-02-01,2026-02-10,2026-02-12,1639.35,Pago,202602
MEN00007251,ALU00605,2026-03-01,2026-03-10,2026-03-16,1608.2,Pago,202603
MEN00007252,ALU00605,2026-04-01,2026-04-10,2026-04-14,1688.03,Pago,202604
MEN00007253,ALU00605,2026-05-01,2026-05-10,2026-05-11,1663.29,Pago,202605
MEN00007254,ALU00605,2026-06-01,2026-06-10,2026-06-10,1672.34,Pago,202606
MEN00007255,ALU00605,2026-07-01,2026-07-10,2026-07-11,1656.74,Pago,202607
MEN00007256,ALU00605,2026-08-01,2026-08-10,2026-08-16,1677.51,Pago,202608
MEN00007257,ALU00605,2026-09-01,2026-09-10,2026-09-15,1617.9,Pago,202609
MEN00007258,ALU00605,2026-10-01,2026-10-10,2026-10-08,1678.62,Pago,202610
MEN00007259,ALU00605,2026-11-01,2026-11-10,2026-11-09,1643.6,Pago,202611
MEN00007260,ALU00605,2026-12-01,2026-12-10,2026-12-17,1650.83,Pago,202612
MEN00007261,ALU00606,2026-01-01,2026-01-10,2026-01-09,1653.25,Pago,202601
MEN00007262,ALU00606,2026-02-01,2026-02-10,2026-02-12,1688.11,Pago,202602
MEN00007263,ALU00606,2026-03-01,2026-03-10,2026-03-10,1677.67,Pago,202603
MEN00007264,ALU00606,2026-04-01,2026-04-10,2026-04-11,1645.24,Pago,202604
MEN00007265,ALU00606,2026-05-01,2026-05-10,2026-05-07,1674.52,Pago,202605
MEN00007266,ALU00606,2026-06-01,2026-06-10,2026-06-17,1673.29,Pago,202606
MEN00007267,ALU00606,2026-07-01,2026-07-10,2026-07-17,1641.67,Pago,202607
MEN00007268,ALU00606,2026-08-01,2026-08-10,2026-08-17,1651.97,Pago,202608
MEN00007269,ALU00606,2026-09-01,2026-09-10,2026-09-09,1694.24,Pago,202609
MEN00007270,ALU00606,2026-10-01,2026-10-10,,1609.57,Vencido,202610
MEN00007271,ALU00606,2026-11-01,2026-11-10,2026-11-16,1651.84,Pago,202611
MEN00007272,ALU00606,2026-12-01,2026-12-10,2026-12-13,1672.35,Pago,202612
MEN00007273,ALU00607,2026-01-01,2026-01-10,,1613.16,Vencido,202601
MEN00007274,ALU00607,2026-02-01,2026-02-10,2026-02-12,1600.64,Pago,202602
MEN00007275,ALU00607,2026-03-01,2026-03-10,2026-03-15,1608.73,Pago,202603
MEN00007276,ALU00607,2026-04-01,2026-04-10,,1677.56,Em Aberto,202604
MEN00007277,ALU00607,2026-05-01,2026-05-10,2026-05-14,1659.24,Pago,202605
MEN00007278,ALU00607,2026-06-01,2026-06-10,2026-06-13,1624.44,Pago,202606
MEN00007279,ALU00607,2026-07-01,2026-07-10,2026-07-11,1687.9,Pago,202607
MEN00007280,ALU00607,2026-08-01,2026-08-10,,1615.61,Vencido,202608
MEN00007281,ALU00607,2026-09-01,2026-09-10,2026-09-07,1695.27,Pago,202609
MEN00007282,ALU00607,2026-10-01,2026-10-10,2026-10-18,1628.82,Pago,202610
MEN00007283,ALU00607,2026-11-01,2026-11-10,2026-11-13,1610.62,Pago,202611
MEN00007284,ALU00607,2026-12-01,2026-12-10,2026-12-08,1630.33,Pago,202612
MEN00007285,ALU00608,2026-01-01,2026-01-10,2026-01-08,1649.07,Pago,202601
MEN00007286,ALU00608,2026-02-01,2026-02-10,2026-02-08,1643.41,Pago,202602
MEN00007287,ALU00608,2026-03-01,2026-03-10,2026-03-07,1629.33,Pago,202603
MEN00007288,ALU00608,2026-04-01,2026-04-10,2026-04-13,1660.52,Pago,202604
MEN00007289,ALU00608,2026-05-01,2026-05-10,,1635.05,Em Aberto,202605
MEN00007290,ALU00608,2026-06-01,2026-06-10,2026-06-08,1672.77,Pago,202606
MEN00007291,ALU00608,2026-07-01,2026-07-10,2026-07-17,1681.2,Pago,202607
MEN00007292,ALU00608,2026-08-01,2026-08-10,2026-08-17,1679.18,Pago,202608
MEN00007293,ALU00608,2026-09-01,2026-09-10,2026-09-17,1622.4,Pago,202609
MEN00007294,ALU00608,2026-10-01,2026-10-10,2026-10-16,1689.64,Pago,202610
MEN00007295,ALU00608,2026-11-01,2026-11-10,2026-11-07,1663.95,Pago,202611
MEN00007296,ALU00608,2026-12-01,2026-12-10,2026-12-10,1696.56,Pago,202612
MEN00007297,ALU00609,2026-01-01,2026-01-10,2026-01-09,1628.28,Pago,202601
MEN00007298,ALU00609,2026-02-01,2026-02-10,2026-02-15,1637.12,Pago,202602
MEN00007299,ALU00609,2026-03-01,2026-03-10,2026-03-09,1628.49,Pago,202603
MEN00007300,ALU00609,2026-04-01,2026-04-10,2026-04-10,1658.66,Pago,202604
MEN00007301,ALU00609,2026-05-01,2026-05-10,,1692.8,Vencido,202605
MEN00007302,ALU00609,2026-06-01,2026-06-10,2026-06-08,1616.64,Pago,202606
MEN00007303,ALU00609,2026-07-01,2026-07-10,2026-07-14,1616.51,Pago,202607
MEN00007304,ALU00609,2026-08-01,2026-08-10,2026-08-16,1639.91,Pago,202608
MEN00007305,ALU00609,2026-09-01,2026-09-10,,1679.19,Em Aberto,202609
MEN00007306,ALU00609,2026-10-01,2026-10-10,,1663.6,Em Aberto,202610
MEN00007307,ALU00609,2026-11-01,2026-11-10,2026-11-11,1652.29,Pago,202611
MEN00007308,ALU00609,2026-12-01,2026-12-10,,1649.74,Vencido,202612
MEN00007309,ALU00610,2026-01-01,2026-01-10,2026-01-10,1633.36,Pago,202601
MEN00007310,ALU00610,2026-02-01,2026-02-10,2026-02-14,1682.37,Pago,202602
MEN00007311,ALU00610,2026-03-01,2026-03-10,2026-03-18,1622.58,Pago,202603
MEN00007312,ALU00610,2026-04-01,2026-04-10,2026-04-13,1693.8,Pago,202604
MEN00007313,ALU00610,2026-05-01,2026-05-10,2026-05-07,1620.35,Pago,202605
MEN00007314,ALU00610,2026-06-01,2026-06-10,2026-06-13,1657.23,Pago,202606
MEN00007315,ALU00610,2026-07-01,2026-07-10,2026-07-12,1645.73,Pago,202607
MEN00007316,ALU00610,2026-08-01,2026-08-10,2026-08-11,1656.11,Pago,202608
MEN00007317,ALU00610,2026-09-01,2026-09-10,2026-09-07,1631.98,Pago,202609
MEN00007318,ALU00610,2026-10-01,2026-10-10,2026-10-17,1642.72,Pago,202610
MEN00007319,ALU00610,2026-11-01,2026-11-10,2026-11-12,1667.46,Pago,202611
MEN00007320,ALU00610,2026-12-01,2026-12-10,2026-12-18,1691.58,Pago,202612
MEN00007321,ALU00611,2026-01-01,2026-01-10,2026-01-09,1618.04,Pago,202601
MEN00007322,ALU00611,2026-02-01,2026-02-10,2026-02-09,1610.07,Pago,202602
MEN00007323,ALU00611,2026-03-01,2026-03-10,,1682.33,Vencido,202603
MEN00007324,ALU00611,2026-04-01,2026-04-10,,1696.23,Vencido,202604
MEN00007325,ALU00611,2026-05-01,2026-05-10,2026-05-12,1665.3,Pago,202605
MEN00007326,ALU00611,2026-06-01,2026-06-10,,1656.36,Em Aberto,202606
MEN00007327,ALU00611,2026-07-01,2026-07-10,2026-07-07,1604.32,Pago,202607
MEN00007328,ALU00611,2026-08-01,2026-08-10,2026-08-17,1691.99,Pago,202608
MEN00007329,ALU00611,2026-09-01,2026-09-10,2026-09-16,1607.19,Pago,202609
MEN00007330,ALU00611,2026-10-01,2026-10-10,,1640.56,Vencido,202610
MEN00007331,ALU00611,2026-11-01,2026-11-10,,1638.04,Vencido,202611
MEN00007332,ALU00611,2026-12-01,2026-12-10,2026-12-17,1666.75,Pago,202612
MEN00007333,ALU00612,2026-01-01,2026-01-10,2026-01-13,1853.67,Pago,202601
MEN00007334,ALU00612,2026-02-01,2026-02-10,,1877.53,Em Aberto,202602
MEN00007335,ALU00612,2026-03-01,2026-03-10,2026-03-07,1900.41,Pago,202603
MEN00007336,ALU00612,2026-04-01,2026-04-10,2026-04-16,1884.62,Pago,202604
MEN00007337,ALU00612,2026-05-01,2026-05-10,2026-05-13,1848.41,Pago,202605
MEN00007338,ALU00612,2026-06-01,2026-06-10,2026-06-13,1839.61,Pago,202606
MEN00007339,ALU00612,2026-07-01,2026-07-10,,1876.64,Em Aberto,202607
MEN00007340,ALU00612,2026-08-01,2026-08-10,2026-08-13,1822.9,Pago,202608
MEN00007341,ALU00612,2026-09-01,2026-09-10,2026-09-16,1851.38,Pago,202609
MEN00007342,ALU00612,2026-10-01,2026-10-10,2026-10-17,1873.04,Pago,202610
MEN00007343,ALU00612,2026-11-01,2026-11-10,2026-11-10,1843.03,Pago,202611
MEN00007344,ALU00612,2026-12-01,2026-12-10,2026-12-14,1795.9,Pago,202612
MEN00007345,ALU00613,2026-01-01,2026-01-10,2026-01-15,1825.98,Pago,202601
MEN00007346,ALU00613,2026-02-01,2026-02-10,2026-02-08,1891.58,Pago,202602
MEN00007347,ALU00613,2026-03-01,2026-03-10,,1796.52,Em Aberto,202603
MEN00007348,ALU00613,2026-04-01,2026-04-10,,1892.25,Vencido,202604
MEN00007349,ALU00613,2026-05-01,2026-05-10,,1892.87,Em Aberto,202605
MEN00007350,ALU00613,2026-06-01,2026-06-10,2026-06-17,1833.24,Pago,202606
MEN00007351,ALU00613,2026-07-01,2026-07-10,2026-07-08,1861.15,Pago,202607
MEN00007352,ALU00613,2026-08-01,2026-08-10,2026-08-07,1862.92,Pago,202608
MEN00007353,ALU00613,2026-09-01,2026-09-10,2026-09-15,1896.22,Pago,202609
MEN00007354,ALU00613,2026-10-01,2026-10-10,2026-10-15,1880.18,Pago,202610
MEN00007355,ALU00613,2026-11-01,2026-11-10,,1903.98,Vencido,202611
MEN00007356,ALU00613,2026-12-01,2026-12-10,,1811.18,Em Aberto,202612
MEN00007357,ALU00614,2026-01-01,2026-01-10,2026-01-18,1874.82,Pago,202601
MEN00007358,ALU00614,2026-02-01,2026-02-10,2026-02-16,1877.12,Pago,202602
MEN00007359,ALU00614,2026-03-01,2026-03-10,2026-03-10,1895.6,Pago,202603
MEN00007360,ALU00614,2026-04-01,2026-04-10,2026-04-07,1883.83,Pago,202604
MEN00007361,ALU00614,2026-05-01,2026-05-10,2026-05-09,1862.23,Pago,202605
MEN00007362,ALU00614,2026-06-01,2026-06-10,2026-06-07,1856.23,Pago,202606
MEN00007363,ALU00614,2026-07-01,2026-07-10,2026-07-18,1801.95,Pago,202607
MEN00007364,ALU00614,2026-08-01,2026-08-10,,1895.49,Em Aberto,202608
MEN00007365,ALU00614,2026-09-01,2026-09-10,2026-09-09,1880.08,Pago,202609
MEN00007366,ALU00614,2026-10-01,2026-10-10,2026-10-09,1885.44,Pago,202610
MEN00007367,ALU00614,2026-11-01,2026-11-10,2026-11-17,1821.1,Pago,202611
MEN00007368,ALU00614,2026-12-01,2026-12-10,2026-12-11,1880.82,Pago,202612
MEN00007369,ALU00615,2026-01-01,2026-01-10,2026-01-08,1874.41,Pago,202601
MEN00007370,ALU00615,2026-02-01,2026-02-10,2026-02-13,1844.65,Pago,202602
MEN00007371,ALU00615,2026-03-01,2026-03-10,,1859.17,Em Aberto,202603
MEN00007372,ALU00615,2026-04-01,2026-04-10,2026-04-09,1802.58,Pago,202604
MEN00007373,ALU00615,2026-05-01,2026-05-10,2026-05-07,1861.4,Pago,202605
MEN00007374,ALU00615,2026-06-01,2026-06-10,2026-06-11,1872.99,Pago,202606
MEN00007375,ALU00615,2026-07-01,2026-07-10,2026-07-16,1868.15,Pago,202607
MEN00007376,ALU00615,2026-08-01,2026-08-10,2026-08-08,1827.05,Pago,202608
MEN00007377,ALU00615,2026-09-01,2026-09-10,2026-09-11,1878.21,Pago,202609
MEN00007378,ALU00615,2026-10-01,2026-10-10,2026-10-13,1882.06,Pago,202610
MEN00007379,ALU00615,2026-11-01,2026-11-10,2026-11-15,1874.95,Pago,202611
MEN00007380,ALU00615,2026-12-01,2026-12-10,2026-12-10,1829.88,Pago,202612
MEN00007381,ALU00616,2026-01-01,2026-01-10,2026-01-13,1802.33,Pago,202601
MEN00007382,ALU00616,2026-02-01,2026-02-10,2026-02-17,1868.44,Pago,202602
MEN00007383,ALU00616,2026-03-01,2026-03-10,2026-03-14,1867.95,Pago,202603
MEN00007384,ALU00616,2026-04-01,2026-04-10,2026-04-08,1851.06,Pago,202604
MEN00007385,ALU00616,2026-05-01,2026-05-10,2026-05-10,1889.58,Pago,202605
MEN00007386,ALU00616,2026-06-01,2026-06-10,2026-06-14,1837.39,Pago,202606
MEN00007387,ALU00616,2026-07-01,2026-07-10,2026-07-07,1810.28,Pago,202607
MEN00007388,ALU00616,2026-08-01,2026-08-10,2026-08-18,1887.8,Pago,202608
MEN00007389,ALU00616,2026-09-01,2026-09-10,2026-09-08,1804.81,Pago,202609
MEN00007390,ALU00616,2026-10-01,2026-10-10,2026-10-08,1860.5,Pago,202610
MEN00007391,ALU00616,2026-11-01,2026-11-10,2026-11-13,1837.29,Pago,202611
MEN00007392,ALU00616,2026-12-01,2026-12-10,2026-12-11,1888.5,Pago,202612
MEN00007393,ALU00617,2026-01-01,2026-01-10,2026-01-10,1878.83,Pago,202601
MEN00007394,ALU00617,2026-02-01,2026-02-10,2026-02-18,1855.01,Pago,202602
MEN00007395,ALU00617,2026-03-01,2026-03-10,2026-03-18,1878.2,Pago,202603
MEN00007396,ALU00617,2026-04-01,2026-04-10,2026-04-16,1840.18,Pago,202604
MEN00007397,ALU00617,2026-05-01,2026-05-10,2026-05-08,1800.01,Pago,202605
MEN00007398,ALU00617,2026-06-01,2026-06-10,2026-06-15,1882.27,Pago,202606
MEN00007399,ALU00617,2026-07-01,2026-07-10,2026-07-07,1901.76,Pago,202607
MEN00007400,ALU00617,2026-08-01,2026-08-10,2026-08-18,1875.79,Pago,202608
MEN00007401,ALU00617,2026-09-01,2026-09-10,2026-09-18,1829.18,Pago,202609
MEN00007402,ALU00617,2026-10-01,2026-10-10,2026-10-09,1890.11,Pago,202610
MEN00007403,ALU00617,2026-11-01,2026-11-10,2026-11-14,1879.73,Pago,202611
MEN00007404,ALU00617,2026-12-01,2026-12-10,2026-12-10,1858.17,Pago,202612
MEN00007405,ALU00618,2026-01-01,2026-01-10,2026-01-15,1836.34,Pago,202601
MEN00007406,ALU00618,2026-02-01,2026-02-10,,1904.44,Vencido,202602
MEN00007407,ALU00618,2026-03-01,2026-03-10,2026-03-11,1840.21,Pago,202603
MEN00007408,ALU00618,2026-04-01,2026-04-10,,1900.19,Vencido,202604
MEN00007409,ALU00618,2026-05-01,2026-05-10,2026-05-17,1882.67,Pago,202605
MEN00007410,ALU00618,2026-06-01,2026-06-10,2026-06-14,1904.21,Pago,202606
MEN00007411,ALU00618,2026-07-01,2026-07-10,2026-07-13,1872.62,Pago,202607
MEN00007412,ALU00618,2026-08-01,2026-08-10,2026-08-16,1847.85,Pago,202608
MEN00007413,ALU00618,2026-09-01,2026-09-10,2026-09-07,1887.04,Pago,202609
MEN00007414,ALU00618,2026-10-01,2026-10-10,2026-10-13,1819.55,Pago,202610
MEN00007415,ALU00618,2026-11-01,2026-11-10,2026-11-12,1815.08,Pago,202611
MEN00007416,ALU00618,2026-12-01,2026-12-10,2026-12-18,1879.58,Pago,202612
MEN00007417,ALU00619,2026-01-01,2026-01-10,2026-01-17,1849.61,Pago,202601
MEN00007418,ALU00619,2026-02-01,2026-02-10,2026-02-17,1869.55,Pago,202602
MEN00007419,ALU00619,2026-03-01,2026-03-10,2026-03-10,1850.81,Pago,202603
MEN00007420,ALU00619,2026-04-01,2026-04-10,2026-04-08,1810.64,Pago,202604
MEN00007421,ALU00619,2026-05-01,2026-05-10,2026-05-17,1823.94,Pago,202605
MEN00007422,ALU00619,2026-06-01,2026-06-10,2026-06-13,1846.02,Pago,202606
MEN00007423,ALU00619,2026-07-01,2026-07-10,,1821.93,Em Aberto,202607
MEN00007424,ALU00619,2026-08-01,2026-08-10,2026-08-09,1832.46,Pago,202608
MEN00007425,ALU00619,2026-09-01,2026-09-10,2026-09-17,1805.91,Pago,202609
MEN00007426,ALU00619,2026-10-01,2026-10-10,2026-10-09,1814.24,Pago,202610
MEN00007427,ALU00619,2026-11-01,2026-11-10,2026-11-09,1887.63,Pago,202611
MEN00007428,ALU00619,2026-12-01,2026-12-10,2026-12-14,1822.3,Pago,202612
MEN00007429,ALU00620,2026-01-01,2026-01-10,2026-01-18,1838.65,Pago,202601
MEN00007430,ALU00620,2026-02-01,2026-02-10,2026-02-12,1825.58,Pago,202602
MEN00007431,ALU00620,2026-03-01,2026-03-10,2026-03-11,1831.24,Pago,202603
MEN00007432,ALU00620,2026-04-01,2026-04-10,,1847.85,Vencido,202604
MEN00007433,ALU00620,2026-05-01,2026-05-10,2026-05-08,1803.37,Pago,202605
MEN00007434,ALU00620,2026-06-01,2026-06-10,2026-06-07,1798.72,Pago,202606
MEN00007435,ALU00620,2026-07-01,2026-07-10,2026-07-08,1896.73,Pago,202607
MEN00007436,ALU00620,2026-08-01,2026-08-10,,1894.89,Vencido,202608
MEN00007437,ALU00620,2026-09-01,2026-09-10,,1894.67,Em Aberto,202609
MEN00007438,ALU00620,2026-10-01,2026-10-10,2026-10-18,1842.48,Pago,202610
MEN00007439,ALU00620,2026-11-01,2026-11-10,2026-11-15,1867.75,Pago,202611
MEN00007440,ALU00620,2026-12-01,2026-12-10,,1802.76,Vencido,202612
MEN00007441,ALU00621,2026-01-01,2026-01-10,2026-01-17,1808.1,Pago,202601
MEN00007442,ALU00621,2026-02-01,2026-02-10,,1822.54,Em Aberto,202602
MEN00007443,ALU00621,2026-03-01,2026-03-10,2026-03-11,1823.59,Pago,202603
MEN00007444,ALU00621,2026-04-01,2026-04-10,2026-04-07,1805.53,Pago,202604
MEN00007445,ALU00621,2026-05-01,2026-05-10,,1857.94,Vencido,202605
MEN00007446,ALU00621,2026-06-01,2026-06-10,2026-06-16,1860.8,Pago,202606
MEN00007447,ALU00621,2026-07-01,2026-07-10,2026-07-17,1873.71,Pago,202607
MEN00007448,ALU00621,2026-08-01,2026-08-10,2026-08-09,1815.28,Pago,202608
MEN00007449,ALU00621,2026-09-01,2026-09-10,2026-09-11,1897.98,Pago,202609
MEN00007450,ALU00621,2026-10-01,2026-10-10,2026-10-16,1882.1,Pago,202610
MEN00007451,ALU00621,2026-11-01,2026-11-10,2026-11-11,1828.74,Pago,202611
MEN00007452,ALU00621,2026-12-01,2026-12-10,2026-12-16,1843.21,Pago,202612
MEN00007453,ALU00622,2026-01-01,2026-01-10,2026-01-12,1817.78,Pago,202601
MEN00007454,ALU00622,2026-02-01,2026-02-10,2026-02-17,1802.54,Pago,202602
MEN00007455,ALU00622,2026-03-01,2026-03-10,2026-03-13,1888.93,Pago,202603
MEN00007456,ALU00622,2026-04-01,2026-04-10,,1837.83,Vencido,202604
MEN00007457,ALU00622,2026-05-01,2026-05-10,2026-05-16,1825.37,Pago,202605
MEN00007458,ALU00622,2026-06-01,2026-06-10,2026-06-11,1859.15,Pago,202606
MEN00007459,ALU00622,2026-07-01,2026-07-10,2026-07-11,1834.71,Pago,202607
MEN00007460,ALU00622,2026-08-01,2026-08-10,2026-08-11,1837.67,Pago,202608
MEN00007461,ALU00622,2026-09-01,2026-09-10,2026-09-13,1804.51,Pago,202609
MEN00007462,ALU00622,2026-10-01,2026-10-10,2026-10-13,1845.26,Pago,202610
MEN00007463,ALU00622,2026-11-01,2026-11-10,2026-11-16,1854.53,Pago,202611
MEN00007464,ALU00622,2026-12-01,2026-12-10,2026-12-15,1887.85,Pago,202612
MEN00007465,ALU00623,2026-01-01,2026-01-10,2026-01-09,1853.6,Pago,202601
MEN00007466,ALU00623,2026-02-01,2026-02-10,,1819.79,Vencido,202602
MEN00007467,ALU00623,2026-03-01,2026-03-10,,1868.1,Em Aberto,202603
MEN00007468,ALU00623,2026-04-01,2026-04-10,2026-04-18,1899.79,Pago,202604
MEN00007469,ALU00623,2026-05-01,2026-05-10,2026-05-10,1808.56,Pago,202605
MEN00007470,ALU00623,2026-06-01,2026-06-10,2026-06-10,1841.37,Pago,202606
MEN00007471,ALU00623,2026-07-01,2026-07-10,2026-07-18,1857.17,Pago,202607
MEN00007472,ALU00623,2026-08-01,2026-08-10,2026-08-18,1861.24,Pago,202608
MEN00007473,ALU00623,2026-09-01,2026-09-10,,1809.62,Em Aberto,202609
MEN00007474,ALU00623,2026-10-01,2026-10-10,2026-10-13,1876.65,Pago,202610
MEN00007475,ALU00623,2026-11-01,2026-11-10,,1878.03,Vencido,202611
MEN00007476,ALU00623,2026-12-01,2026-12-10,2026-12-10,1871.01,Pago,202612
MEN00007477,ALU00624,2026-01-01,2026-01-10,2026-01-16,1809.31,Pago,202601
MEN00007478,ALU00624,2026-02-01,2026-02-10,2026-02-12,1880.48,Pago,202602
MEN00007479,ALU00624,2026-03-01,2026-03-10,2026-03-09,1887.64,Pago,202603
MEN00007480,ALU00624,2026-04-01,2026-04-10,2026-04-18,1821.46,Pago,202604
MEN00007481,ALU00624,2026-05-01,2026-05-10,2026-05-07,1853.21,Pago,202605
MEN00007482,ALU00624,2026-06-01,2026-06-10,2026-06-07,1877.89,Pago,202606
MEN00007483,ALU00624,2026-07-01,2026-07-10,,1872.88,Vencido,202607
MEN00007484,ALU00624,2026-08-01,2026-08-10,,1858.43,Em Aberto,202608
MEN00007485,ALU00624,2026-09-01,2026-09-10,2026-09-14,1883.25,Pago,202609
MEN00007486,ALU00624,2026-10-01,2026-10-10,2026-10-10,1894.87,Pago,202610
MEN00007487,ALU00624,2026-11-01,2026-11-10,2026-11-18,1807.56,Pago,202611
MEN00007488,ALU00624,2026-12-01,2026-12-10,2026-12-08,1808.41,Pago,202612
MEN00007489,ALU00625,2026-01-01,2026-01-10,2026-01-07,1823.22,Pago,202601
MEN00007490,ALU00625,2026-02-01,2026-02-10,2026-02-14,1836.58,Pago,202602
MEN00007491,ALU00625,2026-03-01,2026-03-10,2026-03-13,1841.69,Pago,202603
MEN00007492,ALU00625,2026-04-01,2026-04-10,2026-04-15,1838.93,Pago,202604
MEN00007493,ALU00625,2026-05-01,2026-05-10,2026-05-16,1844.67,Pago,202605
MEN00007494,ALU00625,2026-06-01,2026-06-10,2026-06-16,1847.07,Pago,202606
MEN00007495,ALU00625,2026-07-01,2026-07-10,2026-07-14,1856.61,Pago,202607
MEN00007496,ALU00625,2026-08-01,2026-08-10,,1813.8,Em Aberto,202608
MEN00007497,ALU00625,2026-09-01,2026-09-10,2026-09-12,1825.76,Pago,202609
MEN00007498,ALU00625,2026-10-01,2026-10-10,2026-10-18,1867.4,Pago,202610
MEN00007499,ALU00625,2026-11-01,2026-11-10,2026-11-11,1889.4,Pago,202611
MEN00007500,ALU00625,2026-12-01,2026-12-10,2026-12-09,1811.73,Pago,202612
MEN00007501,ALU00626,2026-01-01,2026-01-10,2026-01-18,1875.48,Pago,202601
MEN00007502,ALU00626,2026-02-01,2026-02-10,,1875.31,Em Aberto,202602
MEN00007503,ALU00626,2026-03-01,2026-03-10,2026-03-07,1843.12,Pago,202603
MEN00007504,ALU00626,2026-04-01,2026-04-10,2026-04-09,1861.22,Pago,202604
MEN00007505,ALU00626,2026-05-01,2026-05-10,2026-05-10,1802.01,Pago,202605
MEN00007506,ALU00626,2026-06-01,2026-06-10,2026-06-11,1890.43,Pago,202606
MEN00007507,ALU00626,2026-07-01,2026-07-10,2026-07-07,1843.24,Pago,202607
MEN00007508,ALU00626,2026-08-01,2026-08-10,2026-08-10,1897.96,Pago,202608
MEN00007509,ALU00626,2026-09-01,2026-09-10,,1862.32,Em Aberto,202609
MEN00007510,ALU00626,2026-10-01,2026-10-10,2026-10-14,1891.63,Pago,202610
MEN00007511,ALU00626,2026-11-01,2026-11-10,2026-11-11,1842.14,Pago,202611
MEN00007512,ALU00626,2026-12-01,2026-12-10,2026-12-18,1870.52,Pago,202612
MEN00007513,ALU00627,2026-01-01,2026-01-10,2026-01-11,1845.14,Pago,202601
MEN00007514,ALU00627,2026-02-01,2026-02-10,2026-02-12,1826.02,Pago,202602
MEN00007515,ALU00627,2026-03-01,2026-03-10,2026-03-12,1848.58,Pago,202603
MEN00007516,ALU00627,2026-04-01,2026-04-10,2026-04-18,1868.68,Pago,202604
MEN00007517,ALU00627,2026-05-01,2026-05-10,2026-05-15,1879.91,Pago,202605
MEN00007518,ALU00627,2026-06-01,2026-06-10,2026-06-17,1864.08,Pago,202606
MEN00007519,ALU00627,2026-07-01,2026-07-10,,1815.28,Em Aberto,202607
MEN00007520,ALU00627,2026-08-01,2026-08-10,2026-08-09,1824.07,Pago,202608
MEN00007521,ALU00627,2026-09-01,2026-09-10,2026-09-11,1823.73,Pago,202609
MEN00007522,ALU00627,2026-10-01,2026-10-10,2026-10-16,1840.72,Pago,202610
MEN00007523,ALU00627,2026-11-01,2026-11-10,2026-11-09,1839.78,Pago,202611
MEN00007524,ALU00627,2026-12-01,2026-12-10,,1866.03,Vencido,202612
MEN00007525,ALU00628,2026-01-01,2026-01-10,2026-01-16,1849.9,Pago,202601
MEN00007526,ALU00628,2026-02-01,2026-02-10,2026-02-08,1869.01,Pago,202602
MEN00007527,ALU00628,2026-03-01,2026-03-10,2026-03-12,1800.59,Pago,202603
MEN00007528,ALU00628,2026-04-01,2026-04-10,2026-04-17,1816.33,Pago,202604
MEN00007529,ALU00628,2026-05-01,2026-05-10,,1880.28,Vencido,202605
MEN00007530,ALU00628,2026-06-01,2026-06-10,,1835.78,Em Aberto,202606
MEN00007531,ALU00628,2026-07-01,2026-07-10,2026-07-07,1802.68,Pago,202607
MEN00007532,ALU00628,2026-08-01,2026-08-10,2026-08-14,1903.7,Pago,202608
MEN00007533,ALU00628,2026-09-01,2026-09-10,2026-09-16,1874.44,Pago,202609
MEN00007534,ALU00628,2026-10-01,2026-10-10,2026-10-17,1873.86,Pago,202610
MEN00007535,ALU00628,2026-11-01,2026-11-10,2026-11-14,1801.73,Pago,202611
MEN00007536,ALU00628,2026-12-01,2026-12-10,2026-12-17,1856.28,Pago,202612
MEN00007537,ALU00629,2026-01-01,2026-01-10,2026-01-11,1859.75,Pago,202601
MEN00007538,ALU00629,2026-02-01,2026-02-10,2026-02-16,1808.0,Pago,202602
MEN00007539,ALU00629,2026-03-01,2026-03-10,2026-03-18,1869.15,Pago,202603
MEN00007540,ALU00629,2026-04-01,2026-04-10,2026-04-08,1811.74,Pago,202604
MEN00007541,ALU00629,2026-05-01,2026-05-10,,1883.36,Vencido,202605
MEN00007542,ALU00629,2026-06-01,2026-06-10,2026-06-09,1826.78,Pago,202606
MEN00007543,ALU00629,2026-07-01,2026-07-10,2026-07-12,1875.7,Pago,202607
MEN00007544,ALU00629,2026-08-01,2026-08-10,2026-08-17,1898.65,Pago,202608
MEN00007545,ALU00629,2026-09-01,2026-09-10,2026-09-08,1868.58,Pago,202609
MEN00007546,ALU00629,2026-10-01,2026-10-10,2026-10-08,1904.95,Pago,202610
MEN00007547,ALU00629,2026-11-01,2026-11-10,2026-11-11,1819.0,Pago,202611
MEN00007548,ALU00629,2026-12-01,2026-12-10,2026-12-12,1834.23,Pago,202612
MEN00007549,ALU00630,2026-01-01,2026-01-10,2026-01-14,1812.63,Pago,202601
MEN00007550,ALU00630,2026-02-01,2026-02-10,2026-02-11,1879.1,Pago,202602
MEN00007551,ALU00630,2026-03-01,2026-03-10,2026-03-11,1857.0,Pago,202603
MEN00007552,ALU00630,2026-04-01,2026-04-10,2026-04-07,1871.34,Pago,202604
MEN00007553,ALU00630,2026-05-01,2026-05-10,2026-05-12,1869.23,Pago,202605
MEN00007554,ALU00630,2026-06-01,2026-06-10,,1828.89,Em Aberto,202606
MEN00007555,ALU00630,2026-07-01,2026-07-10,2026-07-07,1883.12,Pago,202607
MEN00007556,ALU00630,2026-08-01,2026-08-10,2026-08-17,1890.85,Pago,202608
MEN00007557,ALU00630,2026-09-01,2026-09-10,,1821.54,Em Aberto,202609
MEN00007558,ALU00630,2026-10-01,2026-10-10,2026-10-16,1857.86,Pago,202610
MEN00007559,ALU00630,2026-11-01,2026-11-10,2026-11-07,1800.82,Pago,202611
MEN00007560,ALU00630,2026-12-01,2026-12-10,2026-12-16,1879.48,Pago,202612
MEN00007561,ALU00631,2026-01-01,2026-01-10,2026-01-12,1888.05,Pago,202601
MEN00007562,ALU00631,2026-02-01,2026-02-10,2026-02-15,1825.14,Pago,202602
MEN00007563,ALU00631,2026-03-01,2026-03-10,2026-03-16,1892.4,Pago,202603
MEN00007564,ALU00631,2026-04-01,2026-04-10,2026-04-13,1839.31,Pago,202604
MEN00007565,ALU00631,2026-05-01,2026-05-10,2026-05-08,1795.18,Pago,202605
MEN00007566,ALU00631,2026-06-01,2026-06-10,,1841.31,Vencido,202606
MEN00007567,ALU00631,2026-07-01,2026-07-10,2026-07-14,1828.6,Pago,202607
MEN00007568,ALU00631,2026-08-01,2026-08-10,2026-08-10,1814.69,Pago,202608
MEN00007569,ALU00631,2026-09-01,2026-09-10,2026-09-12,1831.31,Pago,202609
MEN00007570,ALU00631,2026-10-01,2026-10-10,2026-10-09,1869.08,Pago,202610
MEN00007571,ALU00631,2026-11-01,2026-11-10,2026-11-15,1822.81,Pago,202611
MEN00007572,ALU00631,2026-12-01,2026-12-10,2026-12-12,1844.47,Pago,202612
MEN00007573,ALU00632,2026-01-01,2026-01-10,,1872.11,Vencido,202601
MEN00007574,ALU00632,2026-02-01,2026-02-10,2026-02-12,1862.29,Pago,202602
MEN00007575,ALU00632,2026-03-01,2026-03-10,2026-03-18,1901.77,Pago,202603
MEN00007576,ALU00632,2026-04-01,2026-04-10,2026-04-09,1875.97,Pago,202604
MEN00007577,ALU00632,2026-05-01,2026-05-10,2026-05-10,1821.84,Pago,202605
MEN00007578,ALU00632,2026-06-01,2026-06-10,2026-06-17,1875.41,Pago,202606
MEN00007579,ALU00632,2026-07-01,2026-07-10,2026-07-09,1837.0,Pago,202607
MEN00007580,ALU00632,2026-08-01,2026-08-10,2026-08-11,1879.84,Pago,202608
MEN00007581,ALU00632,2026-09-01,2026-09-10,2026-09-09,1847.08,Pago,202609
MEN00007582,ALU00632,2026-10-01,2026-10-10,2026-10-14,1833.63,Pago,202610
MEN00007583,ALU00632,2026-11-01,2026-11-10,2026-11-08,1831.27,Pago,202611
MEN00007584,ALU00632,2026-12-01,2026-12-10,2026-12-13,1885.56,Pago,202612
MEN00007585,ALU00633,2026-01-01,2026-01-10,2026-01-12,1903.37,Pago,202601
MEN00007586,ALU00633,2026-02-01,2026-02-10,2026-02-18,1837.54,Pago,202602
MEN00007587,ALU00633,2026-03-01,2026-03-10,2026-03-12,1894.92,Pago,202603
MEN00007588,ALU00633,2026-04-01,2026-04-10,2026-04-16,1807.48,Pago,202604
MEN00007589,ALU00633,2026-05-01,2026-05-10,2026-05-12,1819.59,Pago,202605
MEN00007590,ALU00633,2026-06-01,2026-06-10,2026-06-07,1797.25,Pago,202606
MEN00007591,ALU00633,2026-07-01,2026-07-10,2026-07-10,1871.54,Pago,202607
MEN00007592,ALU00633,2026-08-01,2026-08-10,2026-08-11,1877.09,Pago,202608
MEN00007593,ALU00633,2026-09-01,2026-09-10,2026-09-14,1825.76,Pago,202609
MEN00007594,ALU00633,2026-10-01,2026-10-10,2026-10-07,1798.37,Pago,202610
MEN00007595,ALU00633,2026-11-01,2026-11-10,2026-11-09,1837.63,Pago,202611
MEN00007596,ALU00633,2026-12-01,2026-12-10,2026-12-11,1844.49,Pago,202612
MEN00007597,ALU00634,2026-01-01,2026-01-10,2026-01-13,1800.19,Pago,202601
MEN00007598,ALU00634,2026-02-01,2026-02-10,2026-02-07,1821.52,Pago,202602
MEN00007599,ALU00634,2026-03-01,2026-03-10,2026-03-12,1820.41,Pago,202603
MEN00007600,ALU00634,2026-04-01,2026-04-10,2026-04-15,1896.86,Pago,202604
MEN00007601,ALU00634,2026-05-01,2026-05-10,2026-05-18,1822.68,Pago,202605
MEN00007602,ALU00634,2026-06-01,2026-06-10,2026-06-18,1860.79,Pago,202606
MEN00007603,ALU00634,2026-07-01,2026-07-10,2026-07-15,1845.49,Pago,202607
MEN00007604,ALU00634,2026-08-01,2026-08-10,2026-08-16,1875.93,Pago,202608
MEN00007605,ALU00634,2026-09-01,2026-09-10,2026-09-13,1897.55,Pago,202609
MEN00007606,ALU00634,2026-10-01,2026-10-10,2026-10-17,1895.81,Pago,202610
MEN00007607,ALU00634,2026-11-01,2026-11-10,2026-11-09,1800.54,Pago,202611
MEN00007608,ALU00634,2026-12-01,2026-12-10,2026-12-14,1873.67,Pago,202612
MEN00007609,ALU00635,2026-01-01,2026-01-10,2026-01-15,1845.42,Pago,202601
MEN00007610,ALU00635,2026-02-01,2026-02-10,2026-02-17,1801.89,Pago,202602
MEN00007611,ALU00635,2026-03-01,2026-03-10,,1873.84,Vencido,202603
MEN00007612,ALU00635,2026-04-01,2026-04-10,2026-04-14,1802.15,Pago,202604
MEN00007613,ALU00635,2026-05-01,2026-05-10,2026-05-07,1849.3,Pago,202605
MEN00007614,ALU00635,2026-06-01,2026-06-10,2026-06-11,1851.76,Pago,202606
MEN00007615,ALU00635,2026-07-01,2026-07-10,2026-07-10,1896.78,Pago,202607
MEN00007616,ALU00635,2026-08-01,2026-08-10,2026-08-10,1808.61,Pago,202608
MEN00007617,ALU00635,2026-09-01,2026-09-10,2026-09-11,1853.06,Pago,202609
MEN00007618,ALU00635,2026-10-01,2026-10-10,,1896.41,Em Aberto,202610
MEN00007619,ALU00635,2026-11-01,2026-11-10,,1807.75,Vencido,202611
MEN00007620,ALU00635,2026-12-01,2026-12-10,,1796.36,Em Aberto,202612
MEN00007621,ALU00636,2026-01-01,2026-01-10,2026-01-16,1808.39,Pago,202601
MEN00007622,ALU00636,2026-02-01,2026-02-10,2026-02-15,1794.53,Pago,202602
MEN00007623,ALU00636,2026-03-01,2026-03-10,2026-03-14,1866.11,Pago,202603
MEN00007624,ALU00636,2026-04-01,2026-04-10,2026-04-18,1797.44,Pago,202604
MEN00007625,ALU00636,2026-05-01,2026-05-10,2026-05-09,1893.05,Pago,202605
MEN00007626,ALU00636,2026-06-01,2026-06-10,2026-06-08,1817.2,Pago,202606
MEN00007627,ALU00636,2026-07-01,2026-07-10,2026-07-17,1857.17,Pago,202607
MEN00007628,ALU00636,2026-08-01,2026-08-10,2026-08-07,1820.79,Pago,202608
MEN00007629,ALU00636,2026-09-01,2026-09-10,2026-09-12,1876.63,Pago,202609
MEN00007630,ALU00636,2026-10-01,2026-10-10,2026-10-08,1799.16,Pago,202610
MEN00007631,ALU00636,2026-11-01,2026-11-10,2026-11-16,1888.8,Pago,202611
MEN00007632,ALU00636,2026-12-01,2026-12-10,2026-12-10,1876.91,Pago,202612
MEN00007633,ALU00637,2026-01-01,2026-01-10,2026-01-09,1816.8,Pago,202601
MEN00007634,ALU00637,2026-02-01,2026-02-10,2026-02-09,1838.73,Pago,202602
MEN00007635,ALU00637,2026-03-01,2026-03-10,2026-03-14,1830.05,Pago,202603
MEN00007636,ALU00637,2026-04-01,2026-04-10,2026-04-11,1828.74,Pago,202604
MEN00007637,ALU00637,2026-05-01,2026-05-10,2026-05-08,1847.86,Pago,202605
MEN00007638,ALU00637,2026-06-01,2026-06-10,2026-06-11,1898.67,Pago,202606
MEN00007639,ALU00637,2026-07-01,2026-07-10,2026-07-17,1883.42,Pago,202607
MEN00007640,ALU00637,2026-08-01,2026-08-10,2026-08-11,1794.94,Pago,202608
MEN00007641,ALU00637,2026-09-01,2026-09-10,2026-09-07,1854.85,Pago,202609
MEN00007642,ALU00637,2026-10-01,2026-10-10,2026-10-16,1897.55,Pago,202610
MEN00007643,ALU00637,2026-11-01,2026-11-10,2026-11-16,1898.29,Pago,202611
MEN00007644,ALU00637,2026-12-01,2026-12-10,2026-12-09,1824.96,Pago,202612
MEN00007645,ALU00638,2026-01-01,2026-01-10,2026-01-10,1802.51,Pago,202601
MEN00007646,ALU00638,2026-02-01,2026-02-10,2026-02-11,1829.13,Pago,202602
MEN00007647,ALU00638,2026-03-01,2026-03-10,2026-03-08,1836.49,Pago,202603
MEN00007648,ALU00638,2026-04-01,2026-04-10,2026-04-09,1857.56,Pago,202604
MEN00007649,ALU00638,2026-05-01,2026-05-10,2026-05-15,1818.22,Pago,202605
MEN00007650,ALU00638,2026-06-01,2026-06-10,2026-06-15,1866.79,Pago,202606
MEN00007651,ALU00638,2026-07-01,2026-07-10,2026-07-11,1797.13,Pago,202607
MEN00007652,ALU00638,2026-08-01,2026-08-10,2026-08-15,1856.0,Pago,202608
MEN00007653,ALU00638,2026-09-01,2026-09-10,2026-09-13,1802.3,Pago,202609
MEN00007654,ALU00638,2026-10-01,2026-10-10,2026-10-14,1802.79,Pago,202610
MEN00007655,ALU00638,2026-11-01,2026-11-10,2026-11-18,1843.89,Pago,202611
MEN00007656,ALU00638,2026-12-01,2026-12-10,2026-12-15,1866.92,Pago,202612
MEN00007657,ALU00639,2026-01-01,2026-01-10,2026-01-11,1863.85,Pago,202601
MEN00007658,ALU00639,2026-02-01,2026-02-10,,1897.28,Vencido,202602
MEN00007659,ALU00639,2026-03-01,2026-03-10,,1829.77,Em Aberto,202603
MEN00007660,ALU00639,2026-04-01,2026-04-10,,1877.19,Vencido,202604
MEN00007661,ALU00639,2026-05-01,2026-05-10,2026-05-14,1795.88,Pago,202605
MEN00007662,ALU00639,2026-06-01,2026-06-10,2026-06-07,1851.77,Pago,202606
MEN00007663,ALU00639,2026-07-01,2026-07-10,2026-07-08,1888.83,Pago,202607
MEN00007664,ALU00639,2026-08-01,2026-08-10,2026-08-08,1841.04,Pago,202608
MEN00007665,ALU00639,2026-09-01,2026-09-10,2026-09-07,1880.98,Pago,202609
MEN00007666,ALU00639,2026-10-01,2026-10-10,2026-10-16,1831.31,Pago,202610
MEN00007667,ALU00639,2026-11-01,2026-11-10,2026-11-08,1892.57,Pago,202611
MEN00007668,ALU00639,2026-12-01,2026-12-10,2026-12-12,1828.64,Pago,202612
MEN00007669,ALU00640,2026-01-01,2026-01-10,2026-01-13,1842.71,Pago,202601
MEN00007670,ALU00640,2026-02-01,2026-02-10,2026-02-13,1890.47,Pago,202602
MEN00007671,ALU00640,2026-03-01,2026-03-10,2026-03-09,1821.32,Pago,202603
MEN00007672,ALU00640,2026-04-01,2026-04-10,2026-04-07,1821.28,Pago,202604
MEN00007673,ALU00640,2026-05-01,2026-05-10,2026-05-13,1821.59,Pago,202605
MEN00007674,ALU00640,2026-06-01,2026-06-10,2026-06-17,1840.05,Pago,202606
MEN00007675,ALU00640,2026-07-01,2026-07-10,2026-07-08,1821.17,Pago,202607
MEN00007676,ALU00640,2026-08-01,2026-08-10,2026-08-12,1867.97,Pago,202608
MEN00007677,ALU00640,2026-09-01,2026-09-10,2026-09-10,1813.85,Pago,202609
MEN00007678,ALU00640,2026-10-01,2026-10-10,2026-10-08,1880.75,Pago,202610
MEN00007679,ALU00640,2026-11-01,2026-11-10,2026-11-15,1863.11,Pago,202611
MEN00007680,ALU00640,2026-12-01,2026-12-10,2026-12-08,1831.63,Pago,202612
MEN00007681,ALU00641,2026-01-01,2026-01-10,2026-01-08,1904.31,Pago,202601
MEN00007682,ALU00641,2026-02-01,2026-02-10,2026-02-08,1851.42,Pago,202602
MEN00007683,ALU00641,2026-03-01,2026-03-10,,1818.37,Em Aberto,202603
MEN00007684,ALU00641,2026-04-01,2026-04-10,2026-04-12,1845.07,Pago,202604
MEN00007685,ALU00641,2026-05-01,2026-05-10,2026-05-07,1859.26,Pago,202605
MEN00007686,ALU00641,2026-06-01,2026-06-10,2026-06-12,1796.35,Pago,202606
MEN00007687,ALU00641,2026-07-01,2026-07-10,2026-07-13,1878.23,Pago,202607
MEN00007688,ALU00641,2026-08-01,2026-08-10,2026-08-16,1811.6,Pago,202608
MEN00007689,ALU00641,2026-09-01,2026-09-10,,1893.12,Em Aberto,202609
MEN00007690,ALU00641,2026-10-01,2026-10-10,,1844.19,Em Aberto,202610
MEN00007691,ALU00641,2026-11-01,2026-11-10,,1902.0,Em Aberto,202611
MEN00007692,ALU00641,2026-12-01,2026-12-10,,1870.29,Em Aberto,202612
MEN00007693,ALU00642,2026-01-01,2026-01-10,,1825.28,Vencido,202601
MEN00007694,ALU00642,2026-02-01,2026-02-10,2026-02-18,1824.45,Pago,202602
MEN00007695,ALU00642,2026-03-01,2026-03-10,2026-03-16,1858.58,Pago,202603
MEN00007696,ALU00642,2026-04-01,2026-04-10,2026-04-09,1895.23,Pago,202604
MEN00007697,ALU00642,2026-05-01,2026-05-10,2026-05-14,1830.54,Pago,202605
MEN00007698,ALU00642,2026-06-01,2026-06-10,2026-06-13,1817.56,Pago,202606
MEN00007699,ALU00642,2026-07-01,2026-07-10,2026-07-07,1812.53,Pago,202607
MEN00007700,ALU00642,2026-08-01,2026-08-10,2026-08-15,1805.59,Pago,202608
MEN00007701,ALU00642,2026-09-01,2026-09-10,2026-09-08,1812.53,Pago,202609
MEN00007702,ALU00642,2026-10-01,2026-10-10,,1797.19,Vencido,202610
MEN00007703,ALU00642,2026-11-01,2026-11-10,2026-11-08,1894.74,Pago,202611
MEN00007704,ALU00642,2026-12-01,2026-12-10,2026-12-15,1890.16,Pago,202612
MEN00007705,ALU00643,2026-01-01,2026-01-10,2026-01-14,1841.51,Pago,202601
MEN00007706,ALU00643,2026-02-01,2026-02-10,2026-02-13,1801.51,Pago,202602
MEN00007707,ALU00643,2026-03-01,2026-03-10,2026-03-11,1800.23,Pago,202603
MEN00007708,ALU00643,2026-04-01,2026-04-10,2026-04-13,1887.83,Pago,202604
MEN00007709,ALU00643,2026-05-01,2026-05-10,2026-05-08,1835.18,Pago,202605
MEN00007710,ALU00643,2026-06-01,2026-06-10,2026-06-11,1831.73,Pago,202606
MEN00007711,ALU00643,2026-07-01,2026-07-10,2026-07-18,1863.69,Pago,202607
MEN00007712,ALU00643,2026-08-01,2026-08-10,2026-08-09,1829.98,Pago,202608
MEN00007713,ALU00643,2026-09-01,2026-09-10,,1883.84,Vencido,202609
MEN00007714,ALU00643,2026-10-01,2026-10-10,2026-10-13,1848.11,Pago,202610
MEN00007715,ALU00643,2026-11-01,2026-11-10,,1875.17,Vencido,202611
MEN00007716,ALU00643,2026-12-01,2026-12-10,2026-12-17,1895.74,Pago,202612
MEN00007717,ALU00644,2026-01-01,2026-01-10,2026-01-17,1808.16,Pago,202601
MEN00007718,ALU00644,2026-02-01,2026-02-10,2026-02-16,1898.85,Pago,202602
MEN00007719,ALU00644,2026-03-01,2026-03-10,2026-03-11,1883.54,Pago,202603
MEN00007720,ALU00644,2026-04-01,2026-04-10,,1866.17,Em Aberto,202604
MEN00007721,ALU00644,2026-05-01,2026-05-10,2026-05-09,1855.13,Pago,202605
MEN00007722,ALU00644,2026-06-01,2026-06-10,2026-06-11,1883.83,Pago,202606
MEN00007723,ALU00644,2026-07-01,2026-07-10,2026-07-13,1867.52,Pago,202607
MEN00007724,ALU00644,2026-08-01,2026-08-10,2026-08-18,1795.98,Pago,202608
MEN00007725,ALU00644,2026-09-01,2026-09-10,2026-09-10,1849.84,Pago,202609
MEN00007726,ALU00644,2026-10-01,2026-10-10,2026-10-17,1795.76,Pago,202610
MEN00007727,ALU00644,2026-11-01,2026-11-10,,1806.39,Em Aberto,202611
MEN00007728,ALU00644,2026-12-01,2026-12-10,2026-12-18,1812.63,Pago,202612
MEN00007729,ALU00645,2026-01-01,2026-01-10,2026-01-16,1870.59,Pago,202601
MEN00007730,ALU00645,2026-02-01,2026-02-10,,1839.29,Vencido,202602
MEN00007731,ALU00645,2026-03-01,2026-03-10,2026-03-11,1890.9,Pago,202603
MEN00007732,ALU00645,2026-04-01,2026-04-10,2026-04-14,1841.19,Pago,202604
MEN00007733,ALU00645,2026-05-01,2026-05-10,,1891.51,Em Aberto,202605
MEN00007734,ALU00645,2026-06-01,2026-06-10,2026-06-17,1836.22,Pago,202606
MEN00007735,ALU00645,2026-07-01,2026-07-10,2026-07-07,1863.84,Pago,202607
MEN00007736,ALU00645,2026-08-01,2026-08-10,2026-08-10,1905.07,Pago,202608
MEN00007737,ALU00645,2026-09-01,2026-09-10,2026-09-11,1811.76,Pago,202609
MEN00007738,ALU00645,2026-10-01,2026-10-10,2026-10-18,1800.11,Pago,202610
MEN00007739,ALU00645,2026-11-01,2026-11-10,,1795.43,Em Aberto,202611
MEN00007740,ALU00645,2026-12-01,2026-12-10,2026-12-14,1851.97,Pago,202612
MEN00007741,ALU00646,2026-01-01,2026-01-10,2026-01-15,1822.36,Pago,202601
MEN00007742,ALU00646,2026-02-01,2026-02-10,,1830.86,Em Aberto,202602
MEN00007743,ALU00646,2026-03-01,2026-03-10,2026-03-14,1875.58,Pago,202603
MEN00007744,ALU00646,2026-04-01,2026-04-10,2026-04-16,1902.87,Pago,202604
MEN00007745,ALU00646,2026-05-01,2026-05-10,,1865.78,Vencido,202605
MEN00007746,ALU00646,2026-06-01,2026-06-10,2026-06-17,1841.45,Pago,202606
MEN00007747,ALU00646,2026-07-01,2026-07-10,,1843.45,Vencido,202607
MEN00007748,ALU00646,2026-08-01,2026-08-10,2026-08-14,1870.14,Pago,202608
MEN00007749,ALU00646,2026-09-01,2026-09-10,,1879.56,Em Aberto,202609
MEN00007750,ALU00646,2026-10-01,2026-10-10,2026-10-18,1883.63,Pago,202610
MEN00007751,ALU00646,2026-11-01,2026-11-10,2026-11-13,1835.48,Pago,202611
MEN00007752,ALU00646,2026-12-01,2026-12-10,2026-12-10,1859.92,Pago,202612
MEN00007753,ALU00647,2026-01-01,2026-01-10,2026-01-13,1820.76,Pago,202601
MEN00007754,ALU00647,2026-02-01,2026-02-10,2026-02-09,1869.09,Pago,202602
MEN00007755,ALU00647,2026-03-01,2026-03-10,2026-03-11,1900.61,Pago,202603
MEN00007756,ALU00647,2026-04-01,2026-04-10,2026-04-08,1816.59,Pago,202604
MEN00007757,ALU00647,2026-05-01,2026-05-10,,1864.43,Em Aberto,202605
MEN00007758,ALU00647,2026-06-01,2026-06-10,2026-06-07,1812.81,Pago,202606
MEN00007759,ALU00647,2026-07-01,2026-07-10,2026-07-17,1815.02,Pago,202607
MEN00007760,ALU00647,2026-08-01,2026-08-10,2026-08-08,1839.35,Pago,202608
MEN00007761,ALU00647,2026-09-01,2026-09-10,2026-09-15,1852.65,Pago,202609
MEN00007762,ALU00647,2026-10-01,2026-10-10,2026-10-14,1834.82,Pago,202610
MEN00007763,ALU00647,2026-11-01,2026-11-10,2026-11-11,1892.46,Pago,202611
MEN00007764,ALU00647,2026-12-01,2026-12-10,,1803.45,Vencido,202612
MEN00007765,ALU00648,2026-01-01,2026-01-10,2026-01-07,1896.96,Pago,202601
MEN00007766,ALU00648,2026-02-01,2026-02-10,2026-02-09,1902.53,Pago,202602
MEN00007767,ALU00648,2026-03-01,2026-03-10,2026-03-16,1821.15,Pago,202603
MEN00007768,ALU00648,2026-04-01,2026-04-10,2026-04-08,1812.3,Pago,202604
MEN00007769,ALU00648,2026-05-01,2026-05-10,,1862.14,Em Aberto,202605
MEN00007770,ALU00648,2026-06-01,2026-06-10,2026-06-13,1875.02,Pago,202606
MEN00007771,ALU00648,2026-07-01,2026-07-10,,1846.94,Vencido,202607
MEN00007772,ALU00648,2026-08-01,2026-08-10,2026-08-17,1838.69,Pago,202608
MEN00007773,ALU00648,2026-09-01,2026-09-10,,1860.89,Vencido,202609
MEN00007774,ALU00648,2026-10-01,2026-10-10,2026-10-12,1868.8,Pago,202610
MEN00007775,ALU00648,2026-11-01,2026-11-10,2026-11-13,1901.87,Pago,202611
MEN00007776,ALU00648,2026-12-01,2026-12-10,2026-12-11,1843.77,Pago,202612
MEN00007777,ALU00649,2026-01-01,2026-01-10,2026-01-12,1806.1,Pago,202601
MEN00007778,ALU00649,2026-02-01,2026-02-10,2026-02-10,1813.39,Pago,202602
MEN00007779,ALU00649,2026-03-01,2026-03-10,2026-03-13,1865.13,Pago,202603
MEN00007780,ALU00649,2026-04-01,2026-04-10,2026-04-17,1831.85,Pago,202604
MEN00007781,ALU00649,2026-05-01,2026-05-10,,1855.24,Em Aberto,202605
MEN00007782,ALU00649,2026-06-01,2026-06-10,2026-06-18,1894.25,Pago,202606
MEN00007783,ALU00649,2026-07-01,2026-07-10,2026-07-09,1856.51,Pago,202607
MEN00007784,ALU00649,2026-08-01,2026-08-10,2026-08-09,1872.6,Pago,202608
MEN00007785,ALU00649,2026-09-01,2026-09-10,2026-09-07,1817.27,Pago,202609
MEN00007786,ALU00649,2026-10-01,2026-10-10,2026-10-10,1843.65,Pago,202610
MEN00007787,ALU00649,2026-11-01,2026-11-10,2026-11-16,1857.25,Pago,202611
MEN00007788,ALU00649,2026-12-01,2026-12-10,2026-12-08,1861.6,Pago,202612
MEN00007789,ALU00650,2026-01-01,2026-01-10,2026-01-10,1822.36,Pago,202601
MEN00007790,ALU00650,2026-02-01,2026-02-10,,1843.36,Em Aberto,202602
MEN00007791,ALU00650,2026-03-01,2026-03-10,2026-03-08,1840.82,Pago,202603
MEN00007792,ALU00650,2026-04-01,2026-04-10,2026-04-16,1803.84,Pago,202604
MEN00007793,ALU00650,2026-05-01,2026-05-10,2026-05-09,1811.06,Pago,202605
MEN00007794,ALU00650,2026-06-01,2026-06-10,2026-06-07,1892.91,Pago,202606
MEN00007795,ALU00650,2026-07-01,2026-07-10,2026-07-07,1904.3,Pago,202607
MEN00007796,ALU00650,2026-08-01,2026-08-10,2026-08-08,1846.13,Pago,202608
MEN00007797,ALU00650,2026-09-01,2026-09-10,,1894.6,Vencido,202609
MEN00007798,ALU00650,2026-10-01,2026-10-10,2026-10-08,1846.51,Pago,202610
MEN00007799,ALU00650,2026-11-01,2026-11-10,2026-11-08,1820.77,Pago,202611
MEN00007800,ALU00650,2026-12-01,2026-12-10,2026-12-09,1857.73,Pago,202612
MEN00007801,ALU00651,2026-01-01,2026-01-10,2026-01-11,1825.41,Pago,202601
MEN00007802,ALU00651,2026-02-01,2026-02-10,2026-02-17,1855.8,Pago,202602
MEN00007803,ALU00651,2026-03-01,2026-03-10,2026-03-09,1797.14,Pago,202603
MEN00007804,ALU00651,2026-04-01,2026-04-10,,1905.37,Em Aberto,202604
MEN00007805,ALU00651,2026-05-01,2026-05-10,2026-05-12,1897.73,Pago,202605
MEN00007806,ALU00651,2026-06-01,2026-06-10,2026-06-13,1799.1,Pago,202606
MEN00007807,ALU00651,2026-07-01,2026-07-10,2026-07-18,1810.55,Pago,202607
MEN00007808,ALU00651,2026-08-01,2026-08-10,2026-08-17,1820.72,Pago,202608
MEN00007809,ALU00651,2026-09-01,2026-09-10,2026-09-18,1900.57,Pago,202609
MEN00007810,ALU00651,2026-10-01,2026-10-10,2026-10-10,1817.01,Pago,202610
MEN00007811,ALU00651,2026-11-01,2026-11-10,2026-11-16,1826.63,Pago,202611
MEN00007812,ALU00651,2026-12-01,2026-12-10,2026-12-12,1867.64,Pago,202612
MEN00007813,ALU00652,2026-01-01,2026-01-10,2026-01-08,1844.61,Pago,202601
MEN00007814,ALU00652,2026-02-01,2026-02-10,2026-02-14,1904.73,Pago,202602
MEN00007815,ALU00652,2026-03-01,2026-03-10,2026-03-08,1904.3,Pago,202603
MEN00007816,ALU00652,2026-04-01,2026-04-10,2026-04-17,1825.61,Pago,202604
MEN00007817,ALU00652,2026-05-01,2026-05-10,2026-05-11,1866.31,Pago,202605
MEN00007818,ALU00652,2026-06-01,2026-06-10,,1822.63,Em Aberto,202606
MEN00007819,ALU00652,2026-07-01,2026-07-10,2026-07-11,1888.79,Pago,202607
MEN00007820,ALU00652,2026-08-01,2026-08-10,2026-08-15,1891.94,Pago,202608
MEN00007821,ALU00652,2026-09-01,2026-09-10,2026-09-10,1873.21,Pago,202609
MEN00007822,ALU00652,2026-10-01,2026-10-10,,1881.45,Vencido,202610
MEN00007823,ALU00652,2026-11-01,2026-11-10,2026-11-09,1853.09,Pago,202611
MEN00007824,ALU00652,2026-12-01,2026-12-10,2026-12-15,1899.08,Pago,202612
MEN00007825,ALU00653,2026-01-01,2026-01-10,2026-01-18,1812.72,Pago,202601
MEN00007826,ALU00653,2026-02-01,2026-02-10,2026-02-16,1835.62,Pago,202602
MEN00007827,ALU00653,2026-03-01,2026-03-10,2026-03-13,1824.62,Pago,202603
MEN00007828,ALU00653,2026-04-01,2026-04-10,2026-04-07,1878.49,Pago,202604
MEN00007829,ALU00653,2026-05-01,2026-05-10,,1877.31,Vencido,202605
MEN00007830,ALU00653,2026-06-01,2026-06-10,,1900.28,Em Aberto,202606
MEN00007831,ALU00653,2026-07-01,2026-07-10,2026-07-11,1831.83,Pago,202607
MEN00007832,ALU00653,2026-08-01,2026-08-10,2026-08-13,1867.2,Pago,202608
MEN00007833,ALU00653,2026-09-01,2026-09-10,2026-09-10,1798.14,Pago,202609
MEN00007834,ALU00653,2026-10-01,2026-10-10,2026-10-11,1839.76,Pago,202610
MEN00007835,ALU00653,2026-11-01,2026-11-10,2026-11-17,1875.94,Pago,202611
MEN00007836,ALU00653,2026-12-01,2026-12-10,2026-12-08,1813.86,Pago,202612
MEN00007837,ALU00654,2026-01-01,2026-01-10,2026-01-18,1888.13,Pago,202601
MEN00007838,ALU00654,2026-02-01,2026-02-10,2026-02-15,1876.64,Pago,202602
MEN00007839,ALU00654,2026-03-01,2026-03-10,2026-03-15,1839.18,Pago,202603
MEN00007840,ALU00654,2026-04-01,2026-04-10,,1874.2,Em Aberto,202604
MEN00007841,ALU00654,2026-05-01,2026-05-10,2026-05-10,1880.23,Pago,202605
MEN00007842,ALU00654,2026-06-01,2026-06-10,2026-06-17,1900.73,Pago,202606
MEN00007843,ALU00654,2026-07-01,2026-07-10,2026-07-18,1797.32,Pago,202607
MEN00007844,ALU00654,2026-08-01,2026-08-10,,1875.1,Em Aberto,202608
MEN00007845,ALU00654,2026-09-01,2026-09-10,,1878.02,Vencido,202609
MEN00007846,ALU00654,2026-10-01,2026-10-10,2026-10-13,1823.74,Pago,202610
MEN00007847,ALU00654,2026-11-01,2026-11-10,2026-11-16,1852.16,Pago,202611
MEN00007848,ALU00654,2026-12-01,2026-12-10,2026-12-11,1872.75,Pago,202612
MEN00007849,ALU00655,2026-01-01,2026-01-10,2026-01-15,1803.02,Pago,202601
MEN00007850,ALU00655,2026-02-01,2026-02-10,2026-02-08,1854.75,Pago,202602
MEN00007851,ALU00655,2026-03-01,2026-03-10,2026-03-13,1869.83,Pago,202603
MEN00007852,ALU00655,2026-04-01,2026-04-10,2026-04-18,1805.99,Pago,202604
MEN00007853,ALU00655,2026-05-01,2026-05-10,2026-05-08,1823.63,Pago,202605
MEN00007854,ALU00655,2026-06-01,2026-06-10,2026-06-14,1822.91,Pago,202606
MEN00007855,ALU00655,2026-07-01,2026-07-10,2026-07-07,1814.52,Pago,202607
MEN00007856,ALU00655,2026-08-01,2026-08-10,2026-08-15,1903.12,Pago,202608
MEN00007857,ALU00655,2026-09-01,2026-09-10,2026-09-12,1856.76,Pago,202609
MEN00007858,ALU00655,2026-10-01,2026-10-10,2026-10-14,1866.55,Pago,202610
MEN00007859,ALU00655,2026-11-01,2026-11-10,2026-11-11,1816.32,Pago,202611
MEN00007860,ALU00655,2026-12-01,2026-12-10,2026-12-10,1869.37,Pago,202612
MEN00007861,ALU00656,2026-01-01,2026-01-10,,1800.83,Em Aberto,202601
MEN00007862,ALU00656,2026-02-01,2026-02-10,2026-02-16,1896.23,Pago,202602
MEN00007863,ALU00656,2026-03-01,2026-03-10,2026-03-16,1866.02,Pago,202603
MEN00007864,ALU00656,2026-04-01,2026-04-10,,1891.5,Em Aberto,202604
MEN00007865,ALU00656,2026-05-01,2026-05-10,2026-05-14,1825.73,Pago,202605
MEN00007866,ALU00656,2026-06-01,2026-06-10,2026-06-17,1820.65,Pago,202606
MEN00007867,ALU00656,2026-07-01,2026-07-10,2026-07-09,1816.43,Pago,202607
MEN00007868,ALU00656,2026-08-01,2026-08-10,2026-08-10,1842.07,Pago,202608
MEN00007869,ALU00656,2026-09-01,2026-09-10,2026-09-18,1812.36,Pago,202609
MEN00007870,ALU00656,2026-10-01,2026-10-10,2026-10-11,1827.33,Pago,202610
MEN00007871,ALU00656,2026-11-01,2026-11-10,2026-11-18,1891.65,Pago,202611
MEN00007872,ALU00656,2026-12-01,2026-12-10,2026-12-16,1797.11,Pago,202612
MEN00007873,ALU00657,2026-01-01,2026-01-10,2026-01-10,1872.64,Pago,202601
MEN00007874,ALU00657,2026-02-01,2026-02-10,,1848.17,Em Aberto,202602
MEN00007875,ALU00657,2026-03-01,2026-03-10,2026-03-17,1823.69,Pago,202603
MEN00007876,ALU00657,2026-04-01,2026-04-10,2026-04-15,1809.94,Pago,202604
MEN00007877,ALU00657,2026-05-01,2026-05-10,2026-05-15,1888.75,Pago,202605
MEN00007878,ALU00657,2026-06-01,2026-06-10,2026-06-11,1829.25,Pago,202606
MEN00007879,ALU00657,2026-07-01,2026-07-10,2026-07-18,1866.98,Pago,202607
MEN00007880,ALU00657,2026-08-01,2026-08-10,,1863.73,Vencido,202608
MEN00007881,ALU00657,2026-09-01,2026-09-10,,1900.56,Vencido,202609
MEN00007882,ALU00657,2026-10-01,2026-10-10,2026-10-10,1812.19,Pago,202610
MEN00007883,ALU00657,2026-11-01,2026-11-10,2026-11-13,1846.13,Pago,202611
MEN00007884,ALU00657,2026-12-01,2026-12-10,2026-12-13,1892.47,Pago,202612
MEN00007885,ALU00658,2026-01-01,2026-01-10,2026-01-07,1893.46,Pago,202601
MEN00007886,ALU00658,2026-02-01,2026-02-10,2026-02-15,1798.52,Pago,202602
MEN00007887,ALU00658,2026-03-01,2026-03-10,2026-03-14,1856.15,Pago,202603
MEN00007888,ALU00658,2026-04-01,2026-04-10,2026-04-15,1873.03,Pago,202604
MEN00007889,ALU00658,2026-05-01,2026-05-10,2026-05-13,1804.26,Pago,202605
MEN00007890,ALU00658,2026-06-01,2026-06-10,2026-06-08,1823.79,Pago,202606
MEN00007891,ALU00658,2026-07-01,2026-07-10,2026-07-13,1884.28,Pago,202607
MEN00007892,ALU00658,2026-08-01,2026-08-10,2026-08-12,1855.66,Pago,202608
MEN00007893,ALU00658,2026-09-01,2026-09-10,2026-09-16,1806.28,Pago,202609
MEN00007894,ALU00658,2026-10-01,2026-10-10,2026-10-14,1817.02,Pago,202610
MEN00007895,ALU00658,2026-11-01,2026-11-10,,1894.0,Vencido,202611
MEN00007896,ALU00658,2026-12-01,2026-12-10,2026-12-09,1817.56,Pago,202612
MEN00007897,ALU00659,2026-01-01,2026-01-10,2026-01-18,1890.58,Pago,202601
MEN00007898,ALU00659,2026-02-01,2026-02-10,2026-02-12,1863.71,Pago,202602
MEN00007899,ALU00659,2026-03-01,2026-03-10,2026-03-13,1872.6,Pago,202603
MEN00007900,ALU00659,2026-04-01,2026-04-10,,1821.36,Em Aberto,202604
MEN00007901,ALU00659,2026-05-01,2026-05-10,2026-05-08,1812.62,Pago,202605
MEN00007902,ALU00659,2026-06-01,2026-06-10,,1799.65,Em Aberto,202606
MEN00007903,ALU00659,2026-07-01,2026-07-10,2026-07-18,1827.75,Pago,202607
MEN00007904,ALU00659,2026-08-01,2026-08-10,2026-08-08,1871.1,Pago,202608
MEN00007905,ALU00659,2026-09-01,2026-09-10,2026-09-14,1840.21,Pago,202609
MEN00007906,ALU00659,2026-10-01,2026-10-10,2026-10-15,1808.34,Pago,202610
MEN00007907,ALU00659,2026-11-01,2026-11-10,2026-11-10,1864.42,Pago,202611
MEN00007908,ALU00659,2026-12-01,2026-12-10,2026-12-17,1888.7,Pago,202612
MEN00007909,ALU00660,2026-01-01,2026-01-10,2026-01-08,1904.5,Pago,202601
MEN00007910,ALU00660,2026-02-01,2026-02-10,,1810.22,Vencido,202602
MEN00007911,ALU00660,2026-03-01,2026-03-10,2026-03-13,1858.5,Pago,202603
MEN00007912,ALU00660,2026-04-01,2026-04-10,,1834.23,Em Aberto,202604
MEN00007913,ALU00660,2026-05-01,2026-05-10,2026-05-11,1794.84,Pago,202605
MEN00007914,ALU00660,2026-06-01,2026-06-10,2026-06-15,1889.74,Pago,202606
MEN00007915,ALU00660,2026-07-01,2026-07-10,,1878.0,Vencido,202607
MEN00007916,ALU00660,2026-08-01,2026-08-10,2026-08-10,1856.17,Pago,202608
MEN00007917,ALU00660,2026-09-01,2026-09-10,2026-09-08,1855.47,Pago,202609
MEN00007918,ALU00660,2026-10-01,2026-10-10,2026-10-08,1821.67,Pago,202610
MEN00007919,ALU00660,2026-11-01,2026-11-10,,1825.35,Em Aberto,202611
MEN00007920,ALU00660,2026-12-01,2026-12-10,2026-12-07,1897.61,Pago,202612
MEN00007921,ALU00661,2026-01-01,2026-01-10,2026-01-14,1889.51,Pago,202601
MEN00007922,ALU00661,2026-02-01,2026-02-10,,1842.26,Vencido,202602
MEN00007923,ALU00661,2026-03-01,2026-03-10,2026-03-11,1896.04,Pago,202603
MEN00007924,ALU00661,2026-04-01,2026-04-10,2026-04-17,1833.58,Pago,202604
MEN00007925,ALU00661,2026-05-01,2026-05-10,2026-05-18,1812.14,Pago,202605
MEN00007926,ALU00661,2026-06-01,2026-06-10,2026-06-16,1904.08,Pago,202606
MEN00007927,ALU00661,2026-07-01,2026-07-10,2026-07-17,1803.15,Pago,202607
MEN00007928,ALU00661,2026-08-01,2026-08-10,2026-08-08,1883.43,Pago,202608
MEN00007929,ALU00661,2026-09-01,2026-09-10,2026-09-11,1848.21,Pago,202609
MEN00007930,ALU00661,2026-10-01,2026-10-10,2026-10-11,1877.76,Pago,202610
MEN00007931,ALU00661,2026-11-01,2026-11-10,,1838.14,Vencido,202611
MEN00007932,ALU00661,2026-12-01,2026-12-10,2026-12-12,1883.16,Pago,202612
MEN00007933,ALU00662,2026-01-01,2026-01-10,2026-01-18,1901.38,Pago,202601
MEN00007934,ALU00662,2026-02-01,2026-02-10,2026-02-14,1836.37,Pago,202602
MEN00007935,ALU00662,2026-03-01,2026-03-10,2026-03-15,1797.77,Pago,202603
MEN00007936,ALU00662,2026-04-01,2026-04-10,2026-04-16,1892.66,Pago,202604
MEN00007937,ALU00662,2026-05-01,2026-05-10,,1829.16,Em Aberto,202605
MEN00007938,ALU00662,2026-06-01,2026-06-10,2026-06-07,1897.28,Pago,202606
MEN00007939,ALU00662,2026-07-01,2026-07-10,2026-07-07,1812.09,Pago,202607
MEN00007940,ALU00662,2026-08-01,2026-08-10,,1840.36,Em Aberto,202608
MEN00007941,ALU00662,2026-09-01,2026-09-10,2026-09-08,1877.67,Pago,202609
MEN00007942,ALU00662,2026-10-01,2026-10-10,,1851.03,Vencido,202610
MEN00007943,ALU00662,2026-11-01,2026-11-10,2026-11-16,1807.1,Pago,202611
MEN00007944,ALU00662,2026-12-01,2026-12-10,2026-12-15,1848.42,Pago,202612
MEN00007945,ALU00663,2026-01-01,2026-01-10,,1890.59,Em Aberto,202601
MEN00007946,ALU00663,2026-02-01,2026-02-10,,1834.82,Em Aberto,202602
MEN00007947,ALU00663,2026-03-01,2026-03-10,2026-03-07,1877.07,Pago,202603
MEN00007948,ALU00663,2026-04-01,2026-04-10,,1855.94,Em Aberto,202604
MEN00007949,ALU00663,2026-05-01,2026-05-10,2026-05-12,1901.26,Pago,202605
MEN00007950,ALU00663,2026-06-01,2026-06-10,2026-06-10,1904.61,Pago,202606
MEN00007951,ALU00663,2026-07-01,2026-07-10,2026-07-15,1843.34,Pago,202607
MEN00007952,ALU00663,2026-08-01,2026-08-10,2026-08-17,1827.06,Pago,202608
MEN00007953,ALU00663,2026-09-01,2026-09-10,2026-09-16,1883.7,Pago,202609
MEN00007954,ALU00663,2026-10-01,2026-10-10,2026-10-09,1862.51,Pago,202610
MEN00007955,ALU00663,2026-11-01,2026-11-10,2026-11-10,1873.63,Pago,202611
MEN00007956,ALU00663,2026-12-01,2026-12-10,2026-12-13,1879.67,Pago,202612
MEN00007957,ALU00664,2026-01-01,2026-01-10,2026-01-11,1860.29,Pago,202601
MEN00007958,ALU00664,2026-02-01,2026-02-10,2026-02-11,1809.11,Pago,202602
MEN00007959,ALU00664,2026-03-01,2026-03-10,2026-03-17,1873.36,Pago,202603
MEN00007960,ALU00664,2026-04-01,2026-04-10,2026-04-16,1858.74,Pago,202604
MEN00007961,ALU00664,2026-05-01,2026-05-10,2026-05-08,1886.15,Pago,202605
MEN00007962,ALU00664,2026-06-01,2026-06-10,2026-06-08,1851.54,Pago,202606
MEN00007963,ALU00664,2026-07-01,2026-07-10,2026-07-10,1871.18,Pago,202607
MEN00007964,ALU00664,2026-08-01,2026-08-10,,1837.27,Em Aberto,202608
MEN00007965,ALU00664,2026-09-01,2026-09-10,2026-09-09,1881.17,Pago,202609
MEN00007966,ALU00664,2026-10-01,2026-10-10,2026-10-10,1833.5,Pago,202610
MEN00007967,ALU00664,2026-11-01,2026-11-10,2026-11-12,1843.63,Pago,202611
MEN00007968,ALU00664,2026-12-01,2026-12-10,2026-12-10,1846.74,Pago,202612
MEN00007969,ALU00665,2026-01-01,2026-01-10,2026-01-07,1898.42,Pago,202601
MEN00007970,ALU00665,2026-02-01,2026-02-10,2026-02-14,1883.85,Pago,202602
MEN00007971,ALU00665,2026-03-01,2026-03-10,,1889.08,Em Aberto,202603
MEN00007972,ALU00665,2026-04-01,2026-04-10,2026-04-15,1892.68,Pago,202604
MEN00007973,ALU00665,2026-05-01,2026-05-10,,1795.74,Vencido,202605
MEN00007974,ALU00665,2026-06-01,2026-06-10,2026-06-10,1890.16,Pago,202606
MEN00007975,ALU00665,2026-07-01,2026-07-10,,1904.15,Em Aberto,202607
MEN00007976,ALU00665,2026-08-01,2026-08-10,2026-08-09,1807.23,Pago,202608
MEN00007977,ALU00665,2026-09-01,2026-09-10,2026-09-17,1867.72,Pago,202609
MEN00007978,ALU00665,2026-10-01,2026-10-10,2026-10-13,1810.08,Pago,202610
MEN00007979,ALU00665,2026-11-01,2026-11-10,2026-11-09,1844.01,Pago,202611
MEN00007980,ALU00665,2026-12-01,2026-12-10,2026-12-08,1862.5,Pago,202612
MEN00007981,ALU00666,2026-01-01,2026-01-10,2026-01-09,1802.19,Pago,202601
MEN00007982,ALU00666,2026-02-01,2026-02-10,2026-02-18,1804.17,Pago,202602
MEN00007983,ALU00666,2026-03-01,2026-03-10,2026-03-15,1813.07,Pago,202603
MEN00007984,ALU00666,2026-04-01,2026-04-10,,1901.25,Em Aberto,202604
MEN00007985,ALU00666,2026-05-01,2026-05-10,2026-05-10,1816.6,Pago,202605
MEN00007986,ALU00666,2026-06-01,2026-06-10,,1885.76,Em Aberto,202606
MEN00007987,ALU00666,2026-07-01,2026-07-10,2026-07-18,1896.05,Pago,202607
MEN00007988,ALU00666,2026-08-01,2026-08-10,2026-08-17,1883.51,Pago,202608
MEN00007989,ALU00666,2026-09-01,2026-09-10,2026-09-08,1899.68,Pago,202609
MEN00007990,ALU00666,2026-10-01,2026-10-10,,1854.68,Vencido,202610
MEN00007991,ALU00666,2026-11-01,2026-11-10,2026-11-09,1882.61,Pago,202611
MEN00007992,ALU00666,2026-12-01,2026-12-10,,1814.97,Vencido,202612
MEN00007993,ALU00667,2026-01-01,2026-01-10,2026-01-14,1847.15,Pago,202601
MEN00007994,ALU00667,2026-02-01,2026-02-10,2026-02-08,1891.66,Pago,202602
MEN00007995,ALU00667,2026-03-01,2026-03-10,2026-03-18,1897.09,Pago,202603
MEN00007996,ALU00667,2026-04-01,2026-04-10,,1824.28,Em Aberto,202604
MEN00007997,ALU00667,2026-05-01,2026-05-10,2026-05-13,1813.71,Pago,202605
MEN00007998,ALU00667,2026-06-01,2026-06-10,2026-06-14,1864.77,Pago,202606
MEN00007999,ALU00667,2026-07-01,2026-07-10,2026-07-08,1882.17,Pago,202607
MEN00008000,ALU00667,2026-08-01,2026-08-10,2026-08-18,1883.47,Pago,202608
MEN00008001,ALU00667,2026-09-01,2026-09-10,2026-09-08,1870.64,Pago,202609
MEN00008002,ALU00667,2026-10-01,2026-10-10,2026-10-15,1816.36,Pago,202610
MEN00008003,ALU00667,2026-11-01,2026-11-10,,1887.76,Vencido,202611
MEN00008004,ALU00667,2026-12-01,2026-12-10,2026-12-16,1853.92,Pago,202612
MEN00008005,ALU00668,2026-01-01,2026-01-10,2026-01-09,1854.3,Pago,202601
MEN00008006,ALU00668,2026-02-01,2026-02-10,2026-02-14,1875.16,Pago,202602
MEN00008007,ALU00668,2026-03-01,2026-03-10,2026-03-14,1803.87,Pago,202603
MEN00008008,ALU00668,2026-04-01,2026-04-10,,1855.77,Vencido,202604
MEN00008009,ALU00668,2026-05-01,2026-05-10,2026-05-17,1892.93,Pago,202605
MEN00008010,ALU00668,2026-06-01,2026-06-10,2026-06-13,1843.29,Pago,202606
MEN00008011,ALU00668,2026-07-01,2026-07-10,2026-07-15,1901.06,Pago,202607
MEN00008012,ALU00668,2026-08-01,2026-08-10,2026-08-08,1849.61,Pago,202608
MEN00008013,ALU00668,2026-09-01,2026-09-10,,1814.09,Vencido,202609
MEN00008014,ALU00668,2026-10-01,2026-10-10,2026-10-14,1805.6,Pago,202610
MEN00008015,ALU00668,2026-11-01,2026-11-10,2026-11-14,1830.94,Pago,202611
MEN00008016,ALU00668,2026-12-01,2026-12-10,2026-12-08,1812.36,Pago,202612
MEN00008017,ALU00669,2026-01-01,2026-01-10,2026-01-08,1851.45,Pago,202601
MEN00008018,ALU00669,2026-02-01,2026-02-10,2026-02-11,1827.08,Pago,202602
MEN00008019,ALU00669,2026-03-01,2026-03-10,2026-03-10,1868.85,Pago,202603
MEN00008020,ALU00669,2026-04-01,2026-04-10,2026-04-09,1815.84,Pago,202604
MEN00008021,ALU00669,2026-05-01,2026-05-10,,1809.8,Em Aberto,202605
MEN00008022,ALU00669,2026-06-01,2026-06-10,2026-06-12,1805.48,Pago,202606
MEN00008023,ALU00669,2026-07-01,2026-07-10,2026-07-11,1851.65,Pago,202607
MEN00008024,ALU00669,2026-08-01,2026-08-10,2026-08-10,1884.61,Pago,202608
MEN00008025,ALU00669,2026-09-01,2026-09-10,,1874.46,Em Aberto,202609
MEN00008026,ALU00669,2026-10-01,2026-10-10,2026-10-16,1878.4,Pago,202610
MEN00008027,ALU00669,2026-11-01,2026-11-10,2026-11-10,1846.97,Pago,202611
MEN00008028,ALU00669,2026-12-01,2026-12-10,2026-12-11,1830.5,Pago,202612
MEN00008029,ALU00670,2026-01-01,2026-01-10,,1883.27,Em Aberto,202601
MEN00008030,ALU00670,2026-02-01,2026-02-10,,1842.35,Em Aberto,202602
MEN00008031,ALU00670,2026-03-01,2026-03-10,2026-03-13,1812.32,Pago,202603
MEN00008032,ALU00670,2026-04-01,2026-04-10,,1822.51,Vencido,202604
MEN00008033,ALU00670,2026-05-01,2026-05-10,2026-05-11,1896.76,Pago,202605
MEN00008034,ALU00670,2026-06-01,2026-06-10,2026-06-11,1804.91,Pago,202606
MEN00008035,ALU00670,2026-07-01,2026-07-10,2026-07-12,1901.47,Pago,202607
MEN00008036,ALU00670,2026-08-01,2026-08-10,2026-08-13,1858.78,Pago,202608
MEN00008037,ALU00670,2026-09-01,2026-09-10,2026-09-08,1859.26,Pago,202609
MEN00008038,ALU00670,2026-10-01,2026-10-10,2026-10-13,1868.24,Pago,202610
MEN00008039,ALU00670,2026-11-01,2026-11-10,2026-11-14,1897.04,Pago,202611
MEN00008040,ALU00670,2026-12-01,2026-12-10,,1859.99,Em Aberto,202612
MEN00008041,ALU00671,2026-01-01,2026-01-10,2026-01-11,1837.57,Pago,202601
MEN00008042,ALU00671,2026-02-01,2026-02-10,,1832.06,Vencido,202602
MEN00008043,ALU00671,2026-03-01,2026-03-10,2026-03-13,1881.08,Pago,202603
MEN00008044,ALU00671,2026-04-01,2026-04-10,,1803.53,Vencido,202604
MEN00008045,ALU00671,2026-05-01,2026-05-10,,1886.49,Vencido,202605
MEN00008046,ALU00671,2026-06-01,2026-06-10,2026-06-10,1832.59,Pago,202606
MEN00008047,ALU00671,2026-07-01,2026-07-10,2026-07-16,1897.6,Pago,202607
MEN00008048,ALU00671,2026-08-01,2026-08-10,2026-08-16,1868.44,Pago,202608
MEN00008049,ALU00671,2026-09-01,2026-09-10,,1886.42,Em Aberto,202609
MEN00008050,ALU00671,2026-10-01,2026-10-10,2026-10-07,1795.03,Pago,202610
MEN00008051,ALU00671,2026-11-01,2026-11-10,2026-11-07,1868.9,Pago,202611
MEN00008052,ALU00671,2026-12-01,2026-12-10,2026-12-13,1850.92,Pago,202612
MEN00008053,ALU00672,2026-01-01,2026-01-10,2026-01-18,1819.36,Pago,202601
MEN00008054,ALU00672,2026-02-01,2026-02-10,2026-02-07,1795.65,Pago,202602
MEN00008055,ALU00672,2026-03-01,2026-03-10,,1898.87,Vencido,202603
MEN00008056,ALU00672,2026-04-01,2026-04-10,2026-04-13,1844.87,Pago,202604
MEN00008057,ALU00672,2026-05-01,2026-05-10,,1856.07,Vencido,202605
MEN00008058,ALU00672,2026-06-01,2026-06-10,2026-06-10,1856.19,Pago,202606
MEN00008059,ALU00672,2026-07-01,2026-07-10,,1812.05,Em Aberto,202607
MEN00008060,ALU00672,2026-08-01,2026-08-10,2026-08-16,1889.37,Pago,202608
MEN00008061,ALU00672,2026-09-01,2026-09-10,2026-09-15,1899.38,Pago,202609
MEN00008062,ALU00672,2026-10-01,2026-10-10,2026-10-13,1869.32,Pago,202610
MEN00008063,ALU00672,2026-11-01,2026-11-10,2026-11-16,1814.62,Pago,202611
MEN00008064,ALU00672,2026-12-01,2026-12-10,2026-12-13,1850.11,Pago,202612
MEN00008065,ALU00673,2026-01-01,2026-01-10,2026-01-11,1852.84,Pago,202601
MEN00008066,ALU00673,2026-02-01,2026-02-10,2026-02-12,1880.18,Pago,202602
MEN00008067,ALU00673,2026-03-01,2026-03-10,2026-03-08,1849.07,Pago,202603
MEN00008068,ALU00673,2026-04-01,2026-04-10,2026-04-13,1800.96,Pago,202604
MEN00008069,ALU00673,2026-05-01,2026-05-10,2026-05-12,1856.25,Pago,202605
MEN00008070,ALU00673,2026-06-01,2026-06-10,2026-06-15,1885.14,Pago,202606
MEN00008071,ALU00673,2026-07-01,2026-07-10,2026-07-15,1864.21,Pago,202607
MEN00008072,ALU00673,2026-08-01,2026-08-10,2026-08-14,1899.69,Pago,202608
MEN00008073,ALU00673,2026-09-01,2026-09-10,2026-09-15,1826.68,Pago,202609
MEN00008074,ALU00673,2026-10-01,2026-10-10,2026-10-11,1818.27,Pago,202610
MEN00008075,ALU00673,2026-11-01,2026-11-10,2026-11-17,1807.46,Pago,202611
MEN00008076,ALU00673,2026-12-01,2026-12-10,2026-12-11,1853.6,Pago,202612
MEN00008077,ALU00674,2026-01-01,2026-01-10,2026-01-08,1808.83,Pago,202601
MEN00008078,ALU00674,2026-02-01,2026-02-10,2026-02-10,1902.4,Pago,202602
MEN00008079,ALU00674,2026-03-01,2026-03-10,2026-03-15,1803.36,Pago,202603
MEN00008080,ALU00674,2026-04-01,2026-04-10,2026-04-16,1800.33,Pago,202604
MEN00008081,ALU00674,2026-05-01,2026-05-10,2026-05-16,1862.4,Pago,202605
MEN00008082,ALU00674,2026-06-01,2026-06-10,,1841.03,Em Aberto,202606
MEN00008083,ALU00674,2026-07-01,2026-07-10,2026-07-09,1811.31,Pago,202607
MEN00008084,ALU00674,2026-08-01,2026-08-10,2026-08-14,1838.09,Pago,202608
MEN00008085,ALU00674,2026-09-01,2026-09-10,,1854.96,Em Aberto,202609
MEN00008086,ALU00674,2026-10-01,2026-10-10,2026-10-11,1901.11,Pago,202610
MEN00008087,ALU00674,2026-11-01,2026-11-10,2026-11-16,1796.07,Pago,202611
MEN00008088,ALU00674,2026-12-01,2026-12-10,2026-12-17,1815.27,Pago,202612
MEN00008089,ALU00675,2026-01-01,2026-01-10,2026-01-10,1803.79,Pago,202601
MEN00008090,ALU00675,2026-02-01,2026-02-10,2026-02-14,1852.53,Pago,202602
MEN00008091,ALU00675,2026-03-01,2026-03-10,2026-03-17,1860.52,Pago,202603
MEN00008092,ALU00675,2026-04-01,2026-04-10,2026-04-13,1865.09,Pago,202604
MEN00008093,ALU00675,2026-05-01,2026-05-10,2026-05-14,1805.17,Pago,202605
MEN00008094,ALU00675,2026-06-01,2026-06-10,2026-06-16,1842.74,Pago,202606
MEN00008095,ALU00675,2026-07-01,2026-07-10,,1855.43,Vencido,202607
MEN00008096,ALU00675,2026-08-01,2026-08-10,2026-08-18,1841.4,Pago,202608
MEN00008097,ALU00675,2026-09-01,2026-09-10,2026-09-18,1805.26,Pago,202609
MEN00008098,ALU00675,2026-10-01,2026-10-10,,1812.4,Em Aberto,202610
MEN00008099,ALU00675,2026-11-01,2026-11-10,2026-11-17,1819.53,Pago,202611
MEN00008100,ALU00675,2026-12-01,2026-12-10,2026-12-12,1794.6,Pago,202612
MEN00008101,ALU00676,2026-01-01,2026-01-10,2026-01-07,1868.2,Pago,202601
MEN00008102,ALU00676,2026-02-01,2026-02-10,2026-02-08,1815.36,Pago,202602
MEN00008103,ALU00676,2026-03-01,2026-03-10,,1816.34,Vencido,202603
MEN00008104,ALU00676,2026-04-01,2026-04-10,,1896.1,Vencido,202604
MEN00008105,ALU00676,2026-05-01,2026-05-10,2026-05-11,1817.02,Pago,202605
MEN00008106,ALU00676,2026-06-01,2026-06-10,2026-06-07,1890.75,Pago,202606
MEN00008107,ALU00676,2026-07-01,2026-07-10,2026-07-07,1881.0,Pago,202607
MEN00008108,ALU00676,2026-08-01,2026-08-10,,1871.27,Em Aberto,202608
MEN00008109,ALU00676,2026-09-01,2026-09-10,,1890.48,Vencido,202609
MEN00008110,ALU00676,2026-10-01,2026-10-10,2026-10-14,1814.39,Pago,202610
MEN00008111,ALU00676,2026-11-01,2026-11-10,2026-11-12,1829.58,Pago,202611
MEN00008112,ALU00676,2026-12-01,2026-12-10,2026-12-12,1897.27,Pago,202612
MEN00008113,ALU00677,2026-01-01,2026-01-10,2026-01-14,1833.29,Pago,202601
MEN00008114,ALU00677,2026-02-01,2026-02-10,2026-02-18,1846.85,Pago,202602
MEN00008115,ALU00677,2026-03-01,2026-03-10,2026-03-17,1820.0,Pago,202603
MEN00008116,ALU00677,2026-04-01,2026-04-10,2026-04-16,1857.93,Pago,202604
MEN00008117,ALU00677,2026-05-01,2026-05-10,2026-05-08,1847.9,Pago,202605
MEN00008118,ALU00677,2026-06-01,2026-06-10,2026-06-12,1872.53,Pago,202606
MEN00008119,ALU00677,2026-07-01,2026-07-10,2026-07-12,1802.48,Pago,202607
MEN00008120,ALU00677,2026-08-01,2026-08-10,2026-08-10,1826.49,Pago,202608
MEN00008121,ALU00677,2026-09-01,2026-09-10,2026-09-15,1895.18,Pago,202609
MEN00008122,ALU00677,2026-10-01,2026-10-10,2026-10-13,1841.48,Pago,202610
MEN00008123,ALU00677,2026-11-01,2026-11-10,2026-11-17,1863.62,Pago,202611
MEN00008124,ALU00677,2026-12-01,2026-12-10,,1868.73,Em Aberto,202612
MEN00008125,ALU00678,2026-01-01,2026-01-10,,1870.17,Em Aberto,202601
MEN00008126,ALU00678,2026-02-01,2026-02-10,2026-02-14,1875.32,Pago,202602
MEN00008127,ALU00678,2026-03-01,2026-03-10,2026-03-15,1816.36,Pago,202603
MEN00008128,ALU00678,2026-04-01,2026-04-10,,1882.76,Vencido,202604
MEN00008129,ALU00678,2026-05-01,2026-05-10,2026-05-14,1856.37,Pago,202605
MEN00008130,ALU00678,2026-06-01,2026-06-10,,1814.62,Vencido,202606
MEN00008131,ALU00678,2026-07-01,2026-07-10,2026-07-11,1863.22,Pago,202607
MEN00008132,ALU00678,2026-08-01,2026-08-10,2026-08-09,1860.62,Pago,202608
MEN00008133,ALU00678,2026-09-01,2026-09-10,2026-09-09,1892.09,Pago,202609
MEN00008134,ALU00678,2026-10-01,2026-10-10,2026-10-18,1808.79,Pago,202610
MEN00008135,ALU00678,2026-11-01,2026-11-10,2026-11-09,1817.11,Pago,202611
MEN00008136,ALU00678,2026-12-01,2026-12-10,,1893.47,Em Aberto,202612
MEN00008137,ALU00679,2026-01-01,2026-01-10,2026-01-09,1821.96,Pago,202601
MEN00008138,ALU00679,2026-02-01,2026-02-10,2026-02-16,1810.79,Pago,202602
MEN00008139,ALU00679,2026-03-01,2026-03-10,2026-03-14,1850.58,Pago,202603
MEN00008140,ALU00679,2026-04-01,2026-04-10,2026-04-12,1903.98,Pago,202604
MEN00008141,ALU00679,2026-05-01,2026-05-10,2026-05-07,1880.4,Pago,202605
MEN00008142,ALU00679,2026-06-01,2026-06-10,2026-06-18,1866.53,Pago,202606
MEN00008143,ALU00679,2026-07-01,2026-07-10,2026-07-12,1829.01,Pago,202607
MEN00008144,ALU00679,2026-08-01,2026-08-10,2026-08-13,1848.25,Pago,202608
MEN00008145,ALU00679,2026-09-01,2026-09-10,2026-09-13,1888.97,Pago,202609
MEN00008146,ALU00679,2026-10-01,2026-10-10,2026-10-08,1853.04,Pago,202610
MEN00008147,ALU00679,2026-11-01,2026-11-10,2026-11-12,1848.63,Pago,202611
MEN00008148,ALU00679,2026-12-01,2026-12-10,2026-12-18,1887.57,Pago,202612
MEN00008149,ALU00680,2026-01-01,2026-01-10,2026-01-18,1839.05,Pago,202601
MEN00008150,ALU00680,2026-02-01,2026-02-10,2026-02-17,1804.88,Pago,202602
MEN00008151,ALU00680,2026-03-01,2026-03-10,2026-03-10,1892.73,Pago,202603
MEN00008152,ALU00680,2026-04-01,2026-04-10,2026-04-17,1896.59,Pago,202604
MEN00008153,ALU00680,2026-05-01,2026-05-10,2026-05-17,1797.2,Pago,202605
MEN00008154,ALU00680,2026-06-01,2026-06-10,2026-06-17,1808.51,Pago,202606
MEN00008155,ALU00680,2026-07-01,2026-07-10,2026-07-13,1893.61,Pago,202607
MEN00008156,ALU00680,2026-08-01,2026-08-10,,1888.93,Em Aberto,202608
MEN00008157,ALU00680,2026-09-01,2026-09-10,2026-09-18,1796.7,Pago,202609
MEN00008158,ALU00680,2026-10-01,2026-10-10,2026-10-16,1879.15,Pago,202610
MEN00008159,ALU00680,2026-11-01,2026-11-10,2026-11-15,1884.31,Pago,202611
MEN00008160,ALU00680,2026-12-01,2026-12-10,2026-12-14,1832.21,Pago,202612
MEN00008161,ALU00681,2026-01-01,2026-01-10,2026-01-17,1811.27,Pago,202601
MEN00008162,ALU00681,2026-02-01,2026-02-10,2026-02-15,1901.53,Pago,202602
MEN00008163,ALU00681,2026-03-01,2026-03-10,,1880.87,Vencido,202603
MEN00008164,ALU00681,2026-04-01,2026-04-10,2026-04-08,1839.56,Pago,202604
MEN00008165,ALU00681,2026-05-01,2026-05-10,2026-05-13,1905.2,Pago,202605
MEN00008166,ALU00681,2026-06-01,2026-06-10,2026-06-14,1807.2,Pago,202606
MEN00008167,ALU00681,2026-07-01,2026-07-10,,1815.17,Em Aberto,202607
MEN00008168,ALU00681,2026-08-01,2026-08-10,2026-08-07,1803.64,Pago,202608
MEN00008169,ALU00681,2026-09-01,2026-09-10,2026-09-18,1860.86,Pago,202609
MEN00008170,ALU00681,2026-10-01,2026-10-10,,1897.42,Em Aberto,202610
MEN00008171,ALU00681,2026-11-01,2026-11-10,2026-11-08,1811.12,Pago,202611
MEN00008172,ALU00681,2026-12-01,2026-12-10,,1795.49,Em Aberto,202612
MEN00008173,ALU00682,2026-01-01,2026-01-10,2026-01-14,1866.16,Pago,202601
MEN00008174,ALU00682,2026-02-01,2026-02-10,2026-02-18,1901.47,Pago,202602
MEN00008175,ALU00682,2026-03-01,2026-03-10,2026-03-17,1862.53,Pago,202603
MEN00008176,ALU00682,2026-04-01,2026-04-10,2026-04-08,1833.49,Pago,202604
MEN00008177,ALU00682,2026-05-01,2026-05-10,2026-05-15,1904.16,Pago,202605
MEN00008178,ALU00682,2026-06-01,2026-06-10,,1824.41,Em Aberto,202606
MEN00008179,ALU00682,2026-07-01,2026-07-10,2026-07-07,1814.27,Pago,202607
MEN00008180,ALU00682,2026-08-01,2026-08-10,2026-08-13,1840.31,Pago,202608
MEN00008181,ALU00682,2026-09-01,2026-09-10,2026-09-12,1839.01,Pago,202609
MEN00008182,ALU00682,2026-10-01,2026-10-10,2026-10-14,1794.8,Pago,202610
MEN00008183,ALU00682,2026-11-01,2026-11-10,2026-11-14,1849.86,Pago,202611
MEN00008184,ALU00682,2026-12-01,2026-12-10,2026-12-16,1877.45,Pago,202612
MEN00008185,ALU00683,2026-01-01,2026-01-10,2026-01-14,1825.0,Pago,202601
MEN00008186,ALU00683,2026-02-01,2026-02-10,2026-02-15,1895.43,Pago,202602
MEN00008187,ALU00683,2026-03-01,2026-03-10,2026-03-14,1887.32,Pago,202603
MEN00008188,ALU00683,2026-04-01,2026-04-10,,1856.11,Vencido,202604
MEN00008189,ALU00683,2026-05-01,2026-05-10,,1819.81,Em Aberto,202605
MEN00008190,ALU00683,2026-06-01,2026-06-10,,1803.49,Em Aberto,202606
MEN00008191,ALU00683,2026-07-01,2026-07-10,2026-07-17,1804.15,Pago,202607
MEN00008192,ALU00683,2026-08-01,2026-08-10,,1842.85,Em Aberto,202608
MEN00008193,ALU00683,2026-09-01,2026-09-10,2026-09-11,1815.99,Pago,202609
MEN00008194,ALU00683,2026-10-01,2026-10-10,2026-10-13,1834.81,Pago,202610
MEN00008195,ALU00683,2026-11-01,2026-11-10,2026-11-07,1871.15,Pago,202611
MEN00008196,ALU00683,2026-12-01,2026-12-10,2026-12-09,1868.14,Pago,202612
MEN00008197,ALU00684,2026-01-01,2026-01-10,2026-01-10,1850.15,Pago,202601
MEN00008198,ALU00684,2026-02-01,2026-02-10,2026-02-08,1794.88,Pago,202602
MEN00008199,ALU00684,2026-03-01,2026-03-10,2026-03-16,1805.95,Pago,202603
MEN00008200,ALU00684,2026-04-01,2026-04-10,2026-04-16,1874.66,Pago,202604
MEN00008201,ALU00684,2026-05-01,2026-05-10,2026-05-13,1864.7,Pago,202605
MEN00008202,ALU00684,2026-06-01,2026-06-10,,1852.12,Em Aberto,202606
MEN00008203,ALU00684,2026-07-01,2026-07-10,2026-07-11,1844.85,Pago,202607
MEN00008204,ALU00684,2026-08-01,2026-08-10,2026-08-11,1834.26,Pago,202608
MEN00008205,ALU00684,2026-09-01,2026-09-10,2026-09-14,1842.28,Pago,202609
MEN00008206,ALU00684,2026-10-01,2026-10-10,2026-10-07,1884.67,Pago,202610
MEN00008207,ALU00684,2026-11-01,2026-11-10,2026-11-17,1796.15,Pago,202611
MEN00008208,ALU00684,2026-12-01,2026-12-10,2026-12-15,1799.14,Pago,202612
MEN00008209,ALU00685,2026-01-01,2026-01-10,2026-01-14,1873.85,Pago,202601
MEN00008210,ALU00685,2026-02-01,2026-02-10,2026-02-10,1842.86,Pago,202602
MEN00008211,ALU00685,2026-03-01,2026-03-10,2026-03-18,1796.46,Pago,202603
MEN00008212,ALU00685,2026-04-01,2026-04-10,2026-04-16,1839.77,Pago,202604
MEN00008213,ALU00685,2026-05-01,2026-05-10,2026-05-12,1848.57,Pago,202605
MEN00008214,ALU00685,2026-06-01,2026-06-10,2026-06-16,1882.32,Pago,202606
MEN00008215,ALU00685,2026-07-01,2026-07-10,,1833.32,Em Aberto,202607
MEN00008216,ALU00685,2026-08-01,2026-08-10,2026-08-07,1843.17,Pago,202608
MEN00008217,ALU00685,2026-09-01,2026-09-10,2026-09-11,1874.27,Pago,202609
MEN00008218,ALU00685,2026-10-01,2026-10-10,2026-10-08,1844.81,Pago,202610
MEN00008219,ALU00685,2026-11-01,2026-11-10,2026-11-11,1830.2,Pago,202611
MEN00008220,ALU00685,2026-12-01,2026-12-10,2026-12-15,1797.57,Pago,202612
MEN00008221,ALU00686,2026-01-01,2026-01-10,2026-01-12,1796.79,Pago,202601
MEN00008222,ALU00686,2026-02-01,2026-02-10,2026-02-17,1825.72,Pago,202602
MEN00008223,ALU00686,2026-03-01,2026-03-10,2026-03-11,1834.14,Pago,202603
MEN00008224,ALU00686,2026-04-01,2026-04-10,,1889.36,Em Aberto,202604
MEN00008225,ALU00686,2026-05-01,2026-05-10,,1827.4,Vencido,202605
MEN00008226,ALU00686,2026-06-01,2026-06-10,,1892.81,Vencido,202606
MEN00008227,ALU00686,2026-07-01,2026-07-10,2026-07-08,1841.91,Pago,202607
MEN00008228,ALU00686,2026-08-01,2026-08-10,2026-08-10,1829.1,Pago,202608
MEN00008229,ALU00686,2026-09-01,2026-09-10,2026-09-12,1896.42,Pago,202609
MEN00008230,ALU00686,2026-10-01,2026-10-10,,1847.08,Em Aberto,202610
MEN00008231,ALU00686,2026-11-01,2026-11-10,2026-11-07,1851.11,Pago,202611
MEN00008232,ALU00686,2026-12-01,2026-12-10,2026-12-09,1898.85,Pago,202612
MEN00008233,ALU00687,2026-01-01,2026-01-10,,1823.18,Vencido,202601
MEN00008234,ALU00687,2026-02-01,2026-02-10,,1873.01,Em Aberto,202602
MEN00008235,ALU00687,2026-03-01,2026-03-10,2026-03-18,1807.02,Pago,202603
MEN00008236,ALU00687,2026-04-01,2026-04-10,2026-04-17,1868.65,Pago,202604
MEN00008237,ALU00687,2026-05-01,2026-05-10,2026-05-12,1808.93,Pago,202605
MEN00008238,ALU00687,2026-06-01,2026-06-10,2026-06-14,1814.57,Pago,202606
MEN00008239,ALU00687,2026-07-01,2026-07-10,2026-07-08,1866.82,Pago,202607
MEN00008240,ALU00687,2026-08-01,2026-08-10,2026-08-10,1799.81,Pago,202608
MEN00008241,ALU00687,2026-09-01,2026-09-10,2026-09-15,1858.64,Pago,202609
MEN00008242,ALU00687,2026-10-01,2026-10-10,,1824.29,Em Aberto,202610
MEN00008243,ALU00687,2026-11-01,2026-11-10,2026-11-16,1824.55,Pago,202611
MEN00008244,ALU00687,2026-12-01,2026-12-10,,1879.47,Em Aberto,202612
MEN00008245,ALU00688,2026-01-01,2026-01-10,2026-01-08,1893.48,Pago,202601
MEN00008246,ALU00688,2026-02-01,2026-02-10,2026-02-07,1806.66,Pago,202602
MEN00008247,ALU00688,2026-03-01,2026-03-10,,1887.53,Vencido,202603
MEN00008248,ALU00688,2026-04-01,2026-04-10,2026-04-09,1853.27,Pago,202604
MEN00008249,ALU00688,2026-05-01,2026-05-10,2026-05-11,1809.96,Pago,202605
MEN00008250,ALU00688,2026-06-01,2026-06-10,2026-06-18,1846.72,Pago,202606
MEN00008251,ALU00688,2026-07-01,2026-07-10,2026-07-07,1872.91,Pago,202607
MEN00008252,ALU00688,2026-08-01,2026-08-10,2026-08-12,1894.69,Pago,202608
MEN00008253,ALU00688,2026-09-01,2026-09-10,2026-09-09,1798.2,Pago,202609
MEN00008254,ALU00688,2026-10-01,2026-10-10,2026-10-09,1859.15,Pago,202610
MEN00008255,ALU00688,2026-11-01,2026-11-10,2026-11-13,1833.2,Pago,202611
MEN00008256,ALU00688,2026-12-01,2026-12-10,2026-12-17,1844.86,Pago,202612
MEN00008257,ALU00689,2026-01-01,2026-01-10,2026-01-09,1835.26,Pago,202601
MEN00008258,ALU00689,2026-02-01,2026-02-10,2026-02-18,1874.32,Pago,202602
MEN00008259,ALU00689,2026-03-01,2026-03-10,2026-03-09,1875.66,Pago,202603
MEN00008260,ALU00689,2026-04-01,2026-04-10,2026-04-18,1841.96,Pago,202604
MEN00008261,ALU00689,2026-05-01,2026-05-10,2026-05-10,1874.16,Pago,202605
MEN00008262,ALU00689,2026-06-01,2026-06-10,2026-06-07,1868.08,Pago,202606
MEN00008263,ALU00689,2026-07-01,2026-07-10,,1807.69,Em Aberto,202607
MEN00008264,ALU00689,2026-08-01,2026-08-10,,1876.2,Vencido,202608
MEN00008265,ALU00689,2026-09-01,2026-09-10,2026-09-12,1857.73,Pago,202609
MEN00008266,ALU00689,2026-10-01,2026-10-10,2026-10-17,1866.49,Pago,202610
MEN00008267,ALU00689,2026-11-01,2026-11-10,2026-11-16,1803.72,Pago,202611
MEN00008268,ALU00689,2026-12-01,2026-12-10,2026-12-07,1873.03,Pago,202612
MEN00008269,ALU00690,2026-01-01,2026-01-10,2026-01-10,1821.37,Pago,202601
MEN00008270,ALU00690,2026-02-01,2026-02-10,2026-02-11,1872.29,Pago,202602
MEN00008271,ALU00690,2026-03-01,2026-03-10,2026-03-17,1840.25,Pago,202603
MEN00008272,ALU00690,2026-04-01,2026-04-10,2026-04-17,1802.36,Pago,202604
MEN00008273,ALU00690,2026-05-01,2026-05-10,2026-05-07,1854.53,Pago,202605
MEN00008274,ALU00690,2026-06-01,2026-06-10,2026-06-14,1904.17,Pago,202606
MEN00008275,ALU00690,2026-07-01,2026-07-10,,1807.12,Em Aberto,202607
MEN00008276,ALU00690,2026-08-01,2026-08-10,2026-08-18,1855.09,Pago,202608
MEN00008277,ALU00690,2026-09-01,2026-09-10,2026-09-14,1822.78,Pago,202609
MEN00008278,ALU00690,2026-10-01,2026-10-10,2026-10-17,1879.52,Pago,202610
MEN00008279,ALU00690,2026-11-01,2026-11-10,2026-11-17,1896.65,Pago,202611
MEN00008280,ALU00690,2026-12-01,2026-12-10,2026-12-18,1854.51,Pago,202612
MEN00008281,ALU00691,2026-01-01,2026-01-10,2026-01-13,1897.18,Pago,202601
MEN00008282,ALU00691,2026-02-01,2026-02-10,2026-02-09,1794.84,Pago,202602
MEN00008283,ALU00691,2026-03-01,2026-03-10,2026-03-11,1853.08,Pago,202603
MEN00008284,ALU00691,2026-04-01,2026-04-10,2026-04-14,1862.31,Pago,202604
MEN00008285,ALU00691,2026-05-01,2026-05-10,,1875.73,Vencido,202605
MEN00008286,ALU00691,2026-06-01,2026-06-10,,1856.83,Em Aberto,202606
MEN00008287,ALU00691,2026-07-01,2026-07-10,2026-07-07,1842.68,Pago,202607
MEN00008288,ALU00691,2026-08-01,2026-08-10,2026-08-18,1846.67,Pago,202608
MEN00008289,ALU00691,2026-09-01,2026-09-10,2026-09-16,1897.88,Pago,202609
MEN00008290,ALU00691,2026-10-01,2026-10-10,,1806.65,Em Aberto,202610
MEN00008291,ALU00691,2026-11-01,2026-11-10,2026-11-15,1904.3,Pago,202611
MEN00008292,ALU00691,2026-12-01,2026-12-10,2026-12-07,1833.4,Pago,202612
MEN00008293,ALU00692,2026-01-01,2026-01-10,2026-01-07,1846.75,Pago,202601
MEN00008294,ALU00692,2026-02-01,2026-02-10,2026-02-13,1839.66,Pago,202602
MEN00008295,ALU00692,2026-03-01,2026-03-10,2026-03-11,1808.9,Pago,202603
MEN00008296,ALU00692,2026-04-01,2026-04-10,2026-04-16,1895.17,Pago,202604
MEN00008297,ALU00692,2026-05-01,2026-05-10,2026-05-16,1860.84,Pago,202605
MEN00008298,ALU00692,2026-06-01,2026-06-10,2026-06-18,1801.79,Pago,202606
MEN00008299,ALU00692,2026-07-01,2026-07-10,2026-07-17,1822.24,Pago,202607
MEN00008300,ALU00692,2026-08-01,2026-08-10,2026-08-16,1817.33,Pago,202608
MEN00008301,ALU00692,2026-09-01,2026-09-10,2026-09-17,1843.16,Pago,202609
MEN00008302,ALU00692,2026-10-01,2026-10-10,2026-10-13,1800.14,Pago,202610
MEN00008303,ALU00692,2026-11-01,2026-11-10,2026-11-16,1833.43,Pago,202611
MEN00008304,ALU00692,2026-12-01,2026-12-10,2026-12-13,1854.69,Pago,202612
MEN00008305,ALU00693,2026-01-01,2026-01-10,2026-01-07,1831.44,Pago,202601
MEN00008306,ALU00693,2026-02-01,2026-02-10,,1872.31,Em Aberto,202602
MEN00008307,ALU00693,2026-03-01,2026-03-10,2026-03-12,1829.16,Pago,202603
MEN00008308,ALU00693,2026-04-01,2026-04-10,,1868.2,Vencido,202604
MEN00008309,ALU00693,2026-05-01,2026-05-10,2026-05-10,1853.89,Pago,202605
MEN00008310,ALU00693,2026-06-01,2026-06-10,2026-06-07,1855.82,Pago,202606
MEN00008311,ALU00693,2026-07-01,2026-07-10,2026-07-11,1831.54,Pago,202607
MEN00008312,ALU00693,2026-08-01,2026-08-10,,1804.86,Em Aberto,202608
MEN00008313,ALU00693,2026-09-01,2026-09-10,2026-09-18,1798.71,Pago,202609
MEN00008314,ALU00693,2026-10-01,2026-10-10,,1856.79,Vencido,202610
MEN00008315,ALU00693,2026-11-01,2026-11-10,2026-11-17,1902.36,Pago,202611
MEN00008316,ALU00693,2026-12-01,2026-12-10,,1888.31,Em Aberto,202612
MEN00008317,ALU00694,2026-01-01,2026-01-10,2026-01-08,1847.23,Pago,202601
MEN00008318,ALU00694,2026-02-01,2026-02-10,2026-02-16,1877.71,Pago,202602
MEN00008319,ALU00694,2026-03-01,2026-03-10,2026-03-09,1883.24,Pago,202603
MEN00008320,ALU00694,2026-04-01,2026-04-10,2026-04-15,1903.96,Pago,202604
MEN00008321,ALU00694,2026-05-01,2026-05-10,2026-05-17,1809.03,Pago,202605
MEN00008322,ALU00694,2026-06-01,2026-06-10,,1820.64,Vencido,202606
MEN00008323,ALU00694,2026-07-01,2026-07-10,2026-07-11,1811.07,Pago,202607
MEN00008324,ALU00694,2026-08-01,2026-08-10,,1895.06,Em Aberto,202608
MEN00008325,ALU00694,2026-09-01,2026-09-10,2026-09-10,1840.66,Pago,202609
MEN00008326,ALU00694,2026-10-01,2026-10-10,2026-10-10,1815.63,Pago,202610
MEN00008327,ALU00694,2026-11-01,2026-11-10,2026-11-08,1893.98,Pago,202611
MEN00008328,ALU00694,2026-12-01,2026-12-10,2026-12-12,1823.1,Pago,202612
MEN00008329,ALU00695,2026-01-01,2026-01-10,,1880.8,Em Aberto,202601
MEN00008330,ALU00695,2026-02-01,2026-02-10,2026-02-10,1861.52,Pago,202602
MEN00008331,ALU00695,2026-03-01,2026-03-10,2026-03-15,1824.01,Pago,202603
MEN00008332,ALU00695,2026-04-01,2026-04-10,,1815.2,Em Aberto,202604
MEN00008333,ALU00695,2026-05-01,2026-05-10,,1818.66,Em Aberto,202605
MEN00008334,ALU00695,2026-06-01,2026-06-10,2026-06-09,1891.34,Pago,202606
MEN00008335,ALU00695,2026-07-01,2026-07-10,2026-07-17,1866.9,Pago,202607
MEN00008336,ALU00695,2026-08-01,2026-08-10,2026-08-13,1877.15,Pago,202608
MEN00008337,ALU00695,2026-09-01,2026-09-10,2026-09-07,1823.9,Pago,202609
MEN00008338,ALU00695,2026-10-01,2026-10-10,2026-10-10,1889.81,Pago,202610
MEN00008339,ALU00695,2026-11-01,2026-11-10,2026-11-17,1886.05,Pago,202611
MEN00008340,ALU00695,2026-12-01,2026-12-10,2026-12-09,1811.67,Pago,202612
MEN00008341,ALU00696,2026-01-01,2026-01-10,2026-01-18,1810.26,Pago,202601
MEN00008342,ALU00696,2026-02-01,2026-02-10,2026-02-14,1811.08,Pago,202602
MEN00008343,ALU00696,2026-03-01,2026-03-10,2026-03-10,1820.3,Pago,202603
MEN00008344,ALU00696,2026-04-01,2026-04-10,2026-04-13,1838.35,Pago,202604
MEN00008345,ALU00696,2026-05-01,2026-05-10,,1847.02,Vencido,202605
MEN00008346,ALU00696,2026-06-01,2026-06-10,2026-06-18,1826.06,Pago,202606
MEN00008347,ALU00696,2026-07-01,2026-07-10,,1844.56,Em Aberto,202607
MEN00008348,ALU00696,2026-08-01,2026-08-10,2026-08-07,1901.54,Pago,202608
MEN00008349,ALU00696,2026-09-01,2026-09-10,,1825.4,Em Aberto,202609
MEN00008350,ALU00696,2026-10-01,2026-10-10,,1820.91,Em Aberto,202610
MEN00008351,ALU00696,2026-11-01,2026-11-10,2026-11-11,1852.13,Pago,202611
MEN00008352,ALU00696,2026-12-01,2026-12-10,2026-12-07,1822.21,Pago,202612
MEN00008353,ALU00697,2026-01-01,2026-01-10,2026-01-11,1830.23,Pago,202601
MEN00008354,ALU00697,2026-02-01,2026-02-10,2026-02-17,1857.36,Pago,202602
MEN00008355,ALU00697,2026-03-01,2026-03-10,,1835.24,Em Aberto,202603
MEN00008356,ALU00697,2026-04-01,2026-04-10,2026-04-12,1819.95,Pago,202604
MEN00008357,ALU00697,2026-05-01,2026-05-10,,1840.63,Em Aberto,202605
MEN00008358,ALU00697,2026-06-01,2026-06-10,2026-06-10,1807.41,Pago,202606
MEN00008359,ALU00697,2026-07-01,2026-07-10,2026-07-14,1794.98,Pago,202607
MEN00008360,ALU00697,2026-08-01,2026-08-10,2026-08-17,1830.28,Pago,202608
MEN00008361,ALU00697,2026-09-01,2026-09-10,2026-09-07,1821.36,Pago,202609
MEN00008362,ALU00697,2026-10-01,2026-10-10,,1814.49,Vencido,202610
MEN00008363,ALU00697,2026-11-01,2026-11-10,2026-11-16,1800.06,Pago,202611
MEN00008364,ALU00697,2026-12-01,2026-12-10,,1882.17,Vencido,202612
MEN00008365,ALU00698,2026-01-01,2026-01-10,2026-01-11,1889.46,Pago,202601
MEN00008366,ALU00698,2026-02-01,2026-02-10,2026-02-16,1883.34,Pago,202602
MEN00008367,ALU00698,2026-03-01,2026-03-10,2026-03-15,1803.05,Pago,202603
MEN00008368,ALU00698,2026-04-01,2026-04-10,2026-04-11,1842.41,Pago,202604
MEN00008369,ALU00698,2026-05-01,2026-05-10,2026-05-13,1812.51,Pago,202605
MEN00008370,ALU00698,2026-06-01,2026-06-10,2026-06-12,1816.85,Pago,202606
MEN00008371,ALU00698,2026-07-01,2026-07-10,2026-07-07,1817.98,Pago,202607
MEN00008372,ALU00698,2026-08-01,2026-08-10,2026-08-07,1867.29,Pago,202608
MEN00008373,ALU00698,2026-09-01,2026-09-10,2026-09-13,1846.22,Pago,202609
MEN00008374,ALU00698,2026-10-01,2026-10-10,2026-10-13,1865.85,Pago,202610
MEN00008375,ALU00698,2026-11-01,2026-11-10,2026-11-15,1825.01,Pago,202611
MEN00008376,ALU00698,2026-12-01,2026-12-10,2026-12-07,1877.03,Pago,202612
MEN00008377,ALU00699,2026-01-01,2026-01-10,2026-01-12,1834.59,Pago,202601
MEN00008378,ALU00699,2026-02-01,2026-02-10,2026-02-10,1850.56,Pago,202602
MEN00008379,ALU00699,2026-03-01,2026-03-10,,1881.65,Vencido,202603
MEN00008380,ALU00699,2026-04-01,2026-04-10,2026-04-10,1865.27,Pago,202604
MEN00008381,ALU00699,2026-05-01,2026-05-10,2026-05-18,1890.8,Pago,202605
MEN00008382,ALU00699,2026-06-01,2026-06-10,2026-06-07,1876.86,Pago,202606
MEN00008383,ALU00699,2026-07-01,2026-07-10,,1894.51,Vencido,202607
MEN00008384,ALU00699,2026-08-01,2026-08-10,2026-08-16,1823.41,Pago,202608
MEN00008385,ALU00699,2026-09-01,2026-09-10,2026-09-12,1799.55,Pago,202609
MEN00008386,ALU00699,2026-10-01,2026-10-10,,1866.72,Vencido,202610
MEN00008387,ALU00699,2026-11-01,2026-11-10,2026-11-16,1879.2,Pago,202611
MEN00008388,ALU00699,2026-12-01,2026-12-10,2026-12-17,1826.89,Pago,202612
MEN00008389,ALU00700,2026-01-01,2026-01-10,2026-01-17,1807.84,Pago,202601
MEN00008390,ALU00700,2026-02-01,2026-02-10,2026-02-16,1867.5,Pago,202602
MEN00008391,ALU00700,2026-03-01,2026-03-10,2026-03-13,1812.34,Pago,202603
MEN00008392,ALU00700,2026-04-01,2026-04-10,,1799.71,Vencido,202604
MEN00008393,ALU00700,2026-05-01,2026-05-10,2026-05-15,1858.85,Pago,202605
MEN00008394,ALU00700,2026-06-01,2026-06-10,2026-06-12,1851.06,Pago,202606
MEN00008395,ALU00700,2026-07-01,2026-07-10,2026-07-11,1896.39,Pago,202607
MEN00008396,ALU00700,2026-08-01,2026-08-10,2026-08-16,1878.11,Pago,202608
MEN00008397,ALU00700,2026-09-01,2026-09-10,2026-09-15,1835.73,Pago,202609
MEN00008398,ALU00700,2026-10-01,2026-10-10,,1851.3,Em Aberto,202610
MEN00008399,ALU00700,2026-11-01,2026-11-10,2026-11-10,1901.17,Pago,202611
MEN00008400,ALU00700,2026-12-01,2026-12-10,2026-12-08,1865.63,Pago,202612
MEN00008401,ALU00701,2026-01-01,2026-01-10,2026-01-17,1866.14,Pago,202601
MEN00008402,ALU00701,2026-02-01,2026-02-10,2026-02-14,1797.01,Pago,202602
MEN00008403,ALU00701,2026-03-01,2026-03-10,,1809.09,Vencido,202603
MEN00008404,ALU00701,2026-04-01,2026-04-10,2026-04-10,1828.08,Pago,202604
MEN00008405,ALU00701,2026-05-01,2026-05-10,2026-05-17,1877.84,Pago,202605
MEN00008406,ALU00701,2026-06-01,2026-06-10,2026-06-11,1839.62,Pago,202606
MEN00008407,ALU00701,2026-07-01,2026-07-10,2026-07-08,1878.56,Pago,202607
MEN00008408,ALU00701,2026-08-01,2026-08-10,2026-08-17,1890.54,Pago,202608
MEN00008409,ALU00701,2026-09-01,2026-09-10,2026-09-07,1864.2,Pago,202609
MEN00008410,ALU00701,2026-10-01,2026-10-10,,1837.59,Em Aberto,202610
MEN00008411,ALU00701,2026-11-01,2026-11-10,2026-11-11,1822.14,Pago,202611
MEN00008412,ALU00701,2026-12-01,2026-12-10,,1852.65,Em Aberto,202612
MEN00008413,ALU00702,2026-01-01,2026-01-10,2026-01-12,1807.63,Pago,202601
MEN00008414,ALU00702,2026-02-01,2026-02-10,2026-02-08,1876.23,Pago,202602
MEN00008415,ALU00702,2026-03-01,2026-03-10,2026-03-10,1868.3,Pago,202603
MEN00008416,ALU00702,2026-04-01,2026-04-10,2026-04-10,1850.8,Pago,202604
MEN00008417,ALU00702,2026-05-01,2026-05-10,2026-05-16,1830.22,Pago,202605
MEN00008418,ALU00702,2026-06-01,2026-06-10,2026-06-14,1867.23,Pago,202606
MEN00008419,ALU00702,2026-07-01,2026-07-10,,1819.98,Em Aberto,202607
MEN00008420,ALU00702,2026-08-01,2026-08-10,,1877.41,Em Aberto,202608
MEN00008421,ALU00702,2026-09-01,2026-09-10,2026-09-13,1892.23,Pago,202609
MEN00008422,ALU00702,2026-10-01,2026-10-10,2026-10-14,1832.87,Pago,202610
MEN00008423,ALU00702,2026-11-01,2026-11-10,2026-11-12,1833.85,Pago,202611
MEN00008424,ALU00702,2026-12-01,2026-12-10,2026-12-12,1871.78,Pago,202612
MEN00008425,ALU00703,2026-01-01,2026-01-10,2026-01-16,1902.19,Pago,202601
MEN00008426,ALU00703,2026-02-01,2026-02-10,2026-02-08,1826.8,Pago,202602
MEN00008427,ALU00703,2026-03-01,2026-03-10,,1886.74,Vencido,202603
MEN00008428,ALU00703,2026-04-01,2026-04-10,2026-04-17,1867.74,Pago,202604
MEN00008429,ALU00703,2026-05-01,2026-05-10,2026-05-15,1873.38,Pago,202605
MEN00008430,ALU00703,2026-06-01,2026-06-10,,1839.92,Vencido,202606
MEN00008431,ALU00703,2026-07-01,2026-07-10,2026-07-11,1807.29,Pago,202607
MEN00008432,ALU00703,2026-08-01,2026-08-10,2026-08-10,1826.93,Pago,202608
MEN00008433,ALU00703,2026-09-01,2026-09-10,2026-09-08,1903.19,Pago,202609
MEN00008434,ALU00703,2026-10-01,2026-10-10,2026-10-09,1861.13,Pago,202610
MEN00008435,ALU00703,2026-11-01,2026-11-10,,1872.96,Em Aberto,202611
MEN00008436,ALU00703,2026-12-01,2026-12-10,,1872.4,Em Aberto,202612
MEN00008437,ALU00704,2026-01-01,2026-01-10,2026-01-08,1846.97,Pago,202601
MEN00008438,ALU00704,2026-02-01,2026-02-10,2026-02-10,1902.36,Pago,202602
MEN00008439,ALU00704,2026-03-01,2026-03-10,2026-03-14,1844.21,Pago,202603
MEN00008440,ALU00704,2026-04-01,2026-04-10,2026-04-07,1826.78,Pago,202604
MEN00008441,ALU00704,2026-05-01,2026-05-10,2026-05-09,1807.39,Pago,202605
MEN00008442,ALU00704,2026-06-01,2026-06-10,2026-06-07,1812.18,Pago,202606
MEN00008443,ALU00704,2026-07-01,2026-07-10,,1840.72,Em Aberto,202607
MEN00008444,ALU00704,2026-08-01,2026-08-10,,1901.7,Em Aberto,202608
MEN00008445,ALU00704,2026-09-01,2026-09-10,2026-09-12,1836.52,Pago,202609
MEN00008446,ALU00704,2026-10-01,2026-10-10,2026-10-13,1803.12,Pago,202610
MEN00008447,ALU00704,2026-11-01,2026-11-10,2026-11-14,1795.3,Pago,202611
MEN00008448,ALU00704,2026-12-01,2026-12-10,2026-12-11,1799.88,Pago,202612
MEN00008449,ALU00705,2026-01-01,2026-01-10,2026-01-12,1850.1,Pago,202601
MEN00008450,ALU00705,2026-02-01,2026-02-10,2026-02-16,1857.18,Pago,202602
MEN00008451,ALU00705,2026-03-01,2026-03-10,,1898.69,Em Aberto,202603
MEN00008452,ALU00705,2026-04-01,2026-04-10,,1859.27,Em Aberto,202604
MEN00008453,ALU00705,2026-05-01,2026-05-10,2026-05-07,1857.42,Pago,202605
MEN00008454,ALU00705,2026-06-01,2026-06-10,,1856.6,Em Aberto,202606
MEN00008455,ALU00705,2026-07-01,2026-07-10,2026-07-16,1802.31,Pago,202607
MEN00008456,ALU00705,2026-08-01,2026-08-10,2026-08-07,1803.37,Pago,202608
MEN00008457,ALU00705,2026-09-01,2026-09-10,2026-09-16,1850.59,Pago,202609
MEN00008458,ALU00705,2026-10-01,2026-10-10,2026-10-18,1817.55,Pago,202610
MEN00008459,ALU00705,2026-11-01,2026-11-10,2026-11-11,1884.13,Pago,202611
MEN00008460,ALU00705,2026-12-01,2026-12-10,2026-12-11,1851.24,Pago,202612
MEN00008461,ALU00706,2026-01-01,2026-01-10,2026-01-09,1839.6,Pago,202601
MEN00008462,ALU00706,2026-02-01,2026-02-10,,1864.99,Vencido,202602
MEN00008463,ALU00706,2026-03-01,2026-03-10,2026-03-14,1880.95,Pago,202603
MEN00008464,ALU00706,2026-04-01,2026-04-10,,1892.11,Vencido,202604
MEN00008465,ALU00706,2026-05-01,2026-05-10,,1810.67,Em Aberto,202605
MEN00008466,ALU00706,2026-06-01,2026-06-10,2026-06-18,1811.64,Pago,202606
MEN00008467,ALU00706,2026-07-01,2026-07-10,,1892.79,Em Aberto,202607
MEN00008468,ALU00706,2026-08-01,2026-08-10,2026-08-15,1846.32,Pago,202608
MEN00008469,ALU00706,2026-09-01,2026-09-10,2026-09-15,1834.27,Pago,202609
MEN00008470,ALU00706,2026-10-01,2026-10-10,2026-10-12,1844.66,Pago,202610
MEN00008471,ALU00706,2026-11-01,2026-11-10,,1885.5,Em Aberto,202611
MEN00008472,ALU00706,2026-12-01,2026-12-10,2026-12-14,1877.81,Pago,202612
MEN00008473,ALU00707,2026-01-01,2026-01-10,2026-01-12,1809.73,Pago,202601
MEN00008474,ALU00707,2026-02-01,2026-02-10,2026-02-08,1832.39,Pago,202602
MEN00008475,ALU00707,2026-03-01,2026-03-10,2026-03-10,1828.68,Pago,202603
MEN00008476,ALU00707,2026-04-01,2026-04-10,2026-04-15,1834.26,Pago,202604
MEN00008477,ALU00707,2026-05-01,2026-05-10,2026-05-17,1900.0,Pago,202605
MEN00008478,ALU00707,2026-06-01,2026-06-10,2026-06-14,1900.55,Pago,202606
MEN00008479,ALU00707,2026-07-01,2026-07-10,2026-07-07,1903.78,Pago,202607
MEN00008480,ALU00707,2026-08-01,2026-08-10,2026-08-08,1878.23,Pago,202608
MEN00008481,ALU00707,2026-09-01,2026-09-10,,1836.99,Vencido,202609
MEN00008482,ALU00707,2026-10-01,2026-10-10,2026-10-16,1898.55,Pago,202610
MEN00008483,ALU00707,2026-11-01,2026-11-10,2026-11-15,1837.08,Pago,202611
MEN00008484,ALU00707,2026-12-01,2026-12-10,2026-12-09,1813.91,Pago,202612
MEN00008485,ALU00708,2026-01-01,2026-01-10,2026-01-10,1854.96,Pago,202601
MEN00008486,ALU00708,2026-02-01,2026-02-10,2026-02-18,1883.61,Pago,202602
MEN00008487,ALU00708,2026-03-01,2026-03-10,2026-03-12,1886.12,Pago,202603
MEN00008488,ALU00708,2026-04-01,2026-04-10,2026-04-16,1860.51,Pago,202604
MEN00008489,ALU00708,2026-05-01,2026-05-10,2026-05-10,1797.81,Pago,202605
MEN00008490,ALU00708,2026-06-01,2026-06-10,2026-06-09,1836.59,Pago,202606
MEN00008491,ALU00708,2026-07-01,2026-07-10,,1895.28,Vencido,202607
MEN00008492,ALU00708,2026-08-01,2026-08-10,2026-08-08,1850.03,Pago,202608
MEN00008493,ALU00708,2026-09-01,2026-09-10,2026-09-18,1878.97,Pago,202609
MEN00008494,ALU00708,2026-10-01,2026-10-10,2026-10-16,1813.68,Pago,202610
MEN00008495,ALU00708,2026-11-01,2026-11-10,2026-11-12,1803.22,Pago,202611
MEN00008496,ALU00708,2026-12-01,2026-12-10,2026-12-07,1893.61,Pago,202612
MEN00008497,ALU00709,2026-01-01,2026-01-10,,1866.05,Vencido,202601
MEN00008498,ALU00709,2026-02-01,2026-02-10,2026-02-08,1887.48,Pago,202602
MEN00008499,ALU00709,2026-03-01,2026-03-10,,1838.33,Em Aberto,202603
MEN00008500,ALU00709,2026-04-01,2026-04-10,2026-04-07,1863.47,Pago,202604
MEN00008501,ALU00709,2026-05-01,2026-05-10,2026-05-15,1814.58,Pago,202605
MEN00008502,ALU00709,2026-06-01,2026-06-10,2026-06-14,1825.8,Pago,202606
MEN00008503,ALU00709,2026-07-01,2026-07-10,2026-07-10,1880.59,Pago,202607
MEN00008504,ALU00709,2026-08-01,2026-08-10,2026-08-08,1796.75,Pago,202608
MEN00008505,ALU00709,2026-09-01,2026-09-10,,1839.77,Em Aberto,202609
MEN00008506,ALU00709,2026-10-01,2026-10-10,2026-10-15,1799.86,Pago,202610
MEN00008507,ALU00709,2026-11-01,2026-11-10,2026-11-09,1836.81,Pago,202611
MEN00008508,ALU00709,2026-12-01,2026-12-10,2026-12-16,1805.91,Pago,202612
MEN00008509,ALU00710,2026-01-01,2026-01-10,,1801.15,Vencido,202601
MEN00008510,ALU00710,2026-02-01,2026-02-10,2026-02-15,1825.06,Pago,202602
MEN00008511,ALU00710,2026-03-01,2026-03-10,2026-03-10,1807.57,Pago,202603
MEN00008512,ALU00710,2026-04-01,2026-04-10,2026-04-16,1825.55,Pago,202604
MEN00008513,ALU00710,2026-05-01,2026-05-10,2026-05-14,1878.36,Pago,202605
MEN00008514,ALU00710,2026-06-01,2026-06-10,2026-06-14,1879.18,Pago,202606
MEN00008515,ALU00710,2026-07-01,2026-07-10,,1892.33,Vencido,202607
MEN00008516,ALU00710,2026-08-01,2026-08-10,2026-08-09,1832.13,Pago,202608
MEN00008517,ALU00710,2026-09-01,2026-09-10,,1805.66,Vencido,202609
MEN00008518,ALU00710,2026-10-01,2026-10-10,2026-10-15,1814.0,Pago,202610
MEN00008519,ALU00710,2026-11-01,2026-11-10,,1810.64,Vencido,202611
MEN00008520,ALU00710,2026-12-01,2026-12-10,2026-12-08,1850.55,Pago,202612
MEN00008521,ALU00711,2026-01-01,2026-01-10,2026-01-08,1802.83,Pago,202601
MEN00008522,ALU00711,2026-02-01,2026-02-10,2026-02-14,1868.72,Pago,202602
MEN00008523,ALU00711,2026-03-01,2026-03-10,,1801.88,Vencido,202603
MEN00008524,ALU00711,2026-04-01,2026-04-10,2026-04-08,1795.5,Pago,202604
MEN00008525,ALU00711,2026-05-01,2026-05-10,2026-05-13,1888.07,Pago,202605
MEN00008526,ALU00711,2026-06-01,2026-06-10,2026-06-14,1885.64,Pago,202606
MEN00008527,ALU00711,2026-07-01,2026-07-10,2026-07-10,1875.0,Pago,202607
MEN00008528,ALU00711,2026-08-01,2026-08-10,2026-08-09,1892.68,Pago,202608
MEN00008529,ALU00711,2026-09-01,2026-09-10,2026-09-17,1823.67,Pago,202609
MEN00008530,ALU00711,2026-10-01,2026-10-10,,1804.84,Vencido,202610
MEN00008531,ALU00711,2026-11-01,2026-11-10,2026-11-09,1829.27,Pago,202611
MEN00008532,ALU00711,2026-12-01,2026-12-10,2026-12-07,1849.11,Pago,202612
MEN00008533,ALU00712,2026-01-01,2026-01-10,2026-01-18,1839.15,Pago,202601
MEN00008534,ALU00712,2026-02-01,2026-02-10,2026-02-11,1835.0,Pago,202602
MEN00008535,ALU00712,2026-03-01,2026-03-10,2026-03-10,1902.27,Pago,202603
MEN00008536,ALU00712,2026-04-01,2026-04-10,2026-04-16,1845.16,Pago,202604
MEN00008537,ALU00712,2026-05-01,2026-05-10,,1861.08,Em Aberto,202605
MEN00008538,ALU00712,2026-06-01,2026-06-10,2026-06-10,1805.97,Pago,202606
MEN00008539,ALU00712,2026-07-01,2026-07-10,2026-07-08,1811.07,Pago,202607
MEN00008540,ALU00712,2026-08-01,2026-08-10,2026-08-17,1811.22,Pago,202608
MEN00008541,ALU00712,2026-09-01,2026-09-10,2026-09-11,1874.32,Pago,202609
MEN00008542,ALU00712,2026-10-01,2026-10-10,2026-10-09,1844.35,Pago,202610
MEN00008543,ALU00712,2026-11-01,2026-11-10,,1867.37,Vencido,202611
MEN00008544,ALU00712,2026-12-01,2026-12-10,2026-12-13,1897.75,Pago,202612
MEN00008545,ALU00713,2026-01-01,2026-01-10,,1884.95,Em Aberto,202601
MEN00008546,ALU00713,2026-02-01,2026-02-10,2026-02-08,1903.0,Pago,202602
MEN00008547,ALU00713,2026-03-01,2026-03-10,2026-03-15,1878.02,Pago,202603
MEN00008548,ALU00713,2026-04-01,2026-04-10,2026-04-18,1877.68,Pago,202604
MEN00008549,ALU00713,2026-05-01,2026-05-10,2026-05-11,1887.81,Pago,202605
MEN00008550,ALU00713,2026-06-01,2026-06-10,,1832.5,Vencido,202606
MEN00008551,ALU00713,2026-07-01,2026-07-10,2026-07-14,1860.88,Pago,202607
MEN00008552,ALU00713,2026-08-01,2026-08-10,2026-08-09,1886.86,Pago,202608
MEN00008553,ALU00713,2026-09-01,2026-09-10,2026-09-18,1878.48,Pago,202609
MEN00008554,ALU00713,2026-10-01,2026-10-10,2026-10-07,1874.74,Pago,202610
MEN00008555,ALU00713,2026-11-01,2026-11-10,2026-11-07,1802.62,Pago,202611
MEN00008556,ALU00713,2026-12-01,2026-12-10,2026-12-14,1819.17,Pago,202612
MEN00008557,ALU00714,2026-01-01,2026-01-10,2026-01-12,1841.12,Pago,202601
MEN00008558,ALU00714,2026-02-01,2026-02-10,2026-02-15,1885.32,Pago,202602
MEN00008559,ALU00714,2026-03-01,2026-03-10,2026-03-13,1841.08,Pago,202603
MEN00008560,ALU00714,2026-04-01,2026-04-10,2026-04-07,1848.11,Pago,202604
MEN00008561,ALU00714,2026-05-01,2026-05-10,2026-05-15,1890.76,Pago,202605
MEN00008562,ALU00714,2026-06-01,2026-06-10,2026-06-08,1862.06,Pago,202606
MEN00008563,ALU00714,2026-07-01,2026-07-10,2026-07-11,1849.94,Pago,202607
MEN00008564,ALU00714,2026-08-01,2026-08-10,2026-08-10,1797.92,Pago,202608
MEN00008565,ALU00714,2026-09-01,2026-09-10,2026-09-10,1897.8,Pago,202609
MEN00008566,ALU00714,2026-10-01,2026-10-10,2026-10-18,1818.43,Pago,202610
MEN00008567,ALU00714,2026-11-01,2026-11-10,,1871.43,Em Aberto,202611
MEN00008568,ALU00714,2026-12-01,2026-12-10,2026-12-18,1888.21,Pago,202612
MEN00008569,ALU00715,2026-01-01,2026-01-10,2026-01-11,1817.24,Pago,202601
MEN00008570,ALU00715,2026-02-01,2026-02-10,2026-02-10,1864.65,Pago,202602
MEN00008571,ALU00715,2026-03-01,2026-03-10,2026-03-11,1892.27,Pago,202603
MEN00008572,ALU00715,2026-04-01,2026-04-10,2026-04-18,1873.27,Pago,202604
MEN00008573,ALU00715,2026-05-01,2026-05-10,2026-05-12,1892.84,Pago,202605
MEN00008574,ALU00715,2026-06-01,2026-06-10,2026-06-18,1823.37,Pago,202606
MEN00008575,ALU00715,2026-07-01,2026-07-10,,1856.36,Em Aberto,202607
MEN00008576,ALU00715,2026-08-01,2026-08-10,2026-08-16,1824.33,Pago,202608
MEN00008577,ALU00715,2026-09-01,2026-09-10,2026-09-14,1816.12,Pago,202609
MEN00008578,ALU00715,2026-10-01,2026-10-10,,1832.78,Vencido,202610
MEN00008579,ALU00715,2026-11-01,2026-11-10,2026-11-07,1836.5,Pago,202611
MEN00008580,ALU00715,2026-12-01,2026-12-10,2026-12-08,1848.07,Pago,202612
MEN00008581,ALU00716,2026-01-01,2026-01-10,2026-01-13,1824.52,Pago,202601
MEN00008582,ALU00716,2026-02-01,2026-02-10,2026-02-15,1822.31,Pago,202602
MEN00008583,ALU00716,2026-03-01,2026-03-10,,1801.07,Em Aberto,202603
MEN00008584,ALU00716,2026-04-01,2026-04-10,2026-04-11,1867.99,Pago,202604
MEN00008585,ALU00716,2026-05-01,2026-05-10,2026-05-16,1853.55,Pago,202605
MEN00008586,ALU00716,2026-06-01,2026-06-10,2026-06-17,1847.4,Pago,202606
MEN00008587,ALU00716,2026-07-01,2026-07-10,2026-07-18,1902.7,Pago,202607
MEN00008588,ALU00716,2026-08-01,2026-08-10,2026-08-16,1795.95,Pago,202608
MEN00008589,ALU00716,2026-09-01,2026-09-10,2026-09-16,1826.35,Pago,202609
MEN00008590,ALU00716,2026-10-01,2026-10-10,2026-10-11,1814.83,Pago,202610
MEN00008591,ALU00716,2026-11-01,2026-11-10,2026-11-11,1897.94,Pago,202611
MEN00008592,ALU00716,2026-12-01,2026-12-10,2026-12-12,1849.07,Pago,202612
MEN00008593,ALU00717,2026-01-01,2026-01-10,2026-01-07,1866.65,Pago,202601
MEN00008594,ALU00717,2026-02-01,2026-02-10,2026-02-10,1815.84,Pago,202602
MEN00008595,ALU00717,2026-03-01,2026-03-10,2026-03-08,1876.95,Pago,202603
MEN00008596,ALU00717,2026-04-01,2026-04-10,,1893.55,Em Aberto,202604
MEN00008597,ALU00717,2026-05-01,2026-05-10,,1897.78,Vencido,202605
MEN00008598,ALU00717,2026-06-01,2026-06-10,,1799.48,Em Aberto,202606
MEN00008599,ALU00717,2026-07-01,2026-07-10,2026-07-14,1874.64,Pago,202607
MEN00008600,ALU00717,2026-08-01,2026-08-10,2026-08-07,1810.37,Pago,202608
MEN00008601,ALU00717,2026-09-01,2026-09-10,2026-09-14,1863.68,Pago,202609
MEN00008602,ALU00717,2026-10-01,2026-10-10,2026-10-11,1795.82,Pago,202610
MEN00008603,ALU00717,2026-11-01,2026-11-10,2026-11-12,1824.9,Pago,202611
MEN00008604,ALU00717,2026-12-01,2026-12-10,2026-12-08,1855.85,Pago,202612
MEN00008605,ALU00718,2026-01-01,2026-01-10,2026-01-18,1829.21,Pago,202601
MEN00008606,ALU00718,2026-02-01,2026-02-10,2026-02-16,1897.72,Pago,202602
MEN00008607,ALU00718,2026-03-01,2026-03-10,2026-03-15,1890.43,Pago,202603
MEN00008608,ALU00718,2026-04-01,2026-04-10,,1876.22,Vencido,202604
MEN00008609,ALU00718,2026-05-01,2026-05-10,2026-05-15,1851.29,Pago,202605
MEN00008610,ALU00718,2026-06-01,2026-06-10,2026-06-12,1803.17,Pago,202606
MEN00008611,ALU00718,2026-07-01,2026-07-10,2026-07-18,1797.52,Pago,202607
MEN00008612,ALU00718,2026-08-01,2026-08-10,,1884.66,Em Aberto,202608
MEN00008613,ALU00718,2026-09-01,2026-09-10,2026-09-14,1887.12,Pago,202609
MEN00008614,ALU00718,2026-10-01,2026-10-10,2026-10-09,1844.17,Pago,202610
MEN00008615,ALU00718,2026-11-01,2026-11-10,2026-11-08,1872.05,Pago,202611
MEN00008616,ALU00718,2026-12-01,2026-12-10,2026-12-08,1862.09,Pago,202612
MEN00008617,ALU00719,2026-01-01,2026-01-10,2026-01-17,1871.78,Pago,202601
MEN00008618,ALU00719,2026-02-01,2026-02-10,2026-02-14,1898.25,Pago,202602
MEN00008619,ALU00719,2026-03-01,2026-03-10,,1803.33,Em Aberto,202603
MEN00008620,ALU00719,2026-04-01,2026-04-10,2026-04-08,1838.26,Pago,202604
MEN00008621,ALU00719,2026-05-01,2026-05-10,2026-05-17,1829.71,Pago,202605
MEN00008622,ALU00719,2026-06-01,2026-06-10,2026-06-11,1905.39,Pago,202606
MEN00008623,ALU00719,2026-07-01,2026-07-10,2026-07-14,1819.8,Pago,202607
MEN00008624,ALU00719,2026-08-01,2026-08-10,2026-08-08,1884.7,Pago,202608
MEN00008625,ALU00719,2026-09-01,2026-09-10,2026-09-18,1881.91,Pago,202609
MEN00008626,ALU00719,2026-10-01,2026-10-10,2026-10-13,1825.74,Pago,202610
MEN00008627,ALU00719,2026-11-01,2026-11-10,2026-11-09,1882.81,Pago,202611
MEN00008628,ALU00719,2026-12-01,2026-12-10,2026-12-17,1895.28,Pago,202612
MEN00008629,ALU00720,2026-01-01,2026-01-10,2026-01-09,1896.66,Pago,202601
MEN00008630,ALU00720,2026-02-01,2026-02-10,2026-02-14,1891.68,Pago,202602
MEN00008631,ALU00720,2026-03-01,2026-03-10,2026-03-17,1821.62,Pago,202603
MEN00008632,ALU00720,2026-04-01,2026-04-10,,1796.18,Em Aberto,202604
MEN00008633,ALU00720,2026-05-01,2026-05-10,,1838.89,Vencido,202605
MEN00008634,ALU00720,2026-06-01,2026-06-10,2026-06-14,1808.32,Pago,202606
MEN00008635,ALU00720,2026-07-01,2026-07-10,,1795.29,Vencido,202607
MEN00008636,ALU00720,2026-08-01,2026-08-10,2026-08-17,1875.81,Pago,202608
MEN00008637,ALU00720,2026-09-01,2026-09-10,2026-09-13,1890.12,Pago,202609
MEN00008638,ALU00720,2026-10-01,2026-10-10,,1811.46,Vencido,202610
MEN00008639,ALU00720,2026-11-01,2026-11-10,2026-11-13,1901.23,Pago,202611
MEN00008640,ALU00720,2026-12-01,2026-12-10,2026-12-08,1829.08,Pago,202612
MEN00008641,ALU00721,2026-01-01,2026-01-10,2026-01-16,1893.11,Pago,202601
MEN00008642,ALU00721,2026-02-01,2026-02-10,2026-02-17,1859.03,Pago,202602
MEN00008643,ALU00721,2026-03-01,2026-03-10,2026-03-18,1850.38,Pago,202603
MEN00008644,ALU00721,2026-04-01,2026-04-10,2026-04-07,1852.79,Pago,202604
MEN00008645,ALU00721,2026-05-01,2026-05-10,2026-05-16,1877.78,Pago,202605
MEN00008646,ALU00721,2026-06-01,2026-06-10,,1823.47,Vencido,202606
MEN00008647,ALU00721,2026-07-01,2026-07-10,,1805.37,Vencido,202607
MEN00008648,ALU00721,2026-08-01,2026-08-10,2026-08-15,1872.5,Pago,202608
MEN00008649,ALU00721,2026-09-01,2026-09-10,2026-09-16,1801.77,Pago,202609
MEN00008650,ALU00721,2026-10-01,2026-10-10,2026-10-16,1881.89,Pago,202610
MEN00008651,ALU00721,2026-11-01,2026-11-10,2026-11-11,1859.6,Pago,202611
MEN00008652,ALU00721,2026-12-01,2026-12-10,2026-12-08,1863.99,Pago,202612
MEN00008653,ALU00722,2026-01-01,2026-01-10,2026-01-09,1826.79,Pago,202601
MEN00008654,ALU00722,2026-02-01,2026-02-10,2026-02-09,1892.9,Pago,202602
MEN00008655,ALU00722,2026-03-01,2026-03-10,2026-03-13,1890.2,Pago,202603
MEN00008656,ALU00722,2026-04-01,2026-04-10,2026-04-15,1815.47,Pago,202604
MEN00008657,ALU00722,2026-05-01,2026-05-10,2026-05-08,1803.88,Pago,202605
MEN00008658,ALU00722,2026-06-01,2026-06-10,2026-06-12,1842.76,Pago,202606
MEN00008659,ALU00722,2026-07-01,2026-07-10,2026-07-09,1815.16,Pago,202607
MEN00008660,ALU00722,2026-08-01,2026-08-10,,1879.89,Vencido,202608
MEN00008661,ALU00722,2026-09-01,2026-09-10,2026-09-15,1886.05,Pago,202609
MEN00008662,ALU00722,2026-10-01,2026-10-10,2026-10-07,1798.02,Pago,202610
MEN00008663,ALU00722,2026-11-01,2026-11-10,2026-11-17,1842.26,Pago,202611
MEN00008664,ALU00722,2026-12-01,2026-12-10,2026-12-14,1807.94,Pago,202612
MEN00008665,ALU00723,2026-01-01,2026-01-10,2026-01-17,1874.02,Pago,202601
MEN00008666,ALU00723,2026-02-01,2026-02-10,2026-02-11,1872.04,Pago,202602
MEN00008667,ALU00723,2026-03-01,2026-03-10,2026-03-07,1824.41,Pago,202603
MEN00008668,ALU00723,2026-04-01,2026-04-10,2026-04-07,1832.93,Pago,202604
MEN00008669,ALU00723,2026-05-01,2026-05-10,,1867.13,Vencido,202605
MEN00008670,ALU00723,2026-06-01,2026-06-10,2026-06-10,1883.89,Pago,202606
MEN00008671,ALU00723,2026-07-01,2026-07-10,2026-07-11,1825.9,Pago,202607
MEN00008672,ALU00723,2026-08-01,2026-08-10,2026-08-14,1829.36,Pago,202608
MEN00008673,ALU00723,2026-09-01,2026-09-10,,1886.54,Vencido,202609
MEN00008674,ALU00723,2026-10-01,2026-10-10,2026-10-12,1831.29,Pago,202610
MEN00008675,ALU00723,2026-11-01,2026-11-10,2026-11-09,1831.84,Pago,202611
MEN00008676,ALU00723,2026-12-01,2026-12-10,2026-12-11,1881.5,Pago,202612
MEN00008677,ALU00724,2026-01-01,2026-01-10,2026-01-17,1847.72,Pago,202601
MEN00008678,ALU00724,2026-02-01,2026-02-10,,1809.8,Em Aberto,202602
MEN00008679,ALU00724,2026-03-01,2026-03-10,2026-03-13,1806.01,Pago,202603
MEN00008680,ALU00724,2026-04-01,2026-04-10,2026-04-11,1829.31,Pago,202604
MEN00008681,ALU00724,2026-05-01,2026-05-10,2026-05-15,1875.09,Pago,202605
MEN00008682,ALU00724,2026-06-01,2026-06-10,2026-06-09,1885.87,Pago,202606
MEN00008683,ALU00724,2026-07-01,2026-07-10,2026-07-07,1827.67,Pago,202607
MEN00008684,ALU00724,2026-08-01,2026-08-10,,1898.4,Vencido,202608
MEN00008685,ALU00724,2026-09-01,2026-09-10,2026-09-16,1902.18,Pago,202609
MEN00008686,ALU00724,2026-10-01,2026-10-10,2026-10-12,1803.83,Pago,202610
MEN00008687,ALU00724,2026-11-01,2026-11-10,2026-11-08,1836.84,Pago,202611
MEN00008688,ALU00724,2026-12-01,2026-12-10,2026-12-15,1844.93,Pago,202612
MEN00008689,ALU00725,2026-01-01,2026-01-10,2026-01-08,1885.92,Pago,202601
MEN00008690,ALU00725,2026-02-01,2026-02-10,2026-02-14,1851.09,Pago,202602
MEN00008691,ALU00725,2026-03-01,2026-03-10,2026-03-07,1829.77,Pago,202603
MEN00008692,ALU00725,2026-04-01,2026-04-10,2026-04-13,1824.89,Pago,202604
MEN00008693,ALU00725,2026-05-01,2026-05-10,2026-05-10,1831.8,Pago,202605
MEN00008694,ALU00725,2026-06-01,2026-06-10,2026-06-13,1807.35,Pago,202606
MEN00008695,ALU00725,2026-07-01,2026-07-10,2026-07-18,1846.84,Pago,202607
MEN00008696,ALU00725,2026-08-01,2026-08-10,2026-08-07,1889.65,Pago,202608
MEN00008697,ALU00725,2026-09-01,2026-09-10,,1870.55,Em Aberto,202609
MEN00008698,ALU00725,2026-10-01,2026-10-10,,1868.26,Vencido,202610
MEN00008699,ALU00725,2026-11-01,2026-11-10,2026-11-11,1851.45,Pago,202611
MEN00008700,ALU00725,2026-12-01,2026-12-10,2026-12-16,1795.29,Pago,202612
MEN00008701,ALU00726,2026-01-01,2026-01-10,2026-01-11,1873.37,Pago,202601
MEN00008702,ALU00726,2026-02-01,2026-02-10,2026-02-16,1837.22,Pago,202602
MEN00008703,ALU00726,2026-03-01,2026-03-10,2026-03-12,1860.99,Pago,202603
MEN00008704,ALU00726,2026-04-01,2026-04-10,2026-04-11,1832.45,Pago,202604
MEN00008705,ALU00726,2026-05-01,2026-05-10,2026-05-11,1887.66,Pago,202605
MEN00008706,ALU00726,2026-06-01,2026-06-10,,1883.83,Em Aberto,202606
MEN00008707,ALU00726,2026-07-01,2026-07-10,,1904.58,Em Aberto,202607
MEN00008708,ALU00726,2026-08-01,2026-08-10,2026-08-09,1846.32,Pago,202608
MEN00008709,ALU00726,2026-09-01,2026-09-10,2026-09-17,1835.22,Pago,202609
MEN00008710,ALU00726,2026-10-01,2026-10-10,2026-10-12,1899.04,Pago,202610
MEN00008711,ALU00726,2026-11-01,2026-11-10,2026-11-08,1869.3,Pago,202611
MEN00008712,ALU00726,2026-12-01,2026-12-10,2026-12-12,1890.66,Pago,202612
MEN00008713,ALU00727,2026-01-01,2026-01-10,2026-01-16,1855.57,Pago,202601
MEN00008714,ALU00727,2026-02-01,2026-02-10,2026-02-09,1818.91,Pago,202602
MEN00008715,ALU00727,2026-03-01,2026-03-10,2026-03-14,1883.71,Pago,202603
MEN00008716,ALU00727,2026-04-01,2026-04-10,2026-04-17,1841.65,Pago,202604
MEN00008717,ALU00727,2026-05-01,2026-05-10,2026-05-11,1884.72,Pago,202605
MEN00008718,ALU00727,2026-06-01,2026-06-10,2026-06-14,1851.71,Pago,202606
MEN00008719,ALU00727,2026-07-01,2026-07-10,2026-07-14,1885.11,Pago,202607
MEN00008720,ALU00727,2026-08-01,2026-08-10,2026-08-10,1881.62,Pago,202608
MEN00008721,ALU00727,2026-09-01,2026-09-10,2026-09-18,1894.97,Pago,202609
MEN00008722,ALU00727,2026-10-01,2026-10-10,2026-10-15,1807.94,Pago,202610
MEN00008723,ALU00727,2026-11-01,2026-11-10,2026-11-15,1851.17,Pago,202611
MEN00008724,ALU00727,2026-12-01,2026-12-10,,1892.97,Vencido,202612
MEN00008725,ALU00728,2026-01-01,2026-01-10,2026-01-11,1805.96,Pago,202601
MEN00008726,ALU00728,2026-02-01,2026-02-10,2026-02-11,1850.79,Pago,202602
MEN00008727,ALU00728,2026-03-01,2026-03-10,2026-03-18,1807.07,Pago,202603
MEN00008728,ALU00728,2026-04-01,2026-04-10,2026-04-10,1882.43,Pago,202604
MEN00008729,ALU00728,2026-05-01,2026-05-10,,1902.02,Em Aberto,202605
MEN00008730,ALU00728,2026-06-01,2026-06-10,2026-06-10,1899.15,Pago,202606
MEN00008731,ALU00728,2026-07-01,2026-07-10,2026-07-09,1850.04,Pago,202607
MEN00008732,ALU00728,2026-08-01,2026-08-10,2026-08-14,1896.45,Pago,202608
MEN00008733,ALU00728,2026-09-01,2026-09-10,2026-09-13,1832.67,Pago,202609
MEN00008734,ALU00728,2026-10-01,2026-10-10,2026-10-10,1799.43,Pago,202610
MEN00008735,ALU00728,2026-11-01,2026-11-10,2026-11-08,1858.19,Pago,202611
MEN00008736,ALU00728,2026-12-01,2026-12-10,2026-12-08,1829.29,Pago,202612
MEN00008737,ALU00729,2026-01-01,2026-01-10,2026-01-10,1831.53,Pago,202601
MEN00008738,ALU00729,2026-02-01,2026-02-10,2026-02-11,1831.77,Pago,202602
MEN00008739,ALU00729,2026-03-01,2026-03-10,2026-03-18,1834.01,Pago,202603
MEN00008740,ALU00729,2026-04-01,2026-04-10,2026-04-14,1817.98,Pago,202604
MEN00008741,ALU00729,2026-05-01,2026-05-10,2026-05-17,1813.16,Pago,202605
MEN00008742,ALU00729,2026-06-01,2026-06-10,2026-06-18,1864.55,Pago,202606
MEN00008743,ALU00729,2026-07-01,2026-07-10,2026-07-10,1881.2,Pago,202607
MEN00008744,ALU00729,2026-08-01,2026-08-10,2026-08-16,1817.58,Pago,202608
MEN00008745,ALU00729,2026-09-01,2026-09-10,2026-09-07,1826.81,Pago,202609
MEN00008746,ALU00729,2026-10-01,2026-10-10,,1845.5,Em Aberto,202610
MEN00008747,ALU00729,2026-11-01,2026-11-10,2026-11-08,1903.16,Pago,202611
MEN00008748,ALU00729,2026-12-01,2026-12-10,,1819.99,Em Aberto,202612
MEN00008749,ALU00730,2026-01-01,2026-01-10,,1808.01,Vencido,202601
MEN00008750,ALU00730,2026-02-01,2026-02-10,2026-02-08,1818.75,Pago,202602
MEN00008751,ALU00730,2026-03-01,2026-03-10,,1897.03,Em Aberto,202603
MEN00008752,ALU00730,2026-04-01,2026-04-10,2026-04-12,1810.02,Pago,202604
MEN00008753,ALU00730,2026-05-01,2026-05-10,2026-05-18,1871.87,Pago,202605
MEN00008754,ALU00730,2026-06-01,2026-06-10,2026-06-12,1807.98,Pago,202606
MEN00008755,ALU00730,2026-07-01,2026-07-10,,1795.35,Em Aberto,202607
MEN00008756,ALU00730,2026-08-01,2026-08-10,2026-08-13,1878.92,Pago,202608
MEN00008757,ALU00730,2026-09-01,2026-09-10,2026-09-14,1821.82,Pago,202609
MEN00008758,ALU00730,2026-10-01,2026-10-10,2026-10-13,1801.61,Pago,202610
MEN00008759,ALU00730,2026-11-01,2026-11-10,2026-11-18,1898.92,Pago,202611
MEN00008760,ALU00730,2026-12-01,2026-12-10,2026-12-16,1812.98,Pago,202612
MEN00008761,ALU00731,2026-01-01,2026-01-10,,1890.83,Vencido,202601
MEN00008762,ALU00731,2026-02-01,2026-02-10,2026-02-11,1903.56,Pago,202602
MEN00008763,ALU00731,2026-03-01,2026-03-10,2026-03-07,1796.96,Pago,202603
MEN00008764,ALU00731,2026-04-01,2026-04-10,2026-04-18,1836.92,Pago,202604
MEN00008765,ALU00731,2026-05-01,2026-05-10,2026-05-12,1851.39,Pago,202605
MEN00008766,ALU00731,2026-06-01,2026-06-10,2026-06-15,1799.86,Pago,202606
MEN00008767,ALU00731,2026-07-01,2026-07-10,,1876.07,Vencido,202607
MEN00008768,ALU00731,2026-08-01,2026-08-10,2026-08-15,1852.41,Pago,202608
MEN00008769,ALU00731,2026-09-01,2026-09-10,2026-09-18,1818.86,Pago,202609
MEN00008770,ALU00731,2026-10-01,2026-10-10,2026-10-16,1832.36,Pago,202610
MEN00008771,ALU00731,2026-11-01,2026-11-10,2026-11-14,1823.14,Pago,202611
MEN00008772,ALU00731,2026-12-01,2026-12-10,2026-12-17,1850.05,Pago,202612
MEN00008773,ALU00732,2026-01-01,2026-01-10,2026-01-16,1832.25,Pago,202601
MEN00008774,ALU00732,2026-02-01,2026-02-10,2026-02-16,1869.82,Pago,202602
MEN00008775,ALU00732,2026-03-01,2026-03-10,,1890.9,Em Aberto,202603
MEN00008776,ALU00732,2026-04-01,2026-04-10,,1869.46,Em Aberto,202604
MEN00008777,ALU00732,2026-05-01,2026-05-10,,1803.2,Vencido,202605
MEN00008778,ALU00732,2026-06-01,2026-06-10,,1855.33,Vencido,202606
MEN00008779,ALU00732,2026-07-01,2026-07-10,2026-07-13,1885.91,Pago,202607
MEN00008780,ALU00732,2026-08-01,2026-08-10,,1869.48,Vencido,202608
MEN00008781,ALU00732,2026-09-01,2026-09-10,2026-09-10,1799.43,Pago,202609
MEN00008782,ALU00732,2026-10-01,2026-10-10,2026-10-15,1821.67,Pago,202610
MEN00008783,ALU00732,2026-11-01,2026-11-10,2026-11-16,1880.37,Pago,202611
MEN00008784,ALU00732,2026-12-01,2026-12-10,2026-12-17,1883.43,Pago,202612
MEN00008785,ALU00733,2026-01-01,2026-01-10,2026-01-17,1796.83,Pago,202601
MEN00008786,ALU00733,2026-02-01,2026-02-10,2026-02-13,1859.06,Pago,202602
MEN00008787,ALU00733,2026-03-01,2026-03-10,2026-03-17,1804.08,Pago,202603
MEN00008788,ALU00733,2026-04-01,2026-04-10,2026-04-15,1885.21,Pago,202604
MEN00008789,ALU00733,2026-05-01,2026-05-10,2026-05-14,1832.42,Pago,202605
MEN00008790,ALU00733,2026-06-01,2026-06-10,2026-06-10,1880.85,Pago,202606
MEN00008791,ALU00733,2026-07-01,2026-07-10,2026-07-13,1874.54,Pago,202607
MEN00008792,ALU00733,2026-08-01,2026-08-10,2026-08-18,1894.89,Pago,202608
MEN00008793,ALU00733,2026-09-01,2026-09-10,2026-09-18,1795.04,Pago,202609
MEN00008794,ALU00733,2026-10-01,2026-10-10,2026-10-15,1865.79,Pago,202610
MEN00008795,ALU00733,2026-11-01,2026-11-10,,1875.38,Em Aberto,202611
MEN00008796,ALU00733,2026-12-01,2026-12-10,,1881.7,Em Aberto,202612
MEN00008797,ALU00734,2026-01-01,2026-01-10,2026-01-07,1874.67,Pago,202601
MEN00008798,ALU00734,2026-02-01,2026-02-10,2026-02-16,1833.75,Pago,202602
MEN00008799,ALU00734,2026-03-01,2026-03-10,2026-03-09,1804.58,Pago,202603
MEN00008800,ALU00734,2026-04-01,2026-04-10,,1845.19,Em Aberto,202604
MEN00008801,ALU00734,2026-05-01,2026-05-10,,1866.96,Em Aberto,202605
MEN00008802,ALU00734,2026-06-01,2026-06-10,2026-06-11,1879.11,Pago,202606
MEN00008803,ALU00734,2026-07-01,2026-07-10,2026-07-08,1834.74,Pago,202607
MEN00008804,ALU00734,2026-08-01,2026-08-10,2026-08-14,1898.74,Pago,202608
MEN00008805,ALU00734,2026-09-01,2026-09-10,2026-09-11,1905.24,Pago,202609
MEN00008806,ALU00734,2026-10-01,2026-10-10,2026-10-09,1829.18,Pago,202610
MEN00008807,ALU00734,2026-11-01,2026-11-10,2026-11-15,1852.71,Pago,202611
MEN00008808,ALU00734,2026-12-01,2026-12-10,2026-12-12,1888.06,Pago,202612
MEN00008809,ALU00735,2026-01-01,2026-01-10,2026-01-11,1816.78,Pago,202601
MEN00008810,ALU00735,2026-02-01,2026-02-10,2026-02-09,1854.37,Pago,202602
MEN00008811,ALU00735,2026-03-01,2026-03-10,2026-03-18,1818.19,Pago,202603
MEN00008812,ALU00735,2026-04-01,2026-04-10,2026-04-10,1870.42,Pago,202604
MEN00008813,ALU00735,2026-05-01,2026-05-10,2026-05-12,1813.43,Pago,202605
MEN00008814,ALU00735,2026-06-01,2026-06-10,2026-06-13,1812.13,Pago,202606
MEN00008815,ALU00735,2026-07-01,2026-07-10,2026-07-18,1897.45,Pago,202607
MEN00008816,ALU00735,2026-08-01,2026-08-10,2026-08-09,1795.53,Pago,202608
MEN00008817,ALU00735,2026-09-01,2026-09-10,2026-09-09,1798.82,Pago,202609
MEN00008818,ALU00735,2026-10-01,2026-10-10,2026-10-09,1821.22,Pago,202610
MEN00008819,ALU00735,2026-11-01,2026-11-10,2026-11-15,1854.52,Pago,202611
MEN00008820,ALU00735,2026-12-01,2026-12-10,2026-12-13,1884.06,Pago,202612
MEN00008821,ALU00736,2026-01-01,2026-01-10,2026-01-18,1896.1,Pago,202601
MEN00008822,ALU00736,2026-02-01,2026-02-10,,1903.51,Em Aberto,202602
MEN00008823,ALU00736,2026-03-01,2026-03-10,2026-03-15,1866.72,Pago,202603
MEN00008824,ALU00736,2026-04-01,2026-04-10,2026-04-14,1822.71,Pago,202604
MEN00008825,ALU00736,2026-05-01,2026-05-10,2026-05-16,1858.23,Pago,202605
MEN00008826,ALU00736,2026-06-01,2026-06-10,2026-06-12,1839.25,Pago,202606
MEN00008827,ALU00736,2026-07-01,2026-07-10,2026-07-09,1837.95,Pago,202607
MEN00008828,ALU00736,2026-08-01,2026-08-10,2026-08-15,1860.09,Pago,202608
MEN00008829,ALU00736,2026-09-01,2026-09-10,2026-09-07,1823.8,Pago,202609
MEN00008830,ALU00736,2026-10-01,2026-10-10,2026-10-11,1896.19,Pago,202610
MEN00008831,ALU00736,2026-11-01,2026-11-10,2026-11-18,1857.21,Pago,202611
MEN00008832,ALU00736,2026-12-01,2026-12-10,2026-12-11,1811.66,Pago,202612
MEN00008833,ALU00737,2026-01-01,2026-01-10,2026-01-15,1870.79,Pago,202601
MEN00008834,ALU00737,2026-02-01,2026-02-10,,1799.03,Em Aberto,202602
MEN00008835,ALU00737,2026-03-01,2026-03-10,2026-03-17,1900.13,Pago,202603
MEN00008836,ALU00737,2026-04-01,2026-04-10,2026-04-12,1890.47,Pago,202604
MEN00008837,ALU00737,2026-05-01,2026-05-10,2026-05-10,1796.3,Pago,202605
MEN00008838,ALU00737,2026-06-01,2026-06-10,2026-06-10,1830.15,Pago,202606
MEN00008839,ALU00737,2026-07-01,2026-07-10,2026-07-10,1841.48,Pago,202607
MEN00008840,ALU00737,2026-08-01,2026-08-10,2026-08-07,1811.76,Pago,202608
MEN00008841,ALU00737,2026-09-01,2026-09-10,2026-09-16,1879.17,Pago,202609
MEN00008842,ALU00737,2026-10-01,2026-10-10,2026-10-15,1869.21,Pago,202610
MEN00008843,ALU00737,2026-11-01,2026-11-10,2026-11-11,1843.82,Pago,202611
MEN00008844,ALU00737,2026-12-01,2026-12-10,2026-12-11,1865.25,Pago,202612
MEN00008845,ALU00738,2026-01-01,2026-01-10,2026-01-18,1882.42,Pago,202601
MEN00008846,ALU00738,2026-02-01,2026-02-10,2026-02-16,1895.09,Pago,202602
MEN00008847,ALU00738,2026-03-01,2026-03-10,2026-03-13,1829.96,Pago,202603
MEN00008848,ALU00738,2026-04-01,2026-04-10,2026-04-11,1810.1,Pago,202604
MEN00008849,ALU00738,2026-05-01,2026-05-10,2026-05-16,1885.12,Pago,202605
MEN00008850,ALU00738,2026-06-01,2026-06-10,2026-06-12,1866.01,Pago,202606
MEN00008851,ALU00738,2026-07-01,2026-07-10,,1869.64,Em Aberto,202607
MEN00008852,ALU00738,2026-08-01,2026-08-10,2026-08-17,1864.7,Pago,202608
MEN00008853,ALU00738,2026-09-01,2026-09-10,2026-09-10,1884.44,Pago,202609
MEN00008854,ALU00738,2026-10-01,2026-10-10,2026-10-18,1832.67,Pago,202610
MEN00008855,ALU00738,2026-11-01,2026-11-10,2026-11-07,1848.06,Pago,202611
MEN00008856,ALU00738,2026-12-01,2026-12-10,,1900.74,Em Aberto,202612
MEN00008857,ALU00739,2026-01-01,2026-01-10,2026-01-14,1806.69,Pago,202601
MEN00008858,ALU00739,2026-02-01,2026-02-10,2026-02-11,1887.58,Pago,202602
MEN00008859,ALU00739,2026-03-01,2026-03-10,2026-03-13,1807.94,Pago,202603
MEN00008860,ALU00739,2026-04-01,2026-04-10,,1807.63,Vencido,202604
MEN00008861,ALU00739,2026-05-01,2026-05-10,2026-05-12,1801.66,Pago,202605
MEN00008862,ALU00739,2026-06-01,2026-06-10,2026-06-07,1867.4,Pago,202606
MEN00008863,ALU00739,2026-07-01,2026-07-10,2026-07-07,1853.69,Pago,202607
MEN00008864,ALU00739,2026-08-01,2026-08-10,2026-08-13,1824.53,Pago,202608
MEN00008865,ALU00739,2026-09-01,2026-09-10,2026-09-12,1816.42,Pago,202609
MEN00008866,ALU00739,2026-10-01,2026-10-10,2026-10-17,1862.92,Pago,202610
MEN00008867,ALU00739,2026-11-01,2026-11-10,2026-11-07,1814.67,Pago,202611
MEN00008868,ALU00739,2026-12-01,2026-12-10,2026-12-18,1824.3,Pago,202612
MEN00008869,ALU00740,2026-01-01,2026-01-10,,1841.36,Vencido,202601
MEN00008870,ALU00740,2026-02-01,2026-02-10,2026-02-10,1872.76,Pago,202602
MEN00008871,ALU00740,2026-03-01,2026-03-10,2026-03-12,1827.8,Pago,202603
MEN00008872,ALU00740,2026-04-01,2026-04-10,2026-04-12,1888.19,Pago,202604
MEN00008873,ALU00740,2026-05-01,2026-05-10,2026-05-15,1805.36,Pago,202605
MEN00008874,ALU00740,2026-06-01,2026-06-10,2026-06-13,1881.03,Pago,202606
MEN00008875,ALU00740,2026-07-01,2026-07-10,,1819.49,Em Aberto,202607
MEN00008876,ALU00740,2026-08-01,2026-08-10,2026-08-17,1805.95,Pago,202608
MEN00008877,ALU00740,2026-09-01,2026-09-10,2026-09-07,1829.99,Pago,202609
MEN00008878,ALU00740,2026-10-01,2026-10-10,2026-10-12,1891.97,Pago,202610
MEN00008879,ALU00740,2026-11-01,2026-11-10,,1826.75,Em Aberto,202611
MEN00008880,ALU00740,2026-12-01,2026-12-10,2026-12-14,1801.37,Pago,202612
MEN00008881,ALU00741,2026-01-01,2026-01-10,2026-01-17,1800.87,Pago,202601
MEN00008882,ALU00741,2026-02-01,2026-02-10,,1809.61,Em Aberto,202602
MEN00008883,ALU00741,2026-03-01,2026-03-10,,1825.66,Em Aberto,202603
MEN00008884,ALU00741,2026-04-01,2026-04-10,2026-04-11,1865.11,Pago,202604
MEN00008885,ALU00741,2026-05-01,2026-05-10,2026-05-12,1851.13,Pago,202605
MEN00008886,ALU00741,2026-06-01,2026-06-10,2026-06-15,1796.03,Pago,202606
MEN00008887,ALU00741,2026-07-01,2026-07-10,2026-07-16,1831.98,Pago,202607
MEN00008888,ALU00741,2026-08-01,2026-08-10,2026-08-08,1875.12,Pago,202608
MEN00008889,ALU00741,2026-09-01,2026-09-10,2026-09-08,1843.99,Pago,202609
MEN00008890,ALU00741,2026-10-01,2026-10-10,2026-10-17,1849.28,Pago,202610
MEN00008891,ALU00741,2026-11-01,2026-11-10,2026-11-16,1843.77,Pago,202611
MEN00008892,ALU00741,2026-12-01,2026-12-10,2026-12-10,1860.27,Pago,202612
MEN00008893,ALU00742,2026-01-01,2026-01-10,2026-01-07,1880.18,Pago,202601
MEN00008894,ALU00742,2026-02-01,2026-02-10,2026-02-16,1880.39,Pago,202602
MEN00008895,ALU00742,2026-03-01,2026-03-10,2026-03-14,1843.2,Pago,202603
MEN00008896,ALU00742,2026-04-01,2026-04-10,2026-04-10,1884.54,Pago,202604
MEN00008897,ALU00742,2026-05-01,2026-05-10,2026-05-15,1814.72,Pago,202605
MEN00008898,ALU00742,2026-06-01,2026-06-10,2026-06-07,1892.18,Pago,202606
MEN00008899,ALU00742,2026-07-01,2026-07-10,2026-07-09,1872.95,Pago,202607
MEN00008900,ALU00742,2026-08-01,2026-08-10,2026-08-07,1828.18,Pago,202608
MEN00008901,ALU00742,2026-09-01,2026-09-10,2026-09-13,1873.02,Pago,202609
MEN00008902,ALU00742,2026-10-01,2026-10-10,2026-10-16,1862.81,Pago,202610
MEN00008903,ALU00742,2026-11-01,2026-11-10,2026-11-18,1872.27,Pago,202611
MEN00008904,ALU00742,2026-12-01,2026-12-10,2026-12-17,1828.47,Pago,202612
MEN00008905,ALU00743,2026-01-01,2026-01-10,,1847.66,Vencido,202601
MEN00008906,ALU00743,2026-02-01,2026-02-10,2026-02-11,1835.3,Pago,202602
MEN00008907,ALU00743,2026-03-01,2026-03-10,,1807.64,Em Aberto,202603
MEN00008908,ALU00743,2026-04-01,2026-04-10,2026-04-12,1843.61,Pago,202604
MEN00008909,ALU00743,2026-05-01,2026-05-10,2026-05-13,1808.57,Pago,202605
MEN00008910,ALU00743,2026-06-01,2026-06-10,2026-06-16,1867.55,Pago,202606
MEN00008911,ALU00743,2026-07-01,2026-07-10,2026-07-07,1832.41,Pago,202607
MEN00008912,ALU00743,2026-08-01,2026-08-10,2026-08-08,1834.4,Pago,202608
MEN00008913,ALU00743,2026-09-01,2026-09-10,2026-09-11,1890.07,Pago,202609
MEN00008914,ALU00743,2026-10-01,2026-10-10,2026-10-07,1827.96,Pago,202610
MEN00008915,ALU00743,2026-11-01,2026-11-10,2026-11-15,1795.32,Pago,202611
MEN00008916,ALU00743,2026-12-01,2026-12-10,2026-12-09,1836.06,Pago,202612
MEN00008917,ALU00744,2026-01-01,2026-01-10,2026-01-15,1820.96,Pago,202601
MEN00008918,ALU00744,2026-02-01,2026-02-10,2026-02-16,1818.1,Pago,202602
MEN00008919,ALU00744,2026-03-01,2026-03-10,,1796.8,Em Aberto,202603
MEN00008920,ALU00744,2026-04-01,2026-04-10,2026-04-09,1798.29,Pago,202604
MEN00008921,ALU00744,2026-05-01,2026-05-10,2026-05-10,1816.82,Pago,202605
MEN00008922,ALU00744,2026-06-01,2026-06-10,,1860.69,Vencido,202606
MEN00008923,ALU00744,2026-07-01,2026-07-10,2026-07-07,1803.64,Pago,202607
MEN00008924,ALU00744,2026-08-01,2026-08-10,2026-08-15,1847.37,Pago,202608
MEN00008925,ALU00744,2026-09-01,2026-09-10,,1816.43,Vencido,202609
MEN00008926,ALU00744,2026-10-01,2026-10-10,2026-10-14,1822.91,Pago,202610
MEN00008927,ALU00744,2026-11-01,2026-11-10,2026-11-18,1853.75,Pago,202611
MEN00008928,ALU00744,2026-12-01,2026-12-10,,1887.67,Em Aberto,202612
MEN00008929,ALU00745,2026-01-01,2026-01-10,2026-01-14,1896.73,Pago,202601
MEN00008930,ALU00745,2026-02-01,2026-02-10,2026-02-14,1851.24,Pago,202602
MEN00008931,ALU00745,2026-03-01,2026-03-10,2026-03-07,1899.86,Pago,202603
MEN00008932,ALU00745,2026-04-01,2026-04-10,,1799.09,Vencido,202604
MEN00008933,ALU00745,2026-05-01,2026-05-10,2026-05-07,1805.87,Pago,202605
MEN00008934,ALU00745,2026-06-01,2026-06-10,2026-06-07,1892.72,Pago,202606
MEN00008935,ALU00745,2026-07-01,2026-07-10,2026-07-08,1823.98,Pago,202607
MEN00008936,ALU00745,2026-08-01,2026-08-10,,1832.48,Em Aberto,202608
MEN00008937,ALU00745,2026-09-01,2026-09-10,2026-09-12,1900.32,Pago,202609
MEN00008938,ALU00745,2026-10-01,2026-10-10,2026-10-12,1849.44,Pago,202610
MEN00008939,ALU00745,2026-11-01,2026-11-10,2026-11-18,1883.65,Pago,202611
MEN00008940,ALU00745,2026-12-01,2026-12-10,2026-12-09,1882.71,Pago,202612
MEN00008941,ALU00746,2026-01-01,2026-01-10,2026-01-08,1836.97,Pago,202601
MEN00008942,ALU00746,2026-02-01,2026-02-10,2026-02-18,1806.65,Pago,202602
MEN00008943,ALU00746,2026-03-01,2026-03-10,2026-03-16,1867.28,Pago,202603
MEN00008944,ALU00746,2026-04-01,2026-04-10,2026-04-10,1798.44,Pago,202604
MEN00008945,ALU00746,2026-05-01,2026-05-10,,1836.43,Vencido,202605
MEN00008946,ALU00746,2026-06-01,2026-06-10,2026-06-16,1865.81,Pago,202606
MEN00008947,ALU00746,2026-07-01,2026-07-10,2026-07-08,1840.84,Pago,202607
MEN00008948,ALU00746,2026-08-01,2026-08-10,2026-08-12,1898.34,Pago,202608
MEN00008949,ALU00746,2026-09-01,2026-09-10,2026-09-09,1848.5,Pago,202609
MEN00008950,ALU00746,2026-10-01,2026-10-10,,1859.77,Vencido,202610
MEN00008951,ALU00746,2026-11-01,2026-11-10,2026-11-12,1890.7,Pago,202611
MEN00008952,ALU00746,2026-12-01,2026-12-10,2026-12-10,1872.96,Pago,202612
MEN00008953,ALU00747,2026-01-01,2026-01-10,2026-01-13,1904.39,Pago,202601
MEN00008954,ALU00747,2026-02-01,2026-02-10,2026-02-15,1802.6,Pago,202602
MEN00008955,ALU00747,2026-03-01,2026-03-10,2026-03-16,1855.39,Pago,202603
MEN00008956,ALU00747,2026-04-01,2026-04-10,2026-04-14,1805.86,Pago,202604
MEN00008957,ALU00747,2026-05-01,2026-05-10,2026-05-07,1849.49,Pago,202605
MEN00008958,ALU00747,2026-06-01,2026-06-10,2026-06-15,1829.07,Pago,202606
MEN00008959,ALU00747,2026-07-01,2026-07-10,2026-07-12,1879.86,Pago,202607
MEN00008960,ALU00747,2026-08-01,2026-08-10,,1799.27,Em Aberto,202608
MEN00008961,ALU00747,2026-09-01,2026-09-10,2026-09-13,1838.4,Pago,202609
MEN00008962,ALU00747,2026-10-01,2026-10-10,2026-10-11,1897.64,Pago,202610
MEN00008963,ALU00747,2026-11-01,2026-11-10,2026-11-13,1802.93,Pago,202611
MEN00008964,ALU00747,2026-12-01,2026-12-10,2026-12-09,1813.81,Pago,202612
MEN00008965,ALU00748,2026-01-01,2026-01-10,2026-01-12,1839.89,Pago,202601
MEN00008966,ALU00748,2026-02-01,2026-02-10,2026-02-15,1802.9,Pago,202602
MEN00008967,ALU00748,2026-03-01,2026-03-10,2026-03-08,1852.01,Pago,202603
MEN00008968,ALU00748,2026-04-01,2026-04-10,2026-04-09,1799.27,Pago,202604
MEN00008969,ALU00748,2026-05-01,2026-05-10,2026-05-09,1836.48,Pago,202605
MEN00008970,ALU00748,2026-06-01,2026-06-10,2026-06-15,1864.74,Pago,202606
MEN00008971,ALU00748,2026-07-01,2026-07-10,2026-07-13,1831.58,Pago,202607
MEN00008972,ALU00748,2026-08-01,2026-08-10,,1862.04,Vencido,202608
MEN00008973,ALU00748,2026-09-01,2026-09-10,2026-09-12,1903.73,Pago,202609
MEN00008974,ALU00748,2026-10-01,2026-10-10,,1860.06,Em Aberto,202610
MEN00008975,ALU00748,2026-11-01,2026-11-10,2026-11-11,1860.73,Pago,202611
MEN00008976,ALU00748,2026-12-01,2026-12-10,2026-12-08,1887.64,Pago,202612
MEN00008977,ALU00749,2026-01-01,2026-01-10,2026-01-16,1891.49,Pago,202601
MEN00008978,ALU00749,2026-02-01,2026-02-10,2026-02-11,1865.63,Pago,202602
MEN00008979,ALU00749,2026-03-01,2026-03-10,2026-03-14,1839.83,Pago,202603
MEN00008980,ALU00749,2026-04-01,2026-04-10,2026-04-16,1794.84,Pago,202604
MEN00008981,ALU00749,2026-05-01,2026-05-10,,1824.76,Em Aberto,202605
MEN00008982,ALU00749,2026-06-01,2026-06-10,2026-06-15,1813.83,Pago,202606
MEN00008983,ALU00749,2026-07-01,2026-07-10,2026-07-13,1864.08,Pago,202607
MEN00008984,ALU00749,2026-08-01,2026-08-10,,1854.8,Em Aberto,202608
MEN00008985,ALU00749,2026-09-01,2026-09-10,2026-09-15,1851.43,Pago,202609
MEN00008986,ALU00749,2026-10-01,2026-10-10,2026-10-16,1884.71,Pago,202610
MEN00008987,ALU00749,2026-11-01,2026-11-10,2026-11-07,1808.63,Pago,202611
MEN00008988,ALU00749,2026-12-01,2026-12-10,2026-12-18,1878.51,Pago,202612
MEN00008989,ALU00750,2026-01-01,2026-01-10,2026-01-18,1885.69,Pago,202601
MEN00008990,ALU00750,2026-02-01,2026-02-10,2026-02-07,1823.86,Pago,202602
MEN00008991,ALU00750,2026-03-01,2026-03-10,2026-03-08,1799.44,Pago,202603
MEN00008992,ALU00750,2026-04-01,2026-04-10,2026-04-18,1825.84,Pago,202604
MEN00008993,ALU00750,2026-05-01,2026-05-10,2026-05-17,1854.39,Pago,202605
MEN00008994,ALU00750,2026-06-01,2026-06-10,2026-06-14,1895.38,Pago,202606
MEN00008995,ALU00750,2026-07-01,2026-07-10,2026-07-14,1832.23,Pago,202607
MEN00008996,ALU00750,2026-08-01,2026-08-10,2026-08-13,1824.58,Pago,202608
MEN00008997,ALU00750,2026-09-01,2026-09-10,2026-09-07,1802.3,Pago,202609
MEN00008998,ALU00750,2026-10-01,2026-10-10,2026-10-16,1892.83,Pago,202610
MEN00008999,ALU00750,2026-11-01,2026-11-10,2026-11-15,1795.64,Pago,202611
MEN00009000,ALU00750,2026-12-01,2026-12-10,2026-12-07,1894.98,Pago,202612
MEN00009001,ALU00751,2026-01-01,2026-01-10,,1865.19,Em Aberto,202601
MEN00009002,ALU00751,2026-02-01,2026-02-10,2026-02-12,1863.22,Pago,202602
MEN00009003,ALU00751,2026-03-01,2026-03-10,2026-03-17,1830.54,Pago,202603
MEN00009004,ALU00751,2026-04-01,2026-04-10,2026-04-09,1904.62,Pago,202604
MEN00009005,ALU00751,2026-05-01,2026-05-10,2026-05-09,1818.34,Pago,202605
MEN00009006,ALU00751,2026-06-01,2026-06-10,2026-06-14,1902.97,Pago,202606
MEN00009007,ALU00751,2026-07-01,2026-07-10,2026-07-18,1804.42,Pago,202607
MEN00009008,ALU00751,2026-08-01,2026-08-10,2026-08-09,1828.62,Pago,202608
MEN00009009,ALU00751,2026-09-01,2026-09-10,2026-09-08,1819.25,Pago,202609
MEN00009010,ALU00751,2026-10-01,2026-10-10,2026-10-15,1844.63,Pago,202610
MEN00009011,ALU00751,2026-11-01,2026-11-10,2026-11-15,1896.76,Pago,202611
MEN00009012,ALU00751,2026-12-01,2026-12-10,2026-12-18,1886.38,Pago,202612
MEN00009013,ALU00752,2026-01-01,2026-01-10,2026-01-12,1897.09,Pago,202601
MEN00009014,ALU00752,2026-02-01,2026-02-10,2026-02-17,1811.29,Pago,202602
MEN00009015,ALU00752,2026-03-01,2026-03-10,2026-03-07,1883.58,Pago,202603
MEN00009016,ALU00752,2026-04-01,2026-04-10,2026-04-12,1832.91,Pago,202604
MEN00009017,ALU00752,2026-05-01,2026-05-10,2026-05-09,1815.03,Pago,202605
MEN00009018,ALU00752,2026-06-01,2026-06-10,2026-06-17,1817.75,Pago,202606
MEN00009019,ALU00752,2026-07-01,2026-07-10,2026-07-15,1805.76,Pago,202607
MEN00009020,ALU00752,2026-08-01,2026-08-10,2026-08-17,1847.7,Pago,202608
MEN00009021,ALU00752,2026-09-01,2026-09-10,2026-09-12,1802.32,Pago,202609
MEN00009022,ALU00752,2026-10-01,2026-10-10,,1799.4,Em Aberto,202610
MEN00009023,ALU00752,2026-11-01,2026-11-10,2026-11-16,1832.47,Pago,202611
MEN00009024,ALU00752,2026-12-01,2026-12-10,2026-12-12,1810.2,Pago,202612
MEN00009025,ALU00753,2026-01-01,2026-01-10,2026-01-16,1833.82,Pago,202601
MEN00009026,ALU00753,2026-02-01,2026-02-10,2026-02-12,1813.5,Pago,202602
MEN00009027,ALU00753,2026-03-01,2026-03-10,2026-03-13,1851.23,Pago,202603
MEN00009028,ALU00753,2026-04-01,2026-04-10,,1890.18,Vencido,202604
MEN00009029,ALU00753,2026-05-01,2026-05-10,2026-05-17,1879.91,Pago,202605
MEN00009030,ALU00753,2026-06-01,2026-06-10,2026-06-07,1904.99,Pago,202606
MEN00009031,ALU00753,2026-07-01,2026-07-10,2026-07-18,1860.95,Pago,202607
MEN00009032,ALU00753,2026-08-01,2026-08-10,2026-08-16,1893.66,Pago,202608
MEN00009033,ALU00753,2026-09-01,2026-09-10,2026-09-12,1905.19,Pago,202609
MEN00009034,ALU00753,2026-10-01,2026-10-10,2026-10-09,1819.65,Pago,202610
MEN00009035,ALU00753,2026-11-01,2026-11-10,2026-11-17,1807.73,Pago,202611
MEN00009036,ALU00753,2026-12-01,2026-12-10,2026-12-09,1823.95,Pago,202612
MEN00009037,ALU00754,2026-01-01,2026-01-10,2026-01-17,1872.81,Pago,202601
MEN00009038,ALU00754,2026-02-01,2026-02-10,2026-02-18,1856.62,Pago,202602
MEN00009039,ALU00754,2026-03-01,2026-03-10,,1874.56,Em Aberto,202603
MEN00009040,ALU00754,2026-04-01,2026-04-10,2026-04-16,1798.28,Pago,202604
MEN00009041,ALU00754,2026-05-01,2026-05-10,2026-05-09,1852.55,Pago,202605
MEN00009042,ALU00754,2026-06-01,2026-06-10,2026-06-18,1864.76,Pago,202606
MEN00009043,ALU00754,2026-07-01,2026-07-10,2026-07-07,1875.13,Pago,202607
MEN00009044,ALU00754,2026-08-01,2026-08-10,,1832.53,Vencido,202608
MEN00009045,ALU00754,2026-09-01,2026-09-10,2026-09-18,1844.95,Pago,202609
MEN00009046,ALU00754,2026-10-01,2026-10-10,2026-10-11,1905.08,Pago,202610
MEN00009047,ALU00754,2026-11-01,2026-11-10,2026-11-12,1803.46,Pago,202611
MEN00009048,ALU00754,2026-12-01,2026-12-10,2026-12-17,1817.44,Pago,202612
MEN00009049,ALU00755,2026-01-01,2026-01-10,2026-01-07,1885.98,Pago,202601
MEN00009050,ALU00755,2026-02-01,2026-02-10,2026-02-08,1808.76,Pago,202602
MEN00009051,ALU00755,2026-03-01,2026-03-10,,1865.64,Vencido,202603
MEN00009052,ALU00755,2026-04-01,2026-04-10,2026-04-17,1849.21,Pago,202604
MEN00009053,ALU00755,2026-05-01,2026-05-10,,1824.34,Vencido,202605
MEN00009054,ALU00755,2026-06-01,2026-06-10,2026-06-08,1876.77,Pago,202606
MEN00009055,ALU00755,2026-07-01,2026-07-10,2026-07-11,1829.81,Pago,202607
MEN00009056,ALU00755,2026-08-01,2026-08-10,,1799.66,Em Aberto,202608
MEN00009057,ALU00755,2026-09-01,2026-09-10,2026-09-12,1828.23,Pago,202609
MEN00009058,ALU00755,2026-10-01,2026-10-10,,1862.97,Vencido,202610
MEN00009059,ALU00755,2026-11-01,2026-11-10,,1798.53,Vencido,202611
MEN00009060,ALU00755,2026-12-01,2026-12-10,2026-12-16,1875.64,Pago,202612
MEN00009061,ALU00756,2026-01-01,2026-01-10,2026-01-18,1849.63,Pago,202601
MEN00009062,ALU00756,2026-02-01,2026-02-10,2026-02-08,1882.92,Pago,202602
MEN00009063,ALU00756,2026-03-01,2026-03-10,2026-03-12,1838.0,Pago,202603
MEN00009064,ALU00756,2026-04-01,2026-04-10,,1889.92,Em Aberto,202604
MEN00009065,ALU00756,2026-05-01,2026-05-10,,1881.37,Em Aberto,202605
MEN00009066,ALU00756,2026-06-01,2026-06-10,,1901.83,Em Aberto,202606
MEN00009067,ALU00756,2026-07-01,2026-07-10,2026-07-11,1868.87,Pago,202607
MEN00009068,ALU00756,2026-08-01,2026-08-10,,1884.55,Em Aberto,202608
MEN00009069,ALU00756,2026-09-01,2026-09-10,,1819.28,Em Aberto,202609
MEN00009070,ALU00756,2026-10-01,2026-10-10,2026-10-14,1804.44,Pago,202610
MEN00009071,ALU00756,2026-11-01,2026-11-10,,1877.92,Em Aberto,202611
MEN00009072,ALU00756,2026-12-01,2026-12-10,2026-12-17,1851.82,Pago,202612
MEN00009073,ALU00757,2026-01-01,2026-01-10,2026-01-17,1848.88,Pago,202601
MEN00009074,ALU00757,2026-02-01,2026-02-10,,1827.53,Em Aberto,202602
MEN00009075,ALU00757,2026-03-01,2026-03-10,,1893.9,Em Aberto,202603
MEN00009076,ALU00757,2026-04-01,2026-04-10,,1830.86,Vencido,202604
MEN00009077,ALU00757,2026-05-01,2026-05-10,2026-05-08,1844.37,Pago,202605
MEN00009078,ALU00757,2026-06-01,2026-06-10,,1865.4,Em Aberto,202606
MEN00009079,ALU00757,2026-07-01,2026-07-10,,1824.54,Em Aberto,202607
MEN00009080,ALU00757,2026-08-01,2026-08-10,2026-08-13,1802.78,Pago,202608
MEN00009081,ALU00757,2026-09-01,2026-09-10,,1861.73,Vencido,202609
MEN00009082,ALU00757,2026-10-01,2026-10-10,2026-10-12,1821.84,Pago,202610
MEN00009083,ALU00757,2026-11-01,2026-11-10,2026-11-11,1801.49,Pago,202611
MEN00009084,ALU00757,2026-12-01,2026-12-10,,1801.99,Em Aberto,202612
MEN00009085,ALU00758,2026-01-01,2026-01-10,2026-01-10,1899.18,Pago,202601
MEN00009086,ALU00758,2026-02-01,2026-02-10,2026-02-11,1898.08,Pago,202602
MEN00009087,ALU00758,2026-03-01,2026-03-10,,1827.32,Em Aberto,202603
MEN00009088,ALU00758,2026-04-01,2026-04-10,2026-04-17,1862.73,Pago,202604
MEN00009089,ALU00758,2026-05-01,2026-05-10,2026-05-09,1878.79,Pago,202605
MEN00009090,ALU00758,2026-06-01,2026-06-10,2026-06-08,1893.77,Pago,202606
MEN00009091,ALU00758,2026-07-01,2026-07-10,2026-07-13,1796.51,Pago,202607
MEN00009092,ALU00758,2026-08-01,2026-08-10,2026-08-18,1833.43,Pago,202608
MEN00009093,ALU00758,2026-09-01,2026-09-10,2026-09-09,1830.18,Pago,202609
MEN00009094,ALU00758,2026-10-01,2026-10-10,2026-10-12,1811.01,Pago,202610
MEN00009095,ALU00758,2026-11-01,2026-11-10,2026-11-12,1796.69,Pago,202611
MEN00009096,ALU00758,2026-12-01,2026-12-10,2026-12-13,1868.48,Pago,202612
MEN00009097,ALU00759,2026-01-01,2026-01-10,2026-01-17,1821.35,Pago,202601
MEN00009098,ALU00759,2026-02-01,2026-02-10,2026-02-15,1809.37,Pago,202602
MEN00009099,ALU00759,2026-03-01,2026-03-10,2026-03-14,1899.0,Pago,202603
MEN00009100,ALU00759,2026-04-01,2026-04-10,2026-04-15,1884.7,Pago,202604
MEN00009101,ALU00759,2026-05-01,2026-05-10,2026-05-08,1836.77,Pago,202605
MEN00009102,ALU00759,2026-06-01,2026-06-10,2026-06-09,1816.1,Pago,202606
MEN00009103,ALU00759,2026-07-01,2026-07-10,2026-07-07,1802.86,Pago,202607
MEN00009104,ALU00759,2026-08-01,2026-08-10,,1884.79,Vencido,202608
MEN00009105,ALU00759,2026-09-01,2026-09-10,2026-09-12,1873.47,Pago,202609
MEN00009106,ALU00759,2026-10-01,2026-10-10,2026-10-13,1859.39,Pago,202610
MEN00009107,ALU00759,2026-11-01,2026-11-10,2026-11-11,1863.09,Pago,202611
MEN00009108,ALU00759,2026-12-01,2026-12-10,2026-12-16,1862.55,Pago,202612
MEN00009109,ALU00760,2026-01-01,2026-01-10,2026-01-12,1863.89,Pago,202601
MEN00009110,ALU00760,2026-02-01,2026-02-10,2026-02-18,1871.89,Pago,202602
MEN00009111,ALU00760,2026-03-01,2026-03-10,2026-03-18,1883.03,Pago,202603
MEN00009112,ALU00760,2026-04-01,2026-04-10,2026-04-16,1812.16,Pago,202604
MEN00009113,ALU00760,2026-05-01,2026-05-10,2026-05-17,1837.65,Pago,202605
MEN00009114,ALU00760,2026-06-01,2026-06-10,2026-06-17,1835.62,Pago,202606
MEN00009115,ALU00760,2026-07-01,2026-07-10,2026-07-15,1900.96,Pago,202607
MEN00009116,ALU00760,2026-08-01,2026-08-10,2026-08-07,1893.39,Pago,202608
MEN00009117,ALU00760,2026-09-01,2026-09-10,2026-09-16,1850.84,Pago,202609
MEN00009118,ALU00760,2026-10-01,2026-10-10,2026-10-18,1880.14,Pago,202610
MEN00009119,ALU00760,2026-11-01,2026-11-10,2026-11-10,1832.14,Pago,202611
MEN00009120,ALU00760,2026-12-01,2026-12-10,2026-12-12,1832.71,Pago,202612
MEN00009121,ALU00761,2026-01-01,2026-01-10,2026-01-12,1811.08,Pago,202601
MEN00009122,ALU00761,2026-02-01,2026-02-10,2026-02-07,1895.01,Pago,202602
MEN00009123,ALU00761,2026-03-01,2026-03-10,2026-03-09,1827.27,Pago,202603
MEN00009124,ALU00761,2026-04-01,2026-04-10,2026-04-17,1811.78,Pago,202604
MEN00009125,ALU00761,2026-05-01,2026-05-10,,1899.08,Em Aberto,202605
MEN00009126,ALU00761,2026-06-01,2026-06-10,2026-06-09,1875.21,Pago,202606
MEN00009127,ALU00761,2026-07-01,2026-07-10,2026-07-15,1845.01,Pago,202607
MEN00009128,ALU00761,2026-08-01,2026-08-10,2026-08-08,1861.87,Pago,202608
MEN00009129,ALU00761,2026-09-01,2026-09-10,,1860.04,Vencido,202609
MEN00009130,ALU00761,2026-10-01,2026-10-10,,1800.15,Em Aberto,202610
MEN00009131,ALU00761,2026-11-01,2026-11-10,2026-11-13,1846.99,Pago,202611
MEN00009132,ALU00761,2026-12-01,2026-12-10,,1819.86,Em Aberto,202612
MEN00009133,ALU00762,2026-01-01,2026-01-10,2026-01-12,1851.13,Pago,202601
MEN00009134,ALU00762,2026-02-01,2026-02-10,2026-02-09,1859.25,Pago,202602
MEN00009135,ALU00762,2026-03-01,2026-03-10,2026-03-09,1846.93,Pago,202603
MEN00009136,ALU00762,2026-04-01,2026-04-10,2026-04-10,1800.52,Pago,202604
MEN00009137,ALU00762,2026-05-01,2026-05-10,2026-05-16,1800.67,Pago,202605
MEN00009138,ALU00762,2026-06-01,2026-06-10,2026-06-08,1865.32,Pago,202606
MEN00009139,ALU00762,2026-07-01,2026-07-10,,1827.91,Vencido,202607
MEN00009140,ALU00762,2026-08-01,2026-08-10,2026-08-12,1812.17,Pago,202608
MEN00009141,ALU00762,2026-09-01,2026-09-10,,1804.29,Em Aberto,202609
MEN00009142,ALU00762,2026-10-01,2026-10-10,2026-10-12,1865.57,Pago,202610
MEN00009143,ALU00762,2026-11-01,2026-11-10,2026-11-11,1842.04,Pago,202611
MEN00009144,ALU00762,2026-12-01,2026-12-10,2026-12-18,1893.74,Pago,202612
MEN00009145,ALU00763,2026-01-01,2026-01-10,2026-01-09,1820.51,Pago,202601
MEN00009146,ALU00763,2026-02-01,2026-02-10,,1845.38,Em Aberto,202602
MEN00009147,ALU00763,2026-03-01,2026-03-10,2026-03-12,1894.04,Pago,202603
MEN00009148,ALU00763,2026-04-01,2026-04-10,2026-04-12,1804.94,Pago,202604
MEN00009149,ALU00763,2026-05-01,2026-05-10,2026-05-12,1832.46,Pago,202605
MEN00009150,ALU00763,2026-06-01,2026-06-10,2026-06-07,1807.17,Pago,202606
MEN00009151,ALU00763,2026-07-01,2026-07-10,,1802.93,Em Aberto,202607
MEN00009152,ALU00763,2026-08-01,2026-08-10,2026-08-12,1888.86,Pago,202608
MEN00009153,ALU00763,2026-09-01,2026-09-10,2026-09-16,1828.47,Pago,202609
MEN00009154,ALU00763,2026-10-01,2026-10-10,2026-10-13,1835.28,Pago,202610
MEN00009155,ALU00763,2026-11-01,2026-11-10,2026-11-13,1857.72,Pago,202611
MEN00009156,ALU00763,2026-12-01,2026-12-10,2026-12-07,1797.41,Pago,202612
MEN00009157,ALU00764,2026-01-01,2026-01-10,2026-01-15,1811.92,Pago,202601
MEN00009158,ALU00764,2026-02-01,2026-02-10,2026-02-07,1803.68,Pago,202602
MEN00009159,ALU00764,2026-03-01,2026-03-10,,1860.41,Vencido,202603
MEN00009160,ALU00764,2026-04-01,2026-04-10,2026-04-16,1851.37,Pago,202604
MEN00009161,ALU00764,2026-05-01,2026-05-10,2026-05-07,1825.63,Pago,202605
MEN00009162,ALU00764,2026-06-01,2026-06-10,2026-06-16,1852.24,Pago,202606
MEN00009163,ALU00764,2026-07-01,2026-07-10,2026-07-07,1891.63,Pago,202607
MEN00009164,ALU00764,2026-08-01,2026-08-10,2026-08-16,1832.42,Pago,202608
MEN00009165,ALU00764,2026-09-01,2026-09-10,2026-09-14,1887.61,Pago,202609
MEN00009166,ALU00764,2026-10-01,2026-10-10,2026-10-07,1858.32,Pago,202610
MEN00009167,ALU00764,2026-11-01,2026-11-10,2026-11-18,1876.37,Pago,202611
MEN00009168,ALU00764,2026-12-01,2026-12-10,2026-12-14,1858.1,Pago,202612
MEN00009169,ALU00765,2026-01-01,2026-01-10,2026-01-09,1846.41,Pago,202601
MEN00009170,ALU00765,2026-02-01,2026-02-10,2026-02-12,1890.75,Pago,202602
MEN00009171,ALU00765,2026-03-01,2026-03-10,2026-03-08,1824.3,Pago,202603
MEN00009172,ALU00765,2026-04-01,2026-04-10,,1867.24,Em Aberto,202604
MEN00009173,ALU00765,2026-05-01,2026-05-10,2026-05-12,1827.81,Pago,202605
MEN00009174,ALU00765,2026-06-01,2026-06-10,2026-06-14,1903.16,Pago,202606
MEN00009175,ALU00765,2026-07-01,2026-07-10,2026-07-07,1896.22,Pago,202607
MEN00009176,ALU00765,2026-08-01,2026-08-10,2026-08-12,1899.73,Pago,202608
MEN00009177,ALU00765,2026-09-01,2026-09-10,2026-09-12,1896.42,Pago,202609
MEN00009178,ALU00765,2026-10-01,2026-10-10,2026-10-15,1896.26,Pago,202610
MEN00009179,ALU00765,2026-11-01,2026-11-10,2026-11-09,1858.06,Pago,202611
MEN00009180,ALU00765,2026-12-01,2026-12-10,,1884.95,Vencido,202612
MEN00009181,ALU00766,2026-01-01,2026-01-10,,1880.58,Em Aberto,202601
MEN00009182,ALU00766,2026-02-01,2026-02-10,2026-02-13,1823.73,Pago,202602
MEN00009183,ALU00766,2026-03-01,2026-03-10,,1893.77,Vencido,202603
MEN00009184,ALU00766,2026-04-01,2026-04-10,2026-04-18,1856.71,Pago,202604
MEN00009185,ALU00766,2026-05-01,2026-05-10,2026-05-09,1892.85,Pago,202605
MEN00009186,ALU00766,2026-06-01,2026-06-10,2026-06-15,1807.03,Pago,202606
MEN00009187,ALU00766,2026-07-01,2026-07-10,2026-07-11,1881.4,Pago,202607
MEN00009188,ALU00766,2026-08-01,2026-08-10,2026-08-08,1895.62,Pago,202608
MEN00009189,ALU00766,2026-09-01,2026-09-10,2026-09-12,1872.57,Pago,202609
MEN00009190,ALU00766,2026-10-01,2026-10-10,,1814.58,Em Aberto,202610
MEN00009191,ALU00766,2026-11-01,2026-11-10,2026-11-09,1852.99,Pago,202611
MEN00009192,ALU00766,2026-12-01,2026-12-10,2026-12-17,1894.93,Pago,202612
MEN00009193,ALU00767,2026-01-01,2026-01-10,2026-01-16,1875.16,Pago,202601
MEN00009194,ALU00767,2026-02-01,2026-02-10,2026-02-14,1898.35,Pago,202602
MEN00009195,ALU00767,2026-03-01,2026-03-10,2026-03-18,1832.04,Pago,202603
MEN00009196,ALU00767,2026-04-01,2026-04-10,2026-04-16,1854.84,Pago,202604
MEN00009197,ALU00767,2026-05-01,2026-05-10,2026-05-16,1797.72,Pago,202605
MEN00009198,ALU00767,2026-06-01,2026-06-10,2026-06-13,1887.38,Pago,202606
MEN00009199,ALU00767,2026-07-01,2026-07-10,,1814.8,Em Aberto,202607
MEN00009200,ALU00767,2026-08-01,2026-08-10,2026-08-10,1874.27,Pago,202608
MEN00009201,ALU00767,2026-09-01,2026-09-10,2026-09-07,1903.26,Pago,202609
MEN00009202,ALU00767,2026-10-01,2026-10-10,2026-10-13,1811.52,Pago,202610
MEN00009203,ALU00767,2026-11-01,2026-11-10,2026-11-17,1890.5,Pago,202611
MEN00009204,ALU00767,2026-12-01,2026-12-10,2026-12-09,1801.9,Pago,202612
MEN00009205,ALU00768,2026-01-01,2026-01-10,2026-01-12,1889.91,Pago,202601
MEN00009206,ALU00768,2026-02-01,2026-02-10,2026-02-14,1897.42,Pago,202602
MEN00009207,ALU00768,2026-03-01,2026-03-10,2026-03-15,1794.8,Pago,202603
MEN00009208,ALU00768,2026-04-01,2026-04-10,2026-04-17,1858.31,Pago,202604
MEN00009209,ALU00768,2026-05-01,2026-05-10,2026-05-07,1876.57,Pago,202605
MEN00009210,ALU00768,2026-06-01,2026-06-10,2026-06-09,1854.49,Pago,202606
MEN00009211,ALU00768,2026-07-01,2026-07-10,2026-07-18,1883.64,Pago,202607
MEN00009212,ALU00768,2026-08-01,2026-08-10,2026-08-16,1818.36,Pago,202608
MEN00009213,ALU00768,2026-09-01,2026-09-10,,1815.79,Em Aberto,202609
MEN00009214,ALU00768,2026-10-01,2026-10-10,2026-10-10,1876.38,Pago,202610
MEN00009215,ALU00768,2026-11-01,2026-11-10,2026-11-08,1880.2,Pago,202611
MEN00009216,ALU00768,2026-12-01,2026-12-10,2026-12-07,1891.46,Pago,202612
MEN00009217,ALU00769,2026-01-01,2026-01-10,2026-01-18,1837.47,Pago,202601
MEN00009218,ALU00769,2026-02-01,2026-02-10,2026-02-16,1837.3,Pago,202602
MEN00009219,ALU00769,2026-03-01,2026-03-10,2026-03-18,1842.12,Pago,202603
MEN00009220,ALU00769,2026-04-01,2026-04-10,2026-04-13,1821.56,Pago,202604
MEN00009221,ALU00769,2026-05-01,2026-05-10,2026-05-09,1802.75,Pago,202605
MEN00009222,ALU00769,2026-06-01,2026-06-10,2026-06-15,1845.57,Pago,202606
MEN00009223,ALU00769,2026-07-01,2026-07-10,2026-07-11,1842.8,Pago,202607
MEN00009224,ALU00769,2026-08-01,2026-08-10,2026-08-15,1837.23,Pago,202608
MEN00009225,ALU00769,2026-09-01,2026-09-10,2026-09-11,1865.38,Pago,202609
MEN00009226,ALU00769,2026-10-01,2026-10-10,,1859.67,Vencido,202610
MEN00009227,ALU00769,2026-11-01,2026-11-10,2026-11-11,1898.34,Pago,202611
MEN00009228,ALU00769,2026-12-01,2026-12-10,2026-12-16,1822.96,Pago,202612
MEN00009229,ALU00770,2026-01-01,2026-01-10,2026-01-10,1854.26,Pago,202601
MEN00009230,ALU00770,2026-02-01,2026-02-10,2026-02-16,1870.15,Pago,202602
MEN00009231,ALU00770,2026-03-01,2026-03-10,,1799.65,Vencido,202603
MEN00009232,ALU00770,2026-04-01,2026-04-10,2026-04-13,1805.48,Pago,202604
MEN00009233,ALU00770,2026-05-01,2026-05-10,2026-05-18,1881.54,Pago,202605
MEN00009234,ALU00770,2026-06-01,2026-06-10,2026-06-11,1809.26,Pago,202606
MEN00009235,ALU00770,2026-07-01,2026-07-10,,1855.36,Em Aberto,202607
MEN00009236,ALU00770,2026-08-01,2026-08-10,2026-08-14,1827.9,Pago,202608
MEN00009237,ALU00770,2026-09-01,2026-09-10,2026-09-15,1803.19,Pago,202609
MEN00009238,ALU00770,2026-10-01,2026-10-10,2026-10-17,1877.81,Pago,202610
MEN00009239,ALU00770,2026-11-01,2026-11-10,2026-11-11,1851.9,Pago,202611
MEN00009240,ALU00770,2026-12-01,2026-12-10,2026-12-10,1834.09,Pago,202612
MEN00009241,ALU00771,2026-01-01,2026-01-10,2026-01-09,1803.73,Pago,202601
MEN00009242,ALU00771,2026-02-01,2026-02-10,2026-02-08,1850.79,Pago,202602
MEN00009243,ALU00771,2026-03-01,2026-03-10,2026-03-15,1868.59,Pago,202603
MEN00009244,ALU00771,2026-04-01,2026-04-10,,1873.71,Vencido,202604
MEN00009245,ALU00771,2026-05-01,2026-05-10,2026-05-10,1893.73,Pago,202605
MEN00009246,ALU00771,2026-06-01,2026-06-10,2026-06-16,1883.6,Pago,202606
MEN00009247,ALU00771,2026-07-01,2026-07-10,2026-07-11,1813.39,Pago,202607
MEN00009248,ALU00771,2026-08-01,2026-08-10,2026-08-09,1799.58,Pago,202608
MEN00009249,ALU00771,2026-09-01,2026-09-10,2026-09-09,1865.25,Pago,202609
MEN00009250,ALU00771,2026-10-01,2026-10-10,2026-10-16,1831.03,Pago,202610
MEN00009251,ALU00771,2026-11-01,2026-11-10,2026-11-16,1827.52,Pago,202611
MEN00009252,ALU00771,2026-12-01,2026-12-10,,1883.52,Em Aberto,202612
MEN00009253,ALU00772,2026-01-01,2026-01-10,2026-01-15,1890.5,Pago,202601
MEN00009254,ALU00772,2026-02-01,2026-02-10,2026-02-17,1842.35,Pago,202602
MEN00009255,ALU00772,2026-03-01,2026-03-10,,1886.63,Em Aberto,202603
MEN00009256,ALU00772,2026-04-01,2026-04-10,,1873.53,Vencido,202604
MEN00009257,ALU00772,2026-05-01,2026-05-10,2026-05-18,1901.06,Pago,202605
MEN00009258,ALU00772,2026-06-01,2026-06-10,2026-06-07,1884.0,Pago,202606
MEN00009259,ALU00772,2026-07-01,2026-07-10,,1826.8,Em Aberto,202607
MEN00009260,ALU00772,2026-08-01,2026-08-10,2026-08-18,1844.59,Pago,202608
MEN00009261,ALU00772,2026-09-01,2026-09-10,2026-09-11,1820.99,Pago,202609
MEN00009262,ALU00772,2026-10-01,2026-10-10,2026-10-10,1834.56,Pago,202610
MEN00009263,ALU00772,2026-11-01,2026-11-10,,1885.18,Vencido,202611
MEN00009264,ALU00772,2026-12-01,2026-12-10,2026-12-12,1869.36,Pago,202612
MEN00009265,ALU00773,2026-01-01,2026-01-10,,1800.52,Em Aberto,202601
MEN00009266,ALU00773,2026-02-01,2026-02-10,2026-02-10,1901.31,Pago,202602
MEN00009267,ALU00773,2026-03-01,2026-03-10,2026-03-16,1889.74,Pago,202603
MEN00009268,ALU00773,2026-04-01,2026-04-10,2026-04-17,1831.39,Pago,202604
MEN00009269,ALU00773,2026-05-01,2026-05-10,,1811.08,Em Aberto,202605
MEN00009270,ALU00773,2026-06-01,2026-06-10,2026-06-07,1890.11,Pago,202606
MEN00009271,ALU00773,2026-07-01,2026-07-10,,1896.07,Em Aberto,202607
MEN00009272,ALU00773,2026-08-01,2026-08-10,2026-08-13,1841.55,Pago,202608
MEN00009273,ALU00773,2026-09-01,2026-09-10,,1868.29,Em Aberto,202609
MEN00009274,ALU00773,2026-10-01,2026-10-10,2026-10-10,1826.47,Pago,202610
MEN00009275,ALU00773,2026-11-01,2026-11-10,2026-11-15,1822.34,Pago,202611
MEN00009276,ALU00773,2026-12-01,2026-12-10,2026-12-13,1843.41,Pago,202612
MEN00009277,ALU00774,2026-01-01,2026-01-10,2026-01-11,1852.69,Pago,202601
MEN00009278,ALU00774,2026-02-01,2026-02-10,2026-02-10,1877.73,Pago,202602
MEN00009279,ALU00774,2026-03-01,2026-03-10,2026-03-17,1847.92,Pago,202603
MEN00009280,ALU00774,2026-04-01,2026-04-10,2026-04-17,1797.47,Pago,202604
MEN00009281,ALU00774,2026-05-01,2026-05-10,,1831.41,Em Aberto,202605
MEN00009282,ALU00774,2026-06-01,2026-06-10,2026-06-08,1839.53,Pago,202606
MEN00009283,ALU00774,2026-07-01,2026-07-10,2026-07-17,1795.74,Pago,202607
MEN00009284,ALU00774,2026-08-01,2026-08-10,,1804.65,Em Aberto,202608
MEN00009285,ALU00774,2026-09-01,2026-09-10,2026-09-08,1834.55,Pago,202609
MEN00009286,ALU00774,2026-10-01,2026-10-10,,1821.64,Em Aberto,202610
MEN00009287,ALU00774,2026-11-01,2026-11-10,,1820.81,Vencido,202611
MEN00009288,ALU00774,2026-12-01,2026-12-10,2026-12-13,1869.09,Pago,202612
MEN00009289,ALU00775,2026-01-01,2026-01-10,2026-01-17,1869.61,Pago,202601
MEN00009290,ALU00775,2026-02-01,2026-02-10,2026-02-09,1895.53,Pago,202602
MEN00009291,ALU00775,2026-03-01,2026-03-10,,1852.8,Em Aberto,202603
MEN00009292,ALU00775,2026-04-01,2026-04-10,2026-04-16,1832.16,Pago,202604
MEN00009293,ALU00775,2026-05-01,2026-05-10,2026-05-07,1877.51,Pago,202605
MEN00009294,ALU00775,2026-06-01,2026-06-10,2026-06-13,1874.49,Pago,202606
MEN00009295,ALU00775,2026-07-01,2026-07-10,2026-07-18,1879.8,Pago,202607
MEN00009296,ALU00775,2026-08-01,2026-08-10,2026-08-12,1893.67,Pago,202608
MEN00009297,ALU00775,2026-09-01,2026-09-10,2026-09-08,1863.45,Pago,202609
MEN00009298,ALU00775,2026-10-01,2026-10-10,,1803.66,Em Aberto,202610
MEN00009299,ALU00775,2026-11-01,2026-11-10,2026-11-18,1845.18,Pago,202611
MEN00009300,ALU00775,2026-12-01,2026-12-10,2026-12-15,1859.73,Pago,202612
MEN00009301,ALU00776,2026-01-01,2026-01-10,2026-01-10,1805.24,Pago,202601
MEN00009302,ALU00776,2026-02-01,2026-02-10,2026-02-10,1846.22,Pago,202602
MEN00009303,ALU00776,2026-03-01,2026-03-10,,1809.14,Vencido,202603
MEN00009304,ALU00776,2026-04-01,2026-04-10,2026-04-16,1868.16,Pago,202604
MEN00009305,ALU00776,2026-05-01,2026-05-10,2026-05-16,1898.8,Pago,202605
MEN00009306,ALU00776,2026-06-01,2026-06-10,2026-06-11,1879.13,Pago,202606
MEN00009307,ALU00776,2026-07-01,2026-07-10,2026-07-09,1900.26,Pago,202607
MEN00009308,ALU00776,2026-08-01,2026-08-10,2026-08-08,1865.56,Pago,202608
MEN00009309,ALU00776,2026-09-01,2026-09-10,2026-09-09,1890.14,Pago,202609
MEN00009310,ALU00776,2026-10-01,2026-10-10,2026-10-17,1819.74,Pago,202610
MEN00009311,ALU00776,2026-11-01,2026-11-10,2026-11-09,1798.83,Pago,202611
MEN00009312,ALU00776,2026-12-01,2026-12-10,2026-12-16,1797.4,Pago,202612
MEN00009313,ALU00777,2026-01-01,2026-01-10,2026-01-11,1894.35,Pago,202601
MEN00009314,ALU00777,2026-02-01,2026-02-10,,1870.2,Em Aberto,202602
MEN00009315,ALU00777,2026-03-01,2026-03-10,2026-03-15,1894.16,Pago,202603
MEN00009316,ALU00777,2026-04-01,2026-04-10,2026-04-11,1822.68,Pago,202604
MEN00009317,ALU00777,2026-05-01,2026-05-10,,1883.72,Em Aberto,202605
MEN00009318,ALU00777,2026-06-01,2026-06-10,2026-06-12,1890.4,Pago,202606
MEN00009319,ALU00777,2026-07-01,2026-07-10,2026-07-16,1829.51,Pago,202607
MEN00009320,ALU00777,2026-08-01,2026-08-10,2026-08-15,1871.93,Pago,202608
MEN00009321,ALU00777,2026-09-01,2026-09-10,2026-09-14,1872.45,Pago,202609
MEN00009322,ALU00777,2026-10-01,2026-10-10,2026-10-15,1820.67,Pago,202610
MEN00009323,ALU00777,2026-11-01,2026-11-10,2026-11-12,1822.2,Pago,202611
MEN00009324,ALU00777,2026-12-01,2026-12-10,2026-12-07,1883.67,Pago,202612
MEN00009325,ALU00778,2026-01-01,2026-01-10,2026-01-11,1901.24,Pago,202601
MEN00009326,ALU00778,2026-02-01,2026-02-10,2026-02-12,1816.21,Pago,202602
MEN00009327,ALU00778,2026-03-01,2026-03-10,2026-03-18,1901.96,Pago,202603
MEN00009328,ALU00778,2026-04-01,2026-04-10,2026-04-11,1821.44,Pago,202604
MEN00009329,ALU00778,2026-05-01,2026-05-10,2026-05-13,1893.77,Pago,202605
MEN00009330,ALU00778,2026-06-01,2026-06-10,2026-06-14,1888.03,Pago,202606
MEN00009331,ALU00778,2026-07-01,2026-07-10,2026-07-09,1833.42,Pago,202607
MEN00009332,ALU00778,2026-08-01,2026-08-10,2026-08-11,1805.72,Pago,202608
MEN00009333,ALU00778,2026-09-01,2026-09-10,2026-09-11,1802.86,Pago,202609
MEN00009334,ALU00778,2026-10-01,2026-10-10,,1804.93,Vencido,202610
MEN00009335,ALU00778,2026-11-01,2026-11-10,2026-11-12,1901.83,Pago,202611
MEN00009336,ALU00778,2026-12-01,2026-12-10,2026-12-14,1882.57,Pago,202612
MEN00009337,ALU00779,2026-01-01,2026-01-10,2026-01-17,1875.07,Pago,202601
MEN00009338,ALU00779,2026-02-01,2026-02-10,2026-02-17,1811.17,Pago,202602
MEN00009339,ALU00779,2026-03-01,2026-03-10,2026-03-18,1879.28,Pago,202603
MEN00009340,ALU00779,2026-04-01,2026-04-10,,1870.9,Vencido,202604
MEN00009341,ALU00779,2026-05-01,2026-05-10,,1890.04,Vencido,202605
MEN00009342,ALU00779,2026-06-01,2026-06-10,2026-06-10,1869.71,Pago,202606
MEN00009343,ALU00779,2026-07-01,2026-07-10,,1905.04,Vencido,202607
MEN00009344,ALU00779,2026-08-01,2026-08-10,2026-08-09,1887.64,Pago,202608
MEN00009345,ALU00779,2026-09-01,2026-09-10,2026-09-12,1810.44,Pago,202609
MEN00009346,ALU00779,2026-10-01,2026-10-10,,1885.52,Em Aberto,202610
MEN00009347,ALU00779,2026-11-01,2026-11-10,2026-11-16,1859.19,Pago,202611
MEN00009348,ALU00779,2026-12-01,2026-12-10,2026-12-13,1810.99,Pago,202612
MEN00009349,ALU00780,2026-01-01,2026-01-10,,1885.17,Vencido,202601
MEN00009350,ALU00780,2026-02-01,2026-02-10,2026-02-09,1889.25,Pago,202602
MEN00009351,ALU00780,2026-03-01,2026-03-10,2026-03-12,1841.92,Pago,202603
MEN00009352,ALU00780,2026-04-01,2026-04-10,,1811.8,Vencido,202604
MEN00009353,ALU00780,2026-05-01,2026-05-10,2026-05-15,1853.26,Pago,202605
MEN00009354,ALU00780,2026-06-01,2026-06-10,,1840.8,Vencido,202606
MEN00009355,ALU00780,2026-07-01,2026-07-10,2026-07-08,1872.84,Pago,202607
MEN00009356,ALU00780,2026-08-01,2026-08-10,2026-08-18,1812.61,Pago,202608
MEN00009357,ALU00780,2026-09-01,2026-09-10,2026-09-08,1821.69,Pago,202609
MEN00009358,ALU00780,2026-10-01,2026-10-10,2026-10-13,1852.88,Pago,202610
MEN00009359,ALU00780,2026-11-01,2026-11-10,2026-11-13,1896.94,Pago,202611
MEN00009360,ALU00780,2026-12-01,2026-12-10,2026-12-08,1795.09,Pago,202612
MEN00009361,ALU00781,2026-01-01,2026-01-10,2026-01-10,1903.38,Pago,202601
MEN00009362,ALU00781,2026-02-01,2026-02-10,,1870.82,Em Aberto,202602
MEN00009363,ALU00781,2026-03-01,2026-03-10,2026-03-10,1893.86,Pago,202603
MEN00009364,ALU00781,2026-04-01,2026-04-10,2026-04-10,1853.95,Pago,202604
MEN00009365,ALU00781,2026-05-01,2026-05-10,2026-05-13,1842.01,Pago,202605
MEN00009366,ALU00781,2026-06-01,2026-06-10,,1813.26,Em Aberto,202606
MEN00009367,ALU00781,2026-07-01,2026-07-10,2026-07-16,1881.66,Pago,202607
MEN00009368,ALU00781,2026-08-01,2026-08-10,,1840.17,Em Aberto,202608
MEN00009369,ALU00781,2026-09-01,2026-09-10,,1852.9,Em Aberto,202609
MEN00009370,ALU00781,2026-10-01,2026-10-10,2026-10-14,1857.81,Pago,202610
MEN00009371,ALU00781,2026-11-01,2026-11-10,2026-11-14,1827.5,Pago,202611
MEN00009372,ALU00781,2026-12-01,2026-12-10,2026-12-10,1853.5,Pago,202612
MEN00009373,ALU00782,2026-01-01,2026-01-10,2026-01-11,1798.53,Pago,202601
MEN00009374,ALU00782,2026-02-01,2026-02-10,2026-02-10,1811.91,Pago,202602
MEN00009375,ALU00782,2026-03-01,2026-03-10,2026-03-09,1869.38,Pago,202603
MEN00009376,ALU00782,2026-04-01,2026-04-10,2026-04-09,1890.51,Pago,202604
MEN00009377,ALU00782,2026-05-01,2026-05-10,2026-05-12,1878.52,Pago,202605
MEN00009378,ALU00782,2026-06-01,2026-06-10,2026-06-15,1901.9,Pago,202606
MEN00009379,ALU00782,2026-07-01,2026-07-10,2026-07-07,1850.35,Pago,202607
MEN00009380,ALU00782,2026-08-01,2026-08-10,2026-08-09,1855.35,Pago,202608
MEN00009381,ALU00782,2026-09-01,2026-09-10,2026-09-18,1836.55,Pago,202609
MEN00009382,ALU00782,2026-10-01,2026-10-10,2026-10-14,1796.35,Pago,202610
MEN00009383,ALU00782,2026-11-01,2026-11-10,2026-11-15,1882.0,Pago,202611
MEN00009384,ALU00782,2026-12-01,2026-12-10,2026-12-12,1858.19,Pago,202612
MEN00009385,ALU00783,2026-01-01,2026-01-10,2026-01-17,1832.91,Pago,202601
MEN00009386,ALU00783,2026-02-01,2026-02-10,2026-02-07,1898.55,Pago,202602
MEN00009387,ALU00783,2026-03-01,2026-03-10,2026-03-18,1806.81,Pago,202603
MEN00009388,ALU00783,2026-04-01,2026-04-10,2026-04-18,1844.57,Pago,202604
MEN00009389,ALU00783,2026-05-01,2026-05-10,2026-05-10,1832.19,Pago,202605
MEN00009390,ALU00783,2026-06-01,2026-06-10,2026-06-18,1848.16,Pago,202606
MEN00009391,ALU00783,2026-07-01,2026-07-10,,1866.92,Em Aberto,202607
MEN00009392,ALU00783,2026-08-01,2026-08-10,2026-08-17,1868.72,Pago,202608
MEN00009393,ALU00783,2026-09-01,2026-09-10,2026-09-07,1795.14,Pago,202609
MEN00009394,ALU00783,2026-10-01,2026-10-10,2026-10-08,1874.24,Pago,202610
MEN00009395,ALU00783,2026-11-01,2026-11-10,2026-11-15,1829.81,Pago,202611
MEN00009396,ALU00783,2026-12-01,2026-12-10,2026-12-14,1858.42,Pago,202612
MEN00009397,ALU00784,2026-01-01,2026-01-10,2026-01-14,1846.18,Pago,202601
MEN00009398,ALU00784,2026-02-01,2026-02-10,2026-02-10,1809.32,Pago,202602
MEN00009399,ALU00784,2026-03-01,2026-03-10,2026-03-18,1831.3,Pago,202603
MEN00009400,ALU00784,2026-04-01,2026-04-10,2026-04-09,1901.37,Pago,202604
MEN00009401,ALU00784,2026-05-01,2026-05-10,,1795.69,Vencido,202605
MEN00009402,ALU00784,2026-06-01,2026-06-10,,1892.29,Vencido,202606
MEN00009403,ALU00784,2026-07-01,2026-07-10,2026-07-18,1817.98,Pago,202607
MEN00009404,ALU00784,2026-08-01,2026-08-10,2026-08-08,1840.38,Pago,202608
MEN00009405,ALU00784,2026-09-01,2026-09-10,2026-09-18,1874.19,Pago,202609
MEN00009406,ALU00784,2026-10-01,2026-10-10,,1877.83,Vencido,202610
MEN00009407,ALU00784,2026-11-01,2026-11-10,2026-11-09,1840.79,Pago,202611
MEN00009408,ALU00784,2026-12-01,2026-12-10,2026-12-18,1853.97,Pago,202612
MEN00009409,ALU00785,2026-01-01,2026-01-10,2026-01-12,1845.92,Pago,202601
MEN00009410,ALU00785,2026-02-01,2026-02-10,2026-02-15,1834.06,Pago,202602
MEN00009411,ALU00785,2026-03-01,2026-03-10,2026-03-12,1847.72,Pago,202603
MEN00009412,ALU00785,2026-04-01,2026-04-10,2026-04-15,1847.86,Pago,202604
MEN00009413,ALU00785,2026-05-01,2026-05-10,2026-05-08,1818.11,Pago,202605
MEN00009414,ALU00785,2026-06-01,2026-06-10,,1804.91,Vencido,202606
MEN00009415,ALU00785,2026-07-01,2026-07-10,2026-07-15,1826.85,Pago,202607
MEN00009416,ALU00785,2026-08-01,2026-08-10,2026-08-09,1814.98,Pago,202608
MEN00009417,ALU00785,2026-09-01,2026-09-10,2026-09-15,1868.33,Pago,202609
MEN00009418,ALU00785,2026-10-01,2026-10-10,2026-10-09,1851.78,Pago,202610
MEN00009419,ALU00785,2026-11-01,2026-11-10,2026-11-11,1821.01,Pago,202611
MEN00009420,ALU00785,2026-12-01,2026-12-10,2026-12-15,1823.7,Pago,202612
MEN00009421,ALU00786,2026-01-01,2026-01-10,2026-01-17,1855.47,Pago,202601
MEN00009422,ALU00786,2026-02-01,2026-02-10,2026-02-08,1848.18,Pago,202602
MEN00009423,ALU00786,2026-03-01,2026-03-10,2026-03-12,1811.33,Pago,202603
MEN00009424,ALU00786,2026-04-01,2026-04-10,2026-04-18,1846.53,Pago,202604
MEN00009425,ALU00786,2026-05-01,2026-05-10,2026-05-09,1853.31,Pago,202605
MEN00009426,ALU00786,2026-06-01,2026-06-10,2026-06-10,1831.6,Pago,202606
MEN00009427,ALU00786,2026-07-01,2026-07-10,2026-07-18,1797.03,Pago,202607
MEN00009428,ALU00786,2026-08-01,2026-08-10,2026-08-08,1866.24,Pago,202608
MEN00009429,ALU00786,2026-09-01,2026-09-10,,1815.34,Vencido,202609
MEN00009430,ALU00786,2026-10-01,2026-10-10,2026-10-12,1881.79,Pago,202610
MEN00009431,ALU00786,2026-11-01,2026-11-10,2026-11-15,1807.4,Pago,202611
MEN00009432,ALU00786,2026-12-01,2026-12-10,2026-12-14,1797.56,Pago,202612
MEN00009433,ALU00787,2026-01-01,2026-01-10,2026-01-11,1904.48,Pago,202601
MEN00009434,ALU00787,2026-02-01,2026-02-10,,1803.09,Vencido,202602
MEN00009435,ALU00787,2026-03-01,2026-03-10,2026-03-15,1819.96,Pago,202603
MEN00009436,ALU00787,2026-04-01,2026-04-10,2026-04-18,1883.94,Pago,202604
MEN00009437,ALU00787,2026-05-01,2026-05-10,2026-05-13,1858.68,Pago,202605
MEN00009438,ALU00787,2026-06-01,2026-06-10,2026-06-08,1845.39,Pago,202606
MEN00009439,ALU00787,2026-07-01,2026-07-10,2026-07-10,1851.88,Pago,202607
MEN00009440,ALU00787,2026-08-01,2026-08-10,,1830.98,Em Aberto,202608
MEN00009441,ALU00787,2026-09-01,2026-09-10,2026-09-09,1882.75,Pago,202609
MEN00009442,ALU00787,2026-10-01,2026-10-10,,1840.3,Em Aberto,202610
MEN00009443,ALU00787,2026-11-01,2026-11-10,2026-11-17,1805.79,Pago,202611
MEN00009444,ALU00787,2026-12-01,2026-12-10,2026-12-16,1830.6,Pago,202612
MEN00009445,ALU00788,2026-01-01,2026-01-10,2026-01-14,1833.57,Pago,202601
MEN00009446,ALU00788,2026-02-01,2026-02-10,2026-02-15,1888.14,Pago,202602
MEN00009447,ALU00788,2026-03-01,2026-03-10,2026-03-09,1841.79,Pago,202603
MEN00009448,ALU00788,2026-04-01,2026-04-10,2026-04-07,1864.5,Pago,202604
MEN00009449,ALU00788,2026-05-01,2026-05-10,2026-05-17,1855.73,Pago,202605
MEN00009450,ALU00788,2026-06-01,2026-06-10,2026-06-14,1881.92,Pago,202606
MEN00009451,ALU00788,2026-07-01,2026-07-10,2026-07-09,1884.39,Pago,202607
MEN00009452,ALU00788,2026-08-01,2026-08-10,2026-08-07,1860.0,Pago,202608
MEN00009453,ALU00788,2026-09-01,2026-09-10,2026-09-11,1810.18,Pago,202609
MEN00009454,ALU00788,2026-10-01,2026-10-10,2026-10-09,1903.46,Pago,202610
MEN00009455,ALU00788,2026-11-01,2026-11-10,2026-11-11,1843.32,Pago,202611
MEN00009456,ALU00788,2026-12-01,2026-12-10,2026-12-10,1856.97,Pago,202612
MEN00009457,ALU00789,2026-01-01,2026-01-10,2026-01-17,1838.19,Pago,202601
MEN00009458,ALU00789,2026-02-01,2026-02-10,,1883.46,Em Aberto,202602
MEN00009459,ALU00789,2026-03-01,2026-03-10,2026-03-09,1862.75,Pago,202603
MEN00009460,ALU00789,2026-04-01,2026-04-10,2026-04-15,1838.67,Pago,202604
MEN00009461,ALU00789,2026-05-01,2026-05-10,2026-05-10,1838.66,Pago,202605
MEN00009462,ALU00789,2026-06-01,2026-06-10,2026-06-09,1806.78,Pago,202606
MEN00009463,ALU00789,2026-07-01,2026-07-10,2026-07-17,1894.78,Pago,202607
MEN00009464,ALU00789,2026-08-01,2026-08-10,,1905.39,Vencido,202608
MEN00009465,ALU00789,2026-09-01,2026-09-10,2026-09-09,1795.16,Pago,202609
MEN00009466,ALU00789,2026-10-01,2026-10-10,2026-10-14,1883.53,Pago,202610
MEN00009467,ALU00789,2026-11-01,2026-11-10,2026-11-08,1904.32,Pago,202611
MEN00009468,ALU00789,2026-12-01,2026-12-10,2026-12-14,1899.51,Pago,202612
MEN00009469,ALU00790,2026-01-01,2026-01-10,2026-01-18,1840.06,Pago,202601
MEN00009470,ALU00790,2026-02-01,2026-02-10,2026-02-13,1812.74,Pago,202602
MEN00009471,ALU00790,2026-03-01,2026-03-10,2026-03-16,1867.84,Pago,202603
MEN00009472,ALU00790,2026-04-01,2026-04-10,2026-04-08,1831.82,Pago,202604
MEN00009473,ALU00790,2026-05-01,2026-05-10,2026-05-16,1845.7,Pago,202605
MEN00009474,ALU00790,2026-06-01,2026-06-10,2026-06-13,1848.37,Pago,202606
MEN00009475,ALU00790,2026-07-01,2026-07-10,2026-07-17,1854.64,Pago,202607
MEN00009476,ALU00790,2026-08-01,2026-08-10,2026-08-14,1852.8,Pago,202608
MEN00009477,ALU00790,2026-09-01,2026-09-10,2026-09-16,1799.13,Pago,202609
MEN00009478,ALU00790,2026-10-01,2026-10-10,2026-10-10,1856.66,Pago,202610
MEN00009479,ALU00790,2026-11-01,2026-11-10,2026-11-08,1816.99,Pago,202611
MEN00009480,ALU00790,2026-12-01,2026-12-10,2026-12-09,1884.34,Pago,202612
MEN00009481,ALU00791,2026-01-01,2026-01-10,2026-01-15,1850.66,Pago,202601
MEN00009482,ALU00791,2026-02-01,2026-02-10,,1867.51,Em Aberto,202602
MEN00009483,ALU00791,2026-03-01,2026-03-10,,1819.02,Em Aberto,202603
MEN00009484,ALU00791,2026-04-01,2026-04-10,,1802.77,Vencido,202604
MEN00009485,ALU00791,2026-05-01,2026-05-10,2026-05-16,1848.98,Pago,202605
MEN00009486,ALU00791,2026-06-01,2026-06-10,2026-06-14,1833.67,Pago,202606
MEN00009487,ALU00791,2026-07-01,2026-07-10,2026-07-11,1905.01,Pago,202607
MEN00009488,ALU00791,2026-08-01,2026-08-10,,1842.63,Em Aberto,202608
MEN00009489,ALU00791,2026-09-01,2026-09-10,2026-09-11,1851.47,Pago,202609
MEN00009490,ALU00791,2026-10-01,2026-10-10,2026-10-17,1886.12,Pago,202610
MEN00009491,ALU00791,2026-11-01,2026-11-10,2026-11-08,1813.85,Pago,202611
MEN00009492,ALU00791,2026-12-01,2026-12-10,2026-12-11,1871.19,Pago,202612
MEN00009493,ALU00792,2026-01-01,2026-01-10,2026-01-11,1803.58,Pago,202601
MEN00009494,ALU00792,2026-02-01,2026-02-10,2026-02-09,1794.59,Pago,202602
MEN00009495,ALU00792,2026-03-01,2026-03-10,2026-03-15,1876.75,Pago,202603
MEN00009496,ALU00792,2026-04-01,2026-04-10,2026-04-11,1865.04,Pago,202604
MEN00009497,ALU00792,2026-05-01,2026-05-10,2026-05-13,1829.12,Pago,202605
MEN00009498,ALU00792,2026-06-01,2026-06-10,2026-06-18,1820.52,Pago,202606
MEN00009499,ALU00792,2026-07-01,2026-07-10,2026-07-18,1822.16,Pago,202607
MEN00009500,ALU00792,2026-08-01,2026-08-10,,1886.79,Em Aberto,202608
MEN00009501,ALU00792,2026-09-01,2026-09-10,2026-09-12,1846.28,Pago,202609
MEN00009502,ALU00792,2026-10-01,2026-10-10,2026-10-12,1867.18,Pago,202610
MEN00009503,ALU00792,2026-11-01,2026-11-10,,1891.12,Em Aberto,202611
MEN00009504,ALU00792,2026-12-01,2026-12-10,,1847.47,Em Aberto,202612
MEN00009505,ALU00793,2026-01-01,2026-01-10,2026-01-07,1868.13,Pago,202601
MEN00009506,ALU00793,2026-02-01,2026-02-10,2026-02-16,1880.07,Pago,202602
MEN00009507,ALU00793,2026-03-01,2026-03-10,2026-03-16,1832.55,Pago,202603
MEN00009508,ALU00793,2026-04-01,2026-04-10,2026-04-16,1836.38,Pago,202604
MEN00009509,ALU00793,2026-05-01,2026-05-10,2026-05-10,1823.8,Pago,202605
MEN00009510,ALU00793,2026-06-01,2026-06-10,,1820.96,Em Aberto,202606
MEN00009511,ALU00793,2026-07-01,2026-07-10,2026-07-13,1801.12,Pago,202607
MEN00009512,ALU00793,2026-08-01,2026-08-10,2026-08-14,1885.13,Pago,202608
MEN00009513,ALU00793,2026-09-01,2026-09-10,,1890.15,Vencido,202609
MEN00009514,ALU00793,2026-10-01,2026-10-10,2026-10-18,1881.37,Pago,202610
MEN00009515,ALU00793,2026-11-01,2026-11-10,,1880.44,Vencido,202611
MEN00009516,ALU00793,2026-12-01,2026-12-10,2026-12-16,1830.1,Pago,202612
MEN00009517,ALU00794,2026-01-01,2026-01-10,2026-01-11,1831.99,Pago,202601
MEN00009518,ALU00794,2026-02-01,2026-02-10,2026-02-14,1805.07,Pago,202602
MEN00009519,ALU00794,2026-03-01,2026-03-10,,1802.46,Vencido,202603
MEN00009520,ALU00794,2026-04-01,2026-04-10,,1818.91,Vencido,202604
MEN00009521,ALU00794,2026-05-01,2026-05-10,2026-05-16,1885.87,Pago,202605
MEN00009522,ALU00794,2026-06-01,2026-06-10,2026-06-09,1850.85,Pago,202606
MEN00009523,ALU00794,2026-07-01,2026-07-10,2026-07-15,1870.52,Pago,202607
MEN00009524,ALU00794,2026-08-01,2026-08-10,2026-08-07,1871.17,Pago,202608
MEN00009525,ALU00794,2026-09-01,2026-09-10,2026-09-09,1897.54,Pago,202609
MEN00009526,ALU00794,2026-10-01,2026-10-10,2026-10-09,1807.11,Pago,202610
MEN00009527,ALU00794,2026-11-01,2026-11-10,2026-11-11,1867.29,Pago,202611
MEN00009528,ALU00794,2026-12-01,2026-12-10,,1892.49,Vencido,202612
MEN00009529,ALU00795,2026-01-01,2026-01-10,2026-01-10,1892.27,Pago,202601
MEN00009530,ALU00795,2026-02-01,2026-02-10,,1905.24,Vencido,202602
MEN00009531,ALU00795,2026-03-01,2026-03-10,2026-03-07,1834.47,Pago,202603
MEN00009532,ALU00795,2026-04-01,2026-04-10,2026-04-17,1830.37,Pago,202604
MEN00009533,ALU00795,2026-05-01,2026-05-10,2026-05-11,1839.74,Pago,202605
MEN00009534,ALU00795,2026-06-01,2026-06-10,2026-06-15,1862.23,Pago,202606
MEN00009535,ALU00795,2026-07-01,2026-07-10,2026-07-18,1901.03,Pago,202607
MEN00009536,ALU00795,2026-08-01,2026-08-10,2026-08-15,1865.16,Pago,202608
MEN00009537,ALU00795,2026-09-01,2026-09-10,2026-09-17,1824.89,Pago,202609
MEN00009538,ALU00795,2026-10-01,2026-10-10,2026-10-13,1851.38,Pago,202610
MEN00009539,ALU00795,2026-11-01,2026-11-10,2026-11-15,1859.15,Pago,202611
MEN00009540,ALU00795,2026-12-01,2026-12-10,2026-12-11,1794.8,Pago,202612
MEN00009541,ALU00796,2026-01-01,2026-01-10,2026-01-11,1894.1,Pago,202601
MEN00009542,ALU00796,2026-02-01,2026-02-10,2026-02-12,1845.16,Pago,202602
MEN00009543,ALU00796,2026-03-01,2026-03-10,2026-03-07,1864.51,Pago,202603
MEN00009544,ALU00796,2026-04-01,2026-04-10,2026-04-11,1840.54,Pago,202604
MEN00009545,ALU00796,2026-05-01,2026-05-10,2026-05-16,1855.25,Pago,202605
MEN00009546,ALU00796,2026-06-01,2026-06-10,,1883.23,Em Aberto,202606
MEN00009547,ALU00796,2026-07-01,2026-07-10,2026-07-18,1881.47,Pago,202607
MEN00009548,ALU00796,2026-08-01,2026-08-10,2026-08-10,1889.93,Pago,202608
MEN00009549,ALU00796,2026-09-01,2026-09-10,2026-09-12,1864.98,Pago,202609
MEN00009550,ALU00796,2026-10-01,2026-10-10,2026-10-14,1850.63,Pago,202610
MEN00009551,ALU00796,2026-11-01,2026-11-10,2026-11-18,1819.78,Pago,202611
MEN00009552,ALU00796,2026-12-01,2026-12-10,2026-12-18,1860.13,Pago,202612
MEN00009553,ALU00797,2026-01-01,2026-01-10,2026-01-15,1849.45,Pago,202601
MEN00009554,ALU00797,2026-02-01,2026-02-10,2026-02-17,1873.41,Pago,202602
MEN00009555,ALU00797,2026-03-01,2026-03-10,2026-03-16,1806.71,Pago,202603
MEN00009556,ALU00797,2026-04-01,2026-04-10,2026-04-16,1901.5,Pago,202604
MEN00009557,ALU00797,2026-05-01,2026-05-10,,1889.77,Vencido,202605
MEN00009558,ALU00797,2026-06-01,2026-06-10,2026-06-15,1846.87,Pago,202606
MEN00009559,ALU00797,2026-07-01,2026-07-10,2026-07-09,1834.92,Pago,202607
MEN00009560,ALU00797,2026-08-01,2026-08-10,2026-08-07,1842.31,Pago,202608
MEN00009561,ALU00797,2026-09-01,2026-09-10,2026-09-16,1823.33,Pago,202609
MEN00009562,ALU00797,2026-10-01,2026-10-10,2026-10-15,1868.93,Pago,202610
MEN00009563,ALU00797,2026-11-01,2026-11-10,,1838.39,Vencido,202611
MEN00009564,ALU00797,2026-12-01,2026-12-10,,1834.04,Vencido,202612
MEN00009565,ALU00798,2026-01-01,2026-01-10,2026-01-15,1842.46,Pago,202601
MEN00009566,ALU00798,2026-02-01,2026-02-10,,1820.73,Vencido,202602
MEN00009567,ALU00798,2026-03-01,2026-03-10,2026-03-17,1895.98,Pago,202603
MEN00009568,ALU00798,2026-04-01,2026-04-10,2026-04-11,1873.72,Pago,202604
MEN00009569,ALU00798,2026-05-01,2026-05-10,2026-05-16,1885.64,Pago,202605
MEN00009570,ALU00798,2026-06-01,2026-06-10,2026-06-10,1806.92,Pago,202606
MEN00009571,ALU00798,2026-07-01,2026-07-10,2026-07-17,1837.37,Pago,202607
MEN00009572,ALU00798,2026-08-01,2026-08-10,,1826.1,Vencido,202608
MEN00009573,ALU00798,2026-09-01,2026-09-10,2026-09-18,1823.96,Pago,202609
MEN00009574,ALU00798,2026-10-01,2026-10-10,2026-10-13,1860.65,Pago,202610
MEN00009575,ALU00798,2026-11-01,2026-11-10,2026-11-12,1902.88,Pago,202611
MEN00009576,ALU00798,2026-12-01,2026-12-10,,1831.25,Em Aberto,202612
MEN00009577,ALU00799,2026-01-01,2026-01-10,2026-01-12,1852.38,Pago,202601
MEN00009578,ALU00799,2026-02-01,2026-02-10,,1830.77,Vencido,202602
MEN00009579,ALU00799,2026-03-01,2026-03-10,2026-03-08,1893.63,Pago,202603
MEN00009580,ALU00799,2026-04-01,2026-04-10,2026-04-14,1902.85,Pago,202604
MEN00009581,ALU00799,2026-05-01,2026-05-10,2026-05-13,1889.53,Pago,202605
MEN00009582,ALU00799,2026-06-01,2026-06-10,2026-06-08,1849.49,Pago,202606
MEN00009583,ALU00799,2026-07-01,2026-07-10,,1825.64,Vencido,202607
MEN00009584,ALU00799,2026-08-01,2026-08-10,2026-08-16,1841.66,Pago,202608
MEN00009585,ALU00799,2026-09-01,2026-09-10,2026-09-10,1872.24,Pago,202609
MEN00009586,ALU00799,2026-10-01,2026-10-10,2026-10-18,1795.48,Pago,202610
MEN00009587,ALU00799,2026-11-01,2026-11-10,,1896.66,Vencido,202611
MEN00009588,ALU00799,2026-12-01,2026-12-10,2026-12-14,1806.77,Pago,202612
MEN00009589,ALU00800,2026-01-01,2026-01-10,2026-01-11,1839.69,Pago,202601
MEN00009590,ALU00800,2026-02-01,2026-02-10,2026-02-07,1824.56,Pago,202602
MEN00009591,ALU00800,2026-03-01,2026-03-10,2026-03-13,1845.95,Pago,202603
MEN00009592,ALU00800,2026-04-01,2026-04-10,2026-04-15,1826.63,Pago,202604
MEN00009593,ALU00800,2026-05-01,2026-05-10,2026-05-09,1857.71,Pago,202605
MEN00009594,ALU00800,2026-06-01,2026-06-10,,1827.58,Em Aberto,202606
MEN00009595,ALU00800,2026-07-01,2026-07-10,2026-07-14,1824.62,Pago,202607
MEN00009596,ALU00800,2026-08-01,2026-08-10,2026-08-14,1874.58,Pago,202608
MEN00009597,ALU00800,2026-09-01,2026-09-10,,1870.22,Vencido,202609
MEN00009598,ALU00800,2026-10-01,2026-10-10,2026-10-10,1827.39,Pago,202610
MEN00009599,ALU00800,2026-11-01,2026-11-10,,1843.0,Em Aberto,202611
MEN00009600,ALU00800,2026-12-01,2026-12-10,2026-12-17,1867.81,Pago,202612
MEN00009601,ALU00801,2026-01-01,2026-01-10,2026-01-11,1813.14,Pago,202601
MEN00009602,ALU00801,2026-02-01,2026-02-10,2026-02-11,1835.2,Pago,202602
MEN00009603,ALU00801,2026-03-01,2026-03-10,2026-03-18,1814.55,Pago,202603
MEN00009604,ALU00801,2026-04-01,2026-04-10,2026-04-08,1893.39,Pago,202604
MEN00009605,ALU00801,2026-05-01,2026-05-10,2026-05-16,1845.59,Pago,202605
MEN00009606,ALU00801,2026-06-01,2026-06-10,2026-06-08,1801.69,Pago,202606
MEN00009607,ALU00801,2026-07-01,2026-07-10,2026-07-07,1877.17,Pago,202607
MEN00009608,ALU00801,2026-08-01,2026-08-10,2026-08-07,1832.35,Pago,202608
MEN00009609,ALU00801,2026-09-01,2026-09-10,2026-09-13,1876.1,Pago,202609
MEN00009610,ALU00801,2026-10-01,2026-10-10,2026-10-14,1873.43,Pago,202610
MEN00009611,ALU00801,2026-11-01,2026-11-10,2026-11-08,1850.86,Pago,202611
MEN00009612,ALU00801,2026-12-01,2026-12-10,2026-12-10,1898.73,Pago,202612
MEN00009613,ALU00802,2026-01-01,2026-01-10,2026-01-10,1827.77,Pago,202601
MEN00009614,ALU00802,2026-02-01,2026-02-10,2026-02-16,1797.83,Pago,202602
MEN00009615,ALU00802,2026-03-01,2026-03-10,2026-03-17,1884.63,Pago,202603
MEN00009616,ALU00802,2026-04-01,2026-04-10,2026-04-18,1840.54,Pago,202604
MEN00009617,ALU00802,2026-05-01,2026-05-10,,1851.3,Vencido,202605
MEN00009618,ALU00802,2026-06-01,2026-06-10,2026-06-12,1811.41,Pago,202606
MEN00009619,ALU00802,2026-07-01,2026-07-10,2026-07-11,1860.74,Pago,202607
MEN00009620,ALU00802,2026-08-01,2026-08-10,,1876.47,Em Aberto,202608
MEN00009621,ALU00802,2026-09-01,2026-09-10,2026-09-17,1834.99,Pago,202609
MEN00009622,ALU00802,2026-10-01,2026-10-10,2026-10-18,1830.49,Pago,202610
MEN00009623,ALU00802,2026-11-01,2026-11-10,2026-11-10,1837.69,Pago,202611
MEN00009624,ALU00802,2026-12-01,2026-12-10,2026-12-07,1822.15,Pago,202612
MEN00009625,ALU00803,2026-01-01,2026-01-10,2026-01-14,1847.64,Pago,202601
MEN00009626,ALU00803,2026-02-01,2026-02-10,2026-02-13,1845.43,Pago,202602
MEN00009627,ALU00803,2026-03-01,2026-03-10,2026-03-17,1893.26,Pago,202603
MEN00009628,ALU00803,2026-04-01,2026-04-10,2026-04-16,1827.01,Pago,202604
MEN00009629,ALU00803,2026-05-01,2026-05-10,2026-05-17,1857.1,Pago,202605
MEN00009630,ALU00803,2026-06-01,2026-06-10,2026-06-17,1838.71,Pago,202606
MEN00009631,ALU00803,2026-07-01,2026-07-10,2026-07-09,1802.71,Pago,202607
MEN00009632,ALU00803,2026-08-01,2026-08-10,2026-08-08,1868.13,Pago,202608
MEN00009633,ALU00803,2026-09-01,2026-09-10,2026-09-12,1803.26,Pago,202609
MEN00009634,ALU00803,2026-10-01,2026-10-10,2026-10-12,1893.88,Pago,202610
MEN00009635,ALU00803,2026-11-01,2026-11-10,2026-11-18,1904.71,Pago,202611
MEN00009636,ALU00803,2026-12-01,2026-12-10,2026-12-13,1880.21,Pago,202612
MEN00009637,ALU00804,2026-01-01,2026-01-10,2026-01-12,1862.88,Pago,202601
MEN00009638,ALU00804,2026-02-01,2026-02-10,2026-02-15,1875.76,Pago,202602
MEN00009639,ALU00804,2026-03-01,2026-03-10,2026-03-13,1874.16,Pago,202603
MEN00009640,ALU00804,2026-04-01,2026-04-10,2026-04-11,1841.31,Pago,202604
MEN00009641,ALU00804,2026-05-01,2026-05-10,2026-05-17,1886.79,Pago,202605
MEN00009642,ALU00804,2026-06-01,2026-06-10,2026-06-09,1829.88,Pago,202606
MEN00009643,ALU00804,2026-07-01,2026-07-10,2026-07-11,1885.06,Pago,202607
MEN00009644,ALU00804,2026-08-01,2026-08-10,2026-08-15,1821.29,Pago,202608
MEN00009645,ALU00804,2026-09-01,2026-09-10,,1814.65,Em Aberto,202609
MEN00009646,ALU00804,2026-10-01,2026-10-10,2026-10-14,1804.49,Pago,202610
MEN00009647,ALU00804,2026-11-01,2026-11-10,2026-11-08,1805.59,Pago,202611
MEN00009648,ALU00804,2026-12-01,2026-12-10,2026-12-16,1815.18,Pago,202612
MEN00009649,ALU00805,2026-01-01,2026-01-10,2026-01-16,1800.66,Pago,202601
MEN00009650,ALU00805,2026-02-01,2026-02-10,2026-02-08,1849.48,Pago,202602
MEN00009651,ALU00805,2026-03-01,2026-03-10,2026-03-12,1898.6,Pago,202603
MEN00009652,ALU00805,2026-04-01,2026-04-10,2026-04-11,1861.58,Pago,202604
MEN00009653,ALU00805,2026-05-01,2026-05-10,,1824.63,Em Aberto,202605
MEN00009654,ALU00805,2026-06-01,2026-06-10,2026-06-08,1811.72,Pago,202606
MEN00009655,ALU00805,2026-07-01,2026-07-10,2026-07-09,1880.08,Pago,202607
MEN00009656,ALU00805,2026-08-01,2026-08-10,2026-08-15,1904.93,Pago,202608
MEN00009657,ALU00805,2026-09-01,2026-09-10,2026-09-13,1886.72,Pago,202609
MEN00009658,ALU00805,2026-10-01,2026-10-10,2026-10-18,1807.66,Pago,202610
MEN00009659,ALU00805,2026-11-01,2026-11-10,2026-11-07,1811.28,Pago,202611
MEN00009660,ALU00805,2026-12-01,2026-12-10,2026-12-11,1838.51,Pago,202612
MEN00009661,ALU00806,2026-01-01,2026-01-10,,1889.62,Vencido,202601
MEN00009662,ALU00806,2026-02-01,2026-02-10,2026-02-15,1894.86,Pago,202602
MEN00009663,ALU00806,2026-03-01,2026-03-10,2026-03-18,1825.61,Pago,202603
MEN00009664,ALU00806,2026-04-01,2026-04-10,2026-04-07,1819.49,Pago,202604
MEN00009665,ALU00806,2026-05-01,2026-05-10,2026-05-11,1903.95,Pago,202605
MEN00009666,ALU00806,2026-06-01,2026-06-10,2026-06-18,1898.53,Pago,202606
MEN00009667,ALU00806,2026-07-01,2026-07-10,2026-07-09,1899.29,Pago,202607
MEN00009668,ALU00806,2026-08-01,2026-08-10,2026-08-13,1849.31,Pago,202608
MEN00009669,ALU00806,2026-09-01,2026-09-10,2026-09-13,1848.52,Pago,202609
MEN00009670,ALU00806,2026-10-01,2026-10-10,,1824.81,Vencido,202610
MEN00009671,ALU00806,2026-11-01,2026-11-10,2026-11-09,1896.27,Pago,202611
MEN00009672,ALU00806,2026-12-01,2026-12-10,2026-12-13,1839.55,Pago,202612
MEN00009673,ALU00807,2026-01-01,2026-01-10,2026-01-16,1821.3,Pago,202601
MEN00009674,ALU00807,2026-02-01,2026-02-10,,1805.64,Em Aberto,202602
MEN00009675,ALU00807,2026-03-01,2026-03-10,2026-03-13,1839.71,Pago,202603
MEN00009676,ALU00807,2026-04-01,2026-04-10,2026-04-11,1841.62,Pago,202604
MEN00009677,ALU00807,2026-05-01,2026-05-10,2026-05-11,1839.16,Pago,202605
MEN00009678,ALU00807,2026-06-01,2026-06-10,2026-06-11,1888.03,Pago,202606
MEN00009679,ALU00807,2026-07-01,2026-07-10,2026-07-12,1794.66,Pago,202607
MEN00009680,ALU00807,2026-08-01,2026-08-10,,1819.58,Em Aberto,202608
MEN00009681,ALU00807,2026-09-01,2026-09-10,2026-09-16,1800.25,Pago,202609
MEN00009682,ALU00807,2026-10-01,2026-10-10,2026-10-17,1829.65,Pago,202610
MEN00009683,ALU00807,2026-11-01,2026-11-10,2026-11-16,1857.81,Pago,202611
MEN00009684,ALU00807,2026-12-01,2026-12-10,2026-12-13,1795.13,Pago,202612
MEN00009685,ALU00808,2026-01-01,2026-01-10,2026-01-11,1823.4,Pago,202601
MEN00009686,ALU00808,2026-02-01,2026-02-10,2026-02-16,1857.09,Pago,202602
MEN00009687,ALU00808,2026-03-01,2026-03-10,,1805.27,Em Aberto,202603
MEN00009688,ALU00808,2026-04-01,2026-04-10,2026-04-14,1859.21,Pago,202604
MEN00009689,ALU00808,2026-05-01,2026-05-10,2026-05-08,1874.22,Pago,202605
MEN00009690,ALU00808,2026-06-01,2026-06-10,,1803.32,Em Aberto,202606
MEN00009691,ALU00808,2026-07-01,2026-07-10,2026-07-12,1867.65,Pago,202607
MEN00009692,ALU00808,2026-08-01,2026-08-10,2026-08-08,1842.68,Pago,202608
MEN00009693,ALU00808,2026-09-01,2026-09-10,,1862.92,Em Aberto,202609
MEN00009694,ALU00808,2026-10-01,2026-10-10,2026-10-12,1874.81,Pago,202610
MEN00009695,ALU00808,2026-11-01,2026-11-10,2026-11-14,1837.95,Pago,202611
MEN00009696,ALU00808,2026-12-01,2026-12-10,,1850.47,Em Aberto,202612
MEN00009697,ALU00809,2026-01-01,2026-01-10,2026-01-10,1896.81,Pago,202601
MEN00009698,ALU00809,2026-02-01,2026-02-10,2026-02-07,1849.24,Pago,202602
MEN00009699,ALU00809,2026-03-01,2026-03-10,2026-03-17,1821.51,Pago,202603
MEN00009700,ALU00809,2026-04-01,2026-04-10,2026-04-12,1881.36,Pago,202604
MEN00009701,ALU00809,2026-05-01,2026-05-10,2026-05-15,1831.19,Pago,202605
MEN00009702,ALU00809,2026-06-01,2026-06-10,2026-06-12,1873.48,Pago,202606
MEN00009703,ALU00809,2026-07-01,2026-07-10,2026-07-09,1899.35,Pago,202607
MEN00009704,ALU00809,2026-08-01,2026-08-10,2026-08-11,1807.12,Pago,202608
MEN00009705,ALU00809,2026-09-01,2026-09-10,2026-09-07,1812.59,Pago,202609
MEN00009706,ALU00809,2026-10-01,2026-10-10,2026-10-13,1794.76,Pago,202610
MEN00009707,ALU00809,2026-11-01,2026-11-10,2026-11-16,1836.23,Pago,202611
MEN00009708,ALU00809,2026-12-01,2026-12-10,2026-12-10,1854.8,Pago,202612
MEN00009709,ALU00810,2026-01-01,2026-01-10,2026-01-12,1831.99,Pago,202601
MEN00009710,ALU00810,2026-02-01,2026-02-10,,1812.86,Em Aberto,202602
MEN00009711,ALU00810,2026-03-01,2026-03-10,2026-03-15,1893.56,Pago,202603
MEN00009712,ALU00810,2026-04-01,2026-04-10,2026-04-15,1828.54,Pago,202604
MEN00009713,ALU00810,2026-05-01,2026-05-10,,1795.14,Em Aberto,202605
MEN00009714,ALU00810,2026-06-01,2026-06-10,2026-06-16,1880.97,Pago,202606
MEN00009715,ALU00810,2026-07-01,2026-07-10,2026-07-18,1860.84,Pago,202607
MEN00009716,ALU00810,2026-08-01,2026-08-10,2026-08-10,1867.91,Pago,202608
MEN00009717,ALU00810,2026-09-01,2026-09-10,2026-09-16,1811.86,Pago,202609
MEN00009718,ALU00810,2026-10-01,2026-10-10,2026-10-12,1829.21,Pago,202610
MEN00009719,ALU00810,2026-11-01,2026-11-10,2026-11-16,1901.45,Pago,202611
MEN00009720,ALU00810,2026-12-01,2026-12-10,2026-12-11,1833.26,Pago,202612
MEN00009721,ALU00811,2026-01-01,2026-01-10,2026-01-16,1904.98,Pago,202601
MEN00009722,ALU00811,2026-02-01,2026-02-10,2026-02-18,1865.52,Pago,202602
MEN00009723,ALU00811,2026-03-01,2026-03-10,2026-03-15,1817.88,Pago,202603
MEN00009724,ALU00811,2026-04-01,2026-04-10,2026-04-10,1898.69,Pago,202604
MEN00009725,ALU00811,2026-05-01,2026-05-10,2026-05-17,1814.8,Pago,202605
MEN00009726,ALU00811,2026-06-01,2026-06-10,,1830.46,Em Aberto,202606
MEN00009727,ALU00811,2026-07-01,2026-07-10,2026-07-13,1861.92,Pago,202607
MEN00009728,ALU00811,2026-08-01,2026-08-10,2026-08-16,1856.48,Pago,202608
MEN00009729,ALU00811,2026-09-01,2026-09-10,,1808.11,Vencido,202609
MEN00009730,ALU00811,2026-10-01,2026-10-10,,1850.56,Em Aberto,202610
MEN00009731,ALU00811,2026-11-01,2026-11-10,,1835.89,Vencido,202611
MEN00009732,ALU00811,2026-12-01,2026-12-10,,1900.29,Em Aberto,202612
MEN00009733,ALU00812,2026-01-01,2026-01-10,,1847.46,Vencido,202601
MEN00009734,ALU00812,2026-02-01,2026-02-10,2026-02-11,1897.06,Pago,202602
MEN00009735,ALU00812,2026-03-01,2026-03-10,2026-03-17,1794.53,Pago,202603
MEN00009736,ALU00812,2026-04-01,2026-04-10,2026-04-16,1822.22,Pago,202604
MEN00009737,ALU00812,2026-05-01,2026-05-10,2026-05-15,1869.51,Pago,202605
MEN00009738,ALU00812,2026-06-01,2026-06-10,2026-06-17,1795.24,Pago,202606
MEN00009739,ALU00812,2026-07-01,2026-07-10,2026-07-17,1796.1,Pago,202607
MEN00009740,ALU00812,2026-08-01,2026-08-10,2026-08-07,1883.04,Pago,202608
MEN00009741,ALU00812,2026-09-01,2026-09-10,2026-09-14,1887.08,Pago,202609
MEN00009742,ALU00812,2026-10-01,2026-10-10,2026-10-18,1840.71,Pago,202610
MEN00009743,ALU00812,2026-11-01,2026-11-10,2026-11-11,1821.33,Pago,202611
MEN00009744,ALU00812,2026-12-01,2026-12-10,2026-12-10,1806.94,Pago,202612
MEN00009745,ALU00813,2026-01-01,2026-01-10,2026-01-08,1870.05,Pago,202601
MEN00009746,ALU00813,2026-02-01,2026-02-10,2026-02-10,1800.65,Pago,202602
MEN00009747,ALU00813,2026-03-01,2026-03-10,,1874.56,Em Aberto,202603
MEN00009748,ALU00813,2026-04-01,2026-04-10,2026-04-10,1850.24,Pago,202604
MEN00009749,ALU00813,2026-05-01,2026-05-10,2026-05-08,1830.39,Pago,202605
MEN00009750,ALU00813,2026-06-01,2026-06-10,2026-06-12,1904.38,Pago,202606
MEN00009751,ALU00813,2026-07-01,2026-07-10,2026-07-17,1879.95,Pago,202607
MEN00009752,ALU00813,2026-08-01,2026-08-10,2026-08-09,1806.5,Pago,202608
MEN00009753,ALU00813,2026-09-01,2026-09-10,2026-09-08,1890.66,Pago,202609
MEN00009754,ALU00813,2026-10-01,2026-10-10,2026-10-18,1846.27,Pago,202610
MEN00009755,ALU00813,2026-11-01,2026-11-10,2026-11-18,1857.9,Pago,202611
MEN00009756,ALU00813,2026-12-01,2026-12-10,2026-12-13,1855.5,Pago,202612
MEN00009757,ALU00814,2026-01-01,2026-01-10,,1872.56,Vencido,202601
MEN00009758,ALU00814,2026-02-01,2026-02-10,2026-02-07,1820.26,Pago,202602
MEN00009759,ALU00814,2026-03-01,2026-03-10,2026-03-13,1837.47,Pago,202603
MEN00009760,ALU00814,2026-04-01,2026-04-10,2026-04-17,1804.18,Pago,202604
MEN00009761,ALU00814,2026-05-01,2026-05-10,2026-05-13,1896.73,Pago,202605
MEN00009762,ALU00814,2026-06-01,2026-06-10,2026-06-18,1847.2,Pago,202606
MEN00009763,ALU00814,2026-07-01,2026-07-10,2026-07-10,1807.66,Pago,202607
MEN00009764,ALU00814,2026-08-01,2026-08-10,2026-08-07,1862.82,Pago,202608
MEN00009765,ALU00814,2026-09-01,2026-09-10,2026-09-13,1806.53,Pago,202609
MEN00009766,ALU00814,2026-10-01,2026-10-10,2026-10-12,1810.74,Pago,202610
MEN00009767,ALU00814,2026-11-01,2026-11-10,2026-11-14,1828.65,Pago,202611
MEN00009768,ALU00814,2026-12-01,2026-12-10,,1876.71,Em Aberto,202612
MEN00009769,ALU00815,2026-01-01,2026-01-10,2026-01-07,1805.81,Pago,202601
MEN00009770,ALU00815,2026-02-01,2026-02-10,,1901.24,Vencido,202602
MEN00009771,ALU00815,2026-03-01,2026-03-10,2026-03-07,1806.0,Pago,202603
MEN00009772,ALU00815,2026-04-01,2026-04-10,2026-04-08,1841.25,Pago,202604
MEN00009773,ALU00815,2026-05-01,2026-05-10,2026-05-14,1903.96,Pago,202605
MEN00009774,ALU00815,2026-06-01,2026-06-10,2026-06-08,1842.1,Pago,202606
MEN00009775,ALU00815,2026-07-01,2026-07-10,,1879.79,Vencido,202607
MEN00009776,ALU00815,2026-08-01,2026-08-10,2026-08-07,1855.43,Pago,202608
MEN00009777,ALU00815,2026-09-01,2026-09-10,,1828.43,Vencido,202609
MEN00009778,ALU00815,2026-10-01,2026-10-10,2026-10-16,1797.41,Pago,202610
MEN00009779,ALU00815,2026-11-01,2026-11-10,2026-11-16,1798.91,Pago,202611
MEN00009780,ALU00815,2026-12-01,2026-12-10,2026-12-15,1814.96,Pago,202612
MEN00009781,ALU00816,2026-01-01,2026-01-10,,1848.01,Vencido,202601
MEN00009782,ALU00816,2026-02-01,2026-02-10,2026-02-07,1802.84,Pago,202602
MEN00009783,ALU00816,2026-03-01,2026-03-10,2026-03-08,1824.05,Pago,202603
MEN00009784,ALU00816,2026-04-01,2026-04-10,2026-04-09,1888.73,Pago,202604
MEN00009785,ALU00816,2026-05-01,2026-05-10,2026-05-14,1852.48,Pago,202605
MEN00009786,ALU00816,2026-06-01,2026-06-10,2026-06-10,1864.84,Pago,202606
MEN00009787,ALU00816,2026-07-01,2026-07-10,2026-07-07,1880.7,Pago,202607
MEN00009788,ALU00816,2026-08-01,2026-08-10,2026-08-07,1899.82,Pago,202608
MEN00009789,ALU00816,2026-09-01,2026-09-10,2026-09-14,1804.71,Pago,202609
MEN00009790,ALU00816,2026-10-01,2026-10-10,2026-10-17,1840.24,Pago,202610
MEN00009791,ALU00816,2026-11-01,2026-11-10,2026-11-11,1862.87,Pago,202611
MEN00009792,ALU00816,2026-12-01,2026-12-10,2026-12-16,1890.67,Pago,202612
MEN00009793,ALU00817,2026-01-01,2026-01-10,2026-01-15,1883.73,Pago,202601
MEN00009794,ALU00817,2026-02-01,2026-02-10,2026-02-08,1857.18,Pago,202602
MEN00009795,ALU00817,2026-03-01,2026-03-10,2026-03-08,1804.53,Pago,202603
MEN00009796,ALU00817,2026-04-01,2026-04-10,2026-04-09,1845.67,Pago,202604
MEN00009797,ALU00817,2026-05-01,2026-05-10,2026-05-08,1819.17,Pago,202605
MEN00009798,ALU00817,2026-06-01,2026-06-10,2026-06-15,1823.06,Pago,202606
MEN00009799,ALU00817,2026-07-01,2026-07-10,2026-07-16,1865.62,Pago,202607
MEN00009800,ALU00817,2026-08-01,2026-08-10,2026-08-07,1801.88,Pago,202608
MEN00009801,ALU00817,2026-09-01,2026-09-10,2026-09-10,1900.82,Pago,202609
MEN00009802,ALU00817,2026-10-01,2026-10-10,2026-10-10,1836.96,Pago,202610
MEN00009803,ALU00817,2026-11-01,2026-11-10,2026-11-14,1893.97,Pago,202611
MEN00009804,ALU00817,2026-12-01,2026-12-10,,1807.65,Em Aberto,202612
MEN00009805,ALU00818,2026-01-01,2026-01-10,2026-01-07,1850.63,Pago,202601
MEN00009806,ALU00818,2026-02-01,2026-02-10,2026-02-08,1807.32,Pago,202602
MEN00009807,ALU00818,2026-03-01,2026-03-10,2026-03-10,1829.3,Pago,202603
MEN00009808,ALU00818,2026-04-01,2026-04-10,2026-04-10,1899.54,Pago,202604
MEN00009809,ALU00818,2026-05-01,2026-05-10,2026-05-07,1835.16,Pago,202605
MEN00009810,ALU00818,2026-06-01,2026-06-10,2026-06-10,1818.31,Pago,202606
MEN00009811,ALU00818,2026-07-01,2026-07-10,2026-07-17,1850.61,Pago,202607
MEN00009812,ALU00818,2026-08-01,2026-08-10,2026-08-08,1805.41,Pago,202608
MEN00009813,ALU00818,2026-09-01,2026-09-10,2026-09-18,1850.24,Pago,202609
MEN00009814,ALU00818,2026-10-01,2026-10-10,,1854.25,Em Aberto,202610
MEN00009815,ALU00818,2026-11-01,2026-11-10,2026-11-14,1805.19,Pago,202611
MEN00009816,ALU00818,2026-12-01,2026-12-10,,1854.92,Em Aberto,202612
MEN00009817,ALU00819,2026-01-01,2026-01-10,2026-01-15,1857.67,Pago,202601
MEN00009818,ALU00819,2026-02-01,2026-02-10,2026-02-09,1896.36,Pago,202602
MEN00009819,ALU00819,2026-03-01,2026-03-10,,1900.84,Vencido,202603
MEN00009820,ALU00819,2026-04-01,2026-04-10,2026-04-07,1887.96,Pago,202604
MEN00009821,ALU00819,2026-05-01,2026-05-10,2026-05-15,1866.04,Pago,202605
MEN00009822,ALU00819,2026-06-01,2026-06-10,,1796.1,Em Aberto,202606
MEN00009823,ALU00819,2026-07-01,2026-07-10,2026-07-13,1862.8,Pago,202607
MEN00009824,ALU00819,2026-08-01,2026-08-10,2026-08-17,1851.18,Pago,202608
MEN00009825,ALU00819,2026-09-01,2026-09-10,2026-09-11,1814.39,Pago,202609
MEN00009826,ALU00819,2026-10-01,2026-10-10,2026-10-07,1868.55,Pago,202610
MEN00009827,ALU00819,2026-11-01,2026-11-10,2026-11-09,1841.84,Pago,202611
MEN00009828,ALU00819,2026-12-01,2026-12-10,,1831.01,Vencido,202612
MEN00009829,ALU00820,2026-01-01,2026-01-10,,1830.18,Vencido,202601
MEN00009830,ALU00820,2026-02-01,2026-02-10,2026-02-09,1818.71,Pago,202602
MEN00009831,ALU00820,2026-03-01,2026-03-10,,1876.3,Em Aberto,202603
MEN00009832,ALU00820,2026-04-01,2026-04-10,2026-04-11,1872.62,Pago,202604
MEN00009833,ALU00820,2026-05-01,2026-05-10,2026-05-08,1898.84,Pago,202605
MEN00009834,ALU00820,2026-06-01,2026-06-10,2026-06-11,1902.39,Pago,202606
MEN00009835,ALU00820,2026-07-01,2026-07-10,2026-07-09,1816.77,Pago,202607
MEN00009836,ALU00820,2026-08-01,2026-08-10,2026-08-18,1817.3,Pago,202608
MEN00009837,ALU00820,2026-09-01,2026-09-10,2026-09-15,1817.5,Pago,202609
MEN00009838,ALU00820,2026-10-01,2026-10-10,2026-10-13,1890.32,Pago,202610
MEN00009839,ALU00820,2026-11-01,2026-11-10,2026-11-17,1873.73,Pago,202611
MEN00009840,ALU00820,2026-12-01,2026-12-10,2026-12-17,1802.72,Pago,202612
MEN00009841,ALU00821,2026-01-01,2026-01-10,2026-01-08,1875.39,Pago,202601
MEN00009842,ALU00821,2026-02-01,2026-02-10,,1858.3,Vencido,202602
MEN00009843,ALU00821,2026-03-01,2026-03-10,2026-03-18,1876.47,Pago,202603
MEN00009844,ALU00821,2026-04-01,2026-04-10,,1828.92,Em Aberto,202604
MEN00009845,ALU00821,2026-05-01,2026-05-10,2026-05-17,1888.61,Pago,202605
MEN00009846,ALU00821,2026-06-01,2026-06-10,2026-06-14,1850.32,Pago,202606
MEN00009847,ALU00821,2026-07-01,2026-07-10,2026-07-10,1869.48,Pago,202607
MEN00009848,ALU00821,2026-08-01,2026-08-10,2026-08-08,1895.63,Pago,202608
MEN00009849,ALU00821,2026-09-01,2026-09-10,2026-09-08,1826.08,Pago,202609
MEN00009850,ALU00821,2026-10-01,2026-10-10,2026-10-14,1845.79,Pago,202610
MEN00009851,ALU00821,2026-11-01,2026-11-10,2026-11-11,1795.92,Pago,202611
MEN00009852,ALU00821,2026-12-01,2026-12-10,2026-12-10,1814.19,Pago,202612
MEN00009853,ALU00822,2026-01-01,2026-01-10,2026-01-14,1819.85,Pago,202601
MEN00009854,ALU00822,2026-02-01,2026-02-10,2026-02-13,1862.76,Pago,202602
MEN00009855,ALU00822,2026-03-01,2026-03-10,2026-03-12,1890.07,Pago,202603
MEN00009856,ALU00822,2026-04-01,2026-04-10,,1856.16,Vencido,202604
MEN00009857,ALU00822,2026-05-01,2026-05-10,2026-05-10,1840.97,Pago,202605
MEN00009858,ALU00822,2026-06-01,2026-06-10,2026-06-09,1864.26,Pago,202606
MEN00009859,ALU00822,2026-07-01,2026-07-10,2026-07-14,1853.49,Pago,202607
MEN00009860,ALU00822,2026-08-01,2026-08-10,2026-08-07,1831.96,Pago,202608
MEN00009861,ALU00822,2026-09-01,2026-09-10,2026-09-14,1811.76,Pago,202609
MEN00009862,ALU00822,2026-10-01,2026-10-10,,1883.37,Vencido,202610
MEN00009863,ALU00822,2026-11-01,2026-11-10,2026-11-18,1886.68,Pago,202611
MEN00009864,ALU00822,2026-12-01,2026-12-10,2026-12-13,1867.54,Pago,202612
MEN00009865,ALU00823,2026-01-01,2026-01-10,2026-01-07,1877.14,Pago,202601
MEN00009866,ALU00823,2026-02-01,2026-02-10,2026-02-18,1854.94,Pago,202602
MEN00009867,ALU00823,2026-03-01,2026-03-10,2026-03-18,1809.15,Pago,202603
MEN00009868,ALU00823,2026-04-01,2026-04-10,2026-04-15,1903.19,Pago,202604
MEN00009869,ALU00823,2026-05-01,2026-05-10,2026-05-15,1836.46,Pago,202605
MEN00009870,ALU00823,2026-06-01,2026-06-10,2026-06-12,1898.9,Pago,202606
MEN00009871,ALU00823,2026-07-01,2026-07-10,2026-07-16,1813.31,Pago,202607
MEN00009872,ALU00823,2026-08-01,2026-08-10,2026-08-18,1850.7,Pago,202608
MEN00009873,ALU00823,2026-09-01,2026-09-10,2026-09-11,1903.13,Pago,202609
MEN00009874,ALU00823,2026-10-01,2026-10-10,2026-10-17,1825.98,Pago,202610
MEN00009875,ALU00823,2026-11-01,2026-11-10,2026-11-13,1822.96,Pago,202611
MEN00009876,ALU00823,2026-12-01,2026-12-10,2026-12-07,1874.09,Pago,202612
MEN00009877,ALU00824,2026-01-01,2026-01-10,,1815.43,Vencido,202601
MEN00009878,ALU00824,2026-02-01,2026-02-10,2026-02-07,1903.59,Pago,202602
MEN00009879,ALU00824,2026-03-01,2026-03-10,2026-03-13,1826.06,Pago,202603
MEN00009880,ALU00824,2026-04-01,2026-04-10,2026-04-13,1854.61,Pago,202604
MEN00009881,ALU00824,2026-05-01,2026-05-10,2026-05-12,1800.72,Pago,202605
MEN00009882,ALU00824,2026-06-01,2026-06-10,2026-06-12,1821.68,Pago,202606
MEN00009883,ALU00824,2026-07-01,2026-07-10,2026-07-07,1878.52,Pago,202607
MEN00009884,ALU00824,2026-08-01,2026-08-10,2026-08-10,1797.42,Pago,202608
MEN00009885,ALU00824,2026-09-01,2026-09-10,,1843.69,Em Aberto,202609
MEN00009886,ALU00824,2026-10-01,2026-10-10,2026-10-08,1813.76,Pago,202610
MEN00009887,ALU00824,2026-11-01,2026-11-10,,1905.08,Vencido,202611
MEN00009888,ALU00824,2026-12-01,2026-12-10,2026-12-14,1867.05,Pago,202612
MEN00009889,ALU00825,2026-01-01,2026-01-10,2026-01-14,1851.11,Pago,202601
MEN00009890,ALU00825,2026-02-01,2026-02-10,2026-02-13,1829.85,Pago,202602
MEN00009891,ALU00825,2026-03-01,2026-03-10,2026-03-13,1891.57,Pago,202603
MEN00009892,ALU00825,2026-04-01,2026-04-10,2026-04-17,1808.57,Pago,202604
MEN00009893,ALU00825,2026-05-01,2026-05-10,2026-05-18,1887.67,Pago,202605
MEN00009894,ALU00825,2026-06-01,2026-06-10,2026-06-13,1877.35,Pago,202606
MEN00009895,ALU00825,2026-07-01,2026-07-10,2026-07-18,1877.56,Pago,202607
MEN00009896,ALU00825,2026-08-01,2026-08-10,2026-08-11,1836.17,Pago,202608
MEN00009897,ALU00825,2026-09-01,2026-09-10,,1866.83,Em Aberto,202609
MEN00009898,ALU00825,2026-10-01,2026-10-10,2026-10-17,1884.79,Pago,202610
MEN00009899,ALU00825,2026-11-01,2026-11-10,2026-11-16,1823.34,Pago,202611
MEN00009900,ALU00825,2026-12-01,2026-12-10,2026-12-07,1840.77,Pago,202612
MEN00009901,ALU00826,2026-01-01,2026-01-10,,1857.29,Em Aberto,202601
MEN00009902,ALU00826,2026-02-01,2026-02-10,2026-02-16,1845.25,Pago,202602
MEN00009903,ALU00826,2026-03-01,2026-03-10,,1867.97,Vencido,202603
MEN00009904,ALU00826,2026-04-01,2026-04-10,,1868.62,Em Aberto,202604
MEN00009905,ALU00826,2026-05-01,2026-05-10,2026-05-16,1840.35,Pago,202605
MEN00009906,ALU00826,2026-06-01,2026-06-10,,1801.45,Em Aberto,202606
MEN00009907,ALU00826,2026-07-01,2026-07-10,2026-07-11,1816.04,Pago,202607
MEN00009908,ALU00826,2026-08-01,2026-08-10,2026-08-18,1798.5,Pago,202608
MEN00009909,ALU00826,2026-09-01,2026-09-10,2026-09-11,1904.42,Pago,202609
MEN00009910,ALU00826,2026-10-01,2026-10-10,2026-10-17,1798.93,Pago,202610
MEN00009911,ALU00826,2026-11-01,2026-11-10,2026-11-16,1865.93,Pago,202611
MEN00009912,ALU00826,2026-12-01,2026-12-10,2026-12-12,1816.66,Pago,202612
MEN00009913,ALU00827,2026-01-01,2026-01-10,,1844.45,Vencido,202601
MEN00009914,ALU00827,2026-02-01,2026-02-10,2026-02-07,1856.18,Pago,202602
MEN00009915,ALU00827,2026-03-01,2026-03-10,2026-03-10,1811.65,Pago,202603
MEN00009916,ALU00827,2026-04-01,2026-04-10,2026-04-07,1828.75,Pago,202604
MEN00009917,ALU00827,2026-05-01,2026-05-10,2026-05-15,1817.9,Pago,202605
MEN00009918,ALU00827,2026-06-01,2026-06-10,2026-06-16,1871.24,Pago,202606
MEN00009919,ALU00827,2026-07-01,2026-07-10,2026-07-07,1862.39,Pago,202607
MEN00009920,ALU00827,2026-08-01,2026-08-10,2026-08-14,1865.69,Pago,202608
MEN00009921,ALU00827,2026-09-01,2026-09-10,2026-09-08,1875.86,Pago,202609
MEN00009922,ALU00827,2026-10-01,2026-10-10,2026-10-11,1822.0,Pago,202610
MEN00009923,ALU00827,2026-11-01,2026-11-10,2026-11-07,1835.79,Pago,202611
MEN00009924,ALU00827,2026-12-01,2026-12-10,2026-12-08,1816.76,Pago,202612
MEN00009925,ALU00828,2026-01-01,2026-01-10,2026-01-18,1902.64,Pago,202601
MEN00009926,ALU00828,2026-02-01,2026-02-10,2026-02-13,1845.02,Pago,202602
MEN00009927,ALU00828,2026-03-01,2026-03-10,2026-03-13,1890.13,Pago,202603
MEN00009928,ALU00828,2026-04-01,2026-04-10,2026-04-07,1859.3,Pago,202604
MEN00009929,ALU00828,2026-05-01,2026-05-10,2026-05-17,1808.13,Pago,202605
MEN00009930,ALU00828,2026-06-01,2026-06-10,2026-06-12,1854.97,Pago,202606
MEN00009931,ALU00828,2026-07-01,2026-07-10,2026-07-07,1878.93,Pago,202607
MEN00009932,ALU00828,2026-08-01,2026-08-10,2026-08-13,1880.28,Pago,202608
MEN00009933,ALU00828,2026-09-01,2026-09-10,2026-09-10,1849.96,Pago,202609
MEN00009934,ALU00828,2026-10-01,2026-10-10,2026-10-17,1826.01,Pago,202610
MEN00009935,ALU00828,2026-11-01,2026-11-10,,1845.6,Em Aberto,202611
MEN00009936,ALU00828,2026-12-01,2026-12-10,2026-12-18,1843.07,Pago,202612
MEN00009937,ALU00829,2026-01-01,2026-01-10,2026-01-15,1834.91,Pago,202601
MEN00009938,ALU00829,2026-02-01,2026-02-10,2026-02-12,1816.22,Pago,202602
MEN00009939,ALU00829,2026-03-01,2026-03-10,2026-03-09,1860.17,Pago,202603
MEN00009940,ALU00829,2026-04-01,2026-04-10,2026-04-11,1836.56,Pago,202604
MEN00009941,ALU00829,2026-05-01,2026-05-10,2026-05-09,1861.79,Pago,202605
MEN00009942,ALU00829,2026-06-01,2026-06-10,2026-06-09,1803.59,Pago,202606
MEN00009943,ALU00829,2026-07-01,2026-07-10,2026-07-11,1796.2,Pago,202607
MEN00009944,ALU00829,2026-08-01,2026-08-10,,1897.64,Vencido,202608
MEN00009945,ALU00829,2026-09-01,2026-09-10,2026-09-13,1880.35,Pago,202609
MEN00009946,ALU00829,2026-10-01,2026-10-10,2026-10-17,1888.28,Pago,202610
MEN00009947,ALU00829,2026-11-01,2026-11-10,2026-11-14,1808.66,Pago,202611
MEN00009948,ALU00829,2026-12-01,2026-12-10,2026-12-09,1806.04,Pago,202612
MEN00009949,ALU00830,2026-01-01,2026-01-10,2026-01-11,1874.86,Pago,202601
MEN00009950,ALU00830,2026-02-01,2026-02-10,2026-02-17,1843.86,Pago,202602
MEN00009951,ALU00830,2026-03-01,2026-03-10,2026-03-17,1841.98,Pago,202603
MEN00009952,ALU00830,2026-04-01,2026-04-10,2026-04-09,1881.16,Pago,202604
MEN00009953,ALU00830,2026-05-01,2026-05-10,2026-05-09,1876.89,Pago,202605
MEN00009954,ALU00830,2026-06-01,2026-06-10,,1836.7,Vencido,202606
MEN00009955,ALU00830,2026-07-01,2026-07-10,2026-07-08,1833.94,Pago,202607
MEN00009956,ALU00830,2026-08-01,2026-08-10,2026-08-10,1802.98,Pago,202608
MEN00009957,ALU00830,2026-09-01,2026-09-10,2026-09-09,1860.73,Pago,202609
MEN00009958,ALU00830,2026-10-01,2026-10-10,2026-10-13,1889.67,Pago,202610
MEN00009959,ALU00830,2026-11-01,2026-11-10,,1812.38,Vencido,202611
MEN00009960,ALU00830,2026-12-01,2026-12-10,2026-12-14,1895.42,Pago,202612
MEN00009961,ALU00831,2026-01-01,2026-01-10,2026-01-18,1892.58,Pago,202601
MEN00009962,ALU00831,2026-02-01,2026-02-10,2026-02-18,1807.84,Pago,202602
MEN00009963,ALU00831,2026-03-01,2026-03-10,2026-03-13,1817.24,Pago,202603
MEN00009964,ALU00831,2026-04-01,2026-04-10,2026-04-07,1882.72,Pago,202604
MEN00009965,ALU00831,2026-05-01,2026-05-10,,1813.81,Em Aberto,202605
MEN00009966,ALU00831,2026-06-01,2026-06-10,2026-06-18,1798.66,Pago,202606
MEN00009967,ALU00831,2026-07-01,2026-07-10,2026-07-17,1825.36,Pago,202607
MEN00009968,ALU00831,2026-08-01,2026-08-10,2026-08-17,1893.74,Pago,202608
MEN00009969,ALU00831,2026-09-01,2026-09-10,2026-09-08,1807.03,Pago,202609
MEN00009970,ALU00831,2026-10-01,2026-10-10,2026-10-08,1815.24,Pago,202610
MEN00009971,ALU00831,2026-11-01,2026-11-10,,1834.63,Em Aberto,202611
MEN00009972,ALU00831,2026-12-01,2026-12-10,,1811.0,Vencido,202612
MEN00009973,ALU00832,2026-01-01,2026-01-10,2026-01-10,1817.7,Pago,202601
MEN00009974,ALU00832,2026-02-01,2026-02-10,2026-02-07,1858.02,Pago,202602
MEN00009975,ALU00832,2026-03-01,2026-03-10,2026-03-08,1876.54,Pago,202603
MEN00009976,ALU00832,2026-04-01,2026-04-10,2026-04-13,1812.24,Pago,202604
MEN00009977,ALU00832,2026-05-01,2026-05-10,2026-05-08,1876.23,Pago,202605
MEN00009978,ALU00832,2026-06-01,2026-06-10,,1807.81,Vencido,202606
MEN00009979,ALU00832,2026-07-01,2026-07-10,2026-07-10,1854.59,Pago,202607
MEN00009980,ALU00832,2026-08-01,2026-08-10,2026-08-09,1875.75,Pago,202608
MEN00009981,ALU00832,2026-09-01,2026-09-10,2026-09-08,1886.86,Pago,202609
MEN00009982,ALU00832,2026-10-01,2026-10-10,2026-10-14,1845.68,Pago,202610
MEN00009983,ALU00832,2026-11-01,2026-11-10,2026-11-15,1796.01,Pago,202611
MEN00009984,ALU00832,2026-12-01,2026-12-10,2026-12-08,1900.65,Pago,202612
MEN00009985,ALU00833,2026-01-01,2026-01-10,2026-01-18,1839.19,Pago,202601
MEN00009986,ALU00833,2026-02-01,2026-02-10,2026-02-11,1809.24,Pago,202602
MEN00009987,ALU00833,2026-03-01,2026-03-10,2026-03-18,1831.71,Pago,202603
MEN00009988,ALU00833,2026-04-01,2026-04-10,2026-04-14,1805.43,Pago,202604
MEN00009989,ALU00833,2026-05-01,2026-05-10,,1806.6,Vencido,202605
MEN00009990,ALU00833,2026-06-01,2026-06-10,2026-06-17,1817.28,Pago,202606
MEN00009991,ALU00833,2026-07-01,2026-07-10,2026-07-13,1862.97,Pago,202607
MEN00009992,ALU00833,2026-08-01,2026-08-10,2026-08-17,1882.62,Pago,202608
MEN00009993,ALU00833,2026-09-01,2026-09-10,2026-09-09,1821.48,Pago,202609
MEN00009994,ALU00833,2026-10-01,2026-10-10,2026-10-15,1808.72,Pago,202610
MEN00009995,ALU00833,2026-11-01,2026-11-10,2026-11-14,1852.95,Pago,202611
MEN00009996,ALU00833,2026-12-01,2026-12-10,,1844.51,Vencido,202612
MEN00009997,ALU00834,2026-01-01,2026-01-10,2026-01-12,1853.42,Pago,202601
MEN00009998,ALU00834,2026-02-01,2026-02-10,2026-02-14,1833.69,Pago,202602
MEN00009999,ALU00834,2026-03-01,2026-03-10,2026-03-11,1865.54,Pago,202603
MEN00010000,ALU00834,2026-04-01,2026-04-10,2026-04-12,1838.91,Pago,202604
MEN00010001,ALU00834,2026-05-01,2026-05-10,2026-05-12,1796.08,Pago,202605
MEN00010002,ALU00834,2026-06-01,2026-06-10,2026-06-18,1883.3,Pago,202606
MEN00010003,ALU00834,2026-07-01,2026-07-10,2026-07-16,1874.12,Pago,202607
MEN00010004,ALU00834,2026-08-01,2026-08-10,2026-08-07,1826.47,Pago,202608
MEN00010005,ALU00834,2026-09-01,2026-09-10,2026-09-11,1815.66,Pago,202609
MEN00010006,ALU00834,2026-10-01,2026-10-10,2026-10-07,1831.94,Pago,202610
MEN00010007,ALU00834,2026-11-01,2026-11-10,2026-11-12,1888.23,Pago,202611
MEN00010008,ALU00834,2026-12-01,2026-12-10,,1827.56,Vencido,202612
MEN00010009,ALU00835,2026-01-01,2026-01-10,2026-01-16,1799.6,Pago,202601
MEN00010010,ALU00835,2026-02-01,2026-02-10,,1819.29,Vencido,202602
MEN00010011,ALU00835,2026-03-01,2026-03-10,2026-03-12,1897.02,Pago,202603
MEN00010012,ALU00835,2026-04-01,2026-04-10,2026-04-10,1862.71,Pago,202604
MEN00010013,ALU00835,2026-05-01,2026-05-10,2026-05-08,1848.43,Pago,202605
MEN00010014,ALU00835,2026-06-01,2026-06-10,,1799.34,Em Aberto,202606
MEN00010015,ALU00835,2026-07-01,2026-07-10,2026-07-17,1802.03,Pago,202607
MEN00010016,ALU00835,2026-08-01,2026-08-10,2026-08-16,1854.62,Pago,202608
MEN00010017,ALU00835,2026-09-01,2026-09-10,2026-09-12,1857.27,Pago,202609
MEN00010018,ALU00835,2026-10-01,2026-10-10,2026-10-15,1843.25,Pago,202610
MEN00010019,ALU00835,2026-11-01,2026-11-10,2026-11-13,1823.41,Pago,202611
MEN00010020,ALU00835,2026-12-01,2026-12-10,2026-12-13,1826.07,Pago,202612
MEN00010021,ALU00836,2026-01-01,2026-01-10,2026-01-15,1803.85,Pago,202601
MEN00010022,ALU00836,2026-02-01,2026-02-10,2026-02-10,1811.1,Pago,202602
MEN00010023,ALU00836,2026-03-01,2026-03-10,,1824.32,Vencido,202603
MEN00010024,ALU00836,2026-04-01,2026-04-10,,1898.8,Em Aberto,202604
MEN00010025,ALU00836,2026-05-01,2026-05-10,2026-05-18,1795.87,Pago,202605
MEN00010026,ALU00836,2026-06-01,2026-06-10,2026-06-09,1818.87,Pago,202606
MEN00010027,ALU00836,2026-07-01,2026-07-10,2026-07-07,1865.61,Pago,202607
MEN00010028,ALU00836,2026-08-01,2026-08-10,2026-08-10,1808.88,Pago,202608
MEN00010029,ALU00836,2026-09-01,2026-09-10,2026-09-13,1823.33,Pago,202609
MEN00010030,ALU00836,2026-10-01,2026-10-10,2026-10-10,1824.42,Pago,202610
MEN00010031,ALU00836,2026-11-01,2026-11-10,,1863.96,Vencido,202611
MEN00010032,ALU00836,2026-12-01,2026-12-10,2026-12-13,1870.78,Pago,202612
MEN00010033,ALU00837,2026-01-01,2026-01-10,2026-01-09,1864.96,Pago,202601
MEN00010034,ALU00837,2026-02-01,2026-02-10,2026-02-17,1844.97,Pago,202602
MEN00010035,ALU00837,2026-03-01,2026-03-10,,1797.43,Vencido,202603
MEN00010036,ALU00837,2026-04-01,2026-04-10,2026-04-11,1867.58,Pago,202604
MEN00010037,ALU00837,2026-05-01,2026-05-10,2026-05-09,1905.44,Pago,202605
MEN00010038,ALU00837,2026-06-01,2026-06-10,2026-06-15,1812.61,Pago,202606
MEN00010039,ALU00837,2026-07-01,2026-07-10,2026-07-11,1901.03,Pago,202607
MEN00010040,ALU00837,2026-08-01,2026-08-10,,1842.26,Em Aberto,202608
MEN00010041,ALU00837,2026-09-01,2026-09-10,2026-09-10,1867.61,Pago,202609
MEN00010042,ALU00837,2026-10-01,2026-10-10,2026-10-10,1843.07,Pago,202610
MEN00010043,ALU00837,2026-11-01,2026-11-10,,1861.93,Vencido,202611
MEN00010044,ALU00837,2026-12-01,2026-12-10,2026-12-12,1899.46,Pago,202612
MEN00010045,ALU00838,2026-01-01,2026-01-10,2026-01-16,1844.74,Pago,202601
MEN00010046,ALU00838,2026-02-01,2026-02-10,2026-02-15,1890.59,Pago,202602
MEN00010047,ALU00838,2026-03-01,2026-03-10,2026-03-07,1840.25,Pago,202603
MEN00010048,ALU00838,2026-04-01,2026-04-10,,1879.02,Em Aberto,202604
MEN00010049,ALU00838,2026-05-01,2026-05-10,2026-05-11,1803.94,Pago,202605
MEN00010050,ALU00838,2026-06-01,2026-06-10,2026-06-15,1897.95,Pago,202606
MEN00010051,ALU00838,2026-07-01,2026-07-10,,1881.76,Vencido,202607
MEN00010052,ALU00838,2026-08-01,2026-08-10,2026-08-08,1860.19,Pago,202608
MEN00010053,ALU00838,2026-09-01,2026-09-10,2026-09-16,1803.96,Pago,202609
MEN00010054,ALU00838,2026-10-01,2026-10-10,2026-10-15,1892.16,Pago,202610
MEN00010055,ALU00838,2026-11-01,2026-11-10,2026-11-14,1825.87,Pago,202611
MEN00010056,ALU00838,2026-12-01,2026-12-10,2026-12-07,1798.44,Pago,202612
MEN00010057,ALU00839,2026-01-01,2026-01-10,,1808.31,Em Aberto,202601
MEN00010058,ALU00839,2026-02-01,2026-02-10,2026-02-13,1823.28,Pago,202602
MEN00010059,ALU00839,2026-03-01,2026-03-10,2026-03-10,1795.38,Pago,202603
MEN00010060,ALU00839,2026-04-01,2026-04-10,,1812.54,Vencido,202604
MEN00010061,ALU00839,2026-05-01,2026-05-10,2026-05-11,1831.99,Pago,202605
MEN00010062,ALU00839,2026-06-01,2026-06-10,2026-06-08,1836.23,Pago,202606
MEN00010063,ALU00839,2026-07-01,2026-07-10,2026-07-11,1795.33,Pago,202607
MEN00010064,ALU00839,2026-08-01,2026-08-10,2026-08-11,1820.01,Pago,202608
MEN00010065,ALU00839,2026-09-01,2026-09-10,2026-09-16,1856.15,Pago,202609
MEN00010066,ALU00839,2026-10-01,2026-10-10,2026-10-15,1856.23,Pago,202610
MEN00010067,ALU00839,2026-11-01,2026-11-10,2026-11-12,1887.81,Pago,202611
MEN00010068,ALU00839,2026-12-01,2026-12-10,2026-12-14,1891.93,Pago,202612
MEN00010069,ALU00840,2026-01-01,2026-01-10,2026-01-17,1826.73,Pago,202601
MEN00010070,ALU00840,2026-02-01,2026-02-10,2026-02-11,1832.83,Pago,202602
MEN00010071,ALU00840,2026-03-01,2026-03-10,2026-03-10,1808.71,Pago,202603
MEN00010072,ALU00840,2026-04-01,2026-04-10,2026-04-12,1844.47,Pago,202604
MEN00010073,ALU00840,2026-05-01,2026-05-10,,1874.36,Vencido,202605
MEN00010074,ALU00840,2026-06-01,2026-06-10,2026-06-10,1898.34,Pago,202606
MEN00010075,ALU00840,2026-07-01,2026-07-10,2026-07-14,1819.67,Pago,202607
MEN00010076,ALU00840,2026-08-01,2026-08-10,2026-08-12,1841.06,Pago,202608
MEN00010077,ALU00840,2026-09-01,2026-09-10,2026-09-13,1875.29,Pago,202609
MEN00010078,ALU00840,2026-10-01,2026-10-10,2026-10-09,1848.71,Pago,202610
MEN00010079,ALU00840,2026-11-01,2026-11-10,2026-11-10,1876.93,Pago,202611
MEN00010080,ALU00840,2026-12-01,2026-12-10,2026-12-14,1836.49,Pago,202612
MEN00010081,ALU00841,2026-01-01,2026-01-10,2026-01-08,1794.55,Pago,202601
MEN00010082,ALU00841,2026-02-01,2026-02-10,,1857.09,Em Aberto,202602
MEN00010083,ALU00841,2026-03-01,2026-03-10,2026-03-08,1850.44,Pago,202603
MEN00010084,ALU00841,2026-04-01,2026-04-10,2026-04-13,1866.57,Pago,202604
MEN00010085,ALU00841,2026-05-01,2026-05-10,2026-05-14,1883.88,Pago,202605
MEN00010086,ALU00841,2026-06-01,2026-06-10,2026-06-16,1796.37,Pago,202606
MEN00010087,ALU00841,2026-07-01,2026-07-10,,1796.33,Em Aberto,202607
MEN00010088,ALU00841,2026-08-01,2026-08-10,2026-08-18,1829.99,Pago,202608
MEN00010089,ALU00841,2026-09-01,2026-09-10,,1854.23,Em Aberto,202609
MEN00010090,ALU00841,2026-10-01,2026-10-10,2026-10-11,1854.11,Pago,202610
MEN00010091,ALU00841,2026-11-01,2026-11-10,2026-11-12,1833.98,Pago,202611
MEN00010092,ALU00841,2026-12-01,2026-12-10,2026-12-13,1903.65,Pago,202612
MEN00010093,ALU00842,2026-01-01,2026-01-10,2026-01-18,1889.89,Pago,202601
MEN00010094,ALU00842,2026-02-01,2026-02-10,2026-02-13,1889.66,Pago,202602
MEN00010095,ALU00842,2026-03-01,2026-03-10,2026-03-10,1857.3,Pago,202603
MEN00010096,ALU00842,2026-04-01,2026-04-10,2026-04-15,1874.32,Pago,202604
MEN00010097,ALU00842,2026-05-01,2026-05-10,2026-05-09,1808.7,Pago,202605
MEN00010098,ALU00842,2026-06-01,2026-06-10,2026-06-07,1852.64,Pago,202606
MEN00010099,ALU00842,2026-07-01,2026-07-10,2026-07-10,1844.8,Pago,202607
MEN00010100,ALU00842,2026-08-01,2026-08-10,2026-08-16,1838.82,Pago,202608
MEN00010101,ALU00842,2026-09-01,2026-09-10,2026-09-12,1812.06,Pago,202609
MEN00010102,ALU00842,2026-10-01,2026-10-10,2026-10-15,1809.78,Pago,202610
MEN00010103,ALU00842,2026-11-01,2026-11-10,2026-11-08,1799.15,Pago,202611
MEN00010104,ALU00842,2026-12-01,2026-12-10,,1801.09,Vencido,202612
MEN00010105,ALU00843,2026-01-01,2026-01-10,2026-01-10,1893.93,Pago,202601
MEN00010106,ALU00843,2026-02-01,2026-02-10,2026-02-15,1828.56,Pago,202602
MEN00010107,ALU00843,2026-03-01,2026-03-10,2026-03-08,1826.82,Pago,202603
MEN00010108,ALU00843,2026-04-01,2026-04-10,,1810.4,Vencido,202604
MEN00010109,ALU00843,2026-05-01,2026-05-10,2026-05-07,1817.39,Pago,202605
MEN00010110,ALU00843,2026-06-01,2026-06-10,2026-06-09,1859.55,Pago,202606
MEN00010111,ALU00843,2026-07-01,2026-07-10,2026-07-15,1894.03,Pago,202607
MEN00010112,ALU00843,2026-08-01,2026-08-10,2026-08-10,1800.61,Pago,202608
MEN00010113,ALU00843,2026-09-01,2026-09-10,2026-09-08,1890.35,Pago,202609
MEN00010114,ALU00843,2026-10-01,2026-10-10,,1841.47,Em Aberto,202610
MEN00010115,ALU00843,2026-11-01,2026-11-10,2026-11-11,1800.66,Pago,202611
MEN00010116,ALU00843,2026-12-01,2026-12-10,2026-12-12,1823.48,Pago,202612
MEN00010117,ALU00844,2026-01-01,2026-01-10,2026-01-14,1891.02,Pago,202601
MEN00010118,ALU00844,2026-02-01,2026-02-10,2026-02-11,1898.97,Pago,202602
MEN00010119,ALU00844,2026-03-01,2026-03-10,2026-03-10,1832.25,Pago,202603
MEN00010120,ALU00844,2026-04-01,2026-04-10,2026-04-17,1868.46,Pago,202604
MEN00010121,ALU00844,2026-05-01,2026-05-10,2026-05-11,1808.75,Pago,202605
MEN00010122,ALU00844,2026-06-01,2026-06-10,2026-06-07,1809.72,Pago,202606
MEN00010123,ALU00844,2026-07-01,2026-07-10,,1890.92,Em Aberto,202607
MEN00010124,ALU00844,2026-08-01,2026-08-10,2026-08-08,1865.01,Pago,202608
MEN00010125,ALU00844,2026-09-01,2026-09-10,2026-09-12,1812.64,Pago,202609
MEN00010126,ALU00844,2026-10-01,2026-10-10,2026-10-07,1828.8,Pago,202610
MEN00010127,ALU00844,2026-11-01,2026-11-10,2026-11-14,1873.68,Pago,202611
MEN00010128,ALU00844,2026-12-01,2026-12-10,2026-12-08,1876.06,Pago,202612
MEN00010129,ALU00845,2026-01-01,2026-01-10,2026-01-13,1829.72,Pago,202601
MEN00010130,ALU00845,2026-02-01,2026-02-10,2026-02-15,1827.53,Pago,202602
MEN00010131,ALU00845,2026-03-01,2026-03-10,2026-03-17,1896.52,Pago,202603
MEN00010132,ALU00845,2026-04-01,2026-04-10,2026-04-08,1843.3,Pago,202604
MEN00010133,ALU00845,2026-05-01,2026-05-10,,1884.6,Em Aberto,202605
MEN00010134,ALU00845,2026-06-01,2026-06-10,2026-06-13,1882.9,Pago,202606
MEN00010135,ALU00845,2026-07-01,2026-07-10,2026-07-13,1819.48,Pago,202607
MEN00010136,ALU00845,2026-08-01,2026-08-10,2026-08-18,1796.48,Pago,202608
MEN00010137,ALU00845,2026-09-01,2026-09-10,2026-09-18,1821.94,Pago,202609
MEN00010138,ALU00845,2026-10-01,2026-10-10,2026-10-17,1806.7,Pago,202610
MEN00010139,ALU00845,2026-11-01,2026-11-10,2026-11-17,1849.59,Pago,202611
MEN00010140,ALU00845,2026-12-01,2026-12-10,2026-12-17,1847.57,Pago,202612
MEN00010141,ALU00846,2026-01-01,2026-01-10,2026-01-15,1884.16,Pago,202601
MEN00010142,ALU00846,2026-02-01,2026-02-10,2026-02-15,1847.43,Pago,202602
MEN00010143,ALU00846,2026-03-01,2026-03-10,2026-03-12,1896.58,Pago,202603
MEN00010144,ALU00846,2026-04-01,2026-04-10,2026-04-09,1798.95,Pago,202604
MEN00010145,ALU00846,2026-05-01,2026-05-10,2026-05-13,1896.25,Pago,202605
MEN00010146,ALU00846,2026-06-01,2026-06-10,2026-06-16,1888.57,Pago,202606
MEN00010147,ALU00846,2026-07-01,2026-07-10,,1816.67,Em Aberto,202607
MEN00010148,ALU00846,2026-08-01,2026-08-10,,1808.74,Em Aberto,202608
MEN00010149,ALU00846,2026-09-01,2026-09-10,2026-09-12,1809.39,Pago,202609
MEN00010150,ALU00846,2026-10-01,2026-10-10,2026-10-14,1854.71,Pago,202610
MEN00010151,ALU00846,2026-11-01,2026-11-10,2026-11-13,1802.57,Pago,202611
MEN00010152,ALU00846,2026-12-01,2026-12-10,2026-12-18,1844.52,Pago,202612
MEN00010153,ALU00847,2026-01-01,2026-01-10,,1831.31,Em Aberto,202601
MEN00010154,ALU00847,2026-02-01,2026-02-10,2026-02-11,1833.4,Pago,202602
MEN00010155,ALU00847,2026-03-01,2026-03-10,2026-03-12,1870.18,Pago,202603
MEN00010156,ALU00847,2026-04-01,2026-04-10,2026-04-15,1856.16,Pago,202604
MEN00010157,ALU00847,2026-05-01,2026-05-10,2026-05-18,1889.45,Pago,202605
MEN00010158,ALU00847,2026-06-01,2026-06-10,2026-06-15,1850.35,Pago,202606
MEN00010159,ALU00847,2026-07-01,2026-07-10,2026-07-12,1822.11,Pago,202607
MEN00010160,ALU00847,2026-08-01,2026-08-10,2026-08-10,1888.16,Pago,202608
MEN00010161,ALU00847,2026-09-01,2026-09-10,,1821.16,Vencido,202609
MEN00010162,ALU00847,2026-10-01,2026-10-10,2026-10-14,1852.58,Pago,202610
MEN00010163,ALU00847,2026-11-01,2026-11-10,2026-11-13,1825.72,Pago,202611
MEN00010164,ALU00847,2026-12-01,2026-12-10,2026-12-07,1813.16,Pago,202612
MEN00010165,ALU00848,2026-01-01,2026-01-10,2026-01-17,1866.86,Pago,202601
MEN00010166,ALU00848,2026-02-01,2026-02-10,2026-02-11,1825.54,Pago,202602
MEN00010167,ALU00848,2026-03-01,2026-03-10,2026-03-13,1888.41,Pago,202603
MEN00010168,ALU00848,2026-04-01,2026-04-10,2026-04-14,1840.42,Pago,202604
MEN00010169,ALU00848,2026-05-01,2026-05-10,2026-05-17,1818.4,Pago,202605
MEN00010170,ALU00848,2026-06-01,2026-06-10,2026-06-10,1840.9,Pago,202606
MEN00010171,ALU00848,2026-07-01,2026-07-10,2026-07-17,1897.51,Pago,202607
MEN00010172,ALU00848,2026-08-01,2026-08-10,2026-08-08,1811.54,Pago,202608
MEN00010173,ALU00848,2026-09-01,2026-09-10,2026-09-08,1867.83,Pago,202609
MEN00010174,ALU00848,2026-10-01,2026-10-10,2026-10-16,1830.96,Pago,202610
MEN00010175,ALU00848,2026-11-01,2026-11-10,2026-11-16,1862.95,Pago,202611
MEN00010176,ALU00848,2026-12-01,2026-12-10,2026-12-13,1821.18,Pago,202612
MEN00010177,ALU00849,2026-01-01,2026-01-10,2026-01-14,1858.62,Pago,202601
MEN00010178,ALU00849,2026-02-01,2026-02-10,2026-02-08,1819.84,Pago,202602
MEN00010179,ALU00849,2026-03-01,2026-03-10,,1818.9,Em Aberto,202603
MEN00010180,ALU00849,2026-04-01,2026-04-10,2026-04-09,1810.88,Pago,202604
MEN00010181,ALU00849,2026-05-01,2026-05-10,,1877.52,Em Aberto,202605
MEN00010182,ALU00849,2026-06-01,2026-06-10,2026-06-14,1895.52,Pago,202606
MEN00010183,ALU00849,2026-07-01,2026-07-10,2026-07-16,1834.83,Pago,202607
MEN00010184,ALU00849,2026-08-01,2026-08-10,2026-08-08,1806.77,Pago,202608
MEN00010185,ALU00849,2026-09-01,2026-09-10,2026-09-17,1866.06,Pago,202609
MEN00010186,ALU00849,2026-10-01,2026-10-10,2026-10-13,1840.28,Pago,202610
MEN00010187,ALU00849,2026-11-01,2026-11-10,,1800.22,Vencido,202611
MEN00010188,ALU00849,2026-12-01,2026-12-10,2026-12-09,1881.32,Pago,202612
MEN00010189,ALU00850,2026-01-01,2026-01-10,2026-01-08,1892.92,Pago,202601
MEN00010190,ALU00850,2026-02-01,2026-02-10,,1849.38,Em Aberto,202602
MEN00010191,ALU00850,2026-03-01,2026-03-10,2026-03-15,1895.01,Pago,202603
MEN00010192,ALU00850,2026-04-01,2026-04-10,2026-04-16,1836.18,Pago,202604
MEN00010193,ALU00850,2026-05-01,2026-05-10,2026-05-08,1853.77,Pago,202605
MEN00010194,ALU00850,2026-06-01,2026-06-10,2026-06-15,1848.57,Pago,202606
MEN00010195,ALU00850,2026-07-01,2026-07-10,2026-07-12,1795.44,Pago,202607
MEN00010196,ALU00850,2026-08-01,2026-08-10,2026-08-18,1817.45,Pago,202608
MEN00010197,ALU00850,2026-09-01,2026-09-10,2026-09-18,1803.23,Pago,202609
MEN00010198,ALU00850,2026-10-01,2026-10-10,2026-10-13,1827.62,Pago,202610
MEN00010199,ALU00850,2026-11-01,2026-11-10,2026-11-13,1858.58,Pago,202611
MEN00010200,ALU00850,2026-12-01,2026-12-10,,1795.09,Em Aberto,202612
MEN00010201,ALU00851,2026-01-01,2026-01-10,2026-01-15,1843.83,Pago,202601
MEN00010202,ALU00851,2026-02-01,2026-02-10,2026-02-16,1813.15,Pago,202602
MEN00010203,ALU00851,2026-03-01,2026-03-10,,1862.48,Em Aberto,202603
MEN00010204,ALU00851,2026-04-01,2026-04-10,2026-04-12,1826.55,Pago,202604
MEN00010205,ALU00851,2026-05-01,2026-05-10,,1862.97,Em Aberto,202605
MEN00010206,ALU00851,2026-06-01,2026-06-10,2026-06-13,1880.35,Pago,202606
MEN00010207,ALU00851,2026-07-01,2026-07-10,2026-07-10,1841.3,Pago,202607
MEN00010208,ALU00851,2026-08-01,2026-08-10,2026-08-18,1834.95,Pago,202608
MEN00010209,ALU00851,2026-09-01,2026-09-10,2026-09-09,1830.46,Pago,202609
MEN00010210,ALU00851,2026-10-01,2026-10-10,2026-10-14,1813.55,Pago,202610
MEN00010211,ALU00851,2026-11-01,2026-11-10,2026-11-07,1823.57,Pago,202611
MEN00010212,ALU00851,2026-12-01,2026-12-10,2026-12-08,1874.45,Pago,202612
MEN00010213,ALU00852,2026-01-01,2026-01-10,2026-01-12,1839.73,Pago,202601
MEN00010214,ALU00852,2026-02-01,2026-02-10,,1801.5,Em Aberto,202602
MEN00010215,ALU00852,2026-03-01,2026-03-10,2026-03-09,1799.63,Pago,202603
MEN00010216,ALU00852,2026-04-01,2026-04-10,2026-04-17,1826.06,Pago,202604
MEN00010217,ALU00852,2026-05-01,2026-05-10,,1820.53,Em Aberto,202605
MEN00010218,ALU00852,2026-06-01,2026-06-10,2026-06-09,1805.24,Pago,202606
MEN00010219,ALU00852,2026-07-01,2026-07-10,2026-07-10,1843.22,Pago,202607
MEN00010220,ALU00852,2026-08-01,2026-08-10,2026-08-11,1805.76,Pago,202608
MEN00010221,ALU00852,2026-09-01,2026-09-10,2026-09-16,1795.23,Pago,202609
MEN00010222,ALU00852,2026-10-01,2026-10-10,2026-10-10,1813.82,Pago,202610
MEN00010223,ALU00852,2026-11-01,2026-11-10,2026-11-07,1816.01,Pago,202611
MEN00010224,ALU00852,2026-12-01,2026-12-10,2026-12-18,1821.27,Pago,202612
MEN00010225,ALU00853,2026-01-01,2026-01-10,2026-01-09,1828.91,Pago,202601
MEN00010226,ALU00853,2026-02-01,2026-02-10,2026-02-07,1874.26,Pago,202602
MEN00010227,ALU00853,2026-03-01,2026-03-10,2026-03-07,1834.01,Pago,202603
MEN00010228,ALU00853,2026-04-01,2026-04-10,2026-04-18,1850.0,Pago,202604
MEN00010229,ALU00853,2026-05-01,2026-05-10,,1865.85,Vencido,202605
MEN00010230,ALU00853,2026-06-01,2026-06-10,2026-06-14,1851.2,Pago,202606
MEN00010231,ALU00853,2026-07-01,2026-07-10,2026-07-12,1799.56,Pago,202607
MEN00010232,ALU00853,2026-08-01,2026-08-10,2026-08-07,1826.13,Pago,202608
MEN00010233,ALU00853,2026-09-01,2026-09-10,2026-09-17,1844.65,Pago,202609
MEN00010234,ALU00853,2026-10-01,2026-10-10,2026-10-11,1885.8,Pago,202610
MEN00010235,ALU00853,2026-11-01,2026-11-10,,1900.85,Vencido,202611
MEN00010236,ALU00853,2026-12-01,2026-12-10,,1901.62,Vencido,202612
MEN00010237,ALU00854,2026-01-01,2026-01-10,2026-01-18,1851.05,Pago,202601
MEN00010238,ALU00854,2026-02-01,2026-02-10,2026-02-11,1874.7,Pago,202602
MEN00010239,ALU00854,2026-03-01,2026-03-10,2026-03-07,1857.57,Pago,202603
MEN00010240,ALU00854,2026-04-01,2026-04-10,2026-04-12,1873.32,Pago,202604
MEN00010241,ALU00854,2026-05-01,2026-05-10,2026-05-15,1823.44,Pago,202605
MEN00010242,ALU00854,2026-06-01,2026-06-10,2026-06-14,1878.45,Pago,202606
MEN00010243,ALU00854,2026-07-01,2026-07-10,2026-07-12,1863.45,Pago,202607
MEN00010244,ALU00854,2026-08-01,2026-08-10,,1807.48,Vencido,202608
MEN00010245,ALU00854,2026-09-01,2026-09-10,2026-09-16,1795.67,Pago,202609
MEN00010246,ALU00854,2026-10-01,2026-10-10,2026-10-08,1885.58,Pago,202610
MEN00010247,ALU00854,2026-11-01,2026-11-10,2026-11-10,1840.81,Pago,202611
MEN00010248,ALU00854,2026-12-01,2026-12-10,2026-12-15,1854.95,Pago,202612
MEN00010249,ALU00855,2026-01-01,2026-01-10,2026-01-16,1842.0,Pago,202601
MEN00010250,ALU00855,2026-02-01,2026-02-10,2026-02-18,1867.99,Pago,202602
MEN00010251,ALU00855,2026-03-01,2026-03-10,2026-03-16,1881.88,Pago,202603
MEN00010252,ALU00855,2026-04-01,2026-04-10,2026-04-17,1858.23,Pago,202604
MEN00010253,ALU00855,2026-05-01,2026-05-10,2026-05-17,1850.86,Pago,202605
MEN00010254,ALU00855,2026-06-01,2026-06-10,2026-06-11,1892.55,Pago,202606
MEN00010255,ALU00855,2026-07-01,2026-07-10,2026-07-13,1811.3,Pago,202607
MEN00010256,ALU00855,2026-08-01,2026-08-10,2026-08-11,1839.6,Pago,202608
MEN00010257,ALU00855,2026-09-01,2026-09-10,2026-09-13,1846.24,Pago,202609
MEN00010258,ALU00855,2026-10-01,2026-10-10,2026-10-07,1861.73,Pago,202610
MEN00010259,ALU00855,2026-11-01,2026-11-10,2026-11-12,1895.22,Pago,202611
MEN00010260,ALU00855,2026-12-01,2026-12-10,2026-12-16,1801.98,Pago,202612
MEN00010261,ALU00856,2026-01-01,2026-01-10,,1861.94,Em Aberto,202601
MEN00010262,ALU00856,2026-02-01,2026-02-10,2026-02-08,1885.91,Pago,202602
MEN00010263,ALU00856,2026-03-01,2026-03-10,2026-03-17,1796.25,Pago,202603
MEN00010264,ALU00856,2026-04-01,2026-04-10,2026-04-14,1882.21,Pago,202604
MEN00010265,ALU00856,2026-05-01,2026-05-10,2026-05-17,1890.84,Pago,202605
MEN00010266,ALU00856,2026-06-01,2026-06-10,2026-06-11,1880.53,Pago,202606
MEN00010267,ALU00856,2026-07-01,2026-07-10,,1881.89,Vencido,202607
MEN00010268,ALU00856,2026-08-01,2026-08-10,2026-08-08,1844.54,Pago,202608
MEN00010269,ALU00856,2026-09-01,2026-09-10,2026-09-16,1879.36,Pago,202609
MEN00010270,ALU00856,2026-10-01,2026-10-10,2026-10-18,1802.26,Pago,202610
MEN00010271,ALU00856,2026-11-01,2026-11-10,2026-11-11,1858.15,Pago,202611
MEN00010272,ALU00856,2026-12-01,2026-12-10,,1797.31,Em Aberto,202612
MEN00010273,ALU00857,2026-01-01,2026-01-10,2026-01-16,1833.42,Pago,202601
MEN00010274,ALU00857,2026-02-01,2026-02-10,2026-02-09,1869.67,Pago,202602
MEN00010275,ALU00857,2026-03-01,2026-03-10,2026-03-12,1878.18,Pago,202603
MEN00010276,ALU00857,2026-04-01,2026-04-10,2026-04-10,1851.82,Pago,202604
MEN00010277,ALU00857,2026-05-01,2026-05-10,2026-05-10,1868.74,Pago,202605
MEN00010278,ALU00857,2026-06-01,2026-06-10,2026-06-07,1853.7,Pago,202606
MEN00010279,ALU00857,2026-07-01,2026-07-10,2026-07-17,1870.78,Pago,202607
MEN00010280,ALU00857,2026-08-01,2026-08-10,2026-08-08,1888.25,Pago,202608
MEN00010281,ALU00857,2026-09-01,2026-09-10,2026-09-07,1808.35,Pago,202609
MEN00010282,ALU00857,2026-10-01,2026-10-10,2026-10-16,1896.44,Pago,202610
MEN00010283,ALU00857,2026-11-01,2026-11-10,,1817.67,Em Aberto,202611
MEN00010284,ALU00857,2026-12-01,2026-12-10,,1834.1,Vencido,202612
MEN00010285,ALU00858,2026-01-01,2026-01-10,,1894.82,Em Aberto,202601
MEN00010286,ALU00858,2026-02-01,2026-02-10,2026-02-11,1883.67,Pago,202602
MEN00010287,ALU00858,2026-03-01,2026-03-10,2026-03-10,1825.38,Pago,202603
MEN00010288,ALU00858,2026-04-01,2026-04-10,,1896.75,Vencido,202604
MEN00010289,ALU00858,2026-05-01,2026-05-10,,1795.12,Em Aberto,202605
MEN00010290,ALU00858,2026-06-01,2026-06-10,2026-06-10,1827.98,Pago,202606
MEN00010291,ALU00858,2026-07-01,2026-07-10,,1822.1,Em Aberto,202607
MEN00010292,ALU00858,2026-08-01,2026-08-10,,1841.13,Vencido,202608
MEN00010293,ALU00858,2026-09-01,2026-09-10,2026-09-14,1830.15,Pago,202609
MEN00010294,ALU00858,2026-10-01,2026-10-10,2026-10-10,1856.77,Pago,202610
MEN00010295,ALU00858,2026-11-01,2026-11-10,,1830.42,Vencido,202611
MEN00010296,ALU00858,2026-12-01,2026-12-10,2026-12-18,1883.43,Pago,202612
MEN00010297,ALU00859,2026-01-01,2026-01-10,2026-01-13,1826.9,Pago,202601
MEN00010298,ALU00859,2026-02-01,2026-02-10,2026-02-11,1891.12,Pago,202602
MEN00010299,ALU00859,2026-03-01,2026-03-10,2026-03-10,1885.37,Pago,202603
MEN00010300,ALU00859,2026-04-01,2026-04-10,2026-04-10,1886.61,Pago,202604
MEN00010301,ALU00859,2026-05-01,2026-05-10,2026-05-07,1878.47,Pago,202605
MEN00010302,ALU00859,2026-06-01,2026-06-10,2026-06-12,1810.64,Pago,202606
MEN00010303,ALU00859,2026-07-01,2026-07-10,2026-07-16,1835.12,Pago,202607
MEN00010304,ALU00859,2026-08-01,2026-08-10,2026-08-10,1809.64,Pago,202608
MEN00010305,ALU00859,2026-09-01,2026-09-10,2026-09-17,1806.1,Pago,202609
MEN00010306,ALU00859,2026-10-01,2026-10-10,,1831.56,Em Aberto,202610
MEN00010307,ALU00859,2026-11-01,2026-11-10,2026-11-11,1818.61,Pago,202611
MEN00010308,ALU00859,2026-12-01,2026-12-10,2026-12-16,1858.95,Pago,202612
MEN00010309,ALU00860,2026-01-01,2026-01-10,2026-01-09,1868.44,Pago,202601
MEN00010310,ALU00860,2026-02-01,2026-02-10,2026-02-11,1800.18,Pago,202602
MEN00010311,ALU00860,2026-03-01,2026-03-10,2026-03-13,1870.08,Pago,202603
MEN00010312,ALU00860,2026-04-01,2026-04-10,2026-04-16,1886.67,Pago,202604
MEN00010313,ALU00860,2026-05-01,2026-05-10,2026-05-12,1803.63,Pago,202605
MEN00010314,ALU00860,2026-06-01,2026-06-10,,1890.75,Em Aberto,202606
MEN00010315,ALU00860,2026-07-01,2026-07-10,2026-07-09,1892.93,Pago,202607
MEN00010316,ALU00860,2026-08-01,2026-08-10,2026-08-16,1843.25,Pago,202608
MEN00010317,ALU00860,2026-09-01,2026-09-10,2026-09-07,1876.81,Pago,202609
MEN00010318,ALU00860,2026-10-01,2026-10-10,2026-10-08,1873.44,Pago,202610
MEN00010319,ALU00860,2026-11-01,2026-11-10,2026-11-15,1867.85,Pago,202611
MEN00010320,ALU00860,2026-12-01,2026-12-10,2026-12-18,1875.54,Pago,202612
MEN00010321,ALU00861,2026-01-01,2026-01-10,2026-01-18,1881.12,Pago,202601
MEN00010322,ALU00861,2026-02-01,2026-02-10,2026-02-07,1851.66,Pago,202602
MEN00010323,ALU00861,2026-03-01,2026-03-10,2026-03-13,1872.97,Pago,202603
MEN00010324,ALU00861,2026-04-01,2026-04-10,,1795.23,Em Aberto,202604
MEN00010325,ALU00861,2026-05-01,2026-05-10,2026-05-18,1840.99,Pago,202605
MEN00010326,ALU00861,2026-06-01,2026-06-10,2026-06-15,1898.15,Pago,202606
MEN00010327,ALU00861,2026-07-01,2026-07-10,2026-07-12,1797.33,Pago,202607
MEN00010328,ALU00861,2026-08-01,2026-08-10,2026-08-10,1830.05,Pago,202608
MEN00010329,ALU00861,2026-09-01,2026-09-10,2026-09-18,1828.94,Pago,202609
MEN00010330,ALU00861,2026-10-01,2026-10-10,,1851.94,Vencido,202610
MEN00010331,ALU00861,2026-11-01,2026-11-10,2026-11-18,1844.02,Pago,202611
MEN00010332,ALU00861,2026-12-01,2026-12-10,2026-12-15,1903.35,Pago,202612
MEN00010333,ALU00862,2026-01-01,2026-01-10,,1832.17,Vencido,202601
MEN00010334,ALU00862,2026-02-01,2026-02-10,2026-02-10,1883.56,Pago,202602
MEN00010335,ALU00862,2026-03-01,2026-03-10,2026-03-08,1901.47,Pago,202603
MEN00010336,ALU00862,2026-04-01,2026-04-10,2026-04-07,1810.01,Pago,202604
MEN00010337,ALU00862,2026-05-01,2026-05-10,2026-05-13,1838.42,Pago,202605
MEN00010338,ALU00862,2026-06-01,2026-06-10,2026-06-17,1833.25,Pago,202606
MEN00010339,ALU00862,2026-07-01,2026-07-10,,1853.68,Em Aberto,202607
MEN00010340,ALU00862,2026-08-01,2026-08-10,,1802.62,Vencido,202608
MEN00010341,ALU00862,2026-09-01,2026-09-10,2026-09-12,1842.97,Pago,202609
MEN00010342,ALU00862,2026-10-01,2026-10-10,2026-10-09,1802.74,Pago,202610
MEN00010343,ALU00862,2026-11-01,2026-11-10,2026-11-18,1826.05,Pago,202611
MEN00010344,ALU00862,2026-12-01,2026-12-10,,1878.56,Vencido,202612
MEN00010345,ALU00863,2026-01-01,2026-01-10,2026-01-18,1900.2,Pago,202601
MEN00010346,ALU00863,2026-02-01,2026-02-10,2026-02-09,1871.23,Pago,202602
MEN00010347,ALU00863,2026-03-01,2026-03-10,,1825.65,Em Aberto,202603
MEN00010348,ALU00863,2026-04-01,2026-04-10,,1808.52,Em Aberto,202604
MEN00010349,ALU00863,2026-05-01,2026-05-10,,1834.7,Em Aberto,202605
MEN00010350,ALU00863,2026-06-01,2026-06-10,2026-06-14,1824.7,Pago,202606
MEN00010351,ALU00863,2026-07-01,2026-07-10,2026-07-10,1817.45,Pago,202607
MEN00010352,ALU00863,2026-08-01,2026-08-10,2026-08-12,1833.79,Pago,202608
MEN00010353,ALU00863,2026-09-01,2026-09-10,2026-09-08,1871.99,Pago,202609
MEN00010354,ALU00863,2026-10-01,2026-10-10,2026-10-14,1896.26,Pago,202610
MEN00010355,ALU00863,2026-11-01,2026-11-10,,1850.22,Vencido,202611
MEN00010356,ALU00863,2026-12-01,2026-12-10,2026-12-10,1878.42,Pago,202612
MEN00010357,ALU00864,2026-01-01,2026-01-10,2026-01-12,1883.02,Pago,202601
MEN00010358,ALU00864,2026-02-01,2026-02-10,2026-02-09,1902.71,Pago,202602
MEN00010359,ALU00864,2026-03-01,2026-03-10,2026-03-14,1803.74,Pago,202603
MEN00010360,ALU00864,2026-04-01,2026-04-10,2026-04-08,1857.46,Pago,202604
MEN00010361,ALU00864,2026-05-01,2026-05-10,2026-05-15,1800.02,Pago,202605
MEN00010362,ALU00864,2026-06-01,2026-06-10,2026-06-08,1893.79,Pago,202606
MEN00010363,ALU00864,2026-07-01,2026-07-10,2026-07-18,1847.07,Pago,202607
MEN00010364,ALU00864,2026-08-01,2026-08-10,2026-08-18,1901.54,Pago,202608
MEN00010365,ALU00864,2026-09-01,2026-09-10,,1829.4,Em Aberto,202609
MEN00010366,ALU00864,2026-10-01,2026-10-10,2026-10-10,1852.85,Pago,202610
MEN00010367,ALU00864,2026-11-01,2026-11-10,2026-11-09,1803.84,Pago,202611
MEN00010368,ALU00864,2026-12-01,2026-12-10,2026-12-08,1819.61,Pago,202612
MEN00010369,ALU00865,2026-01-01,2026-01-10,2026-01-08,1888.57,Pago,202601
MEN00010370,ALU00865,2026-02-01,2026-02-10,,1835.28,Em Aberto,202602
MEN00010371,ALU00865,2026-03-01,2026-03-10,2026-03-09,1899.14,Pago,202603
MEN00010372,ALU00865,2026-04-01,2026-04-10,2026-04-15,1873.87,Pago,202604
MEN00010373,ALU00865,2026-05-01,2026-05-10,2026-05-09,1886.36,Pago,202605
MEN00010374,ALU00865,2026-06-01,2026-06-10,2026-06-07,1862.81,Pago,202606
MEN00010375,ALU00865,2026-07-01,2026-07-10,,1900.2,Vencido,202607
MEN00010376,ALU00865,2026-08-01,2026-08-10,2026-08-13,1801.42,Pago,202608
MEN00010377,ALU00865,2026-09-01,2026-09-10,2026-09-07,1884.33,Pago,202609
MEN00010378,ALU00865,2026-10-01,2026-10-10,2026-10-08,1834.47,Pago,202610
MEN00010379,ALU00865,2026-11-01,2026-11-10,2026-11-17,1867.92,Pago,202611
MEN00010380,ALU00865,2026-12-01,2026-12-10,2026-12-14,1866.79,Pago,202612
MEN00010381,ALU00866,2026-01-01,2026-01-10,,1808.7,Em Aberto,202601
MEN00010382,ALU00866,2026-02-01,2026-02-10,2026-02-14,1897.65,Pago,202602
MEN00010383,ALU00866,2026-03-01,2026-03-10,2026-03-09,1840.77,Pago,202603
MEN00010384,ALU00866,2026-04-01,2026-04-10,,1847.43,Em Aberto,202604
MEN00010385,ALU00866,2026-05-01,2026-05-10,,1853.08,Em Aberto,202605
MEN00010386,ALU00866,2026-06-01,2026-06-10,2026-06-15,1904.47,Pago,202606
MEN00010387,ALU00866,2026-07-01,2026-07-10,2026-07-15,1888.81,Pago,202607
MEN00010388,ALU00866,2026-08-01,2026-08-10,2026-08-12,1886.17,Pago,202608
MEN00010389,ALU00866,2026-09-01,2026-09-10,2026-09-11,1816.89,Pago,202609
MEN00010390,ALU00866,2026-10-01,2026-10-10,,1804.7,Em Aberto,202610
MEN00010391,ALU00866,2026-11-01,2026-11-10,2026-11-13,1900.97,Pago,202611
MEN00010392,ALU00866,2026-12-01,2026-12-10,2026-12-17,1848.27,Pago,202612
MEN00010393,ALU00867,2026-01-01,2026-01-10,2026-01-13,1854.56,Pago,202601
MEN00010394,ALU00867,2026-02-01,2026-02-10,2026-02-15,1796.38,Pago,202602
MEN00010395,ALU00867,2026-03-01,2026-03-10,2026-03-18,1806.3,Pago,202603
MEN00010396,ALU00867,2026-04-01,2026-04-10,2026-04-16,1846.25,Pago,202604
MEN00010397,ALU00867,2026-05-01,2026-05-10,2026-05-09,1898.53,Pago,202605
MEN00010398,ALU00867,2026-06-01,2026-06-10,2026-06-10,1835.01,Pago,202606
MEN00010399,ALU00867,2026-07-01,2026-07-10,2026-07-10,1839.92,Pago,202607
MEN00010400,ALU00867,2026-08-01,2026-08-10,2026-08-12,1842.11,Pago,202608
MEN00010401,ALU00867,2026-09-01,2026-09-10,2026-09-10,1817.17,Pago,202609
MEN00010402,ALU00867,2026-10-01,2026-10-10,2026-10-07,1795.85,Pago,202610
MEN00010403,ALU00867,2026-11-01,2026-11-10,2026-11-18,1882.99,Pago,202611
MEN00010404,ALU00867,2026-12-01,2026-12-10,2026-12-11,1896.76,Pago,202612
MEN00010405,ALU00868,2026-01-01,2026-01-10,2026-01-12,1877.04,Pago,202601
MEN00010406,ALU00868,2026-02-01,2026-02-10,2026-02-13,1806.81,Pago,202602
MEN00010407,ALU00868,2026-03-01,2026-03-10,2026-03-10,1880.43,Pago,202603
MEN00010408,ALU00868,2026-04-01,2026-04-10,2026-04-13,1822.48,Pago,202604
MEN00010409,ALU00868,2026-05-01,2026-05-10,2026-05-13,1862.99,Pago,202605
MEN00010410,ALU00868,2026-06-01,2026-06-10,,1796.16,Em Aberto,202606
MEN00010411,ALU00868,2026-07-01,2026-07-10,,1895.0,Vencido,202607
MEN00010412,ALU00868,2026-08-01,2026-08-10,,1811.19,Vencido,202608
MEN00010413,ALU00868,2026-09-01,2026-09-10,2026-09-07,1893.18,Pago,202609
MEN00010414,ALU00868,2026-10-01,2026-10-10,2026-10-16,1892.52,Pago,202610
MEN00010415,ALU00868,2026-11-01,2026-11-10,2026-11-12,1899.0,Pago,202611
MEN00010416,ALU00868,2026-12-01,2026-12-10,2026-12-11,1888.66,Pago,202612
MEN00010417,ALU00869,2026-01-01,2026-01-10,2026-01-14,1842.57,Pago,202601
MEN00010418,ALU00869,2026-02-01,2026-02-10,2026-02-17,1857.08,Pago,202602
MEN00010419,ALU00869,2026-03-01,2026-03-10,,1828.21,Vencido,202603
MEN00010420,ALU00869,2026-04-01,2026-04-10,,1807.49,Em Aberto,202604
MEN00010421,ALU00869,2026-05-01,2026-05-10,2026-05-08,1892.77,Pago,202605
MEN00010422,ALU00869,2026-06-01,2026-06-10,2026-06-11,1888.31,Pago,202606
MEN00010423,ALU00869,2026-07-01,2026-07-10,2026-07-07,1896.0,Pago,202607
MEN00010424,ALU00869,2026-08-01,2026-08-10,2026-08-11,1880.04,Pago,202608
MEN00010425,ALU00869,2026-09-01,2026-09-10,2026-09-15,1822.14,Pago,202609
MEN00010426,ALU00869,2026-10-01,2026-10-10,2026-10-11,1865.54,Pago,202610
MEN00010427,ALU00869,2026-11-01,2026-11-10,2026-11-12,1895.33,Pago,202611
MEN00010428,ALU00869,2026-12-01,2026-12-10,2026-12-18,1804.18,Pago,202612
MEN00010429,ALU00870,2026-01-01,2026-01-10,2026-01-10,1816.35,Pago,202601
MEN00010430,ALU00870,2026-02-01,2026-02-10,2026-02-16,1838.82,Pago,202602
MEN00010431,ALU00870,2026-03-01,2026-03-10,2026-03-13,1806.86,Pago,202603
MEN00010432,ALU00870,2026-04-01,2026-04-10,2026-04-16,1819.25,Pago,202604
MEN00010433,ALU00870,2026-05-01,2026-05-10,2026-05-07,1860.95,Pago,202605
MEN00010434,ALU00870,2026-06-01,2026-06-10,2026-06-17,1830.6,Pago,202606
MEN00010435,ALU00870,2026-07-01,2026-07-10,,1831.98,Em Aberto,202607
MEN00010436,ALU00870,2026-08-01,2026-08-10,2026-08-10,1851.03,Pago,202608
MEN00010437,ALU00870,2026-09-01,2026-09-10,,1814.81,Vencido,202609
MEN00010438,ALU00870,2026-10-01,2026-10-10,2026-10-10,1833.88,Pago,202610
MEN00010439,ALU00870,2026-11-01,2026-11-10,2026-11-10,1868.93,Pago,202611
MEN00010440,ALU00870,2026-12-01,2026-12-10,2026-12-07,1852.19,Pago,202612
MEN00010441,ALU00871,2026-01-01,2026-01-10,2026-01-17,1872.34,Pago,202601
MEN00010442,ALU00871,2026-02-01,2026-02-10,2026-02-15,1794.91,Pago,202602
MEN00010443,ALU00871,2026-03-01,2026-03-10,2026-03-15,1875.09,Pago,202603
MEN00010444,ALU00871,2026-04-01,2026-04-10,2026-04-11,1865.64,Pago,202604
MEN00010445,ALU00871,2026-05-01,2026-05-10,2026-05-17,1841.75,Pago,202605
MEN00010446,ALU00871,2026-06-01,2026-06-10,2026-06-09,1807.91,Pago,202606
MEN00010447,ALU00871,2026-07-01,2026-07-10,2026-07-13,1833.82,Pago,202607
MEN00010448,ALU00871,2026-08-01,2026-08-10,2026-08-14,1828.38,Pago,202608
MEN00010449,ALU00871,2026-09-01,2026-09-10,2026-09-09,1896.08,Pago,202609
MEN00010450,ALU00871,2026-10-01,2026-10-10,2026-10-07,1827.11,Pago,202610
MEN00010451,ALU00871,2026-11-01,2026-11-10,2026-11-08,1845.7,Pago,202611
MEN00010452,ALU00871,2026-12-01,2026-12-10,,1850.38,Em Aberto,202612
MEN00010453,ALU00872,2026-01-01,2026-01-10,,1827.55,Em Aberto,202601
MEN00010454,ALU00872,2026-02-01,2026-02-10,2026-02-17,1898.13,Pago,202602
MEN00010455,ALU00872,2026-03-01,2026-03-10,2026-03-13,1890.58,Pago,202603
MEN00010456,ALU00872,2026-04-01,2026-04-10,2026-04-13,1885.06,Pago,202604
MEN00010457,ALU00872,2026-05-01,2026-05-10,2026-05-16,1809.6,Pago,202605
MEN00010458,ALU00872,2026-06-01,2026-06-10,2026-06-14,1818.24,Pago,202606
MEN00010459,ALU00872,2026-07-01,2026-07-10,2026-07-17,1800.27,Pago,202607
MEN00010460,ALU00872,2026-08-01,2026-08-10,2026-08-17,1857.99,Pago,202608
MEN00010461,ALU00872,2026-09-01,2026-09-10,2026-09-15,1888.24,Pago,202609
MEN00010462,ALU00872,2026-10-01,2026-10-10,2026-10-15,1823.56,Pago,202610
MEN00010463,ALU00872,2026-11-01,2026-11-10,2026-11-09,1835.22,Pago,202611
MEN00010464,ALU00872,2026-12-01,2026-12-10,2026-12-15,1802.32,Pago,202612
MEN00010465,ALU00873,2026-01-01,2026-01-10,2026-01-08,1830.5,Pago,202601
MEN00010466,ALU00873,2026-02-01,2026-02-10,2026-02-10,1895.38,Pago,202602
MEN00010467,ALU00873,2026-03-01,2026-03-10,,1836.05,Vencido,202603
MEN00010468,ALU00873,2026-04-01,2026-04-10,2026-04-13,1903.2,Pago,202604
MEN00010469,ALU00873,2026-05-01,2026-05-10,2026-05-14,1859.08,Pago,202605
MEN00010470,ALU00873,2026-06-01,2026-06-10,2026-06-08,1848.2,Pago,202606
MEN00010471,ALU00873,2026-07-01,2026-07-10,2026-07-11,1836.16,Pago,202607
MEN00010472,ALU00873,2026-08-01,2026-08-10,2026-08-10,1856.8,Pago,202608
MEN00010473,ALU00873,2026-09-01,2026-09-10,2026-09-13,1835.71,Pago,202609
MEN00010474,ALU00873,2026-10-01,2026-10-10,2026-10-15,1809.3,Pago,202610
MEN00010475,ALU00873,2026-11-01,2026-11-10,2026-11-07,1858.08,Pago,202611
MEN00010476,ALU00873,2026-12-01,2026-12-10,2026-12-07,1810.13,Pago,202612
MEN00010477,ALU00874,2026-01-01,2026-01-10,2026-01-09,1870.87,Pago,202601
MEN00010478,ALU00874,2026-02-01,2026-02-10,2026-02-12,1860.23,Pago,202602
MEN00010479,ALU00874,2026-03-01,2026-03-10,2026-03-10,1816.74,Pago,202603
MEN00010480,ALU00874,2026-04-01,2026-04-10,2026-04-14,1807.47,Pago,202604
MEN00010481,ALU00874,2026-05-01,2026-05-10,2026-05-08,1886.58,Pago,202605
MEN00010482,ALU00874,2026-06-01,2026-06-10,2026-06-18,1867.56,Pago,202606
MEN00010483,ALU00874,2026-07-01,2026-07-10,2026-07-11,1877.59,Pago,202607
MEN00010484,ALU00874,2026-08-01,2026-08-10,2026-08-12,1839.81,Pago,202608
MEN00010485,ALU00874,2026-09-01,2026-09-10,2026-09-14,1854.38,Pago,202609
MEN00010486,ALU00874,2026-10-01,2026-10-10,2026-10-17,1885.41,Pago,202610
MEN00010487,ALU00874,2026-11-01,2026-11-10,,1796.14,Vencido,202611
MEN00010488,ALU00874,2026-12-01,2026-12-10,2026-12-18,1873.95,Pago,202612
MEN00010489,ALU00875,2026-01-01,2026-01-10,2026-01-12,1816.64,Pago,202601
MEN00010490,ALU00875,2026-02-01,2026-02-10,2026-02-07,1872.07,Pago,202602
MEN00010491,ALU00875,2026-03-01,2026-03-10,2026-03-09,1892.14,Pago,202603
MEN00010492,ALU00875,2026-04-01,2026-04-10,2026-04-08,1810.68,Pago,202604
MEN00010493,ALU00875,2026-05-01,2026-05-10,2026-05-09,1814.04,Pago,202605
MEN00010494,ALU00875,2026-06-01,2026-06-10,2026-06-16,1803.01,Pago,202606
MEN00010495,ALU00875,2026-07-01,2026-07-10,2026-07-07,1824.83,Pago,202607
MEN00010496,ALU00875,2026-08-01,2026-08-10,2026-08-18,1898.37,Pago,202608
MEN00010497,ALU00875,2026-09-01,2026-09-10,2026-09-15,1838.02,Pago,202609
MEN00010498,ALU00875,2026-10-01,2026-10-10,2026-10-16,1899.37,Pago,202610
MEN00010499,ALU00875,2026-11-01,2026-11-10,,1869.29,Vencido,202611
MEN00010500,ALU00875,2026-12-01,2026-12-10,,1881.92,Vencido,202612
MEN00010501,ALU00876,2026-01-01,2026-01-10,2026-01-10,1797.74,Pago,202601
MEN00010502,ALU00876,2026-02-01,2026-02-10,2026-02-11,1877.72,Pago,202602
MEN00010503,ALU00876,2026-03-01,2026-03-10,2026-03-08,1801.01,Pago,202603
MEN00010504,ALU00876,2026-04-01,2026-04-10,2026-04-09,1807.41,Pago,202604
MEN00010505,ALU00876,2026-05-01,2026-05-10,2026-05-16,1879.55,Pago,202605
MEN00010506,ALU00876,2026-06-01,2026-06-10,2026-06-12,1845.48,Pago,202606
MEN00010507,ALU00876,2026-07-01,2026-07-10,2026-07-10,1857.99,Pago,202607
MEN00010508,ALU00876,2026-08-01,2026-08-10,2026-08-09,1799.52,Pago,202608
MEN00010509,ALU00876,2026-09-01,2026-09-10,2026-09-17,1820.5,Pago,202609
MEN00010510,ALU00876,2026-10-01,2026-10-10,2026-10-12,1843.27,Pago,202610
MEN00010511,ALU00876,2026-11-01,2026-11-10,2026-11-15,1835.91,Pago,202611
MEN00010512,ALU00876,2026-12-01,2026-12-10,2026-12-18,1891.87,Pago,202612
MEN00010513,ALU00877,2026-01-01,2026-01-10,2026-01-17,1865.61,Pago,202601
MEN00010514,ALU00877,2026-02-01,2026-02-10,2026-02-12,1873.8,Pago,202602
MEN00010515,ALU00877,2026-03-01,2026-03-10,2026-03-12,1795.14,Pago,202603
MEN00010516,ALU00877,2026-04-01,2026-04-10,2026-04-11,1881.7,Pago,202604
MEN00010517,ALU00877,2026-05-01,2026-05-10,2026-05-15,1858.59,Pago,202605
MEN00010518,ALU00877,2026-06-01,2026-06-10,,1902.52,Vencido,202606
MEN00010519,ALU00877,2026-07-01,2026-07-10,2026-07-08,1853.65,Pago,202607
MEN00010520,ALU00877,2026-08-01,2026-08-10,,1810.9,Vencido,202608
MEN00010521,ALU00877,2026-09-01,2026-09-10,2026-09-13,1801.05,Pago,202609
MEN00010522,ALU00877,2026-10-01,2026-10-10,2026-10-10,1890.02,Pago,202610
MEN00010523,ALU00877,2026-11-01,2026-11-10,2026-11-08,1814.81,Pago,202611
MEN00010524,ALU00877,2026-12-01,2026-12-10,2026-12-16,1831.17,Pago,202612
MEN00010525,ALU00878,2026-01-01,2026-01-10,2026-01-07,1862.3,Pago,202601
MEN00010526,ALU00878,2026-02-01,2026-02-10,2026-02-16,1837.94,Pago,202602
MEN00010527,ALU00878,2026-03-01,2026-03-10,2026-03-16,1842.71,Pago,202603
MEN00010528,ALU00878,2026-04-01,2026-04-10,2026-04-13,1841.11,Pago,202604
MEN00010529,ALU00878,2026-05-01,2026-05-10,2026-05-17,1837.38,Pago,202605
MEN00010530,ALU00878,2026-06-01,2026-06-10,2026-06-18,1836.9,Pago,202606
MEN00010531,ALU00878,2026-07-01,2026-07-10,2026-07-11,1848.02,Pago,202607
MEN00010532,ALU00878,2026-08-01,2026-08-10,2026-08-13,1835.42,Pago,202608
MEN00010533,ALU00878,2026-09-01,2026-09-10,2026-09-15,1836.9,Pago,202609
MEN00010534,ALU00878,2026-10-01,2026-10-10,2026-10-14,1855.24,Pago,202610
MEN00010535,ALU00878,2026-11-01,2026-11-10,2026-11-11,1879.17,Pago,202611
MEN00010536,ALU00878,2026-12-01,2026-12-10,2026-12-13,1865.06,Pago,202612
MEN00010537,ALU00879,2026-01-01,2026-01-10,,1902.64,Em Aberto,202601
MEN00010538,ALU00879,2026-02-01,2026-02-10,2026-02-10,1810.24,Pago,202602
MEN00010539,ALU00879,2026-03-01,2026-03-10,,1863.41,Vencido,202603
MEN00010540,ALU00879,2026-04-01,2026-04-10,2026-04-15,1833.97,Pago,202604
MEN00010541,ALU00879,2026-05-01,2026-05-10,2026-05-12,1816.88,Pago,202605
MEN00010542,ALU00879,2026-06-01,2026-06-10,2026-06-13,1828.63,Pago,202606
MEN00010543,ALU00879,2026-07-01,2026-07-10,2026-07-17,1872.07,Pago,202607
MEN00010544,ALU00879,2026-08-01,2026-08-10,2026-08-09,1902.84,Pago,202608
MEN00010545,ALU00879,2026-09-01,2026-09-10,2026-09-17,1876.8,Pago,202609
MEN00010546,ALU00879,2026-10-01,2026-10-10,,1860.63,Em Aberto,202610
MEN00010547,ALU00879,2026-11-01,2026-11-10,2026-11-15,1860.27,Pago,202611
MEN00010548,ALU00879,2026-12-01,2026-12-10,2026-12-17,1821.91,Pago,202612
MEN00010549,ALU00880,2026-01-01,2026-01-10,2026-01-10,1893.96,Pago,202601
MEN00010550,ALU00880,2026-02-01,2026-02-10,2026-02-14,1811.79,Pago,202602
MEN00010551,ALU00880,2026-03-01,2026-03-10,2026-03-10,1868.8,Pago,202603
MEN00010552,ALU00880,2026-04-01,2026-04-10,,1868.19,Vencido,202604
MEN00010553,ALU00880,2026-05-01,2026-05-10,,1841.0,Vencido,202605
MEN00010554,ALU00880,2026-06-01,2026-06-10,2026-06-14,1886.28,Pago,202606
MEN00010555,ALU00880,2026-07-01,2026-07-10,2026-07-12,1825.24,Pago,202607
MEN00010556,ALU00880,2026-08-01,2026-08-10,2026-08-16,1814.77,Pago,202608
MEN00010557,ALU00880,2026-09-01,2026-09-10,2026-09-16,1863.98,Pago,202609
MEN00010558,ALU00880,2026-10-01,2026-10-10,2026-10-18,1883.3,Pago,202610
MEN00010559,ALU00880,2026-11-01,2026-11-10,2026-11-16,1811.12,Pago,202611
MEN00010560,ALU00880,2026-12-01,2026-12-10,2026-12-14,1836.75,Pago,202612
MEN00010561,ALU00881,2026-01-01,2026-01-10,,1882.5,Em Aberto,202601
MEN00010562,ALU00881,2026-02-01,2026-02-10,2026-02-08,1835.99,Pago,202602
MEN00010563,ALU00881,2026-03-01,2026-03-10,2026-03-17,1860.37,Pago,202603
MEN00010564,ALU00881,2026-04-01,2026-04-10,2026-04-13,1821.61,Pago,202604
MEN00010565,ALU00881,2026-05-01,2026-05-10,,1870.59,Em Aberto,202605
MEN00010566,ALU00881,2026-06-01,2026-06-10,2026-06-12,1866.69,Pago,202606
MEN00010567,ALU00881,2026-07-01,2026-07-10,,1812.72,Vencido,202607
MEN00010568,ALU00881,2026-08-01,2026-08-10,2026-08-10,1804.75,Pago,202608
MEN00010569,ALU00881,2026-09-01,2026-09-10,2026-09-16,1870.37,Pago,202609
MEN00010570,ALU00881,2026-10-01,2026-10-10,2026-10-17,1800.88,Pago,202610
MEN00010571,ALU00881,2026-11-01,2026-11-10,2026-11-17,1805.48,Pago,202611
MEN00010572,ALU00881,2026-12-01,2026-12-10,2026-12-08,1840.05,Pago,202612
MEN00010573,ALU00882,2026-01-01,2026-01-10,2026-01-11,1851.36,Pago,202601
MEN00010574,ALU00882,2026-02-01,2026-02-10,2026-02-07,1881.0,Pago,202602
MEN00010575,ALU00882,2026-03-01,2026-03-10,2026-03-18,1901.78,Pago,202603
MEN00010576,ALU00882,2026-04-01,2026-04-10,2026-04-13,1826.64,Pago,202604
MEN00010577,ALU00882,2026-05-01,2026-05-10,2026-05-15,1882.37,Pago,202605
MEN00010578,ALU00882,2026-06-01,2026-06-10,2026-06-09,1887.43,Pago,202606
MEN00010579,ALU00882,2026-07-01,2026-07-10,2026-07-08,1894.39,Pago,202607
MEN00010580,ALU00882,2026-08-01,2026-08-10,2026-08-14,1866.45,Pago,202608
MEN00010581,ALU00882,2026-09-01,2026-09-10,2026-09-14,1890.27,Pago,202609
MEN00010582,ALU00882,2026-10-01,2026-10-10,,1842.93,Vencido,202610
MEN00010583,ALU00882,2026-11-01,2026-11-10,2026-11-12,1887.28,Pago,202611
MEN00010584,ALU00882,2026-12-01,2026-12-10,2026-12-10,1890.88,Pago,202612
MEN00010585,ALU00883,2026-01-01,2026-01-10,,1866.04,Em Aberto,202601
MEN00010586,ALU00883,2026-02-01,2026-02-10,2026-02-07,1806.95,Pago,202602
MEN00010587,ALU00883,2026-03-01,2026-03-10,2026-03-16,1825.54,Pago,202603
MEN00010588,ALU00883,2026-04-01,2026-04-10,2026-04-15,1825.25,Pago,202604
MEN00010589,ALU00883,2026-05-01,2026-05-10,2026-05-10,1897.52,Pago,202605
MEN00010590,ALU00883,2026-06-01,2026-06-10,2026-06-16,1892.06,Pago,202606
MEN00010591,ALU00883,2026-07-01,2026-07-10,2026-07-09,1873.62,Pago,202607
MEN00010592,ALU00883,2026-08-01,2026-08-10,2026-08-16,1831.15,Pago,202608
MEN00010593,ALU00883,2026-09-01,2026-09-10,,1896.93,Vencido,202609
MEN00010594,ALU00883,2026-10-01,2026-10-10,2026-10-12,1816.54,Pago,202610
MEN00010595,ALU00883,2026-11-01,2026-11-10,2026-11-13,1878.14,Pago,202611
MEN00010596,ALU00883,2026-12-01,2026-12-10,2026-12-09,1828.8,Pago,202612
MEN00010597,ALU00884,2026-01-01,2026-01-10,2026-01-15,1802.51,Pago,202601
MEN00010598,ALU00884,2026-02-01,2026-02-10,2026-02-16,1882.04,Pago,202602
MEN00010599,ALU00884,2026-03-01,2026-03-10,2026-03-11,1889.56,Pago,202603
MEN00010600,ALU00884,2026-04-01,2026-04-10,2026-04-18,1827.67,Pago,202604
MEN00010601,ALU00884,2026-05-01,2026-05-10,2026-05-18,1836.68,Pago,202605
MEN00010602,ALU00884,2026-06-01,2026-06-10,2026-06-12,1807.62,Pago,202606
MEN00010603,ALU00884,2026-07-01,2026-07-10,,1866.27,Em Aberto,202607
MEN00010604,ALU00884,2026-08-01,2026-08-10,2026-08-15,1801.86,Pago,202608
MEN00010605,ALU00884,2026-09-01,2026-09-10,2026-09-14,1855.95,Pago,202609
MEN00010606,ALU00884,2026-10-01,2026-10-10,2026-10-09,1856.2,Pago,202610
MEN00010607,ALU00884,2026-11-01,2026-11-10,2026-11-08,1831.37,Pago,202611
MEN00010608,ALU00884,2026-12-01,2026-12-10,2026-12-12,1845.16,Pago,202612
MEN00010609,ALU00885,2026-01-01,2026-01-10,2026-01-17,1833.94,Pago,202601
MEN00010610,ALU00885,2026-02-01,2026-02-10,2026-02-11,1830.64,Pago,202602
MEN00010611,ALU00885,2026-03-01,2026-03-10,2026-03-13,1840.57,Pago,202603
MEN00010612,ALU00885,2026-04-01,2026-04-10,2026-04-09,1884.07,Pago,202604
MEN00010613,ALU00885,2026-05-01,2026-05-10,2026-05-13,1852.5,Pago,202605
MEN00010614,ALU00885,2026-06-01,2026-06-10,2026-06-11,1863.98,Pago,202606
MEN00010615,ALU00885,2026-07-01,2026-07-10,2026-07-17,1841.88,Pago,202607
MEN00010616,ALU00885,2026-08-01,2026-08-10,2026-08-11,1802.36,Pago,202608
MEN00010617,ALU00885,2026-09-01,2026-09-10,,1843.53,Em Aberto,202609
MEN00010618,ALU00885,2026-10-01,2026-10-10,2026-10-10,1846.51,Pago,202610
MEN00010619,ALU00885,2026-11-01,2026-11-10,2026-11-16,1853.32,Pago,202611
MEN00010620,ALU00885,2026-12-01,2026-12-10,2026-12-15,1846.82,Pago,202612
MEN00010621,ALU00886,2026-01-01,2026-01-10,2026-01-18,1846.41,Pago,202601
MEN00010622,ALU00886,2026-02-01,2026-02-10,2026-02-15,1850.76,Pago,202602
MEN00010623,ALU00886,2026-03-01,2026-03-10,2026-03-11,1892.92,Pago,202603
MEN00010624,ALU00886,2026-04-01,2026-04-10,2026-04-07,1849.65,Pago,202604
MEN00010625,ALU00886,2026-05-01,2026-05-10,,1798.81,Vencido,202605
MEN00010626,ALU00886,2026-06-01,2026-06-10,2026-06-13,1804.47,Pago,202606
MEN00010627,ALU00886,2026-07-01,2026-07-10,,1878.8,Em Aberto,202607
MEN00010628,ALU00886,2026-08-01,2026-08-10,2026-08-08,1877.69,Pago,202608
MEN00010629,ALU00886,2026-09-01,2026-09-10,2026-09-08,1883.66,Pago,202609
MEN00010630,ALU00886,2026-10-01,2026-10-10,2026-10-11,1848.93,Pago,202610
MEN00010631,ALU00886,2026-11-01,2026-11-10,2026-11-15,1872.59,Pago,202611
MEN00010632,ALU00886,2026-12-01,2026-12-10,,1816.0,Em Aberto,202612
MEN00010633,ALU00887,2026-01-01,2026-01-10,2026-01-12,1835.91,Pago,202601
MEN00010634,ALU00887,2026-02-01,2026-02-10,,1895.49,Em Aberto,202602
MEN00010635,ALU00887,2026-03-01,2026-03-10,2026-03-14,1818.18,Pago,202603
MEN00010636,ALU00887,2026-04-01,2026-04-10,2026-04-18,1904.48,Pago,202604
MEN00010637,ALU00887,2026-05-01,2026-05-10,2026-05-08,1855.11,Pago,202605
MEN00010638,ALU00887,2026-06-01,2026-06-10,2026-06-18,1891.72,Pago,202606
MEN00010639,ALU00887,2026-07-01,2026-07-10,2026-07-14,1797.74,Pago,202607
MEN00010640,ALU00887,2026-08-01,2026-08-10,2026-08-09,1796.81,Pago,202608
MEN00010641,ALU00887,2026-09-01,2026-09-10,2026-09-15,1806.87,Pago,202609
MEN00010642,ALU00887,2026-10-01,2026-10-10,2026-10-07,1802.94,Pago,202610
MEN00010643,ALU00887,2026-11-01,2026-11-10,2026-11-11,1880.89,Pago,202611
MEN00010644,ALU00887,2026-12-01,2026-12-10,2026-12-08,1865.06,Pago,202612
MEN00010645,ALU00888,2026-01-01,2026-01-10,,1857.23,Vencido,202601
MEN00010646,ALU00888,2026-02-01,2026-02-10,2026-02-07,1891.72,Pago,202602
MEN00010647,ALU00888,2026-03-01,2026-03-10,2026-03-08,1825.75,Pago,202603
MEN00010648,ALU00888,2026-04-01,2026-04-10,2026-04-17,1859.39,Pago,202604
MEN00010649,ALU00888,2026-05-01,2026-05-10,2026-05-07,1898.42,Pago,202605
MEN00010650,ALU00888,2026-06-01,2026-06-10,2026-06-18,1814.78,Pago,202606
MEN00010651,ALU00888,2026-07-01,2026-07-10,,1817.65,Vencido,202607
MEN00010652,ALU00888,2026-08-01,2026-08-10,,1857.09,Em Aberto,202608
MEN00010653,ALU00888,2026-09-01,2026-09-10,2026-09-15,1835.87,Pago,202609
MEN00010654,ALU00888,2026-10-01,2026-10-10,2026-10-09,1809.87,Pago,202610
MEN00010655,ALU00888,2026-11-01,2026-11-10,,1830.85,Em Aberto,202611
MEN00010656,ALU00888,2026-12-01,2026-12-10,2026-12-18,1830.65,Pago,202612
MEN00010657,ALU00889,2026-01-01,2026-01-10,2026-01-15,1840.47,Pago,202601
MEN00010658,ALU00889,2026-02-01,2026-02-10,2026-02-14,1882.75,Pago,202602
MEN00010659,ALU00889,2026-03-01,2026-03-10,2026-03-08,1878.19,Pago,202603
MEN00010660,ALU00889,2026-04-01,2026-04-10,2026-04-13,1882.36,Pago,202604
MEN00010661,ALU00889,2026-05-01,2026-05-10,,1811.22,Vencido,202605
MEN00010662,ALU00889,2026-06-01,2026-06-10,2026-06-12,1842.37,Pago,202606
MEN00010663,ALU00889,2026-07-01,2026-07-10,2026-07-12,1874.22,Pago,202607
MEN00010664,ALU00889,2026-08-01,2026-08-10,,1862.11,Vencido,202608
MEN00010665,ALU00889,2026-09-01,2026-09-10,2026-09-08,1835.09,Pago,202609
MEN00010666,ALU00889,2026-10-01,2026-10-10,2026-10-15,1898.74,Pago,202610
MEN00010667,ALU00889,2026-11-01,2026-11-10,2026-11-12,1860.12,Pago,202611
MEN00010668,ALU00889,2026-12-01,2026-12-10,,1833.42,Em Aberto,202612
MEN00010669,ALU00890,2026-01-01,2026-01-10,,1863.54,Vencido,202601
MEN00010670,ALU00890,2026-02-01,2026-02-10,2026-02-15,1839.18,Pago,202602
MEN00010671,ALU00890,2026-03-01,2026-03-10,,1826.81,Em Aberto,202603
MEN00010672,ALU00890,2026-04-01,2026-04-10,2026-04-11,1814.72,Pago,202604
MEN00010673,ALU00890,2026-05-01,2026-05-10,,1903.33,Vencido,202605
MEN00010674,ALU00890,2026-06-01,2026-06-10,2026-06-15,1903.33,Pago,202606
MEN00010675,ALU00890,2026-07-01,2026-07-10,2026-07-13,1850.51,Pago,202607
MEN00010676,ALU00890,2026-08-01,2026-08-10,2026-08-09,1868.19,Pago,202608
MEN00010677,ALU00890,2026-09-01,2026-09-10,,1842.01,Vencido,202609
MEN00010678,ALU00890,2026-10-01,2026-10-10,2026-10-12,1830.83,Pago,202610
MEN00010679,ALU00890,2026-11-01,2026-11-10,2026-11-12,1892.6,Pago,202611
MEN00010680,ALU00890,2026-12-01,2026-12-10,2026-12-08,1828.42,Pago,202612
MEN00010681,ALU00891,2026-01-01,2026-01-10,2026-01-13,1896.75,Pago,202601
MEN00010682,ALU00891,2026-02-01,2026-02-10,2026-02-07,1803.61,Pago,202602
MEN00010683,ALU00891,2026-03-01,2026-03-10,2026-03-17,1898.27,Pago,202603
MEN00010684,ALU00891,2026-04-01,2026-04-10,,1843.89,Vencido,202604
MEN00010685,ALU00891,2026-05-01,2026-05-10,2026-05-07,1870.43,Pago,202605
MEN00010686,ALU00891,2026-06-01,2026-06-10,2026-06-11,1845.77,Pago,202606
MEN00010687,ALU00891,2026-07-01,2026-07-10,2026-07-14,1802.51,Pago,202607
MEN00010688,ALU00891,2026-08-01,2026-08-10,,1796.84,Em Aberto,202608
MEN00010689,ALU00891,2026-09-01,2026-09-10,2026-09-09,1846.36,Pago,202609
MEN00010690,ALU00891,2026-10-01,2026-10-10,2026-10-15,1888.08,Pago,202610
MEN00010691,ALU00891,2026-11-01,2026-11-10,,1810.07,Em Aberto,202611
MEN00010692,ALU00891,2026-12-01,2026-12-10,2026-12-15,1816.94,Pago,202612
MEN00010693,ALU00892,2026-01-01,2026-01-10,2026-01-12,1874.59,Pago,202601
MEN00010694,ALU00892,2026-02-01,2026-02-10,2026-02-11,1885.15,Pago,202602
MEN00010695,ALU00892,2026-03-01,2026-03-10,2026-03-14,1851.68,Pago,202603
MEN00010696,ALU00892,2026-04-01,2026-04-10,,1897.97,Em Aberto,202604
MEN00010697,ALU00892,2026-05-01,2026-05-10,2026-05-13,1843.98,Pago,202605
MEN00010698,ALU00892,2026-06-01,2026-06-10,,1836.09,Em Aberto,202606
MEN00010699,ALU00892,2026-07-01,2026-07-10,,1894.02,Vencido,202607
MEN00010700,ALU00892,2026-08-01,2026-08-10,2026-08-09,1875.61,Pago,202608
MEN00010701,ALU00892,2026-09-01,2026-09-10,2026-09-07,1817.64,Pago,202609
MEN00010702,ALU00892,2026-10-01,2026-10-10,2026-10-12,1810.55,Pago,202610
MEN00010703,ALU00892,2026-11-01,2026-11-10,2026-11-10,1859.03,Pago,202611
MEN00010704,ALU00892,2026-12-01,2026-12-10,2026-12-07,1807.98,Pago,202612
MEN00010705,ALU00893,2026-01-01,2026-01-10,2026-01-18,1825.79,Pago,202601
MEN00010706,ALU00893,2026-02-01,2026-02-10,,1809.24,Vencido,202602
MEN00010707,ALU00893,2026-03-01,2026-03-10,2026-03-13,1802.64,Pago,202603
MEN00010708,ALU00893,2026-04-01,2026-04-10,2026-04-15,1892.26,Pago,202604
MEN00010709,ALU00893,2026-05-01,2026-05-10,2026-05-07,1806.75,Pago,202605
MEN00010710,ALU00893,2026-06-01,2026-06-10,2026-06-15,1884.48,Pago,202606
MEN00010711,ALU00893,2026-07-01,2026-07-10,2026-07-17,1799.23,Pago,202607
MEN00010712,ALU00893,2026-08-01,2026-08-10,2026-08-08,1807.21,Pago,202608
MEN00010713,ALU00893,2026-09-01,2026-09-10,2026-09-12,1809.23,Pago,202609
MEN00010714,ALU00893,2026-10-01,2026-10-10,2026-10-09,1825.22,Pago,202610
MEN00010715,ALU00893,2026-11-01,2026-11-10,2026-11-13,1872.18,Pago,202611
MEN00010716,ALU00893,2026-12-01,2026-12-10,2026-12-15,1863.4,Pago,202612
MEN00010717,ALU00894,2026-01-01,2026-01-10,2026-01-07,1870.67,Pago,202601
MEN00010718,ALU00894,2026-02-01,2026-02-10,2026-02-16,1882.77,Pago,202602
MEN00010719,ALU00894,2026-03-01,2026-03-10,2026-03-15,1872.55,Pago,202603
MEN00010720,ALU00894,2026-04-01,2026-04-10,,1893.82,Em Aberto,202604
MEN00010721,ALU00894,2026-05-01,2026-05-10,,1836.59,Em Aberto,202605
MEN00010722,ALU00894,2026-06-01,2026-06-10,2026-06-08,1891.46,Pago,202606
MEN00010723,ALU00894,2026-07-01,2026-07-10,2026-07-13,1848.86,Pago,202607
MEN00010724,ALU00894,2026-08-01,2026-08-10,2026-08-14,1821.36,Pago,202608
MEN00010725,ALU00894,2026-09-01,2026-09-10,2026-09-08,1858.0,Pago,202609
MEN00010726,ALU00894,2026-10-01,2026-10-10,2026-10-07,1820.78,Pago,202610
MEN00010727,ALU00894,2026-11-01,2026-11-10,2026-11-15,1802.99,Pago,202611
MEN00010728,ALU00894,2026-12-01,2026-12-10,,1813.19,Vencido,202612
MEN00010729,ALU00895,2026-01-01,2026-01-10,2026-01-11,1819.33,Pago,202601
MEN00010730,ALU00895,2026-02-01,2026-02-10,2026-02-07,1809.83,Pago,202602
MEN00010731,ALU00895,2026-03-01,2026-03-10,,1900.98,Em Aberto,202603
MEN00010732,ALU00895,2026-04-01,2026-04-10,,1814.76,Em Aberto,202604
MEN00010733,ALU00895,2026-05-01,2026-05-10,2026-05-17,1851.03,Pago,202605
MEN00010734,ALU00895,2026-06-01,2026-06-10,2026-06-13,1902.65,Pago,202606
MEN00010735,ALU00895,2026-07-01,2026-07-10,2026-07-14,1843.99,Pago,202607
MEN00010736,ALU00895,2026-08-01,2026-08-10,2026-08-09,1795.64,Pago,202608
MEN00010737,ALU00895,2026-09-01,2026-09-10,2026-09-08,1860.48,Pago,202609
MEN00010738,ALU00895,2026-10-01,2026-10-10,2026-10-18,1884.74,Pago,202610
MEN00010739,ALU00895,2026-11-01,2026-11-10,2026-11-11,1874.55,Pago,202611
MEN00010740,ALU00895,2026-12-01,2026-12-10,,1862.63,Vencido,202612
MEN00010741,ALU00896,2026-01-01,2026-01-10,,1863.83,Vencido,202601
MEN00010742,ALU00896,2026-02-01,2026-02-10,2026-02-09,1855.81,Pago,202602
MEN00010743,ALU00896,2026-03-01,2026-03-10,,1801.04,Vencido,202603
MEN00010744,ALU00896,2026-04-01,2026-04-10,,1841.14,Em Aberto,202604
MEN00010745,ALU00896,2026-05-01,2026-05-10,,1878.92,Em Aberto,202605
MEN00010746,ALU00896,2026-06-01,2026-06-10,2026-06-13,1819.68,Pago,202606
MEN00010747,ALU00896,2026-07-01,2026-07-10,2026-07-10,1817.75,Pago,202607
MEN00010748,ALU00896,2026-08-01,2026-08-10,2026-08-09,1855.22,Pago,202608
MEN00010749,ALU00896,2026-09-01,2026-09-10,2026-09-08,1899.21,Pago,202609
MEN00010750,ALU00896,2026-10-01,2026-10-10,2026-10-12,1879.69,Pago,202610
MEN00010751,ALU00896,2026-11-01,2026-11-10,2026-11-14,1904.0,Pago,202611
MEN00010752,ALU00896,2026-12-01,2026-12-10,2026-12-07,1832.61,Pago,202612
MEN00010753,ALU00897,2026-01-01,2026-01-10,,1836.46,Em Aberto,202601
MEN00010754,ALU00897,2026-02-01,2026-02-10,,1814.83,Vencido,202602
MEN00010755,ALU00897,2026-03-01,2026-03-10,2026-03-07,1879.73,Pago,202603
MEN00010756,ALU00897,2026-04-01,2026-04-10,2026-04-12,1904.87,Pago,202604
MEN00010757,ALU00897,2026-05-01,2026-05-10,,1865.74,Vencido,202605
MEN00010758,ALU00897,2026-06-01,2026-06-10,2026-06-18,1827.34,Pago,202606
MEN00010759,ALU00897,2026-07-01,2026-07-10,2026-07-14,1900.59,Pago,202607
MEN00010760,ALU00897,2026-08-01,2026-08-10,2026-08-13,1810.13,Pago,202608
MEN00010761,ALU00897,2026-09-01,2026-09-10,2026-09-12,1871.73,Pago,202609
MEN00010762,ALU00897,2026-10-01,2026-10-10,2026-10-12,1820.7,Pago,202610
MEN00010763,ALU00897,2026-11-01,2026-11-10,2026-11-16,1836.64,Pago,202611
MEN00010764,ALU00897,2026-12-01,2026-12-10,2026-12-11,1845.73,Pago,202612
MEN00010765,ALU00898,2026-01-01,2026-01-10,,1888.73,Em Aberto,202601
MEN00010766,ALU00898,2026-02-01,2026-02-10,2026-02-14,1904.44,Pago,202602
MEN00010767,ALU00898,2026-03-01,2026-03-10,2026-03-13,1883.48,Pago,202603
MEN00010768,ALU00898,2026-04-01,2026-04-10,2026-04-10,1819.5,Pago,202604
MEN00010769,ALU00898,2026-05-01,2026-05-10,,1844.88,Em Aberto,202605
MEN00010770,ALU00898,2026-06-01,2026-06-10,2026-06-17,1863.42,Pago,202606
MEN00010771,ALU00898,2026-07-01,2026-07-10,2026-07-14,1855.62,Pago,202607
MEN00010772,ALU00898,2026-08-01,2026-08-10,,1843.69,Em Aberto,202608
MEN00010773,ALU00898,2026-09-01,2026-09-10,2026-09-10,1888.52,Pago,202609
MEN00010774,ALU00898,2026-10-01,2026-10-10,2026-10-12,1861.58,Pago,202610
MEN00010775,ALU00898,2026-11-01,2026-11-10,2026-11-12,1805.29,Pago,202611
MEN00010776,ALU00898,2026-12-01,2026-12-10,2026-12-16,1794.89,Pago,202612
MEN00010777,ALU00899,2026-01-01,2026-01-10,2026-01-11,1854.81,Pago,202601
MEN00010778,ALU00899,2026-02-01,2026-02-10,2026-02-16,1794.74,Pago,202602
MEN00010779,ALU00899,2026-03-01,2026-03-10,,1870.53,Em Aberto,202603
MEN00010780,ALU00899,2026-04-01,2026-04-10,2026-04-09,1838.27,Pago,202604
MEN00010781,ALU00899,2026-05-01,2026-05-10,2026-05-08,1855.14,Pago,202605
MEN00010782,ALU00899,2026-06-01,2026-06-10,2026-06-07,1891.1,Pago,202606
MEN00010783,ALU00899,2026-07-01,2026-07-10,2026-07-11,1878.19,Pago,202607
MEN00010784,ALU00899,2026-08-01,2026-08-10,2026-08-18,1832.3,Pago,202608
MEN00010785,ALU00899,2026-09-01,2026-09-10,,1892.31,Em Aberto,202609
MEN00010786,ALU00899,2026-10-01,2026-10-10,2026-10-16,1848.48,Pago,202610
MEN00010787,ALU00899,2026-11-01,2026-11-10,2026-11-13,1872.4,Pago,202611
MEN00010788,ALU00899,2026-12-01,2026-12-10,2026-12-11,1817.78,Pago,202612
MEN00010789,ALU00900,2026-01-01,2026-01-10,2026-01-07,1828.4,Pago,202601
MEN00010790,ALU00900,2026-02-01,2026-02-10,2026-02-08,1875.75,Pago,202602
MEN00010791,ALU00900,2026-03-01,2026-03-10,2026-03-16,1794.54,Pago,202603
MEN00010792,ALU00900,2026-04-01,2026-04-10,2026-04-11,1798.08,Pago,202604
MEN00010793,ALU00900,2026-05-01,2026-05-10,2026-05-17,1848.03,Pago,202605
MEN00010794,ALU00900,2026-06-01,2026-06-10,2026-06-09,1896.11,Pago,202606
MEN00010795,ALU00900,2026-07-01,2026-07-10,2026-07-08,1859.36,Pago,202607
MEN00010796,ALU00900,2026-08-01,2026-08-10,2026-08-16,1837.91,Pago,202608
MEN00010797,ALU00900,2026-09-01,2026-09-10,,1884.71,Vencido,202609
MEN00010798,ALU00900,2026-10-01,2026-10-10,2026-10-09,1856.74,Pago,202610
MEN00010799,ALU00900,2026-11-01,2026-11-10,,1797.83,Vencido,202611
MEN00010800,ALU00900,2026-12-01,2026-12-10,2026-12-10,1845.37,Pago,202612
MEN00010801,ALU00901,2026-01-01,2026-01-10,2026-01-07,1854.08,Pago,202601
MEN00010802,ALU00901,2026-02-01,2026-02-10,2026-02-10,1800.84,Pago,202602
MEN00010803,ALU00901,2026-03-01,2026-03-10,2026-03-14,1892.74,Pago,202603
MEN00010804,ALU00901,2026-04-01,2026-04-10,2026-04-13,1798.76,Pago,202604
MEN00010805,ALU00901,2026-05-01,2026-05-10,2026-05-08,1836.84,Pago,202605
MEN00010806,ALU00901,2026-06-01,2026-06-10,2026-06-12,1844.24,Pago,202606
MEN00010807,ALU00901,2026-07-01,2026-07-10,2026-07-07,1888.76,Pago,202607
MEN00010808,ALU00901,2026-08-01,2026-08-10,2026-08-15,1823.79,Pago,202608
MEN00010809,ALU00901,2026-09-01,2026-09-10,,1841.07,Em Aberto,202609
MEN00010810,ALU00901,2026-10-01,2026-10-10,2026-10-07,1878.94,Pago,202610
MEN00010811,ALU00901,2026-11-01,2026-11-10,2026-11-13,1807.7,Pago,202611
MEN00010812,ALU00901,2026-12-01,2026-12-10,2026-12-16,1808.9,Pago,202612
MEN00010813,ALU00902,2026-01-01,2026-01-10,2026-01-09,1879.93,Pago,202601
MEN00010814,ALU00902,2026-02-01,2026-02-10,2026-02-08,1872.35,Pago,202602
MEN00010815,ALU00902,2026-03-01,2026-03-10,2026-03-10,1882.08,Pago,202603
MEN00010816,ALU00902,2026-04-01,2026-04-10,2026-04-07,1842.55,Pago,202604
MEN00010817,ALU00902,2026-05-01,2026-05-10,,1828.21,Vencido,202605
MEN00010818,ALU00902,2026-06-01,2026-06-10,2026-06-13,1856.59,Pago,202606
MEN00010819,ALU00902,2026-07-01,2026-07-10,2026-07-07,1893.17,Pago,202607
MEN00010820,ALU00902,2026-08-01,2026-08-10,2026-08-15,1893.05,Pago,202608
MEN00010821,ALU00902,2026-09-01,2026-09-10,2026-09-12,1845.45,Pago,202609
MEN00010822,ALU00902,2026-10-01,2026-10-10,2026-10-18,1902.2,Pago,202610
MEN00010823,ALU00902,2026-11-01,2026-11-10,2026-11-13,1901.4,Pago,202611
MEN00010824,ALU00902,2026-12-01,2026-12-10,2026-12-07,1872.9,Pago,202612
MEN00010825,ALU00903,2026-01-01,2026-01-10,2026-01-14,1842.07,Pago,202601
MEN00010826,ALU00903,2026-02-01,2026-02-10,2026-02-16,1800.8,Pago,202602
MEN00010827,ALU00903,2026-03-01,2026-03-10,2026-03-10,1836.35,Pago,202603
MEN00010828,ALU00903,2026-04-01,2026-04-10,,1813.02,Vencido,202604
MEN00010829,ALU00903,2026-05-01,2026-05-10,2026-05-13,1873.59,Pago,202605
MEN00010830,ALU00903,2026-06-01,2026-06-10,2026-06-13,1856.89,Pago,202606
MEN00010831,ALU00903,2026-07-01,2026-07-10,2026-07-11,1877.59,Pago,202607
MEN00010832,ALU00903,2026-08-01,2026-08-10,2026-08-16,1842.03,Pago,202608
MEN00010833,ALU00903,2026-09-01,2026-09-10,2026-09-17,1830.8,Pago,202609
MEN00010834,ALU00903,2026-10-01,2026-10-10,2026-10-12,1864.78,Pago,202610
MEN00010835,ALU00903,2026-11-01,2026-11-10,2026-11-15,1816.19,Pago,202611
MEN00010836,ALU00903,2026-12-01,2026-12-10,2026-12-12,1839.69,Pago,202612
MEN00010837,ALU00904,2026-01-01,2026-01-10,,1898.35,Em Aberto,202601
MEN00010838,ALU00904,2026-02-01,2026-02-10,2026-02-09,1843.13,Pago,202602
MEN00010839,ALU00904,2026-03-01,2026-03-10,2026-03-18,1838.17,Pago,202603
MEN00010840,ALU00904,2026-04-01,2026-04-10,2026-04-07,1874.85,Pago,202604
MEN00010841,ALU00904,2026-05-01,2026-05-10,2026-05-09,1812.09,Pago,202605
MEN00010842,ALU00904,2026-06-01,2026-06-10,,1821.45,Vencido,202606
MEN00010843,ALU00904,2026-07-01,2026-07-10,2026-07-14,1860.68,Pago,202607
MEN00010844,ALU00904,2026-08-01,2026-08-10,2026-08-12,1845.74,Pago,202608
MEN00010845,ALU00904,2026-09-01,2026-09-10,2026-09-14,1838.77,Pago,202609
MEN00010846,ALU00904,2026-10-01,2026-10-10,2026-10-09,1877.37,Pago,202610
MEN00010847,ALU00904,2026-11-01,2026-11-10,,1856.57,Vencido,202611
MEN00010848,ALU00904,2026-12-01,2026-12-10,2026-12-11,1797.6,Pago,202612
MEN00010849,ALU00905,2026-01-01,2026-01-10,2026-01-11,1798.91,Pago,202601
MEN00010850,ALU00905,2026-02-01,2026-02-10,2026-02-08,1894.75,Pago,202602
MEN00010851,ALU00905,2026-03-01,2026-03-10,2026-03-12,1812.63,Pago,202603
MEN00010852,ALU00905,2026-04-01,2026-04-10,2026-04-10,1832.02,Pago,202604
MEN00010853,ALU00905,2026-05-01,2026-05-10,2026-05-11,1845.46,Pago,202605
MEN00010854,ALU00905,2026-06-01,2026-06-10,2026-06-13,1844.99,Pago,202606
MEN00010855,ALU00905,2026-07-01,2026-07-10,,1817.02,Vencido,202607
MEN00010856,ALU00905,2026-08-01,2026-08-10,2026-08-09,1853.5,Pago,202608
MEN00010857,ALU00905,2026-09-01,2026-09-10,2026-09-10,1819.48,Pago,202609
MEN00010858,ALU00905,2026-10-01,2026-10-10,2026-10-08,1811.88,Pago,202610
MEN00010859,ALU00905,2026-11-01,2026-11-10,2026-11-14,1843.74,Pago,202611
MEN00010860,ALU00905,2026-12-01,2026-12-10,2026-12-17,1890.4,Pago,202612
MEN00010861,ALU00906,2026-01-01,2026-01-10,2026-01-10,1809.3,Pago,202601
MEN00010862,ALU00906,2026-02-01,2026-02-10,,1870.62,Em Aberto,202602
MEN00010863,ALU00906,2026-03-01,2026-03-10,2026-03-13,1857.72,Pago,202603
MEN00010864,ALU00906,2026-04-01,2026-04-10,2026-04-12,1813.11,Pago,202604
MEN00010865,ALU00906,2026-05-01,2026-05-10,2026-05-12,1861.83,Pago,202605
MEN00010866,ALU00906,2026-06-01,2026-06-10,2026-06-10,1837.66,Pago,202606
MEN00010867,ALU00906,2026-07-01,2026-07-10,2026-07-17,1814.48,Pago,202607
MEN00010868,ALU00906,2026-08-01,2026-08-10,,1898.07,Vencido,202608
MEN00010869,ALU00906,2026-09-01,2026-09-10,2026-09-17,1855.86,Pago,202609
MEN00010870,ALU00906,2026-10-01,2026-10-10,2026-10-14,1902.53,Pago,202610
MEN00010871,ALU00906,2026-11-01,2026-11-10,2026-11-18,1819.49,Pago,202611
MEN00010872,ALU00906,2026-12-01,2026-12-10,,1897.63,Em Aberto,202612
MEN00010873,ALU00907,2026-01-01,2026-01-10,2026-01-11,1883.82,Pago,202601
MEN00010874,ALU00907,2026-02-01,2026-02-10,,1859.73,Em Aberto,202602
MEN00010875,ALU00907,2026-03-01,2026-03-10,2026-03-13,1883.75,Pago,202603
MEN00010876,ALU00907,2026-04-01,2026-04-10,2026-04-08,1893.62,Pago,202604
MEN00010877,ALU00907,2026-05-01,2026-05-10,2026-05-14,1887.18,Pago,202605
MEN00010878,ALU00907,2026-06-01,2026-06-10,2026-06-08,1806.75,Pago,202606
MEN00010879,ALU00907,2026-07-01,2026-07-10,,1904.34,Em Aberto,202607
MEN00010880,ALU00907,2026-08-01,2026-08-10,2026-08-09,1821.4,Pago,202608
MEN00010881,ALU00907,2026-09-01,2026-09-10,,1901.56,Em Aberto,202609
MEN00010882,ALU00907,2026-10-01,2026-10-10,2026-10-11,1796.55,Pago,202610
MEN00010883,ALU00907,2026-11-01,2026-11-10,2026-11-16,1836.49,Pago,202611
MEN00010884,ALU00907,2026-12-01,2026-12-10,2026-12-16,1842.87,Pago,202612
MEN00010885,ALU00908,2026-01-01,2026-01-10,2026-01-14,1890.81,Pago,202601
MEN00010886,ALU00908,2026-02-01,2026-02-10,2026-02-12,1805.74,Pago,202602
MEN00010887,ALU00908,2026-03-01,2026-03-10,2026-03-10,1881.39,Pago,202603
MEN00010888,ALU00908,2026-04-01,2026-04-10,2026-04-10,1882.71,Pago,202604
MEN00010889,ALU00908,2026-05-01,2026-05-10,2026-05-07,1816.64,Pago,202605
MEN00010890,ALU00908,2026-06-01,2026-06-10,2026-06-13,1831.53,Pago,202606
MEN00010891,ALU00908,2026-07-01,2026-07-10,2026-07-18,1825.95,Pago,202607
MEN00010892,ALU00908,2026-08-01,2026-08-10,,1904.06,Vencido,202608
MEN00010893,ALU00908,2026-09-01,2026-09-10,,1816.47,Vencido,202609
MEN00010894,ALU00908,2026-10-01,2026-10-10,2026-10-09,1871.42,Pago,202610
MEN00010895,ALU00908,2026-11-01,2026-11-10,2026-11-15,1888.96,Pago,202611
MEN00010896,ALU00908,2026-12-01,2026-12-10,,1846.71,Em Aberto,202612
MEN00010897,ALU00909,2026-01-01,2026-01-10,,2160.89,Vencido,202601
MEN00010898,ALU00909,2026-02-01,2026-02-10,2026-02-07,2051.68,Pago,202602
MEN00010899,ALU00909,2026-03-01,2026-03-10,,2120.12,Vencido,202603
MEN00010900,ALU00909,2026-04-01,2026-04-10,2026-04-14,2143.77,Pago,202604
MEN00010901,ALU00909,2026-05-01,2026-05-10,2026-05-09,2066.44,Pago,202605
MEN00010902,ALU00909,2026-06-01,2026-06-10,2026-06-15,2043.47,Pago,202606
MEN00010903,ALU00909,2026-07-01,2026-07-10,2026-07-12,2048.78,Pago,202607
MEN00010904,ALU00909,2026-08-01,2026-08-10,2026-08-11,2050.3,Pago,202608
MEN00010905,ALU00909,2026-09-01,2026-09-10,2026-09-12,2046.57,Pago,202609
MEN00010906,ALU00909,2026-10-01,2026-10-10,2026-10-10,2159.77,Pago,202610
MEN00010907,ALU00909,2026-11-01,2026-11-10,2026-11-15,2044.17,Pago,202611
MEN00010908,ALU00909,2026-12-01,2026-12-10,,2124.23,Em Aberto,202612
MEN00010909,ALU00910,2026-01-01,2026-01-10,2026-01-13,2048.26,Pago,202601
MEN00010910,ALU00910,2026-02-01,2026-02-10,2026-02-07,2046.1,Pago,202602
MEN00010911,ALU00910,2026-03-01,2026-03-10,2026-03-13,2121.95,Pago,202603
MEN00010912,ALU00910,2026-04-01,2026-04-10,2026-04-14,2058.57,Pago,202604
MEN00010913,ALU00910,2026-05-01,2026-05-10,2026-05-16,2065.73,Pago,202605
MEN00010914,ALU00910,2026-06-01,2026-06-10,2026-06-08,2126.53,Pago,202606
MEN00010915,ALU00910,2026-07-01,2026-07-10,2026-07-17,2075.37,Pago,202607
MEN00010916,ALU00910,2026-08-01,2026-08-10,,2156.47,Vencido,202608
MEN00010917,ALU00910,2026-09-01,2026-09-10,2026-09-08,2087.94,Pago,202609
MEN00010918,ALU00910,2026-10-01,2026-10-10,2026-10-14,2071.38,Pago,202610
MEN00010919,ALU00910,2026-11-01,2026-11-10,2026-11-07,2132.83,Pago,202611
MEN00010920,ALU00910,2026-12-01,2026-12-10,2026-12-09,2158.51,Pago,202612
MEN00010921,ALU00911,2026-01-01,2026-01-10,2026-01-12,2156.85,Pago,202601
MEN00010922,ALU00911,2026-02-01,2026-02-10,2026-02-17,2062.35,Pago,202602
MEN00010923,ALU00911,2026-03-01,2026-03-10,2026-03-09,2073.27,Pago,202603
MEN00010924,ALU00911,2026-04-01,2026-04-10,2026-04-15,2111.66,Pago,202604
MEN00010925,ALU00911,2026-05-01,2026-05-10,2026-05-10,2134.06,Pago,202605
MEN00010926,ALU00911,2026-06-01,2026-06-10,2026-06-10,2159.11,Pago,202606
MEN00010927,ALU00911,2026-07-01,2026-07-10,,2072.17,Vencido,202607
MEN00010928,ALU00911,2026-08-01,2026-08-10,2026-08-15,2068.11,Pago,202608
MEN00010929,ALU00911,2026-09-01,2026-09-10,2026-09-11,2147.89,Pago,202609
MEN00010930,ALU00911,2026-10-01,2026-10-10,2026-10-13,2109.38,Pago,202610
MEN00010931,ALU00911,2026-11-01,2026-11-10,2026-11-12,2077.14,Pago,202611
MEN00010932,ALU00911,2026-12-01,2026-12-10,2026-12-09,2058.01,Pago,202612
MEN00010933,ALU00912,2026-01-01,2026-01-10,2026-01-17,2058.09,Pago,202601
MEN00010934,ALU00912,2026-02-01,2026-02-10,2026-02-18,2133.53,Pago,202602
MEN00010935,ALU00912,2026-03-01,2026-03-10,2026-03-10,2124.98,Pago,202603
MEN00010936,ALU00912,2026-04-01,2026-04-10,2026-04-15,2119.77,Pago,202604
MEN00010937,ALU00912,2026-05-01,2026-05-10,2026-05-07,2100.76,Pago,202605
MEN00010938,ALU00912,2026-06-01,2026-06-10,2026-06-08,2135.12,Pago,202606
MEN00010939,ALU00912,2026-07-01,2026-07-10,2026-07-12,2158.14,Pago,202607
MEN00010940,ALU00912,2026-08-01,2026-08-10,2026-08-17,2079.5,Pago,202608
MEN00010941,ALU00912,2026-09-01,2026-09-10,2026-09-08,2053.08,Pago,202609
MEN00010942,ALU00912,2026-10-01,2026-10-10,2026-10-07,2143.05,Pago,202610
MEN00010943,ALU00912,2026-11-01,2026-11-10,2026-11-09,2138.03,Pago,202611
MEN00010944,ALU00912,2026-12-01,2026-12-10,,2143.23,Vencido,202612
MEN00010945,ALU00913,2026-01-01,2026-01-10,2026-01-15,2113.95,Pago,202601
MEN00010946,ALU00913,2026-02-01,2026-02-10,2026-02-14,2065.62,Pago,202602
MEN00010947,ALU00913,2026-03-01,2026-03-10,,2038.71,Vencido,202603
MEN00010948,ALU00913,2026-04-01,2026-04-10,,2158.08,Vencido,202604
MEN00010949,ALU00913,2026-05-01,2026-05-10,,2056.37,Em Aberto,202605
MEN00010950,ALU00913,2026-06-01,2026-06-10,2026-06-07,2119.09,Pago,202606
MEN00010951,ALU00913,2026-07-01,2026-07-10,2026-07-09,2084.2,Pago,202607
MEN00010952,ALU00913,2026-08-01,2026-08-10,2026-08-15,2050.45,Pago,202608
MEN00010953,ALU00913,2026-09-01,2026-09-10,2026-09-08,2062.36,Pago,202609
MEN00010954,ALU00913,2026-10-01,2026-10-10,2026-10-15,2083.63,Pago,202610
MEN00010955,ALU00913,2026-11-01,2026-11-10,2026-11-14,2120.43,Pago,202611
MEN00010956,ALU00913,2026-12-01,2026-12-10,2026-12-13,2077.06,Pago,202612
MEN00010957,ALU00914,2026-01-01,2026-01-10,2026-01-13,2153.48,Pago,202601
MEN00010958,ALU00914,2026-02-01,2026-02-10,,2161.11,Vencido,202602
MEN00010959,ALU00914,2026-03-01,2026-03-10,2026-03-13,2099.59,Pago,202603
MEN00010960,ALU00914,2026-04-01,2026-04-10,,2130.61,Em Aberto,202604
MEN00010961,ALU00914,2026-05-01,2026-05-10,2026-05-07,2125.12,Pago,202605
MEN00010962,ALU00914,2026-06-01,2026-06-10,2026-06-17,2109.85,Pago,202606
MEN00010963,ALU00914,2026-07-01,2026-07-10,2026-07-18,2041.84,Pago,202607
MEN00010964,ALU00914,2026-08-01,2026-08-10,2026-08-15,2132.89,Pago,202608
MEN00010965,ALU00914,2026-09-01,2026-09-10,2026-09-09,2085.44,Pago,202609
MEN00010966,ALU00914,2026-10-01,2026-10-10,2026-10-07,2079.63,Pago,202610
MEN00010967,ALU00914,2026-11-01,2026-11-10,2026-11-15,2103.15,Pago,202611
MEN00010968,ALU00914,2026-12-01,2026-12-10,2026-12-14,2041.59,Pago,202612
MEN00010969,ALU00915,2026-01-01,2026-01-10,2026-01-15,2100.53,Pago,202601
MEN00010970,ALU00915,2026-02-01,2026-02-10,2026-02-07,2098.96,Pago,202602
MEN00010971,ALU00915,2026-03-01,2026-03-10,2026-03-07,2121.05,Pago,202603
MEN00010972,ALU00915,2026-04-01,2026-04-10,2026-04-16,2052.19,Pago,202604
MEN00010973,ALU00915,2026-05-01,2026-05-10,2026-05-11,2082.56,Pago,202605
MEN00010974,ALU00915,2026-06-01,2026-06-10,2026-06-17,2037.78,Pago,202606
MEN00010975,ALU00915,2026-07-01,2026-07-10,2026-07-12,2040.47,Pago,202607
MEN00010976,ALU00915,2026-08-01,2026-08-10,2026-08-07,2041.3,Pago,202608
MEN00010977,ALU00915,2026-09-01,2026-09-10,2026-09-07,2155.74,Pago,202609
MEN00010978,ALU00915,2026-10-01,2026-10-10,2026-10-12,2143.33,Pago,202610
MEN00010979,ALU00915,2026-11-01,2026-11-10,2026-11-10,2081.61,Pago,202611
MEN00010980,ALU00915,2026-12-01,2026-12-10,2026-12-16,2157.5,Pago,202612
MEN00010981,ALU00916,2026-01-01,2026-01-10,2026-01-10,2057.14,Pago,202601
MEN00010982,ALU00916,2026-02-01,2026-02-10,2026-02-10,2119.7,Pago,202602
MEN00010983,ALU00916,2026-03-01,2026-03-10,2026-03-12,2148.2,Pago,202603
MEN00010984,ALU00916,2026-04-01,2026-04-10,2026-04-18,2058.29,Pago,202604
MEN00010985,ALU00916,2026-05-01,2026-05-10,2026-05-14,2115.32,Pago,202605
MEN00010986,ALU00916,2026-06-01,2026-06-10,,2071.96,Vencido,202606
MEN00010987,ALU00916,2026-07-01,2026-07-10,2026-07-12,2045.2,Pago,202607
MEN00010988,ALU00916,2026-08-01,2026-08-10,2026-08-11,2117.7,Pago,202608
MEN00010989,ALU00916,2026-09-01,2026-09-10,,2156.46,Em Aberto,202609
MEN00010990,ALU00916,2026-10-01,2026-10-10,2026-10-17,2138.75,Pago,202610
MEN00010991,ALU00916,2026-11-01,2026-11-10,2026-11-07,2098.97,Pago,202611
MEN00010992,ALU00916,2026-12-01,2026-12-10,2026-12-07,2126.07,Pago,202612
MEN00010993,ALU00917,2026-01-01,2026-01-10,2026-01-15,2070.93,Pago,202601
MEN00010994,ALU00917,2026-02-01,2026-02-10,2026-02-10,2105.57,Pago,202602
MEN00010995,ALU00917,2026-03-01,2026-03-10,2026-03-15,2061.69,Pago,202603
MEN00010996,ALU00917,2026-04-01,2026-04-10,2026-04-11,2069.52,Pago,202604
MEN00010997,ALU00917,2026-05-01,2026-05-10,,2045.06,Vencido,202605
MEN00010998,ALU00917,2026-06-01,2026-06-10,2026-06-15,2108.21,Pago,202606
MEN00010999,ALU00917,2026-07-01,2026-07-10,2026-07-15,2132.28,Pago,202607
MEN00011000,ALU00917,2026-08-01,2026-08-10,2026-08-16,2065.3,Pago,202608
MEN00011001,ALU00917,2026-09-01,2026-09-10,2026-09-12,2152.84,Pago,202609
MEN00011002,ALU00917,2026-10-01,2026-10-10,2026-10-13,2126.91,Pago,202610
MEN00011003,ALU00917,2026-11-01,2026-11-10,2026-11-07,2074.0,Pago,202611
MEN00011004,ALU00917,2026-12-01,2026-12-10,2026-12-07,2103.46,Pago,202612
MEN00011005,ALU00918,2026-01-01,2026-01-10,2026-01-08,2137.49,Pago,202601
MEN00011006,ALU00918,2026-02-01,2026-02-10,,2118.45,Em Aberto,202602
MEN00011007,ALU00918,2026-03-01,2026-03-10,2026-03-16,2129.88,Pago,202603
MEN00011008,ALU00918,2026-04-01,2026-04-10,,2044.79,Em Aberto,202604
MEN00011009,ALU00918,2026-05-01,2026-05-10,,2149.24,Vencido,202605
MEN00011010,ALU00918,2026-06-01,2026-06-10,2026-06-08,2077.97,Pago,202606
MEN00011011,ALU00918,2026-07-01,2026-07-10,2026-07-12,2101.84,Pago,202607
MEN00011012,ALU00918,2026-08-01,2026-08-10,,2103.57,Em Aberto,202608
MEN00011013,ALU00918,2026-09-01,2026-09-10,2026-09-17,2108.9,Pago,202609
MEN00011014,ALU00918,2026-10-01,2026-10-10,2026-10-07,2056.7,Pago,202610
MEN00011015,ALU00918,2026-11-01,2026-11-10,2026-11-07,2072.88,Pago,202611
MEN00011016,ALU00918,2026-12-01,2026-12-10,2026-12-07,2115.18,Pago,202612
MEN00011017,ALU00919,2026-01-01,2026-01-10,2026-01-11,2113.83,Pago,202601
MEN00011018,ALU00919,2026-02-01,2026-02-10,,2058.88,Em Aberto,202602
MEN00011019,ALU00919,2026-03-01,2026-03-10,2026-03-18,2082.25,Pago,202603
MEN00011020,ALU00919,2026-04-01,2026-04-10,2026-04-07,2121.58,Pago,202604
MEN00011021,ALU00919,2026-05-01,2026-05-10,2026-05-12,2162.19,Pago,202605
MEN00011022,ALU00919,2026-06-01,2026-06-10,,2056.94,Vencido,202606
MEN00011023,ALU00919,2026-07-01,2026-07-10,2026-07-14,2097.37,Pago,202607
MEN00011024,ALU00919,2026-08-01,2026-08-10,2026-08-11,2125.83,Pago,202608
MEN00011025,ALU00919,2026-09-01,2026-09-10,2026-09-18,2154.52,Pago,202609
MEN00011026,ALU00919,2026-10-01,2026-10-10,2026-10-14,2113.94,Pago,202610
MEN00011027,ALU00919,2026-11-01,2026-11-10,2026-11-07,2078.88,Pago,202611
MEN00011028,ALU00919,2026-12-01,2026-12-10,2026-12-17,2059.42,Pago,202612
MEN00011029,ALU00920,2026-01-01,2026-01-10,2026-01-17,2142.75,Pago,202601
MEN00011030,ALU00920,2026-02-01,2026-02-10,2026-02-14,2110.45,Pago,202602
MEN00011031,ALU00920,2026-03-01,2026-03-10,2026-03-12,2125.07,Pago,202603
MEN00011032,ALU00920,2026-04-01,2026-04-10,,2056.69,Vencido,202604
MEN00011033,ALU00920,2026-05-01,2026-05-10,2026-05-18,2060.09,Pago,202605
MEN00011034,ALU00920,2026-06-01,2026-06-10,2026-06-11,2103.8,Pago,202606
MEN00011035,ALU00920,2026-07-01,2026-07-10,2026-07-13,2131.34,Pago,202607
MEN00011036,ALU00920,2026-08-01,2026-08-10,2026-08-15,2139.98,Pago,202608
MEN00011037,ALU00920,2026-09-01,2026-09-10,,2060.88,Em Aberto,202609
MEN00011038,ALU00920,2026-10-01,2026-10-10,,2126.61,Em Aberto,202610
MEN00011039,ALU00920,2026-11-01,2026-11-10,,2116.83,Em Aberto,202611
MEN00011040,ALU00920,2026-12-01,2026-12-10,2026-12-11,2068.77,Pago,202612
MEN00011041,ALU00921,2026-01-01,2026-01-10,2026-01-13,2080.46,Pago,202601
MEN00011042,ALU00921,2026-02-01,2026-02-10,,2058.86,Em Aberto,202602
MEN00011043,ALU00921,2026-03-01,2026-03-10,2026-03-07,2139.54,Pago,202603
MEN00011044,ALU00921,2026-04-01,2026-04-10,,2140.61,Em Aberto,202604
MEN00011045,ALU00921,2026-05-01,2026-05-10,2026-05-11,2107.26,Pago,202605
MEN00011046,ALU00921,2026-06-01,2026-06-10,2026-06-08,2131.66,Pago,202606
MEN00011047,ALU00921,2026-07-01,2026-07-10,2026-07-10,2052.03,Pago,202607
MEN00011048,ALU00921,2026-08-01,2026-08-10,2026-08-11,2152.56,Pago,202608
MEN00011049,ALU00921,2026-09-01,2026-09-10,2026-09-10,2068.47,Pago,202609
MEN00011050,ALU00921,2026-10-01,2026-10-10,,2068.48,Em Aberto,202610
MEN00011051,ALU00921,2026-11-01,2026-11-10,2026-11-07,2057.31,Pago,202611
MEN00011052,ALU00921,2026-12-01,2026-12-10,,2065.47,Em Aberto,202612
MEN00011053,ALU00922,2026-01-01,2026-01-10,,2056.48,Vencido,202601
MEN00011054,ALU00922,2026-02-01,2026-02-10,2026-02-16,2044.85,Pago,202602
MEN00011055,ALU00922,2026-03-01,2026-03-10,2026-03-17,2113.02,Pago,202603
MEN00011056,ALU00922,2026-04-01,2026-04-10,2026-04-17,2091.93,Pago,202604
MEN00011057,ALU00922,2026-05-01,2026-05-10,2026-05-14,2080.87,Pago,202605
MEN00011058,ALU00922,2026-06-01,2026-06-10,2026-06-08,2074.52,Pago,202606
MEN00011059,ALU00922,2026-07-01,2026-07-10,2026-07-12,2048.65,Pago,202607
MEN00011060,ALU00922,2026-08-01,2026-08-10,2026-08-14,2037.95,Pago,202608
MEN00011061,ALU00922,2026-09-01,2026-09-10,2026-09-17,2094.52,Pago,202609
MEN00011062,ALU00922,2026-10-01,2026-10-10,2026-10-08,2037.67,Pago,202610
MEN00011063,ALU00922,2026-11-01,2026-11-10,2026-11-18,2158.14,Pago,202611
MEN00011064,ALU00922,2026-12-01,2026-12-10,2026-12-17,2112.09,Pago,202612
MEN00011065,ALU00923,2026-01-01,2026-01-10,2026-01-15,2099.91,Pago,202601
MEN00011066,ALU00923,2026-02-01,2026-02-10,2026-02-09,2120.57,Pago,202602
MEN00011067,ALU00923,2026-03-01,2026-03-10,2026-03-16,2082.66,Pago,202603
MEN00011068,ALU00923,2026-04-01,2026-04-10,,2130.0,Vencido,202604
MEN00011069,ALU00923,2026-05-01,2026-05-10,,2148.7,Vencido,202605
MEN00011070,ALU00923,2026-06-01,2026-06-10,2026-06-18,2104.26,Pago,202606
MEN00011071,ALU00923,2026-07-01,2026-07-10,2026-07-16,2134.78,Pago,202607
MEN00011072,ALU00923,2026-08-01,2026-08-10,2026-08-14,2081.57,Pago,202608
MEN00011073,ALU00923,2026-09-01,2026-09-10,2026-09-18,2056.62,Pago,202609
MEN00011074,ALU00923,2026-10-01,2026-10-10,2026-10-15,2056.49,Pago,202610
MEN00011075,ALU00923,2026-11-01,2026-11-10,2026-11-14,2070.99,Pago,202611
MEN00011076,ALU00923,2026-12-01,2026-12-10,2026-12-07,2097.07,Pago,202612
MEN00011077,ALU00924,2026-01-01,2026-01-10,2026-01-09,2046.86,Pago,202601
MEN00011078,ALU00924,2026-02-01,2026-02-10,2026-02-18,2128.3,Pago,202602
MEN00011079,ALU00924,2026-03-01,2026-03-10,,2080.18,Vencido,202603
MEN00011080,ALU00924,2026-04-01,2026-04-10,2026-04-13,2112.37,Pago,202604
MEN00011081,ALU00924,2026-05-01,2026-05-10,2026-05-10,2085.05,Pago,202605
MEN00011082,ALU00924,2026-06-01,2026-06-10,,2056.21,Vencido,202606
MEN00011083,ALU00924,2026-07-01,2026-07-10,2026-07-14,2122.14,Pago,202607
MEN00011084,ALU00924,2026-08-01,2026-08-10,2026-08-12,2086.16,Pago,202608
MEN00011085,ALU00924,2026-09-01,2026-09-10,2026-09-17,2067.04,Pago,202609
MEN00011086,ALU00924,2026-10-01,2026-10-10,2026-10-12,2085.88,Pago,202610
MEN00011087,ALU00924,2026-11-01,2026-11-10,2026-11-14,2102.75,Pago,202611
MEN00011088,ALU00924,2026-12-01,2026-12-10,2026-12-16,2058.05,Pago,202612
MEN00011089,ALU00925,2026-01-01,2026-01-10,,2153.46,Em Aberto,202601
MEN00011090,ALU00925,2026-02-01,2026-02-10,2026-02-11,2091.71,Pago,202602
MEN00011091,ALU00925,2026-03-01,2026-03-10,2026-03-13,2073.96,Pago,202603
MEN00011092,ALU00925,2026-04-01,2026-04-10,,2057.11,Em Aberto,202604
MEN00011093,ALU00925,2026-05-01,2026-05-10,2026-05-11,2083.12,Pago,202605
MEN00011094,ALU00925,2026-06-01,2026-06-10,2026-06-11,2065.84,Pago,202606
MEN00011095,ALU00925,2026-07-01,2026-07-10,2026-07-08,2097.77,Pago,202607
MEN00011096,ALU00925,2026-08-01,2026-08-10,2026-08-14,2106.02,Pago,202608
MEN00011097,ALU00925,2026-09-01,2026-09-10,2026-09-09,2133.14,Pago,202609
MEN00011098,ALU00925,2026-10-01,2026-10-10,,2125.59,Em Aberto,202610
MEN00011099,ALU00925,2026-11-01,2026-11-10,2026-11-14,2103.88,Pago,202611
MEN00011100,ALU00925,2026-12-01,2026-12-10,2026-12-14,2061.66,Pago,202612
MEN00011101,ALU00926,2026-01-01,2026-01-10,,2159.8,Vencido,202601
MEN00011102,ALU00926,2026-02-01,2026-02-10,2026-02-13,2063.0,Pago,202602
MEN00011103,ALU00926,2026-03-01,2026-03-10,2026-03-14,2074.43,Pago,202603
MEN00011104,ALU00926,2026-04-01,2026-04-10,2026-04-11,2037.84,Pago,202604
MEN00011105,ALU00926,2026-05-01,2026-05-10,2026-05-11,2089.11,Pago,202605
MEN00011106,ALU00926,2026-06-01,2026-06-10,,2108.9,Em Aberto,202606
MEN00011107,ALU00926,2026-07-01,2026-07-10,,2137.97,Em Aberto,202607
MEN00011108,ALU00926,2026-08-01,2026-08-10,2026-08-10,2099.78,Pago,202608
MEN00011109,ALU00926,2026-09-01,2026-09-10,2026-09-13,2101.37,Pago,202609
MEN00011110,ALU00926,2026-10-01,2026-10-10,2026-10-13,2044.54,Pago,202610
MEN00011111,ALU00926,2026-11-01,2026-11-10,2026-11-09,2156.97,Pago,202611
MEN00011112,ALU00926,2026-12-01,2026-12-10,2026-12-13,2091.59,Pago,202612
MEN00011113,ALU00927,2026-01-01,2026-01-10,2026-01-15,2129.09,Pago,202601
MEN00011114,ALU00927,2026-02-01,2026-02-10,2026-02-18,2101.8,Pago,202602
MEN00011115,ALU00927,2026-03-01,2026-03-10,,2151.15,Vencido,202603
MEN00011116,ALU00927,2026-04-01,2026-04-10,2026-04-13,2143.66,Pago,202604
MEN00011117,ALU00927,2026-05-01,2026-05-10,2026-05-14,2047.71,Pago,202605
MEN00011118,ALU00927,2026-06-01,2026-06-10,2026-06-15,2134.92,Pago,202606
MEN00011119,ALU00927,2026-07-01,2026-07-10,2026-07-08,2133.01,Pago,202607
MEN00011120,ALU00927,2026-08-01,2026-08-10,2026-08-15,2122.85,Pago,202608
MEN00011121,ALU00927,2026-09-01,2026-09-10,2026-09-18,2074.61,Pago,202609
MEN00011122,ALU00927,2026-10-01,2026-10-10,2026-10-15,2117.94,Pago,202610
MEN00011123,ALU00927,2026-11-01,2026-11-10,,2039.33,Em Aberto,202611
MEN00011124,ALU00927,2026-12-01,2026-12-10,2026-12-14,2056.07,Pago,202612
MEN00011125,ALU00928,2026-01-01,2026-01-10,2026-01-10,2102.06,Pago,202601
MEN00011126,ALU00928,2026-02-01,2026-02-10,2026-02-12,2117.23,Pago,202602
MEN00011127,ALU00928,2026-03-01,2026-03-10,2026-03-16,2066.37,Pago,202603
MEN00011128,ALU00928,2026-04-01,2026-04-10,2026-04-10,2103.39,Pago,202604
MEN00011129,ALU00928,2026-05-01,2026-05-10,2026-05-10,2072.8,Pago,202605
MEN00011130,ALU00928,2026-06-01,2026-06-10,2026-06-14,2130.93,Pago,202606
MEN00011131,ALU00928,2026-07-01,2026-07-10,,2105.27,Em Aberto,202607
MEN00011132,ALU00928,2026-08-01,2026-08-10,2026-08-08,2057.15,Pago,202608
MEN00011133,ALU00928,2026-09-01,2026-09-10,2026-09-08,2116.92,Pago,202609
MEN00011134,ALU00928,2026-10-01,2026-10-10,2026-10-12,2147.68,Pago,202610
MEN00011135,ALU00928,2026-11-01,2026-11-10,2026-11-15,2154.18,Pago,202611
MEN00011136,ALU00928,2026-12-01,2026-12-10,,2115.32,Vencido,202612
MEN00011137,ALU00929,2026-01-01,2026-01-10,2026-01-07,2043.12,Pago,202601
MEN00011138,ALU00929,2026-02-01,2026-02-10,2026-02-10,2152.81,Pago,202602
MEN00011139,ALU00929,2026-03-01,2026-03-10,2026-03-13,2042.14,Pago,202603
MEN00011140,ALU00929,2026-04-01,2026-04-10,,2108.25,Vencido,202604
MEN00011141,ALU00929,2026-05-01,2026-05-10,2026-05-16,2161.78,Pago,202605
MEN00011142,ALU00929,2026-06-01,2026-06-10,2026-06-17,2091.26,Pago,202606
MEN00011143,ALU00929,2026-07-01,2026-07-10,2026-07-16,2129.81,Pago,202607
MEN00011144,ALU00929,2026-08-01,2026-08-10,2026-08-08,2157.8,Pago,202608
MEN00011145,ALU00929,2026-09-01,2026-09-10,2026-09-13,2083.61,Pago,202609
MEN00011146,ALU00929,2026-10-01,2026-10-10,2026-10-14,2118.49,Pago,202610
MEN00011147,ALU00929,2026-11-01,2026-11-10,,2140.93,Vencido,202611
MEN00011148,ALU00929,2026-12-01,2026-12-10,,2042.6,Em Aberto,202612
MEN00011149,ALU00930,2026-01-01,2026-01-10,2026-01-10,2074.53,Pago,202601
MEN00011150,ALU00930,2026-02-01,2026-02-10,2026-02-16,2128.36,Pago,202602
MEN00011151,ALU00930,2026-03-01,2026-03-10,2026-03-18,2083.58,Pago,202603
MEN00011152,ALU00930,2026-04-01,2026-04-10,,2093.09,Vencido,202604
MEN00011153,ALU00930,2026-05-01,2026-05-10,2026-05-09,2037.69,Pago,202605
MEN00011154,ALU00930,2026-06-01,2026-06-10,2026-06-14,2096.26,Pago,202606
MEN00011155,ALU00930,2026-07-01,2026-07-10,2026-07-09,2142.92,Pago,202607
MEN00011156,ALU00930,2026-08-01,2026-08-10,2026-08-07,2157.35,Pago,202608
MEN00011157,ALU00930,2026-09-01,2026-09-10,2026-09-14,2040.26,Pago,202609
MEN00011158,ALU00930,2026-10-01,2026-10-10,2026-10-08,2160.33,Pago,202610
MEN00011159,ALU00930,2026-11-01,2026-11-10,2026-11-15,2074.69,Pago,202611
MEN00011160,ALU00930,2026-12-01,2026-12-10,2026-12-09,2095.81,Pago,202612
MEN00011161,ALU00931,2026-01-01,2026-01-10,2026-01-13,2071.29,Pago,202601
MEN00011162,ALU00931,2026-02-01,2026-02-10,,2051.32,Em Aberto,202602
MEN00011163,ALU00931,2026-03-01,2026-03-10,2026-03-15,2085.8,Pago,202603
MEN00011164,ALU00931,2026-04-01,2026-04-10,,2103.02,Em Aberto,202604
MEN00011165,ALU00931,2026-05-01,2026-05-10,2026-05-18,2140.4,Pago,202605
MEN00011166,ALU00931,2026-06-01,2026-06-10,2026-06-14,2068.47,Pago,202606
MEN00011167,ALU00931,2026-07-01,2026-07-10,2026-07-09,2100.85,Pago,202607
MEN00011168,ALU00931,2026-08-01,2026-08-10,2026-08-09,2143.65,Pago,202608
MEN00011169,ALU00931,2026-09-01,2026-09-10,2026-09-13,2058.79,Pago,202609
MEN00011170,ALU00931,2026-10-01,2026-10-10,2026-10-11,2143.5,Pago,202610
MEN00011171,ALU00931,2026-11-01,2026-11-10,2026-11-11,2067.56,Pago,202611
MEN00011172,ALU00931,2026-12-01,2026-12-10,2026-12-13,2085.46,Pago,202612
MEN00011173,ALU00932,2026-01-01,2026-01-10,2026-01-08,2070.9,Pago,202601
MEN00011174,ALU00932,2026-02-01,2026-02-10,2026-02-18,2041.12,Pago,202602
MEN00011175,ALU00932,2026-03-01,2026-03-10,2026-03-18,2119.1,Pago,202603
MEN00011176,ALU00932,2026-04-01,2026-04-10,,2156.58,Vencido,202604
MEN00011177,ALU00932,2026-05-01,2026-05-10,2026-05-12,2059.62,Pago,202605
MEN00011178,ALU00932,2026-06-01,2026-06-10,2026-06-10,2100.48,Pago,202606
MEN00011179,ALU00932,2026-07-01,2026-07-10,,2145.41,Em Aberto,202607
MEN00011180,ALU00932,2026-08-01,2026-08-10,2026-08-16,2143.82,Pago,202608
MEN00011181,ALU00932,2026-09-01,2026-09-10,2026-09-08,2161.21,Pago,202609
MEN00011182,ALU00932,2026-10-01,2026-10-10,2026-10-16,2104.29,Pago,202610
MEN00011183,ALU00932,2026-11-01,2026-11-10,2026-11-14,2124.57,Pago,202611
MEN00011184,ALU00932,2026-12-01,2026-12-10,2026-12-10,2042.08,Pago,202612
MEN00011185,ALU00933,2026-01-01,2026-01-10,,2158.65,Vencido,202601
MEN00011186,ALU00933,2026-02-01,2026-02-10,2026-02-18,2099.18,Pago,202602
MEN00011187,ALU00933,2026-03-01,2026-03-10,2026-03-16,2085.87,Pago,202603
MEN00011188,ALU00933,2026-04-01,2026-04-10,2026-04-14,2162.17,Pago,202604
MEN00011189,ALU00933,2026-05-01,2026-05-10,,2134.47,Vencido,202605
MEN00011190,ALU00933,2026-06-01,2026-06-10,2026-06-13,2149.16,Pago,202606
MEN00011191,ALU00933,2026-07-01,2026-07-10,2026-07-14,2150.75,Pago,202607
MEN00011192,ALU00933,2026-08-01,2026-08-10,2026-08-13,2111.28,Pago,202608
MEN00011193,ALU00933,2026-09-01,2026-09-10,2026-09-12,2070.55,Pago,202609
MEN00011194,ALU00933,2026-10-01,2026-10-10,2026-10-11,2097.09,Pago,202610
MEN00011195,ALU00933,2026-11-01,2026-11-10,2026-11-17,2115.96,Pago,202611
MEN00011196,ALU00933,2026-12-01,2026-12-10,2026-12-13,2149.61,Pago,202612
MEN00011197,ALU00934,2026-01-01,2026-01-10,2026-01-12,2097.96,Pago,202601
MEN00011198,ALU00934,2026-02-01,2026-02-10,2026-02-10,2045.78,Pago,202602
MEN00011199,ALU00934,2026-03-01,2026-03-10,2026-03-18,2107.17,Pago,202603
MEN00011200,ALU00934,2026-04-01,2026-04-10,2026-04-15,2054.51,Pago,202604
MEN00011201,ALU00934,2026-05-01,2026-05-10,2026-05-15,2130.46,Pago,202605
MEN00011202,ALU00934,2026-06-01,2026-06-10,2026-06-17,2149.25,Pago,202606
MEN00011203,ALU00934,2026-07-01,2026-07-10,,2144.0,Vencido,202607
MEN00011204,ALU00934,2026-08-01,2026-08-10,2026-08-07,2039.93,Pago,202608
MEN00011205,ALU00934,2026-09-01,2026-09-10,,2046.09,Vencido,202609
MEN00011206,ALU00934,2026-10-01,2026-10-10,2026-10-17,2124.92,Pago,202610
MEN00011207,ALU00934,2026-11-01,2026-11-10,2026-11-09,2137.95,Pago,202611
MEN00011208,ALU00934,2026-12-01,2026-12-10,2026-12-15,2051.58,Pago,202612
MEN00011209,ALU00935,2026-01-01,2026-01-10,2026-01-16,2135.91,Pago,202601
MEN00011210,ALU00935,2026-02-01,2026-02-10,2026-02-16,2049.78,Pago,202602
MEN00011211,ALU00935,2026-03-01,2026-03-10,,2042.42,Vencido,202603
MEN00011212,ALU00935,2026-04-01,2026-04-10,2026-04-13,2062.04,Pago,202604
MEN00011213,ALU00935,2026-05-01,2026-05-10,2026-05-14,2066.42,Pago,202605
MEN00011214,ALU00935,2026-06-01,2026-06-10,2026-06-13,2143.0,Pago,202606
MEN00011215,ALU00935,2026-07-01,2026-07-10,2026-07-12,2160.98,Pago,202607
MEN00011216,ALU00935,2026-08-01,2026-08-10,2026-08-18,2123.6,Pago,202608
MEN00011217,ALU00935,2026-09-01,2026-09-10,2026-09-10,2082.41,Pago,202609
MEN00011218,ALU00935,2026-10-01,2026-10-10,,2070.81,Em Aberto,202610
MEN00011219,ALU00935,2026-11-01,2026-11-10,,2054.42,Vencido,202611
MEN00011220,ALU00935,2026-12-01,2026-12-10,2026-12-12,2055.79,Pago,202612
MEN00011221,ALU00936,2026-01-01,2026-01-10,2026-01-16,2126.72,Pago,202601
MEN00011222,ALU00936,2026-02-01,2026-02-10,,2092.46,Em Aberto,202602
MEN00011223,ALU00936,2026-03-01,2026-03-10,2026-03-09,2146.4,Pago,202603
MEN00011224,ALU00936,2026-04-01,2026-04-10,2026-04-15,2056.58,Pago,202604
MEN00011225,ALU00936,2026-05-01,2026-05-10,2026-05-18,2049.62,Pago,202605
MEN00011226,ALU00936,2026-06-01,2026-06-10,2026-06-08,2132.13,Pago,202606
MEN00011227,ALU00936,2026-07-01,2026-07-10,2026-07-10,2047.89,Pago,202607
MEN00011228,ALU00936,2026-08-01,2026-08-10,2026-08-16,2052.68,Pago,202608
MEN00011229,ALU00936,2026-09-01,2026-09-10,2026-09-11,2114.09,Pago,202609
MEN00011230,ALU00936,2026-10-01,2026-10-10,,2053.64,Em Aberto,202610
MEN00011231,ALU00936,2026-11-01,2026-11-10,2026-11-13,2107.59,Pago,202611
MEN00011232,ALU00936,2026-12-01,2026-12-10,2026-12-08,2094.51,Pago,202612
MEN00011233,ALU00937,2026-01-01,2026-01-10,2026-01-12,2070.53,Pago,202601
MEN00011234,ALU00937,2026-02-01,2026-02-10,2026-02-15,2039.3,Pago,202602
MEN00011235,ALU00937,2026-03-01,2026-03-10,2026-03-17,2039.41,Pago,202603
MEN00011236,ALU00937,2026-04-01,2026-04-10,2026-04-08,2121.34,Pago,202604
MEN00011237,ALU00937,2026-05-01,2026-05-10,2026-05-14,2140.4,Pago,202605
MEN00011238,ALU00937,2026-06-01,2026-06-10,2026-06-09,2103.26,Pago,202606
MEN00011239,ALU00937,2026-07-01,2026-07-10,2026-07-16,2049.19,Pago,202607
MEN00011240,ALU00937,2026-08-01,2026-08-10,2026-08-10,2130.35,Pago,202608
MEN00011241,ALU00937,2026-09-01,2026-09-10,2026-09-14,2067.65,Pago,202609
MEN00011242,ALU00937,2026-10-01,2026-10-10,,2074.71,Em Aberto,202610
MEN00011243,ALU00937,2026-11-01,2026-11-10,2026-11-08,2070.14,Pago,202611
MEN00011244,ALU00937,2026-12-01,2026-12-10,2026-12-09,2124.9,Pago,202612
MEN00011245,ALU00938,2026-01-01,2026-01-10,2026-01-14,2159.91,Pago,202601
MEN00011246,ALU00938,2026-02-01,2026-02-10,2026-02-14,2117.28,Pago,202602
MEN00011247,ALU00938,2026-03-01,2026-03-10,2026-03-10,2154.76,Pago,202603
MEN00011248,ALU00938,2026-04-01,2026-04-10,,2100.12,Em Aberto,202604
MEN00011249,ALU00938,2026-05-01,2026-05-10,,2126.33,Vencido,202605
MEN00011250,ALU00938,2026-06-01,2026-06-10,2026-06-09,2098.71,Pago,202606
MEN00011251,ALU00938,2026-07-01,2026-07-10,2026-07-10,2098.12,Pago,202607
MEN00011252,ALU00938,2026-08-01,2026-08-10,2026-08-14,2137.65,Pago,202608
MEN00011253,ALU00938,2026-09-01,2026-09-10,2026-09-15,2125.05,Pago,202609
MEN00011254,ALU00938,2026-10-01,2026-10-10,2026-10-14,2039.23,Pago,202610
MEN00011255,ALU00938,2026-11-01,2026-11-10,,2111.72,Em Aberto,202611
MEN00011256,ALU00938,2026-12-01,2026-12-10,2026-12-16,2143.41,Pago,202612
MEN00011257,ALU00939,2026-01-01,2026-01-10,2026-01-07,2140.01,Pago,202601
MEN00011258,ALU00939,2026-02-01,2026-02-10,2026-02-11,2130.78,Pago,202602
MEN00011259,ALU00939,2026-03-01,2026-03-10,,2140.06,Vencido,202603
MEN00011260,ALU00939,2026-04-01,2026-04-10,,2081.83,Em Aberto,202604
MEN00011261,ALU00939,2026-05-01,2026-05-10,,2161.38,Em Aberto,202605
MEN00011262,ALU00939,2026-06-01,2026-06-10,2026-06-14,2060.17,Pago,202606
MEN00011263,ALU00939,2026-07-01,2026-07-10,2026-07-12,2101.64,Pago,202607
MEN00011264,ALU00939,2026-08-01,2026-08-10,2026-08-10,2132.66,Pago,202608
MEN00011265,ALU00939,2026-09-01,2026-09-10,,2052.78,Em Aberto,202609
MEN00011266,ALU00939,2026-10-01,2026-10-10,2026-10-15,2095.05,Pago,202610
MEN00011267,ALU00939,2026-11-01,2026-11-10,2026-11-11,2083.03,Pago,202611
MEN00011268,ALU00939,2026-12-01,2026-12-10,,2072.41,Vencido,202612
MEN00011269,ALU00940,2026-01-01,2026-01-10,,2120.35,Em Aberto,202601
MEN00011270,ALU00940,2026-02-01,2026-02-10,2026-02-12,2141.03,Pago,202602
MEN00011271,ALU00940,2026-03-01,2026-03-10,2026-03-15,2094.49,Pago,202603
MEN00011272,ALU00940,2026-04-01,2026-04-10,2026-04-13,2057.68,Pago,202604
MEN00011273,ALU00940,2026-05-01,2026-05-10,2026-05-07,2134.65,Pago,202605
MEN00011274,ALU00940,2026-06-01,2026-06-10,2026-06-11,2144.26,Pago,202606
MEN00011275,ALU00940,2026-07-01,2026-07-10,2026-07-12,2074.99,Pago,202607
MEN00011276,ALU00940,2026-08-01,2026-08-10,2026-08-07,2064.65,Pago,202608
MEN00011277,ALU00940,2026-09-01,2026-09-10,2026-09-07,2094.16,Pago,202609
MEN00011278,ALU00940,2026-10-01,2026-10-10,2026-10-12,2132.62,Pago,202610
MEN00011279,ALU00940,2026-11-01,2026-11-10,,2063.25,Vencido,202611
MEN00011280,ALU00940,2026-12-01,2026-12-10,2026-12-11,2085.43,Pago,202612
MEN00011281,ALU00941,2026-01-01,2026-01-10,2026-01-09,2080.86,Pago,202601
MEN00011282,ALU00941,2026-02-01,2026-02-10,2026-02-16,2150.92,Pago,202602
MEN00011283,ALU00941,2026-03-01,2026-03-10,2026-03-12,2157.76,Pago,202603
MEN00011284,ALU00941,2026-04-01,2026-04-10,2026-04-16,2088.53,Pago,202604
MEN00011285,ALU00941,2026-05-01,2026-05-10,2026-05-07,2118.88,Pago,202605
MEN00011286,ALU00941,2026-06-01,2026-06-10,2026-06-11,2065.45,Pago,202606
MEN00011287,ALU00941,2026-07-01,2026-07-10,2026-07-14,2067.58,Pago,202607
MEN00011288,ALU00941,2026-08-01,2026-08-10,2026-08-09,2067.18,Pago,202608
MEN00011289,ALU00941,2026-09-01,2026-09-10,,2153.07,Em Aberto,202609
MEN00011290,ALU00941,2026-10-01,2026-10-10,2026-10-15,2050.68,Pago,202610
MEN00011291,ALU00941,2026-11-01,2026-11-10,,2103.42,Vencido,202611
MEN00011292,ALU00941,2026-12-01,2026-12-10,2026-12-07,2139.57,Pago,202612
MEN00011293,ALU00942,2026-01-01,2026-01-10,2026-01-12,2146.54,Pago,202601
MEN00011294,ALU00942,2026-02-01,2026-02-10,,2139.83,Em Aberto,202602
MEN00011295,ALU00942,2026-03-01,2026-03-10,,2140.48,Em Aberto,202603
MEN00011296,ALU00942,2026-04-01,2026-04-10,2026-04-08,2116.84,Pago,202604
MEN00011297,ALU00942,2026-05-01,2026-05-10,2026-05-10,2114.88,Pago,202605
MEN00011298,ALU00942,2026-06-01,2026-06-10,2026-06-13,2117.24,Pago,202606
MEN00011299,ALU00942,2026-07-01,2026-07-10,2026-07-09,2148.59,Pago,202607
MEN00011300,ALU00942,2026-08-01,2026-08-10,2026-08-08,2162.88,Pago,202608
MEN00011301,ALU00942,2026-09-01,2026-09-10,,2043.28,Em Aberto,202609
MEN00011302,ALU00942,2026-10-01,2026-10-10,2026-10-16,2145.25,Pago,202610
MEN00011303,ALU00942,2026-11-01,2026-11-10,2026-11-11,2162.96,Pago,202611
MEN00011304,ALU00942,2026-12-01,2026-12-10,2026-12-13,2050.79,Pago,202612
MEN00011305,ALU00943,2026-01-01,2026-01-10,2026-01-15,2131.69,Pago,202601
MEN00011306,ALU00943,2026-02-01,2026-02-10,2026-02-08,2084.87,Pago,202602
MEN00011307,ALU00943,2026-03-01,2026-03-10,2026-03-07,2113.57,Pago,202603
MEN00011308,ALU00943,2026-04-01,2026-04-10,,2085.42,Em Aberto,202604
MEN00011309,ALU00943,2026-05-01,2026-05-10,2026-05-15,2118.08,Pago,202605
MEN00011310,ALU00943,2026-06-01,2026-06-10,2026-06-11,2058.0,Pago,202606
MEN00011311,ALU00943,2026-07-01,2026-07-10,2026-07-10,2089.12,Pago,202607
MEN00011312,ALU00943,2026-08-01,2026-08-10,2026-08-09,2109.31,Pago,202608
MEN00011313,ALU00943,2026-09-01,2026-09-10,,2046.29,Em Aberto,202609
MEN00011314,ALU00943,2026-10-01,2026-10-10,2026-10-13,2141.66,Pago,202610
MEN00011315,ALU00943,2026-11-01,2026-11-10,2026-11-16,2104.53,Pago,202611
MEN00011316,ALU00943,2026-12-01,2026-12-10,2026-12-18,2096.4,Pago,202612
MEN00011317,ALU00944,2026-01-01,2026-01-10,2026-01-11,2093.17,Pago,202601
MEN00011318,ALU00944,2026-02-01,2026-02-10,2026-02-12,2126.11,Pago,202602
MEN00011319,ALU00944,2026-03-01,2026-03-10,2026-03-15,2071.55,Pago,202603
MEN00011320,ALU00944,2026-04-01,2026-04-10,,2056.77,Em Aberto,202604
MEN00011321,ALU00944,2026-05-01,2026-05-10,2026-05-18,2094.1,Pago,202605
MEN00011322,ALU00944,2026-06-01,2026-06-10,2026-06-07,2146.06,Pago,202606
MEN00011323,ALU00944,2026-07-01,2026-07-10,2026-07-17,2155.03,Pago,202607
MEN00011324,ALU00944,2026-08-01,2026-08-10,2026-08-15,2040.51,Pago,202608
MEN00011325,ALU00944,2026-09-01,2026-09-10,,2096.52,Vencido,202609
MEN00011326,ALU00944,2026-10-01,2026-10-10,2026-10-12,2076.94,Pago,202610
MEN00011327,ALU00944,2026-11-01,2026-11-10,2026-11-16,2091.44,Pago,202611
MEN00011328,ALU00944,2026-12-01,2026-12-10,2026-12-16,2067.65,Pago,202612
MEN00011329,ALU00945,2026-01-01,2026-01-10,2026-01-12,2049.85,Pago,202601
MEN00011330,ALU00945,2026-02-01,2026-02-10,,2138.38,Vencido,202602
MEN00011331,ALU00945,2026-03-01,2026-03-10,,2114.02,Em Aberto,202603
MEN00011332,ALU00945,2026-04-01,2026-04-10,2026-04-10,2161.45,Pago,202604
MEN00011333,ALU00945,2026-05-01,2026-05-10,2026-05-18,2083.17,Pago,202605
MEN00011334,ALU00945,2026-06-01,2026-06-10,2026-06-10,2095.17,Pago,202606
MEN00011335,ALU00945,2026-07-01,2026-07-10,2026-07-18,2073.32,Pago,202607
MEN00011336,ALU00945,2026-08-01,2026-08-10,,2079.84,Vencido,202608
MEN00011337,ALU00945,2026-09-01,2026-09-10,2026-09-13,2108.69,Pago,202609
MEN00011338,ALU00945,2026-10-01,2026-10-10,,2090.87,Vencido,202610
MEN00011339,ALU00945,2026-11-01,2026-11-10,2026-11-17,2109.22,Pago,202611
MEN00011340,ALU00945,2026-12-01,2026-12-10,2026-12-07,2095.27,Pago,202612
MEN00011341,ALU00946,2026-01-01,2026-01-10,2026-01-12,2155.75,Pago,202601
MEN00011342,ALU00946,2026-02-01,2026-02-10,2026-02-12,2138.3,Pago,202602
MEN00011343,ALU00946,2026-03-01,2026-03-10,,2128.68,Em Aberto,202603
MEN00011344,ALU00946,2026-04-01,2026-04-10,2026-04-13,2055.21,Pago,202604
MEN00011345,ALU00946,2026-05-01,2026-05-10,2026-05-16,2076.23,Pago,202605
MEN00011346,ALU00946,2026-06-01,2026-06-10,2026-06-16,2068.86,Pago,202606
MEN00011347,ALU00946,2026-07-01,2026-07-10,2026-07-15,2060.8,Pago,202607
MEN00011348,ALU00946,2026-08-01,2026-08-10,2026-08-08,2069.83,Pago,202608
MEN00011349,ALU00946,2026-09-01,2026-09-10,2026-09-15,2090.96,Pago,202609
MEN00011350,ALU00946,2026-10-01,2026-10-10,2026-10-10,2097.4,Pago,202610
MEN00011351,ALU00946,2026-11-01,2026-11-10,2026-11-07,2087.09,Pago,202611
MEN00011352,ALU00946,2026-12-01,2026-12-10,,2094.48,Em Aberto,202612
MEN00011353,ALU00947,2026-01-01,2026-01-10,2026-01-10,2124.44,Pago,202601
MEN00011354,ALU00947,2026-02-01,2026-02-10,2026-02-08,2144.42,Pago,202602
MEN00011355,ALU00947,2026-03-01,2026-03-10,2026-03-13,2148.98,Pago,202603
MEN00011356,ALU00947,2026-04-01,2026-04-10,2026-04-18,2068.39,Pago,202604
MEN00011357,ALU00947,2026-05-01,2026-05-10,2026-05-13,2140.23,Pago,202605
MEN00011358,ALU00947,2026-06-01,2026-06-10,,2082.85,Em Aberto,202606
MEN00011359,ALU00947,2026-07-01,2026-07-10,,2097.12,Em Aberto,202607
MEN00011360,ALU00947,2026-08-01,2026-08-10,2026-08-15,2077.08,Pago,202608
MEN00011361,ALU00947,2026-09-01,2026-09-10,,2037.49,Em Aberto,202609
MEN00011362,ALU00947,2026-10-01,2026-10-10,,2106.41,Em Aberto,202610
MEN00011363,ALU00947,2026-11-01,2026-11-10,2026-11-12,2096.93,Pago,202611
MEN00011364,ALU00947,2026-12-01,2026-12-10,2026-12-07,2050.35,Pago,202612
MEN00011365,ALU00948,2026-01-01,2026-01-10,2026-01-17,2136.97,Pago,202601
MEN00011366,ALU00948,2026-02-01,2026-02-10,,2067.12,Vencido,202602
MEN00011367,ALU00948,2026-03-01,2026-03-10,2026-03-18,2134.43,Pago,202603
MEN00011368,ALU00948,2026-04-01,2026-04-10,2026-04-16,2046.68,Pago,202604
MEN00011369,ALU00948,2026-05-01,2026-05-10,,2081.98,Em Aberto,202605
MEN00011370,ALU00948,2026-06-01,2026-06-10,2026-06-08,2160.89,Pago,202606
MEN00011371,ALU00948,2026-07-01,2026-07-10,2026-07-09,2080.44,Pago,202607
MEN00011372,ALU00948,2026-08-01,2026-08-10,2026-08-14,2073.7,Pago,202608
MEN00011373,ALU00948,2026-09-01,2026-09-10,2026-09-07,2042.47,Pago,202609
MEN00011374,ALU00948,2026-10-01,2026-10-10,2026-10-17,2161.04,Pago,202610
MEN00011375,ALU00948,2026-11-01,2026-11-10,2026-11-13,2086.51,Pago,202611
MEN00011376,ALU00948,2026-12-01,2026-12-10,,2142.52,Vencido,202612
MEN00011377,ALU00949,2026-01-01,2026-01-10,,2091.55,Em Aberto,202601
MEN00011378,ALU00949,2026-02-01,2026-02-10,2026-02-15,2114.64,Pago,202602
MEN00011379,ALU00949,2026-03-01,2026-03-10,,2061.01,Vencido,202603
MEN00011380,ALU00949,2026-04-01,2026-04-10,2026-04-17,2066.78,Pago,202604
MEN00011381,ALU00949,2026-05-01,2026-05-10,2026-05-16,2132.68,Pago,202605
MEN00011382,ALU00949,2026-06-01,2026-06-10,2026-06-09,2047.02,Pago,202606
MEN00011383,ALU00949,2026-07-01,2026-07-10,2026-07-14,2113.05,Pago,202607
MEN00011384,ALU00949,2026-08-01,2026-08-10,2026-08-12,2161.59,Pago,202608
MEN00011385,ALU00949,2026-09-01,2026-09-10,2026-09-09,2040.53,Pago,202609
MEN00011386,ALU00949,2026-10-01,2026-10-10,2026-10-13,2127.83,Pago,202610
MEN00011387,ALU00949,2026-11-01,2026-11-10,2026-11-08,2145.02,Pago,202611
MEN00011388,ALU00949,2026-12-01,2026-12-10,2026-12-17,2038.72,Pago,202612
MEN00011389,ALU00950,2026-01-01,2026-01-10,2026-01-15,2154.95,Pago,202601
MEN00011390,ALU00950,2026-02-01,2026-02-10,2026-02-08,2095.4,Pago,202602
MEN00011391,ALU00950,2026-03-01,2026-03-10,2026-03-07,2127.75,Pago,202603
MEN00011392,ALU00950,2026-04-01,2026-04-10,2026-04-16,2162.97,Pago,202604
MEN00011393,ALU00950,2026-05-01,2026-05-10,,2082.12,Em Aberto,202605
MEN00011394,ALU00950,2026-06-01,2026-06-10,2026-06-08,2042.81,Pago,202606
MEN00011395,ALU00950,2026-07-01,2026-07-10,2026-07-11,2060.71,Pago,202607
MEN00011396,ALU00950,2026-08-01,2026-08-10,2026-08-18,2067.52,Pago,202608
MEN00011397,ALU00950,2026-09-01,2026-09-10,2026-09-15,2078.55,Pago,202609
MEN00011398,ALU00950,2026-10-01,2026-10-10,2026-10-11,2087.52,Pago,202610
MEN00011399,ALU00950,2026-11-01,2026-11-10,2026-11-11,2051.06,Pago,202611
MEN00011400,ALU00950,2026-12-01,2026-12-10,2026-12-08,2066.17,Pago,202612
MEN00011401,ALU00951,2026-01-01,2026-01-10,,2050.44,Em Aberto,202601
MEN00011402,ALU00951,2026-02-01,2026-02-10,2026-02-18,2148.45,Pago,202602
MEN00011403,ALU00951,2026-03-01,2026-03-10,2026-03-09,2127.87,Pago,202603
MEN00011404,ALU00951,2026-04-01,2026-04-10,2026-04-12,2088.49,Pago,202604
MEN00011405,ALU00951,2026-05-01,2026-05-10,2026-05-09,2108.29,Pago,202605
MEN00011406,ALU00951,2026-06-01,2026-06-10,2026-06-13,2122.14,Pago,202606
MEN00011407,ALU00951,2026-07-01,2026-07-10,2026-07-07,2113.2,Pago,202607
MEN00011408,ALU00951,2026-08-01,2026-08-10,2026-08-13,2155.56,Pago,202608
MEN00011409,ALU00951,2026-09-01,2026-09-10,2026-09-18,2070.51,Pago,202609
MEN00011410,ALU00951,2026-10-01,2026-10-10,2026-10-13,2099.62,Pago,202610
MEN00011411,ALU00951,2026-11-01,2026-11-10,2026-11-12,2139.84,Pago,202611
MEN00011412,ALU00951,2026-12-01,2026-12-10,2026-12-08,2055.51,Pago,202612
MEN00011413,ALU00952,2026-01-01,2026-01-10,2026-01-10,2160.35,Pago,202601
MEN00011414,ALU00952,2026-02-01,2026-02-10,2026-02-16,2082.69,Pago,202602
MEN00011415,ALU00952,2026-03-01,2026-03-10,2026-03-18,2088.13,Pago,202603
MEN00011416,ALU00952,2026-04-01,2026-04-10,2026-04-11,2061.62,Pago,202604
MEN00011417,ALU00952,2026-05-01,2026-05-10,2026-05-18,2049.6,Pago,202605
MEN00011418,ALU00952,2026-06-01,2026-06-10,2026-06-07,2136.52,Pago,202606
MEN00011419,ALU00952,2026-07-01,2026-07-10,2026-07-09,2097.75,Pago,202607
MEN00011420,ALU00952,2026-08-01,2026-08-10,2026-08-07,2071.25,Pago,202608
MEN00011421,ALU00952,2026-09-01,2026-09-10,,2039.57,Em Aberto,202609
MEN00011422,ALU00952,2026-10-01,2026-10-10,2026-10-18,2131.76,Pago,202610
MEN00011423,ALU00952,2026-11-01,2026-11-10,2026-11-12,2139.48,Pago,202611
MEN00011424,ALU00952,2026-12-01,2026-12-10,2026-12-10,2158.02,Pago,202612
MEN00011425,ALU00953,2026-01-01,2026-01-10,2026-01-07,2064.8,Pago,202601
MEN00011426,ALU00953,2026-02-01,2026-02-10,2026-02-12,2091.18,Pago,202602
MEN00011427,ALU00953,2026-03-01,2026-03-10,,2142.3,Em Aberto,202603
MEN00011428,ALU00953,2026-04-01,2026-04-10,2026-04-12,2132.16,Pago,202604
MEN00011429,ALU00953,2026-05-01,2026-05-10,2026-05-07,2129.07,Pago,202605
MEN00011430,ALU00953,2026-06-01,2026-06-10,2026-06-08,2162.85,Pago,202606
MEN00011431,ALU00953,2026-07-01,2026-07-10,2026-07-10,2042.44,Pago,202607
MEN00011432,ALU00953,2026-08-01,2026-08-10,2026-08-10,2162.28,Pago,202608
MEN00011433,ALU00953,2026-09-01,2026-09-10,2026-09-10,2088.62,Pago,202609
MEN00011434,ALU00953,2026-10-01,2026-10-10,2026-10-17,2041.99,Pago,202610
MEN00011435,ALU00953,2026-11-01,2026-11-10,2026-11-09,2102.29,Pago,202611
MEN00011436,ALU00953,2026-12-01,2026-12-10,2026-12-13,2062.75,Pago,202612
MEN00011437,ALU00954,2026-01-01,2026-01-10,2026-01-11,2098.53,Pago,202601
MEN00011438,ALU00954,2026-02-01,2026-02-10,2026-02-18,2120.44,Pago,202602
MEN00011439,ALU00954,2026-03-01,2026-03-10,2026-03-15,2060.9,Pago,202603
MEN00011440,ALU00954,2026-04-01,2026-04-10,2026-04-16,2149.16,Pago,202604
MEN00011441,ALU00954,2026-05-01,2026-05-10,2026-05-12,2077.45,Pago,202605
MEN00011442,ALU00954,2026-06-01,2026-06-10,,2070.16,Em Aberto,202606
MEN00011443,ALU00954,2026-07-01,2026-07-10,2026-07-07,2114.56,Pago,202607
MEN00011444,ALU00954,2026-08-01,2026-08-10,2026-08-13,2104.26,Pago,202608
MEN00011445,ALU00954,2026-09-01,2026-09-10,2026-09-17,2084.55,Pago,202609
MEN00011446,ALU00954,2026-10-01,2026-10-10,,2068.42,Vencido,202610
MEN00011447,ALU00954,2026-11-01,2026-11-10,2026-11-13,2144.92,Pago,202611
MEN00011448,ALU00954,2026-12-01,2026-12-10,2026-12-18,2074.91,Pago,202612
MEN00011449,ALU00955,2026-01-01,2026-01-10,2026-01-15,2111.37,Pago,202601
MEN00011450,ALU00955,2026-02-01,2026-02-10,,2049.03,Em Aberto,202602
MEN00011451,ALU00955,2026-03-01,2026-03-10,,2131.58,Em Aberto,202603
MEN00011452,ALU00955,2026-04-01,2026-04-10,2026-04-18,2091.68,Pago,202604
MEN00011453,ALU00955,2026-05-01,2026-05-10,2026-05-12,2073.87,Pago,202605
MEN00011454,ALU00955,2026-06-01,2026-06-10,2026-06-14,2161.27,Pago,202606
MEN00011455,ALU00955,2026-07-01,2026-07-10,2026-07-14,2057.05,Pago,202607
MEN00011456,ALU00955,2026-08-01,2026-08-10,2026-08-14,2078.0,Pago,202608
MEN00011457,ALU00955,2026-09-01,2026-09-10,2026-09-18,2142.43,Pago,202609
MEN00011458,ALU00955,2026-10-01,2026-10-10,2026-10-11,2054.91,Pago,202610
MEN00011459,ALU00955,2026-11-01,2026-11-10,,2132.8,Vencido,202611
MEN00011460,ALU00955,2026-12-01,2026-12-10,2026-12-12,2115.99,Pago,202612
MEN00011461,ALU00956,2026-01-01,2026-01-10,2026-01-13,2111.73,Pago,202601
MEN00011462,ALU00956,2026-02-01,2026-02-10,2026-02-18,2104.18,Pago,202602
MEN00011463,ALU00956,2026-03-01,2026-03-10,2026-03-16,2076.33,Pago,202603
MEN00011464,ALU00956,2026-04-01,2026-04-10,,2159.68,Vencido,202604
MEN00011465,ALU00956,2026-05-01,2026-05-10,2026-05-14,2073.48,Pago,202605
MEN00011466,ALU00956,2026-06-01,2026-06-10,,2141.73,Em Aberto,202606
MEN00011467,ALU00956,2026-07-01,2026-07-10,2026-07-07,2101.8,Pago,202607
MEN00011468,ALU00956,2026-08-01,2026-08-10,2026-08-09,2161.73,Pago,202608
MEN00011469,ALU00956,2026-09-01,2026-09-10,2026-09-14,2055.07,Pago,202609
MEN00011470,ALU00956,2026-10-01,2026-10-10,2026-10-12,2052.39,Pago,202610
MEN00011471,ALU00956,2026-11-01,2026-11-10,2026-11-13,2094.33,Pago,202611
MEN00011472,ALU00956,2026-12-01,2026-12-10,2026-12-16,2053.17,Pago,202612
MEN00011473,ALU00957,2026-01-01,2026-01-10,2026-01-09,2072.12,Pago,202601
MEN00011474,ALU00957,2026-02-01,2026-02-10,2026-02-15,2132.69,Pago,202602
MEN00011475,ALU00957,2026-03-01,2026-03-10,2026-03-16,2119.7,Pago,202603
MEN00011476,ALU00957,2026-04-01,2026-04-10,2026-04-13,2055.2,Pago,202604
MEN00011477,ALU00957,2026-05-01,2026-05-10,2026-05-16,2122.78,Pago,202605
MEN00011478,ALU00957,2026-06-01,2026-06-10,2026-06-15,2159.52,Pago,202606
MEN00011479,ALU00957,2026-07-01,2026-07-10,2026-07-07,2134.29,Pago,202607
MEN00011480,ALU00957,2026-08-01,2026-08-10,2026-08-13,2135.15,Pago,202608
MEN00011481,ALU00957,2026-09-01,2026-09-10,,2094.51,Vencido,202609
MEN00011482,ALU00957,2026-10-01,2026-10-10,,2063.53,Em Aberto,202610
MEN00011483,ALU00957,2026-11-01,2026-11-10,2026-11-08,2107.63,Pago,202611
MEN00011484,ALU00957,2026-12-01,2026-12-10,2026-12-18,2118.29,Pago,202612
MEN00011485,ALU00958,2026-01-01,2026-01-10,2026-01-08,2074.27,Pago,202601
MEN00011486,ALU00958,2026-02-01,2026-02-10,2026-02-15,2078.45,Pago,202602
MEN00011487,ALU00958,2026-03-01,2026-03-10,2026-03-07,2116.49,Pago,202603
MEN00011488,ALU00958,2026-04-01,2026-04-10,2026-04-15,2054.37,Pago,202604
MEN00011489,ALU00958,2026-05-01,2026-05-10,2026-05-18,2086.32,Pago,202605
MEN00011490,ALU00958,2026-06-01,2026-06-10,2026-06-07,2131.9,Pago,202606
MEN00011491,ALU00958,2026-07-01,2026-07-10,2026-07-09,2075.35,Pago,202607
MEN00011492,ALU00958,2026-08-01,2026-08-10,2026-08-07,2042.15,Pago,202608
MEN00011493,ALU00958,2026-09-01,2026-09-10,2026-09-14,2116.05,Pago,202609
MEN00011494,ALU00958,2026-10-01,2026-10-10,,2104.97,Vencido,202610
MEN00011495,ALU00958,2026-11-01,2026-11-10,2026-11-11,2147.92,Pago,202611
MEN00011496,ALU00958,2026-12-01,2026-12-10,,2064.35,Em Aberto,202612
MEN00011497,ALU00959,2026-01-01,2026-01-10,2026-01-17,2064.34,Pago,202601
MEN00011498,ALU00959,2026-02-01,2026-02-10,2026-02-13,2095.78,Pago,202602
MEN00011499,ALU00959,2026-03-01,2026-03-10,2026-03-09,2114.5,Pago,202603
MEN00011500,ALU00959,2026-04-01,2026-04-10,2026-04-17,2048.11,Pago,202604
MEN00011501,ALU00959,2026-05-01,2026-05-10,2026-05-09,2042.45,Pago,202605
MEN00011502,ALU00959,2026-06-01,2026-06-10,2026-06-11,2063.89,Pago,202606
MEN00011503,ALU00959,2026-07-01,2026-07-10,2026-07-08,2143.34,Pago,202607
MEN00011504,ALU00959,2026-08-01,2026-08-10,2026-08-08,2159.97,Pago,202608
MEN00011505,ALU00959,2026-09-01,2026-09-10,2026-09-15,2145.31,Pago,202609
MEN00011506,ALU00959,2026-10-01,2026-10-10,2026-10-15,2133.32,Pago,202610
MEN00011507,ALU00959,2026-11-01,2026-11-10,2026-11-13,2104.17,Pago,202611
MEN00011508,ALU00959,2026-12-01,2026-12-10,,2152.79,Vencido,202612
MEN00011509,ALU00960,2026-01-01,2026-01-10,2026-01-10,2055.43,Pago,202601
MEN00011510,ALU00960,2026-02-01,2026-02-10,2026-02-18,2086.64,Pago,202602
MEN00011511,ALU00960,2026-03-01,2026-03-10,2026-03-07,2142.43,Pago,202603
MEN00011512,ALU00960,2026-04-01,2026-04-10,2026-04-18,2162.05,Pago,202604
MEN00011513,ALU00960,2026-05-01,2026-05-10,2026-05-17,2115.12,Pago,202605
MEN00011514,ALU00960,2026-06-01,2026-06-10,2026-06-16,2089.94,Pago,202606
MEN00011515,ALU00960,2026-07-01,2026-07-10,2026-07-11,2152.85,Pago,202607
MEN00011516,ALU00960,2026-08-01,2026-08-10,2026-08-07,2057.87,Pago,202608
MEN00011517,ALU00960,2026-09-01,2026-09-10,2026-09-13,2130.52,Pago,202609
MEN00011518,ALU00960,2026-10-01,2026-10-10,2026-10-16,2042.27,Pago,202610
MEN00011519,ALU00960,2026-11-01,2026-11-10,2026-11-13,2061.58,Pago,202611
MEN00011520,ALU00960,2026-12-01,2026-12-10,2026-12-18,2148.58,Pago,202612
MEN00011521,ALU00961,2026-01-01,2026-01-10,2026-01-18,2136.71,Pago,202601
MEN00011522,ALU00961,2026-02-01,2026-02-10,2026-02-13,2159.34,Pago,202602
MEN00011523,ALU00961,2026-03-01,2026-03-10,,2066.45,Vencido,202603
MEN00011524,ALU00961,2026-04-01,2026-04-10,,2146.53,Em Aberto,202604
MEN00011525,ALU00961,2026-05-01,2026-05-10,2026-05-10,2062.83,Pago,202605
MEN00011526,ALU00961,2026-06-01,2026-06-10,2026-06-14,2153.88,Pago,202606
MEN00011527,ALU00961,2026-07-01,2026-07-10,2026-07-16,2115.44,Pago,202607
MEN00011528,ALU00961,2026-08-01,2026-08-10,2026-08-18,2152.27,Pago,202608
MEN00011529,ALU00961,2026-09-01,2026-09-10,2026-09-10,2082.92,Pago,202609
MEN00011530,ALU00961,2026-10-01,2026-10-10,2026-10-07,2112.25,Pago,202610
MEN00011531,ALU00961,2026-11-01,2026-11-10,2026-11-08,2125.82,Pago,202611
MEN00011532,ALU00961,2026-12-01,2026-12-10,2026-12-08,2141.62,Pago,202612
MEN00011533,ALU00962,2026-01-01,2026-01-10,2026-01-08,2159.2,Pago,202601
MEN00011534,ALU00962,2026-02-01,2026-02-10,2026-02-07,2088.99,Pago,202602
MEN00011535,ALU00962,2026-03-01,2026-03-10,2026-03-11,2067.83,Pago,202603
MEN00011536,ALU00962,2026-04-01,2026-04-10,2026-04-08,2100.25,Pago,202604
MEN00011537,ALU00962,2026-05-01,2026-05-10,2026-05-10,2108.84,Pago,202605
MEN00011538,ALU00962,2026-06-01,2026-06-10,2026-06-11,2161.22,Pago,202606
MEN00011539,ALU00962,2026-07-01,2026-07-10,,2039.8,Em Aberto,202607
MEN00011540,ALU00962,2026-08-01,2026-08-10,2026-08-17,2151.89,Pago,202608
MEN00011541,ALU00962,2026-09-01,2026-09-10,2026-09-07,2077.27,Pago,202609
MEN00011542,ALU00962,2026-10-01,2026-10-10,2026-10-10,2161.97,Pago,202610
MEN00011543,ALU00962,2026-11-01,2026-11-10,2026-11-17,2136.9,Pago,202611
MEN00011544,ALU00962,2026-12-01,2026-12-10,,2147.66,Em Aberto,202612
MEN00011545,ALU00963,2026-01-01,2026-01-10,2026-01-09,2102.17,Pago,202601
MEN00011546,ALU00963,2026-02-01,2026-02-10,,2159.68,Vencido,202602
MEN00011547,ALU00963,2026-03-01,2026-03-10,2026-03-12,2087.52,Pago,202603
MEN00011548,ALU00963,2026-04-01,2026-04-10,2026-04-15,2048.58,Pago,202604
MEN00011549,ALU00963,2026-05-01,2026-05-10,2026-05-09,2068.07,Pago,202605
MEN00011550,ALU00963,2026-06-01,2026-06-10,2026-06-13,2146.88,Pago,202606
MEN00011551,ALU00963,2026-07-01,2026-07-10,2026-07-18,2152.87,Pago,202607
MEN00011552,ALU00963,2026-08-01,2026-08-10,,2108.35,Em Aberto,202608
MEN00011553,ALU00963,2026-09-01,2026-09-10,2026-09-16,2119.21,Pago,202609
MEN00011554,ALU00963,2026-10-01,2026-10-10,2026-10-07,2120.55,Pago,202610
MEN00011555,ALU00963,2026-11-01,2026-11-10,,2141.69,Vencido,202611
MEN00011556,ALU00963,2026-12-01,2026-12-10,,2118.73,Vencido,202612
MEN00011557,ALU00964,2026-01-01,2026-01-10,2026-01-10,2079.23,Pago,202601
MEN00011558,ALU00964,2026-02-01,2026-02-10,2026-02-08,2078.33,Pago,202602
MEN00011559,ALU00964,2026-03-01,2026-03-10,2026-03-12,2046.58,Pago,202603
MEN00011560,ALU00964,2026-04-01,2026-04-10,2026-04-07,2056.33,Pago,202604
MEN00011561,ALU00964,2026-05-01,2026-05-10,2026-05-18,2162.34,Pago,202605
MEN00011562,ALU00964,2026-06-01,2026-06-10,2026-06-07,2115.66,Pago,202606
MEN00011563,ALU00964,2026-07-01,2026-07-10,2026-07-14,2107.94,Pago,202607
MEN00011564,ALU00964,2026-08-01,2026-08-10,2026-08-07,2098.94,Pago,202608
MEN00011565,ALU00964,2026-09-01,2026-09-10,2026-09-09,2100.17,Pago,202609
MEN00011566,ALU00964,2026-10-01,2026-10-10,2026-10-17,2129.4,Pago,202610
MEN00011567,ALU00964,2026-11-01,2026-11-10,2026-11-09,2113.58,Pago,202611
MEN00011568,ALU00964,2026-12-01,2026-12-10,2026-12-12,2102.19,Pago,202612
MEN00011569,ALU00965,2026-01-01,2026-01-10,2026-01-15,2051.25,Pago,202601
MEN00011570,ALU00965,2026-02-01,2026-02-10,2026-02-07,2072.65,Pago,202602
MEN00011571,ALU00965,2026-03-01,2026-03-10,2026-03-18,2083.51,Pago,202603
MEN00011572,ALU00965,2026-04-01,2026-04-10,,2100.08,Vencido,202604
MEN00011573,ALU00965,2026-05-01,2026-05-10,2026-05-14,2097.28,Pago,202605
MEN00011574,ALU00965,2026-06-01,2026-06-10,2026-06-08,2156.36,Pago,202606
MEN00011575,ALU00965,2026-07-01,2026-07-10,2026-07-09,2087.44,Pago,202607
MEN00011576,ALU00965,2026-08-01,2026-08-10,,2099.72,Em Aberto,202608
MEN00011577,ALU00965,2026-09-01,2026-09-10,2026-09-16,2132.46,Pago,202609
MEN00011578,ALU00965,2026-10-01,2026-10-10,2026-10-12,2086.01,Pago,202610
MEN00011579,ALU00965,2026-11-01,2026-11-10,,2054.34,Em Aberto,202611
MEN00011580,ALU00965,2026-12-01,2026-12-10,2026-12-17,2072.37,Pago,202612
MEN00011581,ALU00966,2026-01-01,2026-01-10,2026-01-10,2125.72,Pago,202601
MEN00011582,ALU00966,2026-02-01,2026-02-10,2026-02-16,2102.3,Pago,202602
MEN00011583,ALU00966,2026-03-01,2026-03-10,2026-03-08,2121.55,Pago,202603
MEN00011584,ALU00966,2026-04-01,2026-04-10,,2151.13,Em Aberto,202604
MEN00011585,ALU00966,2026-05-01,2026-05-10,2026-05-08,2067.75,Pago,202605
MEN00011586,ALU00966,2026-06-01,2026-06-10,,2097.28,Em Aberto,202606
MEN00011587,ALU00966,2026-07-01,2026-07-10,2026-07-08,2063.87,Pago,202607
MEN00011588,ALU00966,2026-08-01,2026-08-10,,2112.99,Em Aberto,202608
MEN00011589,ALU00966,2026-09-01,2026-09-10,2026-09-08,2143.04,Pago,202609
MEN00011590,ALU00966,2026-10-01,2026-10-10,,2090.31,Vencido,202610
MEN00011591,ALU00966,2026-11-01,2026-11-10,2026-11-13,2065.78,Pago,202611
MEN00011592,ALU00966,2026-12-01,2026-12-10,2026-12-10,2072.04,Pago,202612
MEN00011593,ALU00967,2026-01-01,2026-01-10,,2092.78,Em Aberto,202601
MEN00011594,ALU00967,2026-02-01,2026-02-10,2026-02-15,2063.59,Pago,202602
MEN00011595,ALU00967,2026-03-01,2026-03-10,2026-03-16,2118.78,Pago,202603
MEN00011596,ALU00967,2026-04-01,2026-04-10,,2068.51,Vencido,202604
MEN00011597,ALU00967,2026-05-01,2026-05-10,2026-05-13,2154.75,Pago,202605
MEN00011598,ALU00967,2026-06-01,2026-06-10,2026-06-09,2150.04,Pago,202606
MEN00011599,ALU00967,2026-07-01,2026-07-10,2026-07-09,2073.82,Pago,202607
MEN00011600,ALU00967,2026-08-01,2026-08-10,2026-08-15,2074.76,Pago,202608
MEN00011601,ALU00967,2026-09-01,2026-09-10,2026-09-07,2061.28,Pago,202609
MEN00011602,ALU00967,2026-10-01,2026-10-10,2026-10-10,2050.41,Pago,202610
MEN00011603,ALU00967,2026-11-01,2026-11-10,,2110.53,Vencido,202611
MEN00011604,ALU00967,2026-12-01,2026-12-10,2026-12-17,2103.15,Pago,202612
MEN00011605,ALU00968,2026-01-01,2026-01-10,2026-01-09,2046.32,Pago,202601
MEN00011606,ALU00968,2026-02-01,2026-02-10,2026-02-18,2069.15,Pago,202602
MEN00011607,ALU00968,2026-03-01,2026-03-10,2026-03-14,2058.52,Pago,202603
MEN00011608,ALU00968,2026-04-01,2026-04-10,2026-04-08,2120.61,Pago,202604
MEN00011609,ALU00968,2026-05-01,2026-05-10,,2082.12,Vencido,202605
MEN00011610,ALU00968,2026-06-01,2026-06-10,2026-06-16,2123.17,Pago,202606
MEN00011611,ALU00968,2026-07-01,2026-07-10,,2077.57,Em Aberto,202607
MEN00011612,ALU00968,2026-08-01,2026-08-10,2026-08-11,2154.24,Pago,202608
MEN00011613,ALU00968,2026-09-01,2026-09-10,2026-09-16,2111.66,Pago,202609
MEN00011614,ALU00968,2026-10-01,2026-10-10,,2135.34,Vencido,202610
MEN00011615,ALU00968,2026-11-01,2026-11-10,2026-11-10,2155.07,Pago,202611
MEN00011616,ALU00968,2026-12-01,2026-12-10,2026-12-08,2082.42,Pago,202612
MEN00011617,ALU00969,2026-01-01,2026-01-10,2026-01-09,2154.7,Pago,202601
MEN00011618,ALU00969,2026-02-01,2026-02-10,2026-02-15,2100.77,Pago,202602
MEN00011619,ALU00969,2026-03-01,2026-03-10,2026-03-17,2040.68,Pago,202603
MEN00011620,ALU00969,2026-04-01,2026-04-10,2026-04-07,2110.71,Pago,202604
MEN00011621,ALU00969,2026-05-01,2026-05-10,2026-05-11,2146.7,Pago,202605
MEN00011622,ALU00969,2026-06-01,2026-06-10,2026-06-17,2055.19,Pago,202606
MEN00011623,ALU00969,2026-07-01,2026-07-10,2026-07-12,2082.6,Pago,202607
MEN00011624,ALU00969,2026-08-01,2026-08-10,2026-08-08,2151.2,Pago,202608
MEN00011625,ALU00969,2026-09-01,2026-09-10,2026-09-14,2142.09,Pago,202609
MEN00011626,ALU00969,2026-10-01,2026-10-10,2026-10-10,2075.95,Pago,202610
MEN00011627,ALU00969,2026-11-01,2026-11-10,2026-11-07,2043.28,Pago,202611
MEN00011628,ALU00969,2026-12-01,2026-12-10,2026-12-16,2058.45,Pago,202612
MEN00011629,ALU00970,2026-01-01,2026-01-10,2026-01-12,2038.99,Pago,202601
MEN00011630,ALU00970,2026-02-01,2026-02-10,2026-02-12,2069.14,Pago,202602
MEN00011631,ALU00970,2026-03-01,2026-03-10,2026-03-14,2051.81,Pago,202603
MEN00011632,ALU00970,2026-04-01,2026-04-10,2026-04-17,2102.52,Pago,202604
MEN00011633,ALU00970,2026-05-01,2026-05-10,2026-05-07,2106.74,Pago,202605
MEN00011634,ALU00970,2026-06-01,2026-06-10,,2058.95,Em Aberto,202606
MEN00011635,ALU00970,2026-07-01,2026-07-10,2026-07-13,2150.86,Pago,202607
MEN00011636,ALU00970,2026-08-01,2026-08-10,2026-08-10,2135.84,Pago,202608
MEN00011637,ALU00970,2026-09-01,2026-09-10,2026-09-12,2129.29,Pago,202609
MEN00011638,ALU00970,2026-10-01,2026-10-10,2026-10-07,2093.23,Pago,202610
MEN00011639,ALU00970,2026-11-01,2026-11-10,,2119.44,Vencido,202611
MEN00011640,ALU00970,2026-12-01,2026-12-10,2026-12-14,2130.69,Pago,202612
MEN00011641,ALU00971,2026-01-01,2026-01-10,2026-01-15,2137.71,Pago,202601
MEN00011642,ALU00971,2026-02-01,2026-02-10,2026-02-14,2048.28,Pago,202602
MEN00011643,ALU00971,2026-03-01,2026-03-10,2026-03-07,2041.56,Pago,202603
MEN00011644,ALU00971,2026-04-01,2026-04-10,2026-04-16,2046.26,Pago,202604
MEN00011645,ALU00971,2026-05-01,2026-05-10,2026-05-18,2043.43,Pago,202605
MEN00011646,ALU00971,2026-06-01,2026-06-10,2026-06-13,2068.76,Pago,202606
MEN00011647,ALU00971,2026-07-01,2026-07-10,2026-07-13,2052.23,Pago,202607
MEN00011648,ALU00971,2026-08-01,2026-08-10,2026-08-12,2096.43,Pago,202608
MEN00011649,ALU00971,2026-09-01,2026-09-10,2026-09-18,2117.01,Pago,202609
MEN00011650,ALU00971,2026-10-01,2026-10-10,2026-10-10,2079.9,Pago,202610
MEN00011651,ALU00971,2026-11-01,2026-11-10,2026-11-13,2114.06,Pago,202611
MEN00011652,ALU00971,2026-12-01,2026-12-10,2026-12-13,2109.68,Pago,202612
MEN00011653,ALU00972,2026-01-01,2026-01-10,2026-01-10,2075.0,Pago,202601
MEN00011654,ALU00972,2026-02-01,2026-02-10,2026-02-18,2108.12,Pago,202602
MEN00011655,ALU00972,2026-03-01,2026-03-10,2026-03-16,2140.54,Pago,202603
MEN00011656,ALU00972,2026-04-01,2026-04-10,,2077.75,Em Aberto,202604
MEN00011657,ALU00972,2026-05-01,2026-05-10,,2116.02,Em Aberto,202605
MEN00011658,ALU00972,2026-06-01,2026-06-10,2026-06-09,2114.12,Pago,202606
MEN00011659,ALU00972,2026-07-01,2026-07-10,2026-07-08,2122.76,Pago,202607
MEN00011660,ALU00972,2026-08-01,2026-08-10,2026-08-15,2112.71,Pago,202608
MEN00011661,ALU00972,2026-09-01,2026-09-10,2026-09-16,2082.02,Pago,202609
MEN00011662,ALU00972,2026-10-01,2026-10-10,2026-10-16,2148.8,Pago,202610
MEN00011663,ALU00972,2026-11-01,2026-11-10,,2054.99,Em Aberto,202611
MEN00011664,ALU00972,2026-12-01,2026-12-10,2026-12-13,2128.98,Pago,202612
MEN00011665,ALU00973,2026-01-01,2026-01-10,2026-01-12,2043.87,Pago,202601
MEN00011666,ALU00973,2026-02-01,2026-02-10,,2045.43,Vencido,202602
MEN00011667,ALU00973,2026-03-01,2026-03-10,2026-03-17,2074.61,Pago,202603
MEN00011668,ALU00973,2026-04-01,2026-04-10,2026-04-12,2096.9,Pago,202604
MEN00011669,ALU00973,2026-05-01,2026-05-10,2026-05-15,2145.68,Pago,202605
MEN00011670,ALU00973,2026-06-01,2026-06-10,2026-06-10,2132.45,Pago,202606
MEN00011671,ALU00973,2026-07-01,2026-07-10,2026-07-12,2097.16,Pago,202607
MEN00011672,ALU00973,2026-08-01,2026-08-10,,2051.37,Vencido,202608
MEN00011673,ALU00973,2026-09-01,2026-09-10,2026-09-17,2119.47,Pago,202609
MEN00011674,ALU00973,2026-10-01,2026-10-10,2026-10-14,2112.4,Pago,202610
MEN00011675,ALU00973,2026-11-01,2026-11-10,,2044.18,Vencido,202611
MEN00011676,ALU00973,2026-12-01,2026-12-10,2026-12-12,2116.05,Pago,202612
MEN00011677,ALU00974,2026-01-01,2026-01-10,2026-01-08,2101.18,Pago,202601
MEN00011678,ALU00974,2026-02-01,2026-02-10,,2120.44,Em Aberto,202602
MEN00011679,ALU00974,2026-03-01,2026-03-10,2026-03-18,2156.4,Pago,202603
MEN00011680,ALU00974,2026-04-01,2026-04-10,2026-04-16,2075.99,Pago,202604
MEN00011681,ALU00974,2026-05-01,2026-05-10,2026-05-12,2110.78,Pago,202605
MEN00011682,ALU00974,2026-06-01,2026-06-10,2026-06-11,2110.51,Pago,202606
MEN00011683,ALU00974,2026-07-01,2026-07-10,2026-07-08,2053.91,Pago,202607
MEN00011684,ALU00974,2026-08-01,2026-08-10,2026-08-17,2090.62,Pago,202608
MEN00011685,ALU00974,2026-09-01,2026-09-10,2026-09-15,2094.55,Pago,202609
MEN00011686,ALU00974,2026-10-01,2026-10-10,2026-10-17,2136.08,Pago,202610
MEN00011687,ALU00974,2026-11-01,2026-11-10,2026-11-17,2075.93,Pago,202611
MEN00011688,ALU00974,2026-12-01,2026-12-10,2026-12-08,2054.97,Pago,202612
MEN00011689,ALU00975,2026-01-01,2026-01-10,2026-01-08,2159.01,Pago,202601
MEN00011690,ALU00975,2026-02-01,2026-02-10,2026-02-18,2061.33,Pago,202602
MEN00011691,ALU00975,2026-03-01,2026-03-10,2026-03-08,2097.27,Pago,202603
MEN00011692,ALU00975,2026-04-01,2026-04-10,2026-04-18,2101.11,Pago,202604
MEN00011693,ALU00975,2026-05-01,2026-05-10,2026-05-17,2090.15,Pago,202605
MEN00011694,ALU00975,2026-06-01,2026-06-10,2026-06-11,2078.29,Pago,202606
MEN00011695,ALU00975,2026-07-01,2026-07-10,,2130.14,Em Aberto,202607
MEN00011696,ALU00975,2026-08-01,2026-08-10,2026-08-11,2116.57,Pago,202608
MEN00011697,ALU00975,2026-09-01,2026-09-10,2026-09-11,2141.36,Pago,202609
MEN00011698,ALU00975,2026-10-01,2026-10-10,2026-10-13,2065.92,Pago,202610
MEN00011699,ALU00975,2026-11-01,2026-11-10,,2068.01,Em Aberto,202611
MEN00011700,ALU00975,2026-12-01,2026-12-10,2026-12-16,2040.18,Pago,202612
MEN00011701,ALU00976,2026-01-01,2026-01-10,2026-01-15,2043.01,Pago,202601
MEN00011702,ALU00976,2026-02-01,2026-02-10,2026-02-12,2090.18,Pago,202602
MEN00011703,ALU00976,2026-03-01,2026-03-10,2026-03-14,2122.95,Pago,202603
MEN00011704,ALU00976,2026-04-01,2026-04-10,2026-04-09,2071.06,Pago,202604
MEN00011705,ALU00976,2026-05-01,2026-05-10,2026-05-13,2156.73,Pago,202605
MEN00011706,ALU00976,2026-06-01,2026-06-10,2026-06-10,2054.48,Pago,202606
MEN00011707,ALU00976,2026-07-01,2026-07-10,,2155.44,Vencido,202607
MEN00011708,ALU00976,2026-08-01,2026-08-10,2026-08-12,2066.96,Pago,202608
MEN00011709,ALU00976,2026-09-01,2026-09-10,2026-09-11,2138.01,Pago,202609
MEN00011710,ALU00976,2026-10-01,2026-10-10,2026-10-16,2149.02,Pago,202610
MEN00011711,ALU00976,2026-11-01,2026-11-10,,2089.56,Em Aberto,202611
MEN00011712,ALU00976,2026-12-01,2026-12-10,2026-12-08,2139.56,Pago,202612
MEN00011713,ALU00977,2026-01-01,2026-01-10,2026-01-15,2090.98,Pago,202601
MEN00011714,ALU00977,2026-02-01,2026-02-10,,2149.17,Em Aberto,202602
MEN00011715,ALU00977,2026-03-01,2026-03-10,2026-03-10,2109.05,Pago,202603
MEN00011716,ALU00977,2026-04-01,2026-04-10,,2050.89,Vencido,202604
MEN00011717,ALU00977,2026-05-01,2026-05-10,,2136.83,Em Aberto,202605
MEN00011718,ALU00977,2026-06-01,2026-06-10,,2136.94,Em Aberto,202606
MEN00011719,ALU00977,2026-07-01,2026-07-10,,2070.85,Vencido,202607
MEN00011720,ALU00977,2026-08-01,2026-08-10,,2098.02,Vencido,202608
MEN00011721,ALU00977,2026-09-01,2026-09-10,2026-09-15,2121.84,Pago,202609
MEN00011722,ALU00977,2026-10-01,2026-10-10,2026-10-18,2106.96,Pago,202610
MEN00011723,ALU00977,2026-11-01,2026-11-10,,2064.86,Em Aberto,202611
MEN00011724,ALU00977,2026-12-01,2026-12-10,2026-12-15,2097.01,Pago,202612
MEN00011725,ALU00978,2026-01-01,2026-01-10,2026-01-09,2092.22,Pago,202601
MEN00011726,ALU00978,2026-02-01,2026-02-10,,2150.36,Vencido,202602
MEN00011727,ALU00978,2026-03-01,2026-03-10,2026-03-16,2114.66,Pago,202603
MEN00011728,ALU00978,2026-04-01,2026-04-10,2026-04-12,2052.69,Pago,202604
MEN00011729,ALU00978,2026-05-01,2026-05-10,,2044.79,Em Aberto,202605
MEN00011730,ALU00978,2026-06-01,2026-06-10,2026-06-12,2162.39,Pago,202606
MEN00011731,ALU00978,2026-07-01,2026-07-10,2026-07-10,2042.64,Pago,202607
MEN00011732,ALU00978,2026-08-01,2026-08-10,2026-08-08,2137.44,Pago,202608
MEN00011733,ALU00978,2026-09-01,2026-09-10,2026-09-07,2092.89,Pago,202609
MEN00011734,ALU00978,2026-10-01,2026-10-10,2026-10-14,2092.81,Pago,202610
MEN00011735,ALU00978,2026-11-01,2026-11-10,2026-11-17,2046.93,Pago,202611
MEN00011736,ALU00978,2026-12-01,2026-12-10,2026-12-14,2075.94,Pago,202612
MEN00011737,ALU00979,2026-01-01,2026-01-10,2026-01-15,2106.31,Pago,202601
MEN00011738,ALU00979,2026-02-01,2026-02-10,2026-02-11,2087.9,Pago,202602
MEN00011739,ALU00979,2026-03-01,2026-03-10,2026-03-14,2162.64,Pago,202603
MEN00011740,ALU00979,2026-04-01,2026-04-10,2026-04-16,2047.07,Pago,202604
MEN00011741,ALU00979,2026-05-01,2026-05-10,,2043.23,Em Aberto,202605
MEN00011742,ALU00979,2026-06-01,2026-06-10,2026-06-09,2087.56,Pago,202606
MEN00011743,ALU00979,2026-07-01,2026-07-10,2026-07-08,2103.09,Pago,202607
MEN00011744,ALU00979,2026-08-01,2026-08-10,,2154.67,Em Aberto,202608
MEN00011745,ALU00979,2026-09-01,2026-09-10,2026-09-15,2120.86,Pago,202609
MEN00011746,ALU00979,2026-10-01,2026-10-10,2026-10-11,2048.77,Pago,202610
MEN00011747,ALU00979,2026-11-01,2026-11-10,2026-11-08,2051.11,Pago,202611
MEN00011748,ALU00979,2026-12-01,2026-12-10,2026-12-18,2110.25,Pago,202612
MEN00011749,ALU00980,2026-01-01,2026-01-10,2026-01-16,2066.52,Pago,202601
MEN00011750,ALU00980,2026-02-01,2026-02-10,2026-02-10,2155.95,Pago,202602
MEN00011751,ALU00980,2026-03-01,2026-03-10,,2143.02,Em Aberto,202603
MEN00011752,ALU00980,2026-04-01,2026-04-10,2026-04-11,2072.67,Pago,202604
MEN00011753,ALU00980,2026-05-01,2026-05-10,2026-05-10,2122.49,Pago,202605
MEN00011754,ALU00980,2026-06-01,2026-06-10,2026-06-17,2126.74,Pago,202606
MEN00011755,ALU00980,2026-07-01,2026-07-10,2026-07-14,2109.01,Pago,202607
MEN00011756,ALU00980,2026-08-01,2026-08-10,2026-08-08,2084.16,Pago,202608
MEN00011757,ALU00980,2026-09-01,2026-09-10,2026-09-11,2102.94,Pago,202609
MEN00011758,ALU00980,2026-10-01,2026-10-10,2026-10-13,2152.19,Pago,202610
MEN00011759,ALU00980,2026-11-01,2026-11-10,,2152.45,Vencido,202611
MEN00011760,ALU00980,2026-12-01,2026-12-10,2026-12-15,2161.9,Pago,202612
MEN00011761,ALU00981,2026-01-01,2026-01-10,,2134.16,Em Aberto,202601
MEN00011762,ALU00981,2026-02-01,2026-02-10,,2046.94,Vencido,202602
MEN00011763,ALU00981,2026-03-01,2026-03-10,2026-03-13,2132.64,Pago,202603
MEN00011764,ALU00981,2026-04-01,2026-04-10,2026-04-10,2142.1,Pago,202604
MEN00011765,ALU00981,2026-05-01,2026-05-10,2026-05-11,2133.91,Pago,202605
MEN00011766,ALU00981,2026-06-01,2026-06-10,2026-06-10,2135.01,Pago,202606
MEN00011767,ALU00981,2026-07-01,2026-07-10,2026-07-14,2083.74,Pago,202607
MEN00011768,ALU00981,2026-08-01,2026-08-10,2026-08-07,2124.91,Pago,202608
MEN00011769,ALU00981,2026-09-01,2026-09-10,2026-09-10,2078.24,Pago,202609
MEN00011770,ALU00981,2026-10-01,2026-10-10,2026-10-18,2076.41,Pago,202610
MEN00011771,ALU00981,2026-11-01,2026-11-10,,2133.55,Em Aberto,202611
MEN00011772,ALU00981,2026-12-01,2026-12-10,,2162.55,Vencido,202612
MEN00011773,ALU00982,2026-01-01,2026-01-10,2026-01-09,2160.8,Pago,202601
MEN00011774,ALU00982,2026-02-01,2026-02-10,,2063.71,Em Aberto,202602
MEN00011775,ALU00982,2026-03-01,2026-03-10,2026-03-11,2110.28,Pago,202603
MEN00011776,ALU00982,2026-04-01,2026-04-10,2026-04-09,2155.82,Pago,202604
MEN00011777,ALU00982,2026-05-01,2026-05-10,2026-05-12,2120.7,Pago,202605
MEN00011778,ALU00982,2026-06-01,2026-06-10,2026-06-17,2106.67,Pago,202606
MEN00011779,ALU00982,2026-07-01,2026-07-10,,2122.44,Em Aberto,202607
MEN00011780,ALU00982,2026-08-01,2026-08-10,2026-08-09,2090.1,Pago,202608
MEN00011781,ALU00982,2026-09-01,2026-09-10,2026-09-12,2086.43,Pago,202609
MEN00011782,ALU00982,2026-10-01,2026-10-10,2026-10-10,2160.03,Pago,202610
MEN00011783,ALU00982,2026-11-01,2026-11-10,2026-11-07,2144.68,Pago,202611
MEN00011784,ALU00982,2026-12-01,2026-12-10,2026-12-12,2051.99,Pago,202612
MEN00011785,ALU00983,2026-01-01,2026-01-10,2026-01-18,2105.39,Pago,202601
MEN00011786,ALU00983,2026-02-01,2026-02-10,2026-02-18,2158.83,Pago,202602
MEN00011787,ALU00983,2026-03-01,2026-03-10,2026-03-11,2147.45,Pago,202603
MEN00011788,ALU00983,2026-04-01,2026-04-10,2026-04-17,2153.62,Pago,202604
MEN00011789,ALU00983,2026-05-01,2026-05-10,2026-05-16,2081.4,Pago,202605
MEN00011790,ALU00983,2026-06-01,2026-06-10,2026-06-16,2078.59,Pago,202606
MEN00011791,ALU00983,2026-07-01,2026-07-10,2026-07-11,2040.5,Pago,202607
MEN00011792,ALU00983,2026-08-01,2026-08-10,2026-08-07,2052.7,Pago,202608
MEN00011793,ALU00983,2026-09-01,2026-09-10,2026-09-09,2096.25,Pago,202609
MEN00011794,ALU00983,2026-10-01,2026-10-10,2026-10-17,2161.11,Pago,202610
MEN00011795,ALU00983,2026-11-01,2026-11-10,2026-11-13,2132.47,Pago,202611
MEN00011796,ALU00983,2026-12-01,2026-12-10,,2134.22,Vencido,202612
MEN00011797,ALU00984,2026-01-01,2026-01-10,2026-01-12,2144.93,Pago,202601
MEN00011798,ALU00984,2026-02-01,2026-02-10,2026-02-11,2052.77,Pago,202602
MEN00011799,ALU00984,2026-03-01,2026-03-10,2026-03-07,2160.45,Pago,202603
MEN00011800,ALU00984,2026-04-01,2026-04-10,2026-04-16,2126.23,Pago,202604
MEN00011801,ALU00984,2026-05-01,2026-05-10,2026-05-09,2104.67,Pago,202605
MEN00011802,ALU00984,2026-06-01,2026-06-10,2026-06-14,2111.51,Pago,202606
MEN00011803,ALU00984,2026-07-01,2026-07-10,2026-07-12,2106.39,Pago,202607
MEN00011804,ALU00984,2026-08-01,2026-08-10,,2077.96,Vencido,202608
MEN00011805,ALU00984,2026-09-01,2026-09-10,2026-09-14,2050.56,Pago,202609
MEN00011806,ALU00984,2026-10-01,2026-10-10,2026-10-17,2091.07,Pago,202610
MEN00011807,ALU00984,2026-11-01,2026-11-10,2026-11-15,2066.12,Pago,202611
MEN00011808,ALU00984,2026-12-01,2026-12-10,2026-12-12,2092.97,Pago,202612
MEN00011809,ALU00985,2026-01-01,2026-01-10,2026-01-07,2083.98,Pago,202601
MEN00011810,ALU00985,2026-02-01,2026-02-10,2026-02-08,2160.18,Pago,202602
MEN00011811,ALU00985,2026-03-01,2026-03-10,2026-03-08,2132.92,Pago,202603
MEN00011812,ALU00985,2026-04-01,2026-04-10,2026-04-15,2123.54,Pago,202604
MEN00011813,ALU00985,2026-05-01,2026-05-10,2026-05-09,2091.89,Pago,202605
MEN00011814,ALU00985,2026-06-01,2026-06-10,2026-06-07,2055.42,Pago,202606
MEN00011815,ALU00985,2026-07-01,2026-07-10,2026-07-08,2154.77,Pago,202607
MEN00011816,ALU00985,2026-08-01,2026-08-10,2026-08-12,2073.5,Pago,202608
MEN00011817,ALU00985,2026-09-01,2026-09-10,2026-09-11,2113.38,Pago,202609
MEN00011818,ALU00985,2026-10-01,2026-10-10,,2104.93,Em Aberto,202610
MEN00011819,ALU00985,2026-11-01,2026-11-10,2026-11-17,2069.07,Pago,202611
MEN00011820,ALU00985,2026-12-01,2026-12-10,2026-12-09,2079.3,Pago,202612
MEN00011821,ALU00986,2026-01-01,2026-01-10,2026-01-17,2159.54,Pago,202601
MEN00011822,ALU00986,2026-02-01,2026-02-10,2026-02-15,2144.71,Pago,202602
MEN00011823,ALU00986,2026-03-01,2026-03-10,2026-03-13,2063.95,Pago,202603
MEN00011824,ALU00986,2026-04-01,2026-04-10,2026-04-14,2103.05,Pago,202604
MEN00011825,ALU00986,2026-05-01,2026-05-10,,2061.95,Vencido,202605
MEN00011826,ALU00986,2026-06-01,2026-06-10,2026-06-11,2073.39,Pago,202606
MEN00011827,ALU00986,2026-07-01,2026-07-10,2026-07-17,2093.82,Pago,202607
MEN00011828,ALU00986,2026-08-01,2026-08-10,2026-08-08,2058.02,Pago,202608
MEN00011829,ALU00986,2026-09-01,2026-09-10,2026-09-07,2052.03,Pago,202609
MEN00011830,ALU00986,2026-10-01,2026-10-10,2026-10-11,2092.99,Pago,202610
MEN00011831,ALU00986,2026-11-01,2026-11-10,2026-11-18,2050.32,Pago,202611
MEN00011832,ALU00986,2026-12-01,2026-12-10,2026-12-07,2108.32,Pago,202612
MEN00011833,ALU00987,2026-01-01,2026-01-10,,2133.9,Vencido,202601
MEN00011834,ALU00987,2026-02-01,2026-02-10,,2126.71,Em Aberto,202602
MEN00011835,ALU00987,2026-03-01,2026-03-10,2026-03-18,2085.5,Pago,202603
MEN00011836,ALU00987,2026-04-01,2026-04-10,2026-04-10,2045.12,Pago,202604
MEN00011837,ALU00987,2026-05-01,2026-05-10,2026-05-16,2141.76,Pago,202605
MEN00011838,ALU00987,2026-06-01,2026-06-10,2026-06-11,2058.79,Pago,202606
MEN00011839,ALU00987,2026-07-01,2026-07-10,2026-07-15,2055.42,Pago,202607
MEN00011840,ALU00987,2026-08-01,2026-08-10,2026-08-16,2117.88,Pago,202608
MEN00011841,ALU00987,2026-09-01,2026-09-10,,2113.86,Vencido,202609
MEN00011842,ALU00987,2026-10-01,2026-10-10,2026-10-12,2094.13,Pago,202610
MEN00011843,ALU00987,2026-11-01,2026-11-10,,2062.43,Vencido,202611
MEN00011844,ALU00987,2026-12-01,2026-12-10,2026-12-12,2134.06,Pago,202612
MEN00011845,ALU00988,2026-01-01,2026-01-10,,2104.38,Em Aberto,202601
MEN00011846,ALU00988,2026-02-01,2026-02-10,2026-02-10,2042.33,Pago,202602
MEN00011847,ALU00988,2026-03-01,2026-03-10,2026-03-12,2101.73,Pago,202603
MEN00011848,ALU00988,2026-04-01,2026-04-10,2026-04-08,2101.09,Pago,202604
MEN00011849,ALU00988,2026-05-01,2026-05-10,,2072.4,Em Aberto,202605
MEN00011850,ALU00988,2026-06-01,2026-06-10,2026-06-18,2154.6,Pago,202606
MEN00011851,ALU00988,2026-07-01,2026-07-10,2026-07-07,2088.65,Pago,202607
MEN00011852,ALU00988,2026-08-01,2026-08-10,2026-08-12,2145.94,Pago,202608
MEN00011853,ALU00988,2026-09-01,2026-09-10,2026-09-14,2091.64,Pago,202609
MEN00011854,ALU00988,2026-10-01,2026-10-10,,2133.49,Em Aberto,202610
MEN00011855,ALU00988,2026-11-01,2026-11-10,,2153.83,Vencido,202611
MEN00011856,ALU00988,2026-12-01,2026-12-10,2026-12-12,2121.27,Pago,202612
MEN00011857,ALU00989,2026-01-01,2026-01-10,2026-01-12,2130.06,Pago,202601
MEN00011858,ALU00989,2026-02-01,2026-02-10,2026-02-18,2068.9,Pago,202602
MEN00011859,ALU00989,2026-03-01,2026-03-10,2026-03-10,2067.09,Pago,202603
MEN00011860,ALU00989,2026-04-01,2026-04-10,2026-04-07,2147.1,Pago,202604
MEN00011861,ALU00989,2026-05-01,2026-05-10,2026-05-18,2042.68,Pago,202605
MEN00011862,ALU00989,2026-06-01,2026-06-10,2026-06-10,2155.2,Pago,202606
MEN00011863,ALU00989,2026-07-01,2026-07-10,2026-07-17,2047.44,Pago,202607
MEN00011864,ALU00989,2026-08-01,2026-08-10,2026-08-16,2108.91,Pago,202608
MEN00011865,ALU00989,2026-09-01,2026-09-10,,2122.45,Em Aberto,202609
MEN00011866,ALU00989,2026-10-01,2026-10-10,2026-10-11,2116.38,Pago,202610
MEN00011867,ALU00989,2026-11-01,2026-11-10,2026-11-07,2108.57,Pago,202611
MEN00011868,ALU00989,2026-12-01,2026-12-10,2026-12-12,2062.08,Pago,202612
MEN00011869,ALU00990,2026-01-01,2026-01-10,2026-01-14,2137.64,Pago,202601
MEN00011870,ALU00990,2026-02-01,2026-02-10,,2074.75,Vencido,202602
MEN00011871,ALU00990,2026-03-01,2026-03-10,2026-03-14,2107.35,Pago,202603
MEN00011872,ALU00990,2026-04-01,2026-04-10,2026-04-16,2046.91,Pago,202604
MEN00011873,ALU00990,2026-05-01,2026-05-10,2026-05-07,2080.99,Pago,202605
MEN00011874,ALU00990,2026-06-01,2026-06-10,2026-06-11,2091.64,Pago,202606
MEN00011875,ALU00990,2026-07-01,2026-07-10,2026-07-08,2065.29,Pago,202607
MEN00011876,ALU00990,2026-08-01,2026-08-10,2026-08-12,2049.24,Pago,202608
MEN00011877,ALU00990,2026-09-01,2026-09-10,2026-09-12,2037.43,Pago,202609
MEN00011878,ALU00990,2026-10-01,2026-10-10,2026-10-09,2060.03,Pago,202610
MEN00011879,ALU00990,2026-11-01,2026-11-10,2026-11-14,2159.5,Pago,202611
MEN00011880,ALU00990,2026-12-01,2026-12-10,2026-12-07,2105.79,Pago,202612
MEN00011881,ALU00991,2026-01-01,2026-01-10,2026-01-08,2095.19,Pago,202601
MEN00011882,ALU00991,2026-02-01,2026-02-10,2026-02-10,2071.55,Pago,202602
MEN00011883,ALU00991,2026-03-01,2026-03-10,2026-03-09,2142.44,Pago,202603
MEN00011884,ALU00991,2026-04-01,2026-04-10,,2091.53,Vencido,202604
MEN00011885,ALU00991,2026-05-01,2026-05-10,2026-05-17,2142.2,Pago,202605
MEN00011886,ALU00991,2026-06-01,2026-06-10,2026-06-09,2161.11,Pago,202606
MEN00011887,ALU00991,2026-07-01,2026-07-10,2026-07-09,2151.23,Pago,202607
MEN00011888,ALU00991,2026-08-01,2026-08-10,2026-08-16,2089.28,Pago,202608
MEN00011889,ALU00991,2026-09-01,2026-09-10,2026-09-13,2082.56,Pago,202609
MEN00011890,ALU00991,2026-10-01,2026-10-10,2026-10-17,2117.59,Pago,202610
MEN00011891,ALU00991,2026-11-01,2026-11-10,2026-11-15,2137.62,Pago,202611
MEN00011892,ALU00991,2026-12-01,2026-12-10,2026-12-13,2105.36,Pago,202612
MEN00011893,ALU00992,2026-01-01,2026-01-10,2026-01-18,2111.78,Pago,202601
MEN00011894,ALU00992,2026-02-01,2026-02-10,2026-02-14,2075.47,Pago,202602
MEN00011895,ALU00992,2026-03-01,2026-03-10,2026-03-14,2084.99,Pago,202603
MEN00011896,ALU00992,2026-04-01,2026-04-10,2026-04-14,2060.86,Pago,202604
MEN00011897,ALU00992,2026-05-01,2026-05-10,2026-05-16,2052.16,Pago,202605
MEN00011898,ALU00992,2026-06-01,2026-06-10,2026-06-09,2110.13,Pago,202606
MEN00011899,ALU00992,2026-07-01,2026-07-10,2026-07-12,2085.74,Pago,202607
MEN00011900,ALU00992,2026-08-01,2026-08-10,2026-08-18,2143.52,Pago,202608
MEN00011901,ALU00992,2026-09-01,2026-09-10,,2135.58,Vencido,202609
MEN00011902,ALU00992,2026-10-01,2026-10-10,2026-10-13,2108.37,Pago,202610
MEN00011903,ALU00992,2026-11-01,2026-11-10,,2137.79,Em Aberto,202611
MEN00011904,ALU00992,2026-12-01,2026-12-10,2026-12-07,2161.95,Pago,202612
MEN00011905,ALU00993,2026-01-01,2026-01-10,2026-01-08,2115.64,Pago,202601
MEN00011906,ALU00993,2026-02-01,2026-02-10,2026-02-13,2113.13,Pago,202602
MEN00011907,ALU00993,2026-03-01,2026-03-10,2026-03-16,2062.37,Pago,202603
MEN00011908,ALU00993,2026-04-01,2026-04-10,2026-04-14,2093.13,Pago,202604
MEN00011909,ALU00993,2026-05-01,2026-05-10,2026-05-12,2147.23,Pago,202605
MEN00011910,ALU00993,2026-06-01,2026-06-10,2026-06-09,2037.91,Pago,202606
MEN00011911,ALU00993,2026-07-01,2026-07-10,2026-07-09,2142.08,Pago,202607
MEN00011912,ALU00993,2026-08-01,2026-08-10,2026-08-11,2100.09,Pago,202608
MEN00011913,ALU00993,2026-09-01,2026-09-10,,2157.42,Em Aberto,202609
MEN00011914,ALU00993,2026-10-01,2026-10-10,2026-10-08,2140.63,Pago,202610
MEN00011915,ALU00993,2026-11-01,2026-11-10,,2073.52,Vencido,202611
MEN00011916,ALU00993,2026-12-01,2026-12-10,2026-12-10,2099.96,Pago,202612
MEN00011917,ALU00994,2026-01-01,2026-01-10,2026-01-16,2112.69,Pago,202601
MEN00011918,ALU00994,2026-02-01,2026-02-10,,2098.23,Vencido,202602
MEN00011919,ALU00994,2026-03-01,2026-03-10,,2120.81,Em Aberto,202603
MEN00011920,ALU00994,2026-04-01,2026-04-10,,2107.02,Vencido,202604
MEN00011921,ALU00994,2026-05-01,2026-05-10,2026-05-07,2143.8,Pago,202605
MEN00011922,ALU00994,2026-06-01,2026-06-10,2026-06-07,2149.74,Pago,202606
MEN00011923,ALU00994,2026-07-01,2026-07-10,2026-07-07,2112.02,Pago,202607
MEN00011924,ALU00994,2026-08-01,2026-08-10,2026-08-12,2113.77,Pago,202608
MEN00011925,ALU00994,2026-09-01,2026-09-10,2026-09-15,2073.09,Pago,202609
MEN00011926,ALU00994,2026-10-01,2026-10-10,2026-10-07,2085.92,Pago,202610
MEN00011927,ALU00994,2026-11-01,2026-11-10,2026-11-15,2101.35,Pago,202611
MEN00011928,ALU00994,2026-12-01,2026-12-10,2026-12-10,2126.15,Pago,202612
MEN00011929,ALU00995,2026-01-01,2026-01-10,2026-01-14,2047.93,Pago,202601
MEN00011930,ALU00995,2026-02-01,2026-02-10,2026-02-07,2046.19,Pago,202602
MEN00011931,ALU00995,2026-03-01,2026-03-10,2026-03-10,2090.64,Pago,202603
MEN00011932,ALU00995,2026-04-01,2026-04-10,,2073.32,Em Aberto,202604
MEN00011933,ALU00995,2026-05-01,2026-05-10,2026-05-08,2068.74,Pago,202605
MEN00011934,ALU00995,2026-06-01,2026-06-10,2026-06-07,2141.71,Pago,202606
MEN00011935,ALU00995,2026-07-01,2026-07-10,,2159.57,Vencido,202607
MEN00011936,ALU00995,2026-08-01,2026-08-10,2026-08-13,2157.88,Pago,202608
MEN00011937,ALU00995,2026-09-01,2026-09-10,2026-09-16,2151.27,Pago,202609
MEN00011938,ALU00995,2026-10-01,2026-10-10,2026-10-13,2109.09,Pago,202610
MEN00011939,ALU00995,2026-11-01,2026-11-10,2026-11-11,2059.78,Pago,202611
MEN00011940,ALU00995,2026-12-01,2026-12-10,2026-12-17,2101.37,Pago,202612
MEN00011941,ALU00996,2026-01-01,2026-01-10,2026-01-16,2081.0,Pago,202601
MEN00011942,ALU00996,2026-02-01,2026-02-10,2026-02-13,2142.64,Pago,202602
MEN00011943,ALU00996,2026-03-01,2026-03-10,2026-03-12,2107.03,Pago,202603
MEN00011944,ALU00996,2026-04-01,2026-04-10,,2134.65,Vencido,202604
MEN00011945,ALU00996,2026-05-01,2026-05-10,2026-05-18,2149.21,Pago,202605
MEN00011946,ALU00996,2026-06-01,2026-06-10,,2100.1,Vencido,202606
MEN00011947,ALU00996,2026-07-01,2026-07-10,2026-07-18,2114.51,Pago,202607
MEN00011948,ALU00996,2026-08-01,2026-08-10,2026-08-17,2042.25,Pago,202608
MEN00011949,ALU00996,2026-09-01,2026-09-10,,2153.08,Em Aberto,202609
MEN00011950,ALU00996,2026-10-01,2026-10-10,,2057.23,Em Aberto,202610
MEN00011951,ALU00996,2026-11-01,2026-11-10,2026-11-17,2087.94,Pago,202611
MEN00011952,ALU00996,2026-12-01,2026-12-10,2026-12-14,2158.33,Pago,202612
MEN00011953,ALU00997,2026-01-01,2026-01-10,,2152.39,Vencido,202601
MEN00011954,ALU00997,2026-02-01,2026-02-10,2026-02-16,2115.94,Pago,202602
MEN00011955,ALU00997,2026-03-01,2026-03-10,2026-03-17,2096.58,Pago,202603
MEN00011956,ALU00997,2026-04-01,2026-04-10,2026-04-12,2040.24,Pago,202604
MEN00011957,ALU00997,2026-05-01,2026-05-10,2026-05-13,2110.16,Pago,202605
MEN00011958,ALU00997,2026-06-01,2026-06-10,,2057.33,Em Aberto,202606
MEN00011959,ALU00997,2026-07-01,2026-07-10,2026-07-09,2101.32,Pago,202607
MEN00011960,ALU00997,2026-08-01,2026-08-10,2026-08-16,2110.32,Pago,202608
MEN00011961,ALU00997,2026-09-01,2026-09-10,2026-09-09,2126.6,Pago,202609
MEN00011962,ALU00997,2026-10-01,2026-10-10,2026-10-14,2120.17,Pago,202610
MEN00011963,ALU00997,2026-11-01,2026-11-10,2026-11-13,2079.04,Pago,202611
MEN00011964,ALU00997,2026-12-01,2026-12-10,2026-12-18,2068.41,Pago,202612
MEN00011965,ALU00998,2026-01-01,2026-01-10,2026-01-10,2072.48,Pago,202601
MEN00011966,ALU00998,2026-02-01,2026-02-10,2026-02-17,2087.01,Pago,202602
MEN00011967,ALU00998,2026-03-01,2026-03-10,2026-03-07,2050.02,Pago,202603
MEN00011968,ALU00998,2026-04-01,2026-04-10,2026-04-10,2147.97,Pago,202604
MEN00011969,ALU00998,2026-05-01,2026-05-10,2026-05-08,2058.82,Pago,202605
MEN00011970,ALU00998,2026-06-01,2026-06-10,2026-06-08,2063.48,Pago,202606
MEN00011971,ALU00998,2026-07-01,2026-07-10,2026-07-17,2054.64,Pago,202607
MEN00011972,ALU00998,2026-08-01,2026-08-10,2026-08-18,2119.59,Pago,202608
MEN00011973,ALU00998,2026-09-01,2026-09-10,2026-09-13,2097.31,Pago,202609
MEN00011974,ALU00998,2026-10-01,2026-10-10,2026-10-12,2153.8,Pago,202610
MEN00011975,ALU00998,2026-11-01,2026-11-10,2026-11-10,2077.2,Pago,202611
MEN00011976,ALU00998,2026-12-01,2026-12-10,2026-12-13,2093.78,Pago,202612
MEN00011977,ALU00999,2026-01-01,2026-01-10,2026-01-18,2106.61,Pago,202601
MEN00011978,ALU00999,2026-02-01,2026-02-10,2026-02-07,2080.98,Pago,202602
MEN00011979,ALU00999,2026-03-01,2026-03-10,2026-03-08,2078.73,Pago,202603
MEN00011980,ALU00999,2026-04-01,2026-04-10,,2087.82,Em Aberto,202604
MEN00011981,ALU00999,2026-05-01,2026-05-10,2026-05-11,2038.3,Pago,202605
MEN00011982,ALU00999,2026-06-01,2026-06-10,2026-06-10,2039.55,Pago,202606
MEN00011983,ALU00999,2026-07-01,2026-07-10,2026-07-18,2039.52,Pago,202607
MEN00011984,ALU00999,2026-08-01,2026-08-10,2026-08-14,2150.55,Pago,202608
MEN00011985,ALU00999,2026-09-01,2026-09-10,2026-09-15,2071.14,Pago,202609
MEN00011986,ALU00999,2026-10-01,2026-10-10,2026-10-18,2100.53,Pago,202610
MEN00011987,ALU00999,2026-11-01,2026-11-10,2026-11-16,2042.42,Pago,202611
MEN00011988,ALU00999,2026-12-01,2026-12-10,2026-12-07,2054.64,Pago,202612
MEN00011989,ALU01000,2026-01-01,2026-01-10,2026-01-18,2080.0,Pago,202601
MEN00011990,ALU01000,2026-02-01,2026-02-10,2026-02-07,2161.68,Pago,202602
MEN00011991,ALU01000,2026-03-01,2026-03-10,2026-03-14,2065.45,Pago,202603
MEN00011992,ALU01000,2026-04-01,2026-04-10,2026-04-14,2088.81,Pago,202604
MEN00011993,ALU01000,2026-05-01,2026-05-10,,2082.69,Vencido,202605
MEN00011994,ALU01000,2026-06-01,2026-06-10,2026-06-18,2094.19,Pago,202606
MEN00011995,ALU01000,2026-07-01,2026-07-10,2026-07-09,2058.82,Pago,202607
MEN00011996,ALU01000,2026-08-01,2026-08-10,2026-08-12,2061.09,Pago,202608
MEN00011997,ALU01000,2026-09-01,2026-09-10,,2073.7,Vencido,202609
MEN00011998,ALU01000,2026-10-01,2026-10-10,2026-10-10,2091.57,Pago,202610
MEN00011999,ALU01000,2026-11-01,2026-11-10,2026-11-12,2042.9,Pago,202611
MEN00012000,ALU01000,2026-12-01,2026-12-10,2026-12-16,2062.96,Pago,202612
MEN00012001,ALU01001,2026-01-01,2026-01-10,2026-01-15,2075.3,Pago,202601
MEN00012002,ALU01001,2026-02-01,2026-02-10,2026-02-14,2100.24,Pago,202602
MEN00012003,ALU01001,2026-03-01,2026-03-10,2026-03-14,2124.03,Pago,202603
MEN00012004,ALU01001,2026-04-01,2026-04-10,,2105.59,Em Aberto,202604
MEN00012005,ALU01001,2026-05-01,2026-05-10,2026-05-11,2137.78,Pago,202605
MEN00012006,ALU01001,2026-06-01,2026-06-10,,2093.16,Em Aberto,202606
MEN00012007,ALU01001,2026-07-01,2026-07-10,2026-07-15,2109.31,Pago,202607
MEN00012008,ALU01001,2026-08-01,2026-08-10,2026-08-18,2126.99,Pago,202608
MEN00012009,ALU01001,2026-09-01,2026-09-10,2026-09-07,2080.95,Pago,202609
MEN00012010,ALU01001,2026-10-01,2026-10-10,2026-10-08,2099.98,Pago,202610
MEN00012011,ALU01001,2026-11-01,2026-11-10,2026-11-14,2087.21,Pago,202611
MEN00012012,ALU01001,2026-12-01,2026-12-10,2026-12-17,2053.77,Pago,202612
MEN00012013,ALU01002,2026-01-01,2026-01-10,2026-01-18,2097.4,Pago,202601
MEN00012014,ALU01002,2026-02-01,2026-02-10,,2048.41,Em Aberto,202602
MEN00012015,ALU01002,2026-03-01,2026-03-10,2026-03-09,2049.71,Pago,202603
MEN00012016,ALU01002,2026-04-01,2026-04-10,2026-04-18,2079.46,Pago,202604
MEN00012017,ALU01002,2026-05-01,2026-05-10,2026-05-13,2041.87,Pago,202605
MEN00012018,ALU01002,2026-06-01,2026-06-10,2026-06-09,2151.58,Pago,202606
MEN00012019,ALU01002,2026-07-01,2026-07-10,2026-07-07,2052.47,Pago,202607
MEN00012020,ALU01002,2026-08-01,2026-08-10,,2046.57,Em Aberto,202608
MEN00012021,ALU01002,2026-09-01,2026-09-10,2026-09-11,2151.74,Pago,202609
MEN00012022,ALU01002,2026-10-01,2026-10-10,2026-10-09,2072.98,Pago,202610
MEN00012023,ALU01002,2026-11-01,2026-11-10,2026-11-17,2072.76,Pago,202611
MEN00012024,ALU01002,2026-12-01,2026-12-10,2026-12-08,2050.59,Pago,202612
MEN00012025,ALU01003,2026-01-01,2026-01-10,2026-01-15,2136.1,Pago,202601
MEN00012026,ALU01003,2026-02-01,2026-02-10,2026-02-15,2061.08,Pago,202602
MEN00012027,ALU01003,2026-03-01,2026-03-10,,2115.98,Em Aberto,202603
MEN00012028,ALU01003,2026-04-01,2026-04-10,2026-04-12,2065.89,Pago,202604
MEN00012029,ALU01003,2026-05-01,2026-05-10,2026-05-13,2131.33,Pago,202605
MEN00012030,ALU01003,2026-06-01,2026-06-10,,2091.13,Vencido,202606
MEN00012031,ALU01003,2026-07-01,2026-07-10,2026-07-12,2137.98,Pago,202607
MEN00012032,ALU01003,2026-08-01,2026-08-10,,2119.29,Em Aberto,202608
MEN00012033,ALU01003,2026-09-01,2026-09-10,,2110.75,Vencido,202609
MEN00012034,ALU01003,2026-10-01,2026-10-10,2026-10-07,2058.82,Pago,202610
MEN00012035,ALU01003,2026-11-01,2026-11-10,2026-11-17,2061.96,Pago,202611
MEN00012036,ALU01003,2026-12-01,2026-12-10,2026-12-09,2100.67,Pago,202612
MEN00012037,ALU01004,2026-01-01,2026-01-10,2026-01-09,2100.59,Pago,202601
MEN00012038,ALU01004,2026-02-01,2026-02-10,2026-02-17,2104.78,Pago,202602
MEN00012039,ALU01004,2026-03-01,2026-03-10,2026-03-14,2078.7,Pago,202603
MEN00012040,ALU01004,2026-04-01,2026-04-10,2026-04-14,2046.1,Pago,202604
MEN00012041,ALU01004,2026-05-01,2026-05-10,2026-05-11,2147.42,Pago,202605
MEN00012042,ALU01004,2026-06-01,2026-06-10,2026-06-08,2068.11,Pago,202606
MEN00012043,ALU01004,2026-07-01,2026-07-10,2026-07-11,2143.43,Pago,202607
MEN00012044,ALU01004,2026-08-01,2026-08-10,,2159.95,Vencido,202608
MEN00012045,ALU01004,2026-09-01,2026-09-10,2026-09-17,2067.16,Pago,202609
MEN00012046,ALU01004,2026-10-01,2026-10-10,,2038.65,Vencido,202610
MEN00012047,ALU01004,2026-11-01,2026-11-10,,2095.12,Vencido,202611
MEN00012048,ALU01004,2026-12-01,2026-12-10,2026-12-17,2052.42,Pago,202612
MEN00012049,ALU01005,2026-01-01,2026-01-10,2026-01-08,2050.6,Pago,202601
MEN00012050,ALU01005,2026-02-01,2026-02-10,2026-02-10,2131.43,Pago,202602
MEN00012051,ALU01005,2026-03-01,2026-03-10,2026-03-11,2103.26,Pago,202603
MEN00012052,ALU01005,2026-04-01,2026-04-10,,2056.53,Vencido,202604
MEN00012053,ALU01005,2026-05-01,2026-05-10,,2110.26,Em Aberto,202605
MEN00012054,ALU01005,2026-06-01,2026-06-10,2026-06-14,2086.89,Pago,202606
MEN00012055,ALU01005,2026-07-01,2026-07-10,2026-07-17,2148.06,Pago,202607
MEN00012056,ALU01005,2026-08-01,2026-08-10,2026-08-18,2087.61,Pago,202608
MEN00012057,ALU01005,2026-09-01,2026-09-10,2026-09-17,2150.73,Pago,202609
MEN00012058,ALU01005,2026-10-01,2026-10-10,2026-10-12,2073.6,Pago,202610
MEN00012059,ALU01005,2026-11-01,2026-11-10,2026-11-15,2047.18,Pago,202611
MEN00012060,ALU01005,2026-12-01,2026-12-10,2026-12-14,2112.28,Pago,202612
MEN00012061,ALU01006,2026-01-01,2026-01-10,2026-01-12,2158.08,Pago,202601
MEN00012062,ALU01006,2026-02-01,2026-02-10,2026-02-18,2102.15,Pago,202602
MEN00012063,ALU01006,2026-03-01,2026-03-10,,2133.72,Vencido,202603
MEN00012064,ALU01006,2026-04-01,2026-04-10,2026-04-12,2131.57,Pago,202604
MEN00012065,ALU01006,2026-05-01,2026-05-10,2026-05-17,2144.75,Pago,202605
MEN00012066,ALU01006,2026-06-01,2026-06-10,2026-06-13,2157.04,Pago,202606
MEN00012067,ALU01006,2026-07-01,2026-07-10,2026-07-14,2046.2,Pago,202607
MEN00012068,ALU01006,2026-08-01,2026-08-10,,2121.78,Em Aberto,202608
MEN00012069,ALU01006,2026-09-01,2026-09-10,2026-09-15,2072.34,Pago,202609
MEN00012070,ALU01006,2026-10-01,2026-10-10,,2159.23,Vencido,202610
MEN00012071,ALU01006,2026-11-01,2026-11-10,,2154.07,Em Aberto,202611
MEN00012072,ALU01006,2026-12-01,2026-12-10,2026-12-08,2102.43,Pago,202612
MEN00012073,ALU01007,2026-01-01,2026-01-10,2026-01-07,2075.44,Pago,202601
MEN00012074,ALU01007,2026-02-01,2026-02-10,2026-02-11,2097.82,Pago,202602
MEN00012075,ALU01007,2026-03-01,2026-03-10,2026-03-13,2098.69,Pago,202603
MEN00012076,ALU01007,2026-04-01,2026-04-10,2026-04-08,2040.72,Pago,202604
MEN00012077,ALU01007,2026-05-01,2026-05-10,2026-05-14,2070.07,Pago,202605
MEN00012078,ALU01007,2026-06-01,2026-06-10,,2152.75,Em Aberto,202606
MEN00012079,ALU01007,2026-07-01,2026-07-10,2026-07-14,2096.35,Pago,202607
MEN00012080,ALU01007,2026-08-01,2026-08-10,2026-08-08,2047.41,Pago,202608
MEN00012081,ALU01007,2026-09-01,2026-09-10,2026-09-08,2093.24,Pago,202609
MEN00012082,ALU01007,2026-10-01,2026-10-10,2026-10-11,2143.11,Pago,202610
MEN00012083,ALU01007,2026-11-01,2026-11-10,,2071.26,Vencido,202611
MEN00012084,ALU01007,2026-12-01,2026-12-10,2026-12-08,2066.75,Pago,202612
MEN00012085,ALU01008,2026-01-01,2026-01-10,2026-01-11,2052.48,Pago,202601
MEN00012086,ALU01008,2026-02-01,2026-02-10,2026-02-09,2143.48,Pago,202602
MEN00012087,ALU01008,2026-03-01,2026-03-10,,2119.74,Vencido,202603
MEN00012088,ALU01008,2026-04-01,2026-04-10,2026-04-11,2040.18,Pago,202604
MEN00012089,ALU01008,2026-05-01,2026-05-10,2026-05-16,2108.84,Pago,202605
MEN00012090,ALU01008,2026-06-01,2026-06-10,2026-06-10,2118.02,Pago,202606
MEN00012091,ALU01008,2026-07-01,2026-07-10,2026-07-14,2142.89,Pago,202607
MEN00012092,ALU01008,2026-08-01,2026-08-10,2026-08-07,2052.54,Pago,202608
MEN00012093,ALU01008,2026-09-01,2026-09-10,,2081.24,Em Aberto,202609
MEN00012094,ALU01008,2026-10-01,2026-10-10,2026-10-14,2107.25,Pago,202610
MEN00012095,ALU01008,2026-11-01,2026-11-10,2026-11-14,2135.15,Pago,202611
MEN00012096,ALU01008,2026-12-01,2026-12-10,2026-12-13,2120.75,Pago,202612
MEN00012097,ALU01009,2026-01-01,2026-01-10,2026-01-14,2078.19,Pago,202601
MEN00012098,ALU01009,2026-02-01,2026-02-10,2026-02-15,2051.2,Pago,202602
MEN00012099,ALU01009,2026-03-01,2026-03-10,2026-03-09,2090.45,Pago,202603
MEN00012100,ALU01009,2026-04-01,2026-04-10,2026-04-18,2139.38,Pago,202604
MEN00012101,ALU01009,2026-05-01,2026-05-10,2026-05-18,2056.28,Pago,202605
MEN00012102,ALU01009,2026-06-01,2026-06-10,2026-06-11,2043.34,Pago,202606
MEN00012103,ALU01009,2026-07-01,2026-07-10,2026-07-10,2131.64,Pago,202607
MEN00012104,ALU01009,2026-08-01,2026-08-10,2026-08-16,2059.53,Pago,202608
MEN00012105,ALU01009,2026-09-01,2026-09-10,2026-09-10,2131.56,Pago,202609
MEN00012106,ALU01009,2026-10-01,2026-10-10,2026-10-08,2128.01,Pago,202610
MEN00012107,ALU01009,2026-11-01,2026-11-10,2026-11-13,2137.06,Pago,202611
MEN00012108,ALU01009,2026-12-01,2026-12-10,2026-12-10,2063.15,Pago,202612
MEN00012109,ALU01010,2026-01-01,2026-01-10,2026-01-16,2101.34,Pago,202601
MEN00012110,ALU01010,2026-02-01,2026-02-10,2026-02-09,2124.78,Pago,202602
MEN00012111,ALU01010,2026-03-01,2026-03-10,2026-03-18,2090.04,Pago,202603
MEN00012112,ALU01010,2026-04-01,2026-04-10,2026-04-07,2122.29,Pago,202604
MEN00012113,ALU01010,2026-05-01,2026-05-10,2026-05-18,2131.85,Pago,202605
MEN00012114,ALU01010,2026-06-01,2026-06-10,,2041.3,Vencido,202606
MEN00012115,ALU01010,2026-07-01,2026-07-10,2026-07-14,2158.89,Pago,202607
MEN00012116,ALU01010,2026-08-01,2026-08-10,2026-08-18,2040.74,Pago,202608
MEN00012117,ALU01010,2026-09-01,2026-09-10,2026-09-15,2062.23,Pago,202609
MEN00012118,ALU01010,2026-10-01,2026-10-10,2026-10-08,2156.84,Pago,202610
MEN00012119,ALU01010,2026-11-01,2026-11-10,2026-11-12,2045.41,Pago,202611
MEN00012120,ALU01010,2026-12-01,2026-12-10,2026-12-13,2056.26,Pago,202612
MEN00012121,ALU01011,2026-01-01,2026-01-10,2026-01-09,2041.81,Pago,202601
MEN00012122,ALU01011,2026-02-01,2026-02-10,2026-02-15,2069.26,Pago,202602
MEN00012123,ALU01011,2026-03-01,2026-03-10,2026-03-18,2132.81,Pago,202603
MEN00012124,ALU01011,2026-04-01,2026-04-10,2026-04-08,2157.49,Pago,202604
MEN00012125,ALU01011,2026-05-01,2026-05-10,2026-05-09,2050.85,Pago,202605
MEN00012126,ALU01011,2026-06-01,2026-06-10,2026-06-13,2084.29,Pago,202606
MEN00012127,ALU01011,2026-07-01,2026-07-10,2026-07-10,2097.78,Pago,202607
MEN00012128,ALU01011,2026-08-01,2026-08-10,2026-08-09,2132.26,Pago,202608
MEN00012129,ALU01011,2026-09-01,2026-09-10,2026-09-10,2081.49,Pago,202609
MEN00012130,ALU01011,2026-10-01,2026-10-10,2026-10-18,2124.69,Pago,202610
MEN00012131,ALU01011,2026-11-01,2026-11-10,,2062.05,Em Aberto,202611
MEN00012132,ALU01011,2026-12-01,2026-12-10,2026-12-17,2128.97,Pago,202612
MEN00012133,ALU01012,2026-01-01,2026-01-10,2026-01-14,2091.11,Pago,202601
MEN00012134,ALU01012,2026-02-01,2026-02-10,2026-02-15,2057.18,Pago,202602
MEN00012135,ALU01012,2026-03-01,2026-03-10,2026-03-17,2134.36,Pago,202603
MEN00012136,ALU01012,2026-04-01,2026-04-10,,2087.58,Em Aberto,202604
MEN00012137,ALU01012,2026-05-01,2026-05-10,2026-05-18,2097.94,Pago,202605
MEN00012138,ALU01012,2026-06-01,2026-06-10,2026-06-18,2056.38,Pago,202606
MEN00012139,ALU01012,2026-07-01,2026-07-10,,2054.1,Em Aberto,202607
MEN00012140,ALU01012,2026-08-01,2026-08-10,,2102.85,Vencido,202608
MEN00012141,ALU01012,2026-09-01,2026-09-10,2026-09-14,2095.94,Pago,202609
MEN00012142,ALU01012,2026-10-01,2026-10-10,2026-10-13,2110.0,Pago,202610
MEN00012143,ALU01012,2026-11-01,2026-11-10,,2104.08,Em Aberto,202611
MEN00012144,ALU01012,2026-12-01,2026-12-10,2026-12-12,2098.88,Pago,202612
MEN00012145,ALU01013,2026-01-01,2026-01-10,2026-01-09,2043.49,Pago,202601
MEN00012146,ALU01013,2026-02-01,2026-02-10,2026-02-16,2046.02,Pago,202602
MEN00012147,ALU01013,2026-03-01,2026-03-10,2026-03-08,2074.77,Pago,202603
MEN00012148,ALU01013,2026-04-01,2026-04-10,2026-04-17,2061.26,Pago,202604
MEN00012149,ALU01013,2026-05-01,2026-05-10,2026-05-17,2046.84,Pago,202605
MEN00012150,ALU01013,2026-06-01,2026-06-10,2026-06-11,2154.52,Pago,202606
MEN00012151,ALU01013,2026-07-01,2026-07-10,2026-07-18,2153.06,Pago,202607
MEN00012152,ALU01013,2026-08-01,2026-08-10,2026-08-13,2043.33,Pago,202608
MEN00012153,ALU01013,2026-09-01,2026-09-10,,2158.68,Em Aberto,202609
MEN00012154,ALU01013,2026-10-01,2026-10-10,2026-10-10,2091.93,Pago,202610
MEN00012155,ALU01013,2026-11-01,2026-11-10,2026-11-07,2076.48,Pago,202611
MEN00012156,ALU01013,2026-12-01,2026-12-10,,2062.06,Vencido,202612
MEN00012157,ALU01014,2026-01-01,2026-01-10,,2076.36,Em Aberto,202601
MEN00012158,ALU01014,2026-02-01,2026-02-10,2026-02-16,2059.69,Pago,202602
MEN00012159,ALU01014,2026-03-01,2026-03-10,2026-03-17,2081.95,Pago,202603
MEN00012160,ALU01014,2026-04-01,2026-04-10,2026-04-11,2078.84,Pago,202604
MEN00012161,ALU01014,2026-05-01,2026-05-10,2026-05-13,2107.4,Pago,202605
MEN00012162,ALU01014,2026-06-01,2026-06-10,2026-06-15,2162.84,Pago,202606
MEN00012163,ALU01014,2026-07-01,2026-07-10,2026-07-07,2073.39,Pago,202607
MEN00012164,ALU01014,2026-08-01,2026-08-10,2026-08-12,2058.06,Pago,202608
MEN00012165,ALU01014,2026-09-01,2026-09-10,2026-09-17,2147.96,Pago,202609
MEN00012166,ALU01014,2026-10-01,2026-10-10,2026-10-13,2055.55,Pago,202610
MEN00012167,ALU01014,2026-11-01,2026-11-10,2026-11-09,2126.64,Pago,202611
MEN00012168,ALU01014,2026-12-01,2026-12-10,,2127.55,Vencido,202612
MEN00012169,ALU01015,2026-01-01,2026-01-10,2026-01-17,2097.55,Pago,202601
MEN00012170,ALU01015,2026-02-01,2026-02-10,2026-02-09,2049.42,Pago,202602
MEN00012171,ALU01015,2026-03-01,2026-03-10,2026-03-07,2136.45,Pago,202603
MEN00012172,ALU01015,2026-04-01,2026-04-10,,2112.44,Em Aberto,202604
MEN00012173,ALU01015,2026-05-01,2026-05-10,2026-05-10,2040.74,Pago,202605
MEN00012174,ALU01015,2026-06-01,2026-06-10,2026-06-15,2049.9,Pago,202606
MEN00012175,ALU01015,2026-07-01,2026-07-10,2026-07-12,2140.24,Pago,202607
MEN00012176,ALU01015,2026-08-01,2026-08-10,2026-08-11,2144.4,Pago,202608
MEN00012177,ALU01015,2026-09-01,2026-09-10,,2045.83,Em Aberto,202609
MEN00012178,ALU01015,2026-10-01,2026-10-10,,2103.21,Vencido,202610
MEN00012179,ALU01015,2026-11-01,2026-11-10,2026-11-16,2142.8,Pago,202611
MEN00012180,ALU01015,2026-12-01,2026-12-10,2026-12-11,2043.66,Pago,202612
MEN00012181,ALU01016,2026-01-01,2026-01-10,2026-01-14,2071.83,Pago,202601
MEN00012182,ALU01016,2026-02-01,2026-02-10,2026-02-09,2056.3,Pago,202602
MEN00012183,ALU01016,2026-03-01,2026-03-10,2026-03-13,2068.66,Pago,202603
MEN00012184,ALU01016,2026-04-01,2026-04-10,2026-04-18,2142.06,Pago,202604
MEN00012185,ALU01016,2026-05-01,2026-05-10,2026-05-13,2044.68,Pago,202605
MEN00012186,ALU01016,2026-06-01,2026-06-10,2026-06-17,2043.42,Pago,202606
MEN00012187,ALU01016,2026-07-01,2026-07-10,2026-07-15,2038.09,Pago,202607
MEN00012188,ALU01016,2026-08-01,2026-08-10,,2046.16,Vencido,202608
MEN00012189,ALU01016,2026-09-01,2026-09-10,2026-09-10,2143.71,Pago,202609
MEN00012190,ALU01016,2026-10-01,2026-10-10,,2074.3,Em Aberto,202610
MEN00012191,ALU01016,2026-11-01,2026-11-10,2026-11-09,2123.9,Pago,202611
MEN00012192,ALU01016,2026-12-01,2026-12-10,2026-12-15,2050.41,Pago,202612
MEN00012193,ALU01017,2026-01-01,2026-01-10,,2096.42,Em Aberto,202601
MEN00012194,ALU01017,2026-02-01,2026-02-10,2026-02-12,2051.96,Pago,202602
MEN00012195,ALU01017,2026-03-01,2026-03-10,2026-03-07,2055.41,Pago,202603
MEN00012196,ALU01017,2026-04-01,2026-04-10,2026-04-09,2134.11,Pago,202604
MEN00012197,ALU01017,2026-05-01,2026-05-10,2026-05-12,2086.99,Pago,202605
MEN00012198,ALU01017,2026-06-01,2026-06-10,2026-06-07,2135.93,Pago,202606
MEN00012199,ALU01017,2026-07-01,2026-07-10,2026-07-08,2051.28,Pago,202607
MEN00012200,ALU01017,2026-08-01,2026-08-10,,2100.43,Vencido,202608
MEN00012201,ALU01017,2026-09-01,2026-09-10,2026-09-07,2054.76,Pago,202609
MEN00012202,ALU01017,2026-10-01,2026-10-10,,2109.59,Vencido,202610
MEN00012203,ALU01017,2026-11-01,2026-11-10,2026-11-11,2047.17,Pago,202611
MEN00012204,ALU01017,2026-12-01,2026-12-10,2026-12-11,2062.83,Pago,202612
MEN00012205,ALU01018,2026-01-01,2026-01-10,2026-01-15,2131.71,Pago,202601
MEN00012206,ALU01018,2026-02-01,2026-02-10,,2160.82,Vencido,202602
MEN00012207,ALU01018,2026-03-01,2026-03-10,,2148.19,Em Aberto,202603
MEN00012208,ALU01018,2026-04-01,2026-04-10,2026-04-07,2075.07,Pago,202604
MEN00012209,ALU01018,2026-05-01,2026-05-10,,2120.46,Vencido,202605
MEN00012210,ALU01018,2026-06-01,2026-06-10,2026-06-17,2110.5,Pago,202606
MEN00012211,ALU01018,2026-07-01,2026-07-10,2026-07-08,2041.74,Pago,202607
MEN00012212,ALU01018,2026-08-01,2026-08-10,2026-08-11,2121.37,Pago,202608
MEN00012213,ALU01018,2026-09-01,2026-09-10,,2046.28,Em Aberto,202609
MEN00012214,ALU01018,2026-10-01,2026-10-10,,2126.33,Em Aberto,202610
MEN00012215,ALU01018,2026-11-01,2026-11-10,2026-11-08,2124.64,Pago,202611
MEN00012216,ALU01018,2026-12-01,2026-12-10,,2124.55,Em Aberto,202612
MEN00012217,ALU01019,2026-01-01,2026-01-10,2026-01-16,2088.99,Pago,202601
MEN00012218,ALU01019,2026-02-01,2026-02-10,2026-02-07,2154.6,Pago,202602
MEN00012219,ALU01019,2026-03-01,2026-03-10,2026-03-10,2090.75,Pago,202603
MEN00012220,ALU01019,2026-04-01,2026-04-10,2026-04-09,2132.2,Pago,202604
MEN00012221,ALU01019,2026-05-01,2026-05-10,2026-05-13,2125.67,Pago,202605
MEN00012222,ALU01019,2026-06-01,2026-06-10,2026-06-16,2155.68,Pago,202606
MEN00012223,ALU01019,2026-07-01,2026-07-10,2026-07-18,2057.05,Pago,202607
MEN00012224,ALU01019,2026-08-01,2026-08-10,2026-08-13,2088.66,Pago,202608
MEN00012225,ALU01019,2026-09-01,2026-09-10,2026-09-10,2153.87,Pago,202609
MEN00012226,ALU01019,2026-10-01,2026-10-10,2026-10-17,2131.25,Pago,202610
MEN00012227,ALU01019,2026-11-01,2026-11-10,2026-11-13,2052.73,Pago,202611
MEN00012228,ALU01019,2026-12-01,2026-12-10,2026-12-10,2146.3,Pago,202612
MEN00012229,ALU01020,2026-01-01,2026-01-10,2026-01-13,2043.69,Pago,202601
MEN00012230,ALU01020,2026-02-01,2026-02-10,,2061.35,Vencido,202602
MEN00012231,ALU01020,2026-03-01,2026-03-10,2026-03-16,2050.79,Pago,202603
MEN00012232,ALU01020,2026-04-01,2026-04-10,2026-04-18,2058.86,Pago,202604
MEN00012233,ALU01020,2026-05-01,2026-05-10,2026-05-13,2150.42,Pago,202605
MEN00012234,ALU01020,2026-06-01,2026-06-10,2026-06-18,2162.02,Pago,202606
MEN00012235,ALU01020,2026-07-01,2026-07-10,2026-07-17,2043.67,Pago,202607
MEN00012236,ALU01020,2026-08-01,2026-08-10,,2146.59,Vencido,202608
MEN00012237,ALU01020,2026-09-01,2026-09-10,2026-09-13,2115.38,Pago,202609
MEN00012238,ALU01020,2026-10-01,2026-10-10,,2142.37,Vencido,202610
MEN00012239,ALU01020,2026-11-01,2026-11-10,2026-11-13,2149.27,Pago,202611
MEN00012240,ALU01020,2026-12-01,2026-12-10,2026-12-18,2129.8,Pago,202612
MEN00012241,ALU01021,2026-01-01,2026-01-10,2026-01-10,2060.15,Pago,202601
MEN00012242,ALU01021,2026-02-01,2026-02-10,2026-02-15,2157.74,Pago,202602
MEN00012243,ALU01021,2026-03-01,2026-03-10,2026-03-15,2118.73,Pago,202603
MEN00012244,ALU01021,2026-04-01,2026-04-10,,2061.2,Em Aberto,202604
MEN00012245,ALU01021,2026-05-01,2026-05-10,2026-05-18,2116.15,Pago,202605
MEN00012246,ALU01021,2026-06-01,2026-06-10,2026-06-13,2115.57,Pago,202606
MEN00012247,ALU01021,2026-07-01,2026-07-10,,2138.03,Em Aberto,202607
MEN00012248,ALU01021,2026-08-01,2026-08-10,2026-08-10,2161.02,Pago,202608
MEN00012249,ALU01021,2026-09-01,2026-09-10,,2096.75,Em Aberto,202609
MEN00012250,ALU01021,2026-10-01,2026-10-10,2026-10-17,2109.7,Pago,202610
MEN00012251,ALU01021,2026-11-01,2026-11-10,,2047.96,Vencido,202611
MEN00012252,ALU01021,2026-12-01,2026-12-10,2026-12-11,2105.19,Pago,202612
MEN00012253,ALU01022,2026-01-01,2026-01-10,2026-01-09,2143.89,Pago,202601
MEN00012254,ALU01022,2026-02-01,2026-02-10,2026-02-18,2151.92,Pago,202602
MEN00012255,ALU01022,2026-03-01,2026-03-10,2026-03-07,2129.54,Pago,202603
MEN00012256,ALU01022,2026-04-01,2026-04-10,2026-04-14,2039.34,Pago,202604
MEN00012257,ALU01022,2026-05-01,2026-05-10,2026-05-10,2107.51,Pago,202605
MEN00012258,ALU01022,2026-06-01,2026-06-10,2026-06-14,2083.03,Pago,202606
MEN00012259,ALU01022,2026-07-01,2026-07-10,,2127.45,Em Aberto,202607
MEN00012260,ALU01022,2026-08-01,2026-08-10,2026-08-17,2109.22,Pago,202608
MEN00012261,ALU01022,2026-09-01,2026-09-10,2026-09-07,2137.87,Pago,202609
MEN00012262,ALU01022,2026-10-01,2026-10-10,2026-10-14,2105.22,Pago,202610
MEN00012263,ALU01022,2026-11-01,2026-11-10,2026-11-11,2040.71,Pago,202611
MEN00012264,ALU01022,2026-12-01,2026-12-10,2026-12-08,2088.64,Pago,202612
MEN00012265,ALU01023,2026-01-01,2026-01-10,2026-01-14,2120.32,Pago,202601
MEN00012266,ALU01023,2026-02-01,2026-02-10,,2160.09,Vencido,202602
MEN00012267,ALU01023,2026-03-01,2026-03-10,,2124.75,Em Aberto,202603
MEN00012268,ALU01023,2026-04-01,2026-04-10,2026-04-14,2118.57,Pago,202604
MEN00012269,ALU01023,2026-05-01,2026-05-10,2026-05-10,2116.51,Pago,202605
MEN00012270,ALU01023,2026-06-01,2026-06-10,,2139.1,Vencido,202606
MEN00012271,ALU01023,2026-07-01,2026-07-10,2026-07-07,2094.18,Pago,202607
MEN00012272,ALU01023,2026-08-01,2026-08-10,,2077.84,Vencido,202608
MEN00012273,ALU01023,2026-09-01,2026-09-10,2026-09-16,2048.83,Pago,202609
MEN00012274,ALU01023,2026-10-01,2026-10-10,2026-10-18,2047.15,Pago,202610
MEN00012275,ALU01023,2026-11-01,2026-11-10,2026-11-14,2116.53,Pago,202611
MEN00012276,ALU01023,2026-12-01,2026-12-10,2026-12-15,2083.34,Pago,202612
MEN00012277,ALU01024,2026-01-01,2026-01-10,2026-01-16,2074.85,Pago,202601
MEN00012278,ALU01024,2026-02-01,2026-02-10,2026-02-13,2066.29,Pago,202602
MEN00012279,ALU01024,2026-03-01,2026-03-10,2026-03-16,2074.87,Pago,202603
MEN00012280,ALU01024,2026-04-01,2026-04-10,2026-04-15,2123.3,Pago,202604
MEN00012281,ALU01024,2026-05-01,2026-05-10,2026-05-11,2053.01,Pago,202605
MEN00012282,ALU01024,2026-06-01,2026-06-10,,2100.93,Em Aberto,202606
MEN00012283,ALU01024,2026-07-01,2026-07-10,2026-07-16,2105.39,Pago,202607
MEN00012284,ALU01024,2026-08-01,2026-08-10,,2121.15,Vencido,202608
MEN00012285,ALU01024,2026-09-01,2026-09-10,2026-09-08,2094.29,Pago,202609
MEN00012286,ALU01024,2026-10-01,2026-10-10,,2049.2,Vencido,202610
MEN00012287,ALU01024,2026-11-01,2026-11-10,,2158.26,Vencido,202611
MEN00012288,ALU01024,2026-12-01,2026-12-10,2026-12-15,2100.19,Pago,202612
MEN00012289,ALU01025,2026-01-01,2026-01-10,2026-01-18,2152.13,Pago,202601
MEN00012290,ALU01025,2026-02-01,2026-02-10,2026-02-13,2076.64,Pago,202602
MEN00012291,ALU01025,2026-03-01,2026-03-10,2026-03-15,2130.97,Pago,202603
MEN00012292,ALU01025,2026-04-01,2026-04-10,2026-04-18,2074.85,Pago,202604
MEN00012293,ALU01025,2026-05-01,2026-05-10,2026-05-17,2075.71,Pago,202605
MEN00012294,ALU01025,2026-06-01,2026-06-10,2026-06-15,2131.88,Pago,202606
MEN00012295,ALU01025,2026-07-01,2026-07-10,2026-07-07,2056.43,Pago,202607
MEN00012296,ALU01025,2026-08-01,2026-08-10,2026-08-10,2066.17,Pago,202608
MEN00012297,ALU01025,2026-09-01,2026-09-10,,2041.95,Vencido,202609
MEN00012298,ALU01025,2026-10-01,2026-10-10,2026-10-13,2044.51,Pago,202610
MEN00012299,ALU01025,2026-11-01,2026-11-10,2026-11-14,2051.97,Pago,202611
MEN00012300,ALU01025,2026-12-01,2026-12-10,2026-12-11,2047.23,Pago,202612
MEN00012301,ALU01026,2026-01-01,2026-01-10,2026-01-15,2128.79,Pago,202601
MEN00012302,ALU01026,2026-02-01,2026-02-10,2026-02-13,2116.82,Pago,202602
MEN00012303,ALU01026,2026-03-01,2026-03-10,2026-03-17,2148.01,Pago,202603
MEN00012304,ALU01026,2026-04-01,2026-04-10,2026-04-14,2045.07,Pago,202604
MEN00012305,ALU01026,2026-05-01,2026-05-10,2026-05-11,2122.47,Pago,202605
MEN00012306,ALU01026,2026-06-01,2026-06-10,2026-06-10,2140.21,Pago,202606
MEN00012307,ALU01026,2026-07-01,2026-07-10,2026-07-18,2132.58,Pago,202607
MEN00012308,ALU01026,2026-08-01,2026-08-10,2026-08-16,2064.01,Pago,202608
MEN00012309,ALU01026,2026-09-01,2026-09-10,2026-09-13,2067.68,Pago,202609
MEN00012310,ALU01026,2026-10-01,2026-10-10,2026-10-09,2148.29,Pago,202610
MEN00012311,ALU01026,2026-11-01,2026-11-10,2026-11-11,2158.32,Pago,202611
MEN00012312,ALU01026,2026-12-01,2026-12-10,2026-12-07,2087.95,Pago,202612
MEN00012313,ALU01027,2026-01-01,2026-01-10,2026-01-10,2054.82,Pago,202601
MEN00012314,ALU01027,2026-02-01,2026-02-10,2026-02-16,2060.73,Pago,202602
MEN00012315,ALU01027,2026-03-01,2026-03-10,2026-03-12,2154.89,Pago,202603
MEN00012316,ALU01027,2026-04-01,2026-04-10,2026-04-12,2145.4,Pago,202604
MEN00012317,ALU01027,2026-05-01,2026-05-10,2026-05-10,2147.68,Pago,202605
MEN00012318,ALU01027,2026-06-01,2026-06-10,2026-06-18,2160.78,Pago,202606
MEN00012319,ALU01027,2026-07-01,2026-07-10,2026-07-12,2113.5,Pago,202607
MEN00012320,ALU01027,2026-08-01,2026-08-10,2026-08-13,2133.87,Pago,202608
MEN00012321,ALU01027,2026-09-01,2026-09-10,2026-09-13,2081.03,Pago,202609
MEN00012322,ALU01027,2026-10-01,2026-10-10,2026-10-10,2154.2,Pago,202610
MEN00012323,ALU01027,2026-11-01,2026-11-10,2026-11-11,2090.36,Pago,202611
MEN00012324,ALU01027,2026-12-01,2026-12-10,2026-12-08,2104.14,Pago,202612
MEN00012325,ALU01028,2026-01-01,2026-01-10,,2124.83,Em Aberto,202601
MEN00012326,ALU01028,2026-02-01,2026-02-10,2026-02-10,2038.56,Pago,202602
MEN00012327,ALU01028,2026-03-01,2026-03-10,2026-03-11,2101.33,Pago,202603
MEN00012328,ALU01028,2026-04-01,2026-04-10,2026-04-17,2066.25,Pago,202604
MEN00012329,ALU01028,2026-05-01,2026-05-10,2026-05-16,2086.45,Pago,202605
MEN00012330,ALU01028,2026-06-01,2026-06-10,,2070.59,Em Aberto,202606
MEN00012331,ALU01028,2026-07-01,2026-07-10,2026-07-11,2072.55,Pago,202607
MEN00012332,ALU01028,2026-08-01,2026-08-10,2026-08-08,2057.07,Pago,202608
MEN00012333,ALU01028,2026-09-01,2026-09-10,2026-09-16,2114.76,Pago,202609
MEN00012334,ALU01028,2026-10-01,2026-10-10,2026-10-18,2159.94,Pago,202610
MEN00012335,ALU01028,2026-11-01,2026-11-10,2026-11-10,2134.71,Pago,202611
MEN00012336,ALU01028,2026-12-01,2026-12-10,,2062.65,Em Aberto,202612
MEN00012337,ALU01029,2026-01-01,2026-01-10,2026-01-10,2111.86,Pago,202601
MEN00012338,ALU01029,2026-02-01,2026-02-10,2026-02-17,2048.86,Pago,202602
MEN00012339,ALU01029,2026-03-01,2026-03-10,2026-03-09,2119.28,Pago,202603
MEN00012340,ALU01029,2026-04-01,2026-04-10,2026-04-12,2092.28,Pago,202604
MEN00012341,ALU01029,2026-05-01,2026-05-10,2026-05-12,2162.84,Pago,202605
MEN00012342,ALU01029,2026-06-01,2026-06-10,,2119.81,Em Aberto,202606
MEN00012343,ALU01029,2026-07-01,2026-07-10,2026-07-15,2132.62,Pago,202607
MEN00012344,ALU01029,2026-08-01,2026-08-10,,2053.6,Vencido,202608
MEN00012345,ALU01029,2026-09-01,2026-09-10,2026-09-14,2085.96,Pago,202609
MEN00012346,ALU01029,2026-10-01,2026-10-10,2026-10-15,2092.82,Pago,202610
MEN00012347,ALU01029,2026-11-01,2026-11-10,2026-11-12,2112.84,Pago,202611
MEN00012348,ALU01029,2026-12-01,2026-12-10,2026-12-11,2116.73,Pago,202612
MEN00012349,ALU01030,2026-01-01,2026-01-10,2026-01-12,2046.03,Pago,202601
MEN00012350,ALU01030,2026-02-01,2026-02-10,2026-02-15,2105.05,Pago,202602
MEN00012351,ALU01030,2026-03-01,2026-03-10,2026-03-17,2074.47,Pago,202603
MEN00012352,ALU01030,2026-04-01,2026-04-10,,2149.84,Vencido,202604
MEN00012353,ALU01030,2026-05-01,2026-05-10,2026-05-10,2117.52,Pago,202605
MEN00012354,ALU01030,2026-06-01,2026-06-10,2026-06-13,2110.09,Pago,202606
MEN00012355,ALU01030,2026-07-01,2026-07-10,2026-07-13,2127.86,Pago,202607
MEN00012356,ALU01030,2026-08-01,2026-08-10,,2098.27,Em Aberto,202608
MEN00012357,ALU01030,2026-09-01,2026-09-10,2026-09-08,2085.09,Pago,202609
MEN00012358,ALU01030,2026-10-01,2026-10-10,2026-10-15,2057.39,Pago,202610
MEN00012359,ALU01030,2026-11-01,2026-11-10,,2138.24,Em Aberto,202611
MEN00012360,ALU01030,2026-12-01,2026-12-10,2026-12-16,2136.77,Pago,202612
MEN00012361,ALU01031,2026-01-01,2026-01-10,2026-01-10,2056.68,Pago,202601
MEN00012362,ALU01031,2026-02-01,2026-02-10,2026-02-07,2065.75,Pago,202602
MEN00012363,ALU01031,2026-03-01,2026-03-10,2026-03-17,2049.15,Pago,202603
MEN00012364,ALU01031,2026-04-01,2026-04-10,2026-04-16,2078.61,Pago,202604
MEN00012365,ALU01031,2026-05-01,2026-05-10,,2131.27,Em Aberto,202605
MEN00012366,ALU01031,2026-06-01,2026-06-10,2026-06-08,2051.82,Pago,202606
MEN00012367,ALU01031,2026-07-01,2026-07-10,,2161.01,Vencido,202607
MEN00012368,ALU01031,2026-08-01,2026-08-10,2026-08-11,2129.03,Pago,202608
MEN00012369,ALU01031,2026-09-01,2026-09-10,2026-09-07,2055.18,Pago,202609
MEN00012370,ALU01031,2026-10-01,2026-10-10,2026-10-16,2132.49,Pago,202610
MEN00012371,ALU01031,2026-11-01,2026-11-10,2026-11-13,2075.79,Pago,202611
MEN00012372,ALU01031,2026-12-01,2026-12-10,2026-12-09,2142.37,Pago,202612
MEN00012373,ALU01032,2026-01-01,2026-01-10,2026-01-16,2145.7,Pago,202601
MEN00012374,ALU01032,2026-02-01,2026-02-10,2026-02-11,2042.82,Pago,202602
MEN00012375,ALU01032,2026-03-01,2026-03-10,2026-03-09,2159.58,Pago,202603
MEN00012376,ALU01032,2026-04-01,2026-04-10,,2072.71,Em Aberto,202604
MEN00012377,ALU01032,2026-05-01,2026-05-10,2026-05-11,2052.71,Pago,202605
MEN00012378,ALU01032,2026-06-01,2026-06-10,2026-06-07,2150.94,Pago,202606
MEN00012379,ALU01032,2026-07-01,2026-07-10,,2072.65,Vencido,202607
MEN00012380,ALU01032,2026-08-01,2026-08-10,,2144.73,Em Aberto,202608
MEN00012381,ALU01032,2026-09-01,2026-09-10,2026-09-07,2129.48,Pago,202609
MEN00012382,ALU01032,2026-10-01,2026-10-10,2026-10-12,2120.09,Pago,202610
MEN00012383,ALU01032,2026-11-01,2026-11-10,2026-11-08,2042.03,Pago,202611
MEN00012384,ALU01032,2026-12-01,2026-12-10,2026-12-13,2142.74,Pago,202612
MEN00012385,ALU01033,2026-01-01,2026-01-10,2026-01-08,2113.26,Pago,202601
MEN00012386,ALU01033,2026-02-01,2026-02-10,2026-02-10,2132.07,Pago,202602
MEN00012387,ALU01033,2026-03-01,2026-03-10,,2131.16,Em Aberto,202603
MEN00012388,ALU01033,2026-04-01,2026-04-10,2026-04-15,2117.48,Pago,202604
MEN00012389,ALU01033,2026-05-01,2026-05-10,2026-05-08,2151.42,Pago,202605
MEN00012390,ALU01033,2026-06-01,2026-06-10,2026-06-12,2139.19,Pago,202606
MEN00012391,ALU01033,2026-07-01,2026-07-10,2026-07-16,2097.11,Pago,202607
MEN00012392,ALU01033,2026-08-01,2026-08-10,2026-08-18,2069.83,Pago,202608
MEN00012393,ALU01033,2026-09-01,2026-09-10,,2051.84,Em Aberto,202609
MEN00012394,ALU01033,2026-10-01,2026-10-10,2026-10-12,2053.53,Pago,202610
MEN00012395,ALU01033,2026-11-01,2026-11-10,2026-11-11,2161.76,Pago,202611
MEN00012396,ALU01033,2026-12-01,2026-12-10,2026-12-11,2129.68,Pago,202612
MEN00012397,ALU01034,2026-01-01,2026-01-10,2026-01-09,2087.69,Pago,202601
MEN00012398,ALU01034,2026-02-01,2026-02-10,2026-02-12,2103.33,Pago,202602
MEN00012399,ALU01034,2026-03-01,2026-03-10,2026-03-07,2127.82,Pago,202603
MEN00012400,ALU01034,2026-04-01,2026-04-10,2026-04-17,2079.17,Pago,202604
MEN00012401,ALU01034,2026-05-01,2026-05-10,2026-05-17,2040.88,Pago,202605
MEN00012402,ALU01034,2026-06-01,2026-06-10,,2158.5,Em Aberto,202606
MEN00012403,ALU01034,2026-07-01,2026-07-10,2026-07-13,2124.16,Pago,202607
MEN00012404,ALU01034,2026-08-01,2026-08-10,2026-08-10,2112.18,Pago,202608
MEN00012405,ALU01034,2026-09-01,2026-09-10,2026-09-10,2043.17,Pago,202609
MEN00012406,ALU01034,2026-10-01,2026-10-10,,2137.65,Em Aberto,202610
MEN00012407,ALU01034,2026-11-01,2026-11-10,2026-11-14,2115.22,Pago,202611
MEN00012408,ALU01034,2026-12-01,2026-12-10,,2083.03,Vencido,202612
MEN00012409,ALU01035,2026-01-01,2026-01-10,2026-01-11,2133.23,Pago,202601
MEN00012410,ALU01035,2026-02-01,2026-02-10,,2055.72,Em Aberto,202602
MEN00012411,ALU01035,2026-03-01,2026-03-10,,2087.62,Em Aberto,202603
MEN00012412,ALU01035,2026-04-01,2026-04-10,2026-04-10,2047.52,Pago,202604
MEN00012413,ALU01035,2026-05-01,2026-05-10,2026-05-16,2037.29,Pago,202605
MEN00012414,ALU01035,2026-06-01,2026-06-10,2026-06-18,2156.27,Pago,202606
MEN00012415,ALU01035,2026-07-01,2026-07-10,,2092.88,Vencido,202607
MEN00012416,ALU01035,2026-08-01,2026-08-10,2026-08-13,2135.1,Pago,202608
MEN00012417,ALU01035,2026-09-01,2026-09-10,2026-09-15,2064.97,Pago,202609
MEN00012418,ALU01035,2026-10-01,2026-10-10,2026-10-16,2137.88,Pago,202610
MEN00012419,ALU01035,2026-11-01,2026-11-10,2026-11-07,2160.54,Pago,202611
MEN00012420,ALU01035,2026-12-01,2026-12-10,2026-12-15,2077.8,Pago,202612
MEN00012421,ALU01036,2026-01-01,2026-01-10,2026-01-11,2073.17,Pago,202601
MEN00012422,ALU01036,2026-02-01,2026-02-10,2026-02-11,2116.07,Pago,202602
MEN00012423,ALU01036,2026-03-01,2026-03-10,2026-03-09,2143.35,Pago,202603
MEN00012424,ALU01036,2026-04-01,2026-04-10,2026-04-10,2039.94,Pago,202604
MEN00012425,ALU01036,2026-05-01,2026-05-10,2026-05-16,2057.27,Pago,202605
MEN00012426,ALU01036,2026-06-01,2026-06-10,2026-06-08,2067.65,Pago,202606
MEN00012427,ALU01036,2026-07-01,2026-07-10,2026-07-18,2152.96,Pago,202607
MEN00012428,ALU01036,2026-08-01,2026-08-10,2026-08-13,2077.22,Pago,202608
MEN00012429,ALU01036,2026-09-01,2026-09-10,2026-09-17,2131.88,Pago,202609
MEN00012430,ALU01036,2026-10-01,2026-10-10,2026-10-15,2043.87,Pago,202610
MEN00012431,ALU01036,2026-11-01,2026-11-10,2026-11-09,2154.9,Pago,202611
MEN00012432,ALU01036,2026-12-01,2026-12-10,2026-12-12,2157.1,Pago,202612
MEN00012433,ALU01037,2026-01-01,2026-01-10,2026-01-17,2136.75,Pago,202601
MEN00012434,ALU01037,2026-02-01,2026-02-10,2026-02-09,2049.58,Pago,202602
MEN00012435,ALU01037,2026-03-01,2026-03-10,2026-03-14,2109.3,Pago,202603
MEN00012436,ALU01037,2026-04-01,2026-04-10,,2038.35,Em Aberto,202604
MEN00012437,ALU01037,2026-05-01,2026-05-10,2026-05-14,2112.51,Pago,202605
MEN00012438,ALU01037,2026-06-01,2026-06-10,2026-06-12,2105.08,Pago,202606
MEN00012439,ALU01037,2026-07-01,2026-07-10,2026-07-12,2103.48,Pago,202607
MEN00012440,ALU01037,2026-08-01,2026-08-10,2026-08-09,2129.01,Pago,202608
MEN00012441,ALU01037,2026-09-01,2026-09-10,2026-09-15,2123.39,Pago,202609
MEN00012442,ALU01037,2026-10-01,2026-10-10,2026-10-09,2141.5,Pago,202610
MEN00012443,ALU01037,2026-11-01,2026-11-10,2026-11-15,2148.83,Pago,202611
MEN00012444,ALU01037,2026-12-01,2026-12-10,,2084.02,Vencido,202612
MEN00012445,ALU01038,2026-01-01,2026-01-10,2026-01-07,2105.39,Pago,202601
MEN00012446,ALU01038,2026-02-01,2026-02-10,2026-02-17,2073.8,Pago,202602
MEN00012447,ALU01038,2026-03-01,2026-03-10,2026-03-11,2066.08,Pago,202603
MEN00012448,ALU01038,2026-04-01,2026-04-10,2026-04-14,2135.77,Pago,202604
MEN00012449,ALU01038,2026-05-01,2026-05-10,2026-05-13,2112.81,Pago,202605
MEN00012450,ALU01038,2026-06-01,2026-06-10,2026-06-17,2051.78,Pago,202606
MEN00012451,ALU01038,2026-07-01,2026-07-10,2026-07-15,2067.57,Pago,202607
MEN00012452,ALU01038,2026-08-01,2026-08-10,2026-08-10,2125.39,Pago,202608
MEN00012453,ALU01038,2026-09-01,2026-09-10,2026-09-16,2153.48,Pago,202609
MEN00012454,ALU01038,2026-10-01,2026-10-10,2026-10-08,2141.24,Pago,202610
MEN00012455,ALU01038,2026-11-01,2026-11-10,2026-11-09,2137.93,Pago,202611
MEN00012456,ALU01038,2026-12-01,2026-12-10,2026-12-13,2054.15,Pago,202612
MEN00012457,ALU01039,2026-01-01,2026-01-10,2026-01-17,2092.72,Pago,202601
MEN00012458,ALU01039,2026-02-01,2026-02-10,2026-02-08,2145.07,Pago,202602
MEN00012459,ALU01039,2026-03-01,2026-03-10,2026-03-11,2098.61,Pago,202603
MEN00012460,ALU01039,2026-04-01,2026-04-10,,2048.43,Em Aberto,202604
MEN00012461,ALU01039,2026-05-01,2026-05-10,2026-05-07,2111.65,Pago,202605
MEN00012462,ALU01039,2026-06-01,2026-06-10,2026-06-08,2146.96,Pago,202606
MEN00012463,ALU01039,2026-07-01,2026-07-10,2026-07-11,2074.6,Pago,202607
MEN00012464,ALU01039,2026-08-01,2026-08-10,2026-08-07,2102.36,Pago,202608
MEN00012465,ALU01039,2026-09-01,2026-09-10,2026-09-18,2120.68,Pago,202609
MEN00012466,ALU01039,2026-10-01,2026-10-10,2026-10-15,2042.42,Pago,202610
MEN00012467,ALU01039,2026-11-01,2026-11-10,2026-11-12,2095.98,Pago,202611
MEN00012468,ALU01039,2026-12-01,2026-12-10,2026-12-17,2126.76,Pago,202612
MEN00012469,ALU01040,2026-01-01,2026-01-10,,2092.11,Em Aberto,202601
MEN00012470,ALU01040,2026-02-01,2026-02-10,,2068.42,Vencido,202602
MEN00012471,ALU01040,2026-03-01,2026-03-10,,2146.22,Em Aberto,202603
MEN00012472,ALU01040,2026-04-01,2026-04-10,2026-04-18,2086.11,Pago,202604
MEN00012473,ALU01040,2026-05-01,2026-05-10,2026-05-13,2081.86,Pago,202605
MEN00012474,ALU01040,2026-06-01,2026-06-10,2026-06-17,2161.68,Pago,202606
MEN00012475,ALU01040,2026-07-01,2026-07-10,2026-07-09,2097.86,Pago,202607
MEN00012476,ALU01040,2026-08-01,2026-08-10,2026-08-18,2071.83,Pago,202608
MEN00012477,ALU01040,2026-09-01,2026-09-10,2026-09-16,2150.59,Pago,202609
MEN00012478,ALU01040,2026-10-01,2026-10-10,2026-10-09,2095.01,Pago,202610
MEN00012479,ALU01040,2026-11-01,2026-11-10,,2057.62,Em Aberto,202611
MEN00012480,ALU01040,2026-12-01,2026-12-10,2026-12-15,2124.37,Pago,202612
MEN00012481,ALU01041,2026-01-01,2026-01-10,2026-01-11,2133.68,Pago,202601
MEN00012482,ALU01041,2026-02-01,2026-02-10,2026-02-14,2075.82,Pago,202602
MEN00012483,ALU01041,2026-03-01,2026-03-10,2026-03-10,2075.17,Pago,202603
MEN00012484,ALU01041,2026-04-01,2026-04-10,2026-04-15,2108.99,Pago,202604
MEN00012485,ALU01041,2026-05-01,2026-05-10,2026-05-11,2037.15,Pago,202605
MEN00012486,ALU01041,2026-06-01,2026-06-10,2026-06-11,2162.48,Pago,202606
MEN00012487,ALU01041,2026-07-01,2026-07-10,2026-07-12,2080.62,Pago,202607
MEN00012488,ALU01041,2026-08-01,2026-08-10,,2100.13,Vencido,202608
MEN00012489,ALU01041,2026-09-01,2026-09-10,2026-09-10,2054.46,Pago,202609
MEN00012490,ALU01041,2026-10-01,2026-10-10,2026-10-13,2107.06,Pago,202610
MEN00012491,ALU01041,2026-11-01,2026-11-10,2026-11-07,2122.42,Pago,202611
MEN00012492,ALU01041,2026-12-01,2026-12-10,2026-12-08,2040.26,Pago,202612
MEN00012493,ALU01042,2026-01-01,2026-01-10,2026-01-09,2085.72,Pago,202601
MEN00012494,ALU01042,2026-02-01,2026-02-10,2026-02-16,2090.16,Pago,202602
MEN00012495,ALU01042,2026-03-01,2026-03-10,2026-03-13,2079.52,Pago,202603
MEN00012496,ALU01042,2026-04-01,2026-04-10,,2117.59,Vencido,202604
MEN00012497,ALU01042,2026-05-01,2026-05-10,2026-05-18,2152.84,Pago,202605
MEN00012498,ALU01042,2026-06-01,2026-06-10,,2080.28,Em Aberto,202606
MEN00012499,ALU01042,2026-07-01,2026-07-10,2026-07-08,2139.67,Pago,202607
MEN00012500,ALU01042,2026-08-01,2026-08-10,2026-08-16,2043.89,Pago,202608
MEN00012501,ALU01042,2026-09-01,2026-09-10,2026-09-17,2087.53,Pago,202609
MEN00012502,ALU01042,2026-10-01,2026-10-10,2026-10-09,2078.06,Pago,202610
MEN00012503,ALU01042,2026-11-01,2026-11-10,2026-11-13,2069.71,Pago,202611
MEN00012504,ALU01042,2026-12-01,2026-12-10,2026-12-12,2132.66,Pago,202612
MEN00012505,ALU01043,2026-01-01,2026-01-10,2026-01-11,2059.34,Pago,202601
MEN00012506,ALU01043,2026-02-01,2026-02-10,2026-02-17,2160.23,Pago,202602
MEN00012507,ALU01043,2026-03-01,2026-03-10,2026-03-09,2086.14,Pago,202603
MEN00012508,ALU01043,2026-04-01,2026-04-10,2026-04-17,2118.8,Pago,202604
MEN00012509,ALU01043,2026-05-01,2026-05-10,2026-05-14,2083.17,Pago,202605
MEN00012510,ALU01043,2026-06-01,2026-06-10,2026-06-10,2058.22,Pago,202606
MEN00012511,ALU01043,2026-07-01,2026-07-10,2026-07-13,2129.18,Pago,202607
MEN00012512,ALU01043,2026-08-01,2026-08-10,2026-08-08,2138.86,Pago,202608
MEN00012513,ALU01043,2026-09-01,2026-09-10,2026-09-07,2132.59,Pago,202609
MEN00012514,ALU01043,2026-10-01,2026-10-10,2026-10-11,2072.44,Pago,202610
MEN00012515,ALU01043,2026-11-01,2026-11-10,,2091.1,Vencido,202611
MEN00012516,ALU01043,2026-12-01,2026-12-10,,2095.12,Em Aberto,202612
MEN00012517,ALU01044,2026-01-01,2026-01-10,2026-01-16,2130.96,Pago,202601
MEN00012518,ALU01044,2026-02-01,2026-02-10,2026-02-12,2076.59,Pago,202602
MEN00012519,ALU01044,2026-03-01,2026-03-10,2026-03-09,2128.27,Pago,202603
MEN00012520,ALU01044,2026-04-01,2026-04-10,2026-04-08,2081.28,Pago,202604
MEN00012521,ALU01044,2026-05-01,2026-05-10,2026-05-14,2043.85,Pago,202605
MEN00012522,ALU01044,2026-06-01,2026-06-10,2026-06-16,2055.95,Pago,202606
MEN00012523,ALU01044,2026-07-01,2026-07-10,2026-07-12,2097.51,Pago,202607
MEN00012524,ALU01044,2026-08-01,2026-08-10,,2043.26,Em Aberto,202608
MEN00012525,ALU01044,2026-09-01,2026-09-10,2026-09-15,2157.27,Pago,202609
MEN00012526,ALU01044,2026-10-01,2026-10-10,2026-10-14,2154.4,Pago,202610
MEN00012527,ALU01044,2026-11-01,2026-11-10,2026-11-13,2040.63,Pago,202611
MEN00012528,ALU01044,2026-12-01,2026-12-10,2026-12-08,2058.36,Pago,202612
MEN00012529,ALU01045,2026-01-01,2026-01-10,,2084.2,Em Aberto,202601
MEN00012530,ALU01045,2026-02-01,2026-02-10,2026-02-13,2072.23,Pago,202602
MEN00012531,ALU01045,2026-03-01,2026-03-10,,2149.77,Vencido,202603
MEN00012532,ALU01045,2026-04-01,2026-04-10,2026-04-16,2134.63,Pago,202604
MEN00012533,ALU01045,2026-05-01,2026-05-10,2026-05-09,2155.6,Pago,202605
MEN00012534,ALU01045,2026-06-01,2026-06-10,2026-06-14,2131.01,Pago,202606
MEN00012535,ALU01045,2026-07-01,2026-07-10,2026-07-13,2161.54,Pago,202607
MEN00012536,ALU01045,2026-08-01,2026-08-10,2026-08-16,2038.32,Pago,202608
MEN00012537,ALU01045,2026-09-01,2026-09-10,2026-09-17,2095.03,Pago,202609
MEN00012538,ALU01045,2026-10-01,2026-10-10,2026-10-17,2119.25,Pago,202610
MEN00012539,ALU01045,2026-11-01,2026-11-10,2026-11-18,2149.0,Pago,202611
MEN00012540,ALU01045,2026-12-01,2026-12-10,2026-12-08,2059.38,Pago,202612
MEN00012541,ALU01046,2026-01-01,2026-01-10,2026-01-17,2058.02,Pago,202601
MEN00012542,ALU01046,2026-02-01,2026-02-10,2026-02-15,2040.21,Pago,202602
MEN00012543,ALU01046,2026-03-01,2026-03-10,2026-03-07,2147.13,Pago,202603
MEN00012544,ALU01046,2026-04-01,2026-04-10,2026-04-14,2040.69,Pago,202604
MEN00012545,ALU01046,2026-05-01,2026-05-10,,2105.54,Vencido,202605
MEN00012546,ALU01046,2026-06-01,2026-06-10,,2110.02,Vencido,202606
MEN00012547,ALU01046,2026-07-01,2026-07-10,2026-07-14,2093.22,Pago,202607
MEN00012548,ALU01046,2026-08-01,2026-08-10,2026-08-16,2058.85,Pago,202608
MEN00012549,ALU01046,2026-09-01,2026-09-10,,2128.08,Em Aberto,202609
MEN00012550,ALU01046,2026-10-01,2026-10-10,2026-10-18,2124.8,Pago,202610
MEN00012551,ALU01046,2026-11-01,2026-11-10,2026-11-08,2037.17,Pago,202611
MEN00012552,ALU01046,2026-12-01,2026-12-10,2026-12-12,2142.39,Pago,202612
MEN00012553,ALU01047,2026-01-01,2026-01-10,,2128.75,Vencido,202601
MEN00012554,ALU01047,2026-02-01,2026-02-10,2026-02-07,2039.31,Pago,202602
MEN00012555,ALU01047,2026-03-01,2026-03-10,2026-03-07,2140.97,Pago,202603
MEN00012556,ALU01047,2026-04-01,2026-04-10,2026-04-16,2040.14,Pago,202604
MEN00012557,ALU01047,2026-05-01,2026-05-10,2026-05-16,2095.57,Pago,202605
MEN00012558,ALU01047,2026-06-01,2026-06-10,2026-06-09,2135.31,Pago,202606
MEN00012559,ALU01047,2026-07-01,2026-07-10,2026-07-12,2041.19,Pago,202607
MEN00012560,ALU01047,2026-08-01,2026-08-10,2026-08-09,2116.54,Pago,202608
MEN00012561,ALU01047,2026-09-01,2026-09-10,2026-09-15,2106.35,Pago,202609
MEN00012562,ALU01047,2026-10-01,2026-10-10,2026-10-13,2128.12,Pago,202610
MEN00012563,ALU01047,2026-11-01,2026-11-10,2026-11-16,2119.35,Pago,202611
MEN00012564,ALU01047,2026-12-01,2026-12-10,2026-12-13,2094.98,Pago,202612
MEN00012565,ALU01048,2026-01-01,2026-01-10,2026-01-10,2161.79,Pago,202601
MEN00012566,ALU01048,2026-02-01,2026-02-10,2026-02-12,2159.15,Pago,202602
MEN00012567,ALU01048,2026-03-01,2026-03-10,2026-03-09,2151.73,Pago,202603
MEN00012568,ALU01048,2026-04-01,2026-04-10,2026-04-11,2066.77,Pago,202604
MEN00012569,ALU01048,2026-05-01,2026-05-10,2026-05-11,2090.54,Pago,202605
MEN00012570,ALU01048,2026-06-01,2026-06-10,,2044.68,Vencido,202606
MEN00012571,ALU01048,2026-07-01,2026-07-10,2026-07-07,2103.78,Pago,202607
MEN00012572,ALU01048,2026-08-01,2026-08-10,2026-08-15,2147.49,Pago,202608
MEN00012573,ALU01048,2026-09-01,2026-09-10,2026-09-14,2069.79,Pago,202609
MEN00012574,ALU01048,2026-10-01,2026-10-10,2026-10-13,2062.67,Pago,202610
MEN00012575,ALU01048,2026-11-01,2026-11-10,2026-11-15,2073.7,Pago,202611
MEN00012576,ALU01048,2026-12-01,2026-12-10,2026-12-13,2049.28,Pago,202612
MEN00012577,ALU01049,2026-01-01,2026-01-10,2026-01-17,2140.81,Pago,202601
MEN00012578,ALU01049,2026-02-01,2026-02-10,,2097.78,Em Aberto,202602
MEN00012579,ALU01049,2026-03-01,2026-03-10,2026-03-07,2079.94,Pago,202603
MEN00012580,ALU01049,2026-04-01,2026-04-10,2026-04-18,2095.16,Pago,202604
MEN00012581,ALU01049,2026-05-01,2026-05-10,2026-05-11,2137.93,Pago,202605
MEN00012582,ALU01049,2026-06-01,2026-06-10,,2135.74,Em Aberto,202606
MEN00012583,ALU01049,2026-07-01,2026-07-10,2026-07-09,2138.5,Pago,202607
MEN00012584,ALU01049,2026-08-01,2026-08-10,2026-08-15,2104.57,Pago,202608
MEN00012585,ALU01049,2026-09-01,2026-09-10,,2150.9,Em Aberto,202609
MEN00012586,ALU01049,2026-10-01,2026-10-10,,2142.93,Em Aberto,202610
MEN00012587,ALU01049,2026-11-01,2026-11-10,2026-11-08,2092.61,Pago,202611
MEN00012588,ALU01049,2026-12-01,2026-12-10,,2138.55,Vencido,202612
MEN00012589,ALU01050,2026-01-01,2026-01-10,,2101.1,Em Aberto,202601
MEN00012590,ALU01050,2026-02-01,2026-02-10,2026-02-07,2055.34,Pago,202602
MEN00012591,ALU01050,2026-03-01,2026-03-10,2026-03-13,2148.4,Pago,202603
MEN00012592,ALU01050,2026-04-01,2026-04-10,2026-04-18,2154.62,Pago,202604
MEN00012593,ALU01050,2026-05-01,2026-05-10,2026-05-10,2040.87,Pago,202605
MEN00012594,ALU01050,2026-06-01,2026-06-10,2026-06-11,2123.14,Pago,202606
MEN00012595,ALU01050,2026-07-01,2026-07-10,2026-07-12,2049.11,Pago,202607
MEN00012596,ALU01050,2026-08-01,2026-08-10,2026-08-11,2129.91,Pago,202608
MEN00012597,ALU01050,2026-09-01,2026-09-10,2026-09-17,2040.71,Pago,202609
MEN00012598,ALU01050,2026-10-01,2026-10-10,2026-10-13,2073.45,Pago,202610
MEN00012599,ALU01050,2026-11-01,2026-11-10,2026-11-16,2121.97,Pago,202611
MEN00012600,ALU01050,2026-12-01,2026-12-10,2026-12-12,2081.02,Pago,202612
MEN00012601,ALU01051,2026-01-01,2026-01-10,2026-01-07,2080.36,Pago,202601
MEN00012602,ALU01051,2026-02-01,2026-02-10,2026-02-14,2090.58,Pago,202602
MEN00012603,ALU01051,2026-03-01,2026-03-10,2026-03-16,2038.92,Pago,202603
MEN00012604,ALU01051,2026-04-01,2026-04-10,,2080.22,Vencido,202604
MEN00012605,ALU01051,2026-05-01,2026-05-10,2026-05-13,2120.74,Pago,202605
MEN00012606,ALU01051,2026-06-01,2026-06-10,,2159.18,Em Aberto,202606
MEN00012607,ALU01051,2026-07-01,2026-07-10,2026-07-18,2092.36,Pago,202607
MEN00012608,ALU01051,2026-08-01,2026-08-10,2026-08-17,2147.06,Pago,202608
MEN00012609,ALU01051,2026-09-01,2026-09-10,2026-09-13,2089.2,Pago,202609
MEN00012610,ALU01051,2026-10-01,2026-10-10,2026-10-14,2141.33,Pago,202610
MEN00012611,ALU01051,2026-11-01,2026-11-10,2026-11-18,2089.17,Pago,202611
MEN00012612,ALU01051,2026-12-01,2026-12-10,2026-12-11,2122.72,Pago,202612
MEN00012613,ALU01052,2026-01-01,2026-01-10,2026-01-08,2044.82,Pago,202601
MEN00012614,ALU01052,2026-02-01,2026-02-10,2026-02-10,2123.41,Pago,202602
MEN00012615,ALU01052,2026-03-01,2026-03-10,2026-03-10,2052.2,Pago,202603
MEN00012616,ALU01052,2026-04-01,2026-04-10,2026-04-14,2067.3,Pago,202604
MEN00012617,ALU01052,2026-05-01,2026-05-10,2026-05-10,2089.39,Pago,202605
MEN00012618,ALU01052,2026-06-01,2026-06-10,2026-06-10,2081.73,Pago,202606
MEN00012619,ALU01052,2026-07-01,2026-07-10,,2045.83,Em Aberto,202607
MEN00012620,ALU01052,2026-08-01,2026-08-10,2026-08-14,2076.6,Pago,202608
MEN00012621,ALU01052,2026-09-01,2026-09-10,2026-09-18,2084.24,Pago,202609
MEN00012622,ALU01052,2026-10-01,2026-10-10,2026-10-08,2040.2,Pago,202610
MEN00012623,ALU01052,2026-11-01,2026-11-10,2026-11-07,2147.02,Pago,202611
MEN00012624,ALU01052,2026-12-01,2026-12-10,2026-12-18,2065.09,Pago,202612
MEN00012625,ALU01053,2026-01-01,2026-01-10,2026-01-12,2105.52,Pago,202601
MEN00012626,ALU01053,2026-02-01,2026-02-10,2026-02-14,2042.28,Pago,202602
MEN00012627,ALU01053,2026-03-01,2026-03-10,2026-03-18,2161.83,Pago,202603
MEN00012628,ALU01053,2026-04-01,2026-04-10,2026-04-17,2079.01,Pago,202604
MEN00012629,ALU01053,2026-05-01,2026-05-10,2026-05-12,2053.5,Pago,202605
MEN00012630,ALU01053,2026-06-01,2026-06-10,2026-06-12,2099.0,Pago,202606
MEN00012631,ALU01053,2026-07-01,2026-07-10,2026-07-10,2141.41,Pago,202607
MEN00012632,ALU01053,2026-08-01,2026-08-10,,2118.87,Vencido,202608
MEN00012633,ALU01053,2026-09-01,2026-09-10,2026-09-12,2122.95,Pago,202609
MEN00012634,ALU01053,2026-10-01,2026-10-10,,2137.32,Em Aberto,202610
MEN00012635,ALU01053,2026-11-01,2026-11-10,2026-11-17,2094.11,Pago,202611
MEN00012636,ALU01053,2026-12-01,2026-12-10,2026-12-17,2141.73,Pago,202612
MEN00012637,ALU01054,2026-01-01,2026-01-10,2026-01-16,2137.27,Pago,202601
MEN00012638,ALU01054,2026-02-01,2026-02-10,2026-02-09,2083.94,Pago,202602
MEN00012639,ALU01054,2026-03-01,2026-03-10,2026-03-18,2052.73,Pago,202603
MEN00012640,ALU01054,2026-04-01,2026-04-10,2026-04-11,2055.9,Pago,202604
MEN00012641,ALU01054,2026-05-01,2026-05-10,2026-05-08,2130.75,Pago,202605
MEN00012642,ALU01054,2026-06-01,2026-06-10,2026-06-11,2159.16,Pago,202606
MEN00012643,ALU01054,2026-07-01,2026-07-10,2026-07-09,2093.16,Pago,202607
MEN00012644,ALU01054,2026-08-01,2026-08-10,2026-08-08,2081.07,Pago,202608
MEN00012645,ALU01054,2026-09-01,2026-09-10,2026-09-08,2107.31,Pago,202609
MEN00012646,ALU01054,2026-10-01,2026-10-10,2026-10-08,2151.37,Pago,202610
MEN00012647,ALU01054,2026-11-01,2026-11-10,2026-11-08,2065.32,Pago,202611
MEN00012648,ALU01054,2026-12-01,2026-12-10,2026-12-16,2090.08,Pago,202612
MEN00012649,ALU01055,2026-01-01,2026-01-10,2026-01-18,2108.19,Pago,202601
MEN00012650,ALU01055,2026-02-01,2026-02-10,2026-02-08,2079.78,Pago,202602
MEN00012651,ALU01055,2026-03-01,2026-03-10,2026-03-16,2153.93,Pago,202603
MEN00012652,ALU01055,2026-04-01,2026-04-10,2026-04-11,2069.21,Pago,202604
MEN00012653,ALU01055,2026-05-01,2026-05-10,2026-05-11,2049.86,Pago,202605
MEN00012654,ALU01055,2026-06-01,2026-06-10,2026-06-13,2136.82,Pago,202606
MEN00012655,ALU01055,2026-07-01,2026-07-10,2026-07-18,2112.07,Pago,202607
MEN00012656,ALU01055,2026-08-01,2026-08-10,2026-08-16,2136.56,Pago,202608
MEN00012657,ALU01055,2026-09-01,2026-09-10,2026-09-09,2102.76,Pago,202609
MEN00012658,ALU01055,2026-10-01,2026-10-10,2026-10-15,2060.18,Pago,202610
MEN00012659,ALU01055,2026-11-01,2026-11-10,2026-11-11,2117.77,Pago,202611
MEN00012660,ALU01055,2026-12-01,2026-12-10,2026-12-18,2131.93,Pago,202612
MEN00012661,ALU01056,2026-01-01,2026-01-10,2026-01-13,2078.1,Pago,202601
MEN00012662,ALU01056,2026-02-01,2026-02-10,2026-02-16,2081.08,Pago,202602
MEN00012663,ALU01056,2026-03-01,2026-03-10,2026-03-18,2148.49,Pago,202603
MEN00012664,ALU01056,2026-04-01,2026-04-10,2026-04-07,2145.09,Pago,202604
MEN00012665,ALU01056,2026-05-01,2026-05-10,2026-05-15,2055.66,Pago,202605
MEN00012666,ALU01056,2026-06-01,2026-06-10,2026-06-16,2158.87,Pago,202606
MEN00012667,ALU01056,2026-07-01,2026-07-10,2026-07-11,2081.63,Pago,202607
MEN00012668,ALU01056,2026-08-01,2026-08-10,2026-08-15,2089.91,Pago,202608
MEN00012669,ALU01056,2026-09-01,2026-09-10,2026-09-18,2148.77,Pago,202609
MEN00012670,ALU01056,2026-10-01,2026-10-10,2026-10-13,2072.12,Pago,202610
MEN00012671,ALU01056,2026-11-01,2026-11-10,2026-11-13,2119.09,Pago,202611
MEN00012672,ALU01056,2026-12-01,2026-12-10,2026-12-17,2144.71,Pago,202612
MEN00012673,ALU01057,2026-01-01,2026-01-10,2026-01-09,2122.92,Pago,202601
MEN00012674,ALU01057,2026-02-01,2026-02-10,2026-02-08,2038.17,Pago,202602
MEN00012675,ALU01057,2026-03-01,2026-03-10,,2108.89,Vencido,202603
MEN00012676,ALU01057,2026-04-01,2026-04-10,2026-04-14,2155.19,Pago,202604
MEN00012677,ALU01057,2026-05-01,2026-05-10,2026-05-15,2107.96,Pago,202605
MEN00012678,ALU01057,2026-06-01,2026-06-10,,2161.11,Vencido,202606
MEN00012679,ALU01057,2026-07-01,2026-07-10,,2072.71,Vencido,202607
MEN00012680,ALU01057,2026-08-01,2026-08-10,,2037.84,Em Aberto,202608
MEN00012681,ALU01057,2026-09-01,2026-09-10,2026-09-14,2135.11,Pago,202609
MEN00012682,ALU01057,2026-10-01,2026-10-10,2026-10-14,2095.23,Pago,202610
MEN00012683,ALU01057,2026-11-01,2026-11-10,2026-11-10,2091.55,Pago,202611
MEN00012684,ALU01057,2026-12-01,2026-12-10,2026-12-10,2108.2,Pago,202612
MEN00012685,ALU01058,2026-01-01,2026-01-10,2026-01-10,2136.03,Pago,202601
MEN00012686,ALU01058,2026-02-01,2026-02-10,,2129.52,Vencido,202602
MEN00012687,ALU01058,2026-03-01,2026-03-10,2026-03-07,2081.46,Pago,202603
MEN00012688,ALU01058,2026-04-01,2026-04-10,2026-04-09,2046.74,Pago,202604
MEN00012689,ALU01058,2026-05-01,2026-05-10,2026-05-18,2058.09,Pago,202605
MEN00012690,ALU01058,2026-06-01,2026-06-10,2026-06-10,2131.73,Pago,202606
MEN00012691,ALU01058,2026-07-01,2026-07-10,,2065.11,Vencido,202607
MEN00012692,ALU01058,2026-08-01,2026-08-10,2026-08-12,2072.94,Pago,202608
MEN00012693,ALU01058,2026-09-01,2026-09-10,2026-09-16,2117.75,Pago,202609
MEN00012694,ALU01058,2026-10-01,2026-10-10,2026-10-17,2046.62,Pago,202610
MEN00012695,ALU01058,2026-11-01,2026-11-10,,2052.37,Vencido,202611
MEN00012696,ALU01058,2026-12-01,2026-12-10,2026-12-10,2067.83,Pago,202612
MEN00012697,ALU01059,2026-01-01,2026-01-10,2026-01-07,2094.1,Pago,202601
MEN00012698,ALU01059,2026-02-01,2026-02-10,2026-02-10,2087.59,Pago,202602
MEN00012699,ALU01059,2026-03-01,2026-03-10,2026-03-13,2048.01,Pago,202603
MEN00012700,ALU01059,2026-04-01,2026-04-10,2026-04-16,2076.44,Pago,202604
MEN00012701,ALU01059,2026-05-01,2026-05-10,2026-05-15,2080.38,Pago,202605
MEN00012702,ALU01059,2026-06-01,2026-06-10,2026-06-11,2159.75,Pago,202606
MEN00012703,ALU01059,2026-07-01,2026-07-10,2026-07-09,2128.38,Pago,202607
MEN00012704,ALU01059,2026-08-01,2026-08-10,2026-08-17,2088.88,Pago,202608
MEN00012705,ALU01059,2026-09-01,2026-09-10,,2040.62,Em Aberto,202609
MEN00012706,ALU01059,2026-10-01,2026-10-10,2026-10-14,2053.37,Pago,202610
MEN00012707,ALU01059,2026-11-01,2026-11-10,2026-11-11,2087.22,Pago,202611
MEN00012708,ALU01059,2026-12-01,2026-12-10,2026-12-14,2142.29,Pago,202612
MEN00012709,ALU01060,2026-01-01,2026-01-10,2026-01-14,2066.1,Pago,202601
MEN00012710,ALU01060,2026-02-01,2026-02-10,2026-02-07,2061.69,Pago,202602
MEN00012711,ALU01060,2026-03-01,2026-03-10,2026-03-18,2047.62,Pago,202603
MEN00012712,ALU01060,2026-04-01,2026-04-10,2026-04-14,2082.61,Pago,202604
MEN00012713,ALU01060,2026-05-01,2026-05-10,2026-05-18,2089.07,Pago,202605
MEN00012714,ALU01060,2026-06-01,2026-06-10,2026-06-13,2144.01,Pago,202606
MEN00012715,ALU01060,2026-07-01,2026-07-10,2026-07-11,2121.81,Pago,202607
MEN00012716,ALU01060,2026-08-01,2026-08-10,2026-08-08,2067.93,Pago,202608
MEN00012717,ALU01060,2026-09-01,2026-09-10,2026-09-14,2097.12,Pago,202609
MEN00012718,ALU01060,2026-10-01,2026-10-10,2026-10-07,2051.88,Pago,202610
MEN00012719,ALU01060,2026-11-01,2026-11-10,2026-11-18,2150.84,Pago,202611
MEN00012720,ALU01060,2026-12-01,2026-12-10,2026-12-11,2122.58,Pago,202612
MEN00012721,ALU01061,2026-01-01,2026-01-10,2026-01-11,2117.07,Pago,202601
MEN00012722,ALU01061,2026-02-01,2026-02-10,2026-02-07,2156.87,Pago,202602
MEN00012723,ALU01061,2026-03-01,2026-03-10,2026-03-15,2110.25,Pago,202603
MEN00012724,ALU01061,2026-04-01,2026-04-10,2026-04-12,2049.7,Pago,202604
MEN00012725,ALU01061,2026-05-01,2026-05-10,2026-05-07,2106.24,Pago,202605
MEN00012726,ALU01061,2026-06-01,2026-06-10,2026-06-08,2135.5,Pago,202606
MEN00012727,ALU01061,2026-07-01,2026-07-10,2026-07-12,2093.03,Pago,202607
MEN00012728,ALU01061,2026-08-01,2026-08-10,2026-08-08,2122.21,Pago,202608
MEN00012729,ALU01061,2026-09-01,2026-09-10,2026-09-14,2038.02,Pago,202609
MEN00012730,ALU01061,2026-10-01,2026-10-10,2026-10-10,2107.3,Pago,202610
MEN00012731,ALU01061,2026-11-01,2026-11-10,2026-11-13,2054.74,Pago,202611
MEN00012732,ALU01061,2026-12-01,2026-12-10,2026-12-15,2113.96,Pago,202612
MEN00012733,ALU01062,2026-01-01,2026-01-10,2026-01-15,2118.73,Pago,202601
MEN00012734,ALU01062,2026-02-01,2026-02-10,2026-02-13,2138.89,Pago,202602
MEN00012735,ALU01062,2026-03-01,2026-03-10,2026-03-11,2145.74,Pago,202603
MEN00012736,ALU01062,2026-04-01,2026-04-10,2026-04-08,2098.79,Pago,202604
MEN00012737,ALU01062,2026-05-01,2026-05-10,2026-05-16,2161.34,Pago,202605
MEN00012738,ALU01062,2026-06-01,2026-06-10,2026-06-07,2156.73,Pago,202606
MEN00012739,ALU01062,2026-07-01,2026-07-10,2026-07-15,2066.18,Pago,202607
MEN00012740,ALU01062,2026-08-01,2026-08-10,2026-08-16,2104.14,Pago,202608
MEN00012741,ALU01062,2026-09-01,2026-09-10,2026-09-10,2057.13,Pago,202609
MEN00012742,ALU01062,2026-10-01,2026-10-10,2026-10-09,2088.65,Pago,202610
MEN00012743,ALU01062,2026-11-01,2026-11-10,2026-11-17,2066.71,Pago,202611
MEN00012744,ALU01062,2026-12-01,2026-12-10,2026-12-17,2154.98,Pago,202612
MEN00012745,ALU01063,2026-01-01,2026-01-10,2026-01-14,2151.97,Pago,202601
MEN00012746,ALU01063,2026-02-01,2026-02-10,2026-02-18,2130.59,Pago,202602
MEN00012747,ALU01063,2026-03-01,2026-03-10,,2072.55,Em Aberto,202603
MEN00012748,ALU01063,2026-04-01,2026-04-10,2026-04-15,2082.08,Pago,202604
MEN00012749,ALU01063,2026-05-01,2026-05-10,,2046.01,Vencido,202605
MEN00012750,ALU01063,2026-06-01,2026-06-10,,2058.92,Em Aberto,202606
MEN00012751,ALU01063,2026-07-01,2026-07-10,2026-07-10,2158.64,Pago,202607
MEN00012752,ALU01063,2026-08-01,2026-08-10,2026-08-11,2053.59,Pago,202608
MEN00012753,ALU01063,2026-09-01,2026-09-10,2026-09-18,2151.1,Pago,202609
MEN00012754,ALU01063,2026-10-01,2026-10-10,,2161.09,Em Aberto,202610
MEN00012755,ALU01063,2026-11-01,2026-11-10,,2147.08,Em Aberto,202611
MEN00012756,ALU01063,2026-12-01,2026-12-10,,2122.39,Em Aberto,202612
MEN00012757,ALU01064,2026-01-01,2026-01-10,,2136.24,Em Aberto,202601
MEN00012758,ALU01064,2026-02-01,2026-02-10,2026-02-13,2129.76,Pago,202602
MEN00012759,ALU01064,2026-03-01,2026-03-10,2026-03-11,2049.63,Pago,202603
MEN00012760,ALU01064,2026-04-01,2026-04-10,2026-04-10,2088.33,Pago,202604
MEN00012761,ALU01064,2026-05-01,2026-05-10,,2137.49,Em Aberto,202605
MEN00012762,ALU01064,2026-06-01,2026-06-10,2026-06-18,2092.29,Pago,202606
MEN00012763,ALU01064,2026-07-01,2026-07-10,,2162.4,Em Aberto,202607
MEN00012764,ALU01064,2026-08-01,2026-08-10,2026-08-15,2067.5,Pago,202608
MEN00012765,ALU01064,2026-09-01,2026-09-10,2026-09-07,2139.55,Pago,202609
MEN00012766,ALU01064,2026-10-01,2026-10-10,2026-10-17,2127.23,Pago,202610
MEN00012767,ALU01064,2026-11-01,2026-11-10,2026-11-11,2077.61,Pago,202611
MEN00012768,ALU01064,2026-12-01,2026-12-10,,2067.04,Em Aberto,202612
MEN00012769,ALU01065,2026-01-01,2026-01-10,2026-01-12,2084.65,Pago,202601
MEN00012770,ALU01065,2026-02-01,2026-02-10,2026-02-10,2117.41,Pago,202602
MEN00012771,ALU01065,2026-03-01,2026-03-10,2026-03-10,2055.13,Pago,202603
MEN00012772,ALU01065,2026-04-01,2026-04-10,2026-04-15,2112.73,Pago,202604
MEN00012773,ALU01065,2026-05-01,2026-05-10,2026-05-15,2042.45,Pago,202605
MEN00012774,ALU01065,2026-06-01,2026-06-10,2026-06-17,2104.16,Pago,202606
MEN00012775,ALU01065,2026-07-01,2026-07-10,2026-07-15,2050.35,Pago,202607
MEN00012776,ALU01065,2026-08-01,2026-08-10,2026-08-12,2136.78,Pago,202608
MEN00012777,ALU01065,2026-09-01,2026-09-10,2026-09-15,2154.34,Pago,202609
MEN00012778,ALU01065,2026-10-01,2026-10-10,2026-10-18,2040.46,Pago,202610
MEN00012779,ALU01065,2026-11-01,2026-11-10,2026-11-07,2124.74,Pago,202611
MEN00012780,ALU01065,2026-12-01,2026-12-10,2026-12-17,2113.34,Pago,202612
MEN00012781,ALU01066,2026-01-01,2026-01-10,2026-01-18,2100.84,Pago,202601
MEN00012782,ALU01066,2026-02-01,2026-02-10,2026-02-15,2136.18,Pago,202602
MEN00012783,ALU01066,2026-03-01,2026-03-10,2026-03-10,2072.35,Pago,202603
MEN00012784,ALU01066,2026-04-01,2026-04-10,2026-04-18,2144.33,Pago,202604
MEN00012785,ALU01066,2026-05-01,2026-05-10,2026-05-14,2050.39,Pago,202605
MEN00012786,ALU01066,2026-06-01,2026-06-10,2026-06-08,2129.99,Pago,202606
MEN00012787,ALU01066,2026-07-01,2026-07-10,2026-07-09,2132.21,Pago,202607
MEN00012788,ALU01066,2026-08-01,2026-08-10,2026-08-09,2098.39,Pago,202608
MEN00012789,ALU01066,2026-09-01,2026-09-10,2026-09-08,2112.41,Pago,202609
MEN00012790,ALU01066,2026-10-01,2026-10-10,2026-10-08,2041.51,Pago,202610
MEN00012791,ALU01066,2026-11-01,2026-11-10,2026-11-17,2083.91,Pago,202611
MEN00012792,ALU01066,2026-12-01,2026-12-10,2026-12-17,2084.11,Pago,202612
MEN00012793,ALU01067,2026-01-01,2026-01-10,2026-01-07,2039.47,Pago,202601
MEN00012794,ALU01067,2026-02-01,2026-02-10,2026-02-10,2152.08,Pago,202602
MEN00012795,ALU01067,2026-03-01,2026-03-10,2026-03-14,2067.73,Pago,202603
MEN00012796,ALU01067,2026-04-01,2026-04-10,2026-04-15,2077.71,Pago,202604
MEN00012797,ALU01067,2026-05-01,2026-05-10,2026-05-17,2151.49,Pago,202605
MEN00012798,ALU01067,2026-06-01,2026-06-10,2026-06-08,2096.3,Pago,202606
MEN00012799,ALU01067,2026-07-01,2026-07-10,2026-07-11,2127.05,Pago,202607
MEN00012800,ALU01067,2026-08-01,2026-08-10,2026-08-15,2147.24,Pago,202608
MEN00012801,ALU01067,2026-09-01,2026-09-10,2026-09-13,2096.22,Pago,202609
MEN00012802,ALU01067,2026-10-01,2026-10-10,2026-10-15,2053.25,Pago,202610
MEN00012803,ALU01067,2026-11-01,2026-11-10,2026-11-10,2086.63,Pago,202611
MEN00012804,ALU01067,2026-12-01,2026-12-10,2026-12-17,2071.58,Pago,202612
MEN00012805,ALU01068,2026-01-01,2026-01-10,2026-01-18,2094.32,Pago,202601
MEN00012806,ALU01068,2026-02-01,2026-02-10,2026-02-09,2136.12,Pago,202602
MEN00012807,ALU01068,2026-03-01,2026-03-10,2026-03-16,2134.55,Pago,202603
MEN00012808,ALU01068,2026-04-01,2026-04-10,2026-04-16,2132.34,Pago,202604
MEN00012809,ALU01068,2026-05-01,2026-05-10,2026-05-10,2153.96,Pago,202605
MEN00012810,ALU01068,2026-06-01,2026-06-10,2026-06-09,2129.7,Pago,202606
MEN00012811,ALU01068,2026-07-01,2026-07-10,2026-07-16,2050.18,Pago,202607
MEN00012812,ALU01068,2026-08-01,2026-08-10,2026-08-17,2158.88,Pago,202608
MEN00012813,ALU01068,2026-09-01,2026-09-10,2026-09-08,2072.17,Pago,202609
MEN00012814,ALU01068,2026-10-01,2026-10-10,2026-10-17,2121.3,Pago,202610
MEN00012815,ALU01068,2026-11-01,2026-11-10,2026-11-13,2084.17,Pago,202611
MEN00012816,ALU01068,2026-12-01,2026-12-10,2026-12-13,2117.96,Pago,202612
MEN00012817,ALU01069,2026-01-01,2026-01-10,2026-01-09,2126.1,Pago,202601
MEN00012818,ALU01069,2026-02-01,2026-02-10,2026-02-15,2129.65,Pago,202602
MEN00012819,ALU01069,2026-03-01,2026-03-10,,2063.25,Vencido,202603
MEN00012820,ALU01069,2026-04-01,2026-04-10,2026-04-18,2037.2,Pago,202604
MEN00012821,ALU01069,2026-05-01,2026-05-10,2026-05-07,2067.18,Pago,202605
MEN00012822,ALU01069,2026-06-01,2026-06-10,2026-06-10,2084.9,Pago,202606
MEN00012823,ALU01069,2026-07-01,2026-07-10,2026-07-10,2126.56,Pago,202607
MEN00012824,ALU01069,2026-08-01,2026-08-10,2026-08-07,2076.13,Pago,202608
MEN00012825,ALU01069,2026-09-01,2026-09-10,2026-09-15,2079.64,Pago,202609
MEN00012826,ALU01069,2026-10-01,2026-10-10,2026-10-10,2155.11,Pago,202610
MEN00012827,ALU01069,2026-11-01,2026-11-10,2026-11-15,2158.58,Pago,202611
MEN00012828,ALU01069,2026-12-01,2026-12-10,2026-12-10,2140.75,Pago,202612
MEN00012829,ALU01070,2026-01-01,2026-01-10,2026-01-15,2142.98,Pago,202601
MEN00012830,ALU01070,2026-02-01,2026-02-10,2026-02-10,2060.77,Pago,202602
MEN00012831,ALU01070,2026-03-01,2026-03-10,,2136.63,Vencido,202603
MEN00012832,ALU01070,2026-04-01,2026-04-10,2026-04-13,2091.32,Pago,202604
MEN00012833,ALU01070,2026-05-01,2026-05-10,2026-05-16,2038.37,Pago,202605
MEN00012834,ALU01070,2026-06-01,2026-06-10,2026-06-16,2077.43,Pago,202606
MEN00012835,ALU01070,2026-07-01,2026-07-10,2026-07-14,2113.78,Pago,202607
MEN00012836,ALU01070,2026-08-01,2026-08-10,2026-08-11,2040.55,Pago,202608
MEN00012837,ALU01070,2026-09-01,2026-09-10,2026-09-10,2078.74,Pago,202609
MEN00012838,ALU01070,2026-10-01,2026-10-10,2026-10-07,2051.66,Pago,202610
MEN00012839,ALU01070,2026-11-01,2026-11-10,2026-11-07,2110.59,Pago,202611
MEN00012840,ALU01070,2026-12-01,2026-12-10,2026-12-07,2152.17,Pago,202612
MEN00012841,ALU01071,2026-01-01,2026-01-10,2026-01-08,2038.83,Pago,202601
MEN00012842,ALU01071,2026-02-01,2026-02-10,2026-02-15,2045.1,Pago,202602
MEN00012843,ALU01071,2026-03-01,2026-03-10,,2082.9,Vencido,202603
MEN00012844,ALU01071,2026-04-01,2026-04-10,2026-04-14,2088.13,Pago,202604
MEN00012845,ALU01071,2026-05-01,2026-05-10,2026-05-07,2123.72,Pago,202605
MEN00012846,ALU01071,2026-06-01,2026-06-10,,2107.17,Vencido,202606
MEN00012847,ALU01071,2026-07-01,2026-07-10,2026-07-17,2076.94,Pago,202607
MEN00012848,ALU01071,2026-08-01,2026-08-10,,2130.13,Vencido,202608
MEN00012849,ALU01071,2026-09-01,2026-09-10,2026-09-14,2079.04,Pago,202609
MEN00012850,ALU01071,2026-10-01,2026-10-10,2026-10-12,2114.56,Pago,202610
MEN00012851,ALU01071,2026-11-01,2026-11-10,2026-11-14,2140.07,Pago,202611
MEN00012852,ALU01071,2026-12-01,2026-12-10,2026-12-18,2086.43,Pago,202612
MEN00012853,ALU01072,2026-01-01,2026-01-10,2026-01-12,2069.75,Pago,202601
MEN00012854,ALU01072,2026-02-01,2026-02-10,2026-02-10,2041.99,Pago,202602
MEN00012855,ALU01072,2026-03-01,2026-03-10,,2099.8,Vencido,202603
MEN00012856,ALU01072,2026-04-01,2026-04-10,2026-04-08,2038.25,Pago,202604
MEN00012857,ALU01072,2026-05-01,2026-05-10,2026-05-10,2113.61,Pago,202605
MEN00012858,ALU01072,2026-06-01,2026-06-10,2026-06-08,2151.74,Pago,202606
MEN00012859,ALU01072,2026-07-01,2026-07-10,,2146.62,Em Aberto,202607
MEN00012860,ALU01072,2026-08-01,2026-08-10,2026-08-08,2136.15,Pago,202608
MEN00012861,ALU01072,2026-09-01,2026-09-10,2026-09-11,2112.64,Pago,202609
MEN00012862,ALU01072,2026-10-01,2026-10-10,2026-10-08,2087.76,Pago,202610
MEN00012863,ALU01072,2026-11-01,2026-11-10,2026-11-07,2063.19,Pago,202611
MEN00012864,ALU01072,2026-12-01,2026-12-10,,2089.68,Em Aberto,202612
MEN00012865,ALU01073,2026-01-01,2026-01-10,2026-01-12,2102.99,Pago,202601
MEN00012866,ALU01073,2026-02-01,2026-02-10,,2089.52,Vencido,202602
MEN00012867,ALU01073,2026-03-01,2026-03-10,2026-03-16,2068.48,Pago,202603
MEN00012868,ALU01073,2026-04-01,2026-04-10,2026-04-15,2076.64,Pago,202604
MEN00012869,ALU01073,2026-05-01,2026-05-10,2026-05-17,2087.74,Pago,202605
MEN00012870,ALU01073,2026-06-01,2026-06-10,2026-06-11,2074.28,Pago,202606
MEN00012871,ALU01073,2026-07-01,2026-07-10,2026-07-12,2057.99,Pago,202607
MEN00012872,ALU01073,2026-08-01,2026-08-10,2026-08-09,2118.1,Pago,202608
MEN00012873,ALU01073,2026-09-01,2026-09-10,2026-09-18,2106.89,Pago,202609
MEN00012874,ALU01073,2026-10-01,2026-10-10,2026-10-10,2094.37,Pago,202610
MEN00012875,ALU01073,2026-11-01,2026-11-10,2026-11-16,2072.13,Pago,202611
MEN00012876,ALU01073,2026-12-01,2026-12-10,2026-12-11,2095.87,Pago,202612
MEN00012877,ALU01074,2026-01-01,2026-01-10,2026-01-08,2144.87,Pago,202601
MEN00012878,ALU01074,2026-02-01,2026-02-10,2026-02-14,2111.96,Pago,202602
MEN00012879,ALU01074,2026-03-01,2026-03-10,,2149.37,Vencido,202603
MEN00012880,ALU01074,2026-04-01,2026-04-10,2026-04-10,2151.71,Pago,202604
MEN00012881,ALU01074,2026-05-01,2026-05-10,2026-05-08,2057.91,Pago,202605
MEN00012882,ALU01074,2026-06-01,2026-06-10,2026-06-17,2122.95,Pago,202606
MEN00012883,ALU01074,2026-07-01,2026-07-10,2026-07-11,2055.64,Pago,202607
MEN00012884,ALU01074,2026-08-01,2026-08-10,,2101.6,Em Aberto,202608
MEN00012885,ALU01074,2026-09-01,2026-09-10,2026-09-11,2105.24,Pago,202609
MEN00012886,ALU01074,2026-10-01,2026-10-10,2026-10-15,2159.8,Pago,202610
MEN00012887,ALU01074,2026-11-01,2026-11-10,2026-11-12,2069.2,Pago,202611
MEN00012888,ALU01074,2026-12-01,2026-12-10,2026-12-07,2084.61,Pago,202612
MEN00012889,ALU01075,2026-01-01,2026-01-10,2026-01-15,2097.63,Pago,202601
MEN00012890,ALU01075,2026-02-01,2026-02-10,2026-02-18,2102.74,Pago,202602
MEN00012891,ALU01075,2026-03-01,2026-03-10,2026-03-15,2139.42,Pago,202603
MEN00012892,ALU01075,2026-04-01,2026-04-10,2026-04-15,2108.45,Pago,202604
MEN00012893,ALU01075,2026-05-01,2026-05-10,2026-05-13,2053.56,Pago,202605
MEN00012894,ALU01075,2026-06-01,2026-06-10,2026-06-14,2069.28,Pago,202606
MEN00012895,ALU01075,2026-07-01,2026-07-10,2026-07-13,2111.18,Pago,202607
MEN00012896,ALU01075,2026-08-01,2026-08-10,2026-08-09,2119.07,Pago,202608
MEN00012897,ALU01075,2026-09-01,2026-09-10,2026-09-12,2109.69,Pago,202609
MEN00012898,ALU01075,2026-10-01,2026-10-10,2026-10-12,2109.45,Pago,202610
MEN00012899,ALU01075,2026-11-01,2026-11-10,2026-11-15,2060.37,Pago,202611
MEN00012900,ALU01075,2026-12-01,2026-12-10,2026-12-10,2092.37,Pago,202612
MEN00012901,ALU01076,2026-01-01,2026-01-10,2026-01-11,2083.43,Pago,202601
MEN00012902,ALU01076,2026-02-01,2026-02-10,2026-02-15,2069.72,Pago,202602
MEN00012903,ALU01076,2026-03-01,2026-03-10,2026-03-12,2065.22,Pago,202603
MEN00012904,ALU01076,2026-04-01,2026-04-10,,2131.74,Em Aberto,202604
MEN00012905,ALU01076,2026-05-01,2026-05-10,2026-05-17,2142.27,Pago,202605
MEN00012906,ALU01076,2026-06-01,2026-06-10,2026-06-14,2153.03,Pago,202606
MEN00012907,ALU01076,2026-07-01,2026-07-10,2026-07-17,2067.28,Pago,202607
MEN00012908,ALU01076,2026-08-01,2026-08-10,,2104.8,Vencido,202608
MEN00012909,ALU01076,2026-09-01,2026-09-10,2026-09-11,2149.8,Pago,202609
MEN00012910,ALU01076,2026-10-01,2026-10-10,2026-10-08,2070.89,Pago,202610
MEN00012911,ALU01076,2026-11-01,2026-11-10,,2098.31,Em Aberto,202611
MEN00012912,ALU01076,2026-12-01,2026-12-10,2026-12-11,2045.03,Pago,202612
MEN00012913,ALU01077,2026-01-01,2026-01-10,2026-01-18,2148.57,Pago,202601
MEN00012914,ALU01077,2026-02-01,2026-02-10,,2122.02,Em Aberto,202602
MEN00012915,ALU01077,2026-03-01,2026-03-10,2026-03-15,2130.54,Pago,202603
MEN00012916,ALU01077,2026-04-01,2026-04-10,2026-04-12,2124.14,Pago,202604
MEN00012917,ALU01077,2026-05-01,2026-05-10,2026-05-12,2038.27,Pago,202605
MEN00012918,ALU01077,2026-06-01,2026-06-10,2026-06-17,2122.35,Pago,202606
MEN00012919,ALU01077,2026-07-01,2026-07-10,2026-07-16,2056.06,Pago,202607
MEN00012920,ALU01077,2026-08-01,2026-08-10,2026-08-11,2136.13,Pago,202608
MEN00012921,ALU01077,2026-09-01,2026-09-10,2026-09-09,2106.6,Pago,202609
MEN00012922,ALU01077,2026-10-01,2026-10-10,2026-10-07,2146.97,Pago,202610
MEN00012923,ALU01077,2026-11-01,2026-11-10,2026-11-10,2113.84,Pago,202611
MEN00012924,ALU01077,2026-12-01,2026-12-10,2026-12-15,2100.01,Pago,202612
MEN00012925,ALU01078,2026-01-01,2026-01-10,2026-01-12,2156.66,Pago,202601
MEN00012926,ALU01078,2026-02-01,2026-02-10,2026-02-16,2110.39,Pago,202602
MEN00012927,ALU01078,2026-03-01,2026-03-10,2026-03-16,2069.69,Pago,202603
MEN00012928,ALU01078,2026-04-01,2026-04-10,2026-04-14,2071.34,Pago,202604
MEN00012929,ALU01078,2026-05-01,2026-05-10,2026-05-12,2092.28,Pago,202605
MEN00012930,ALU01078,2026-06-01,2026-06-10,2026-06-18,2142.49,Pago,202606
MEN00012931,ALU01078,2026-07-01,2026-07-10,2026-07-16,2076.54,Pago,202607
MEN00012932,ALU01078,2026-08-01,2026-08-10,,2053.1,Vencido,202608
MEN00012933,ALU01078,2026-09-01,2026-09-10,2026-09-13,2148.82,Pago,202609
MEN00012934,ALU01078,2026-10-01,2026-10-10,2026-10-09,2054.92,Pago,202610
MEN00012935,ALU01078,2026-11-01,2026-11-10,,2049.69,Vencido,202611
MEN00012936,ALU01078,2026-12-01,2026-12-10,2026-12-17,2102.4,Pago,202612
MEN00012937,ALU01079,2026-01-01,2026-01-10,,2090.84,Vencido,202601
MEN00012938,ALU01079,2026-02-01,2026-02-10,2026-02-09,2054.95,Pago,202602
MEN00012939,ALU01079,2026-03-01,2026-03-10,2026-03-07,2107.89,Pago,202603
MEN00012940,ALU01079,2026-04-01,2026-04-10,2026-04-14,2049.04,Pago,202604
MEN00012941,ALU01079,2026-05-01,2026-05-10,2026-05-07,2156.54,Pago,202605
MEN00012942,ALU01079,2026-06-01,2026-06-10,2026-06-15,2055.53,Pago,202606
MEN00012943,ALU01079,2026-07-01,2026-07-10,2026-07-16,2120.69,Pago,202607
MEN00012944,ALU01079,2026-08-01,2026-08-10,2026-08-09,2072.68,Pago,202608
MEN00012945,ALU01079,2026-09-01,2026-09-10,2026-09-12,2131.94,Pago,202609
MEN00012946,ALU01079,2026-10-01,2026-10-10,2026-10-08,2085.77,Pago,202610
MEN00012947,ALU01079,2026-11-01,2026-11-10,2026-11-11,2153.1,Pago,202611
MEN00012948,ALU01079,2026-12-01,2026-12-10,,2151.34,Vencido,202612
MEN00012949,ALU01080,2026-01-01,2026-01-10,2026-01-12,2038.54,Pago,202601
MEN00012950,ALU01080,2026-02-01,2026-02-10,2026-02-11,2095.63,Pago,202602
MEN00012951,ALU01080,2026-03-01,2026-03-10,2026-03-12,2115.93,Pago,202603
MEN00012952,ALU01080,2026-04-01,2026-04-10,,2127.9,Em Aberto,202604
MEN00012953,ALU01080,2026-05-01,2026-05-10,2026-05-11,2067.36,Pago,202605
MEN00012954,ALU01080,2026-06-01,2026-06-10,2026-06-09,2097.86,Pago,202606
MEN00012955,ALU01080,2026-07-01,2026-07-10,2026-07-15,2081.23,Pago,202607
MEN00012956,ALU01080,2026-08-01,2026-08-10,2026-08-18,2106.15,Pago,202608
MEN00012957,ALU01080,2026-09-01,2026-09-10,2026-09-09,2052.52,Pago,202609
MEN00012958,ALU01080,2026-10-01,2026-10-10,2026-10-17,2119.0,Pago,202610
MEN00012959,ALU01080,2026-11-01,2026-11-10,2026-11-17,2046.49,Pago,202611
MEN00012960,ALU01080,2026-12-01,2026-12-10,2026-12-18,2062.42,Pago,202612
MEN00012961,ALU01081,2026-01-01,2026-01-10,2026-01-18,2108.18,Pago,202601
MEN00012962,ALU01081,2026-02-01,2026-02-10,,2085.67,Em Aberto,202602
MEN00012963,ALU01081,2026-03-01,2026-03-10,2026-03-18,2049.11,Pago,202603
MEN00012964,ALU01081,2026-04-01,2026-04-10,2026-04-17,2137.98,Pago,202604
MEN00012965,ALU01081,2026-05-01,2026-05-10,2026-05-11,2094.57,Pago,202605
MEN00012966,ALU01081,2026-06-01,2026-06-10,,2148.23,Em Aberto,202606
MEN00012967,ALU01081,2026-07-01,2026-07-10,,2048.44,Em Aberto,202607
MEN00012968,ALU01081,2026-08-01,2026-08-10,,2082.76,Vencido,202608
MEN00012969,ALU01081,2026-09-01,2026-09-10,2026-09-14,2148.39,Pago,202609
MEN00012970,ALU01081,2026-10-01,2026-10-10,2026-10-11,2102.4,Pago,202610
MEN00012971,ALU01081,2026-11-01,2026-11-10,,2064.99,Em Aberto,202611
MEN00012972,ALU01081,2026-12-01,2026-12-10,2026-12-16,2050.47,Pago,202612
MEN00012973,ALU01082,2026-01-01,2026-01-10,2026-01-12,2160.81,Pago,202601
MEN00012974,ALU01082,2026-02-01,2026-02-10,2026-02-18,2100.14,Pago,202602
MEN00012975,ALU01082,2026-03-01,2026-03-10,2026-03-16,2108.07,Pago,202603
MEN00012976,ALU01082,2026-04-01,2026-04-10,2026-04-13,2071.03,Pago,202604
MEN00012977,ALU01082,2026-05-01,2026-05-10,2026-05-07,2087.05,Pago,202605
MEN00012978,ALU01082,2026-06-01,2026-06-10,,2112.1,Em Aberto,202606
MEN00012979,ALU01082,2026-07-01,2026-07-10,2026-07-15,2156.24,Pago,202607
MEN00012980,ALU01082,2026-08-01,2026-08-10,2026-08-11,2156.13,Pago,202608
MEN00012981,ALU01082,2026-09-01,2026-09-10,,2129.03,Em Aberto,202609
MEN00012982,ALU01082,2026-10-01,2026-10-10,2026-10-16,2050.32,Pago,202610
MEN00012983,ALU01082,2026-11-01,2026-11-10,2026-11-14,2162.31,Pago,202611
MEN00012984,ALU01082,2026-12-01,2026-12-10,2026-12-11,2041.68,Pago,202612
MEN00012985,ALU01083,2026-01-01,2026-01-10,2026-01-18,2050.58,Pago,202601
MEN00012986,ALU01083,2026-02-01,2026-02-10,2026-02-10,2161.55,Pago,202602
MEN00012987,ALU01083,2026-03-01,2026-03-10,2026-03-17,2160.11,Pago,202603
MEN00012988,ALU01083,2026-04-01,2026-04-10,2026-04-15,2058.96,Pago,202604
MEN00012989,ALU01083,2026-05-01,2026-05-10,,2117.03,Em Aberto,202605
MEN00012990,ALU01083,2026-06-01,2026-06-10,2026-06-09,2084.96,Pago,202606
MEN00012991,ALU01083,2026-07-01,2026-07-10,2026-07-09,2161.94,Pago,202607
MEN00012992,ALU01083,2026-08-01,2026-08-10,,2072.57,Em Aberto,202608
MEN00012993,ALU01083,2026-09-01,2026-09-10,2026-09-08,2040.75,Pago,202609
MEN00012994,ALU01083,2026-10-01,2026-10-10,,2079.54,Em Aberto,202610
MEN00012995,ALU01083,2026-11-01,2026-11-10,2026-11-07,2099.64,Pago,202611
MEN00012996,ALU01083,2026-12-01,2026-12-10,2026-12-15,2049.16,Pago,202612
MEN00012997,ALU01084,2026-01-01,2026-01-10,2026-01-15,2049.61,Pago,202601
MEN00012998,ALU01084,2026-02-01,2026-02-10,2026-02-09,2082.95,Pago,202602
MEN00012999,ALU01084,2026-03-01,2026-03-10,2026-03-17,2072.23,Pago,202603
MEN00013000,ALU01084,2026-04-01,2026-04-10,2026-04-07,2140.25,Pago,202604
MEN00013001,ALU01084,2026-05-01,2026-05-10,2026-05-08,2053.75,Pago,202605
MEN00013002,ALU01084,2026-06-01,2026-06-10,2026-06-10,2075.93,Pago,202606
MEN00013003,ALU01084,2026-07-01,2026-07-10,,2054.52,Em Aberto,202607
MEN00013004,ALU01084,2026-08-01,2026-08-10,,2072.39,Em Aberto,202608
MEN00013005,ALU01084,2026-09-01,2026-09-10,2026-09-11,2083.05,Pago,202609
MEN00013006,ALU01084,2026-10-01,2026-10-10,2026-10-07,2121.42,Pago,202610
MEN00013007,ALU01084,2026-11-01,2026-11-10,2026-11-16,2094.15,Pago,202611
MEN00013008,ALU01084,2026-12-01,2026-12-10,2026-12-11,2063.46,Pago,202612
MEN00013009,ALU01085,2026-01-01,2026-01-10,2026-01-10,2131.69,Pago,202601
MEN00013010,ALU01085,2026-02-01,2026-02-10,2026-02-07,2162.56,Pago,202602
MEN00013011,ALU01085,2026-03-01,2026-03-10,2026-03-07,2127.26,Pago,202603
MEN00013012,ALU01085,2026-04-01,2026-04-10,,2102.63,Em Aberto,202604
MEN00013013,ALU01085,2026-05-01,2026-05-10,,2094.98,Vencido,202605
MEN00013014,ALU01085,2026-06-01,2026-06-10,,2043.72,Vencido,202606
MEN00013015,ALU01085,2026-07-01,2026-07-10,,2156.51,Vencido,202607
MEN00013016,ALU01085,2026-08-01,2026-08-10,,2113.53,Em Aberto,202608
MEN00013017,ALU01085,2026-09-01,2026-09-10,2026-09-11,2128.67,Pago,202609
MEN00013018,ALU01085,2026-10-01,2026-10-10,2026-10-09,2161.24,Pago,202610
MEN00013019,ALU01085,2026-11-01,2026-11-10,2026-11-15,2047.2,Pago,202611
MEN00013020,ALU01085,2026-12-01,2026-12-10,2026-12-07,2094.07,Pago,202612
MEN00013021,ALU01086,2026-01-01,2026-01-10,,2147.63,Em Aberto,202601
MEN00013022,ALU01086,2026-02-01,2026-02-10,2026-02-09,2084.53,Pago,202602
MEN00013023,ALU01086,2026-03-01,2026-03-10,2026-03-13,2052.07,Pago,202603
MEN00013024,ALU01086,2026-04-01,2026-04-10,,2068.81,Em Aberto,202604
MEN00013025,ALU01086,2026-05-01,2026-05-10,2026-05-11,2089.47,Pago,202605
MEN00013026,ALU01086,2026-06-01,2026-06-10,2026-06-13,2042.42,Pago,202606
MEN00013027,ALU01086,2026-07-01,2026-07-10,2026-07-11,2039.82,Pago,202607
MEN00013028,ALU01086,2026-08-01,2026-08-10,2026-08-18,2113.86,Pago,202608
MEN00013029,ALU01086,2026-09-01,2026-09-10,2026-09-17,2110.81,Pago,202609
MEN00013030,ALU01086,2026-10-01,2026-10-10,2026-10-07,2137.69,Pago,202610
MEN00013031,ALU01086,2026-11-01,2026-11-10,2026-11-13,2061.21,Pago,202611
MEN00013032,ALU01086,2026-12-01,2026-12-10,2026-12-08,2042.55,Pago,202612
MEN00013033,ALU01087,2026-01-01,2026-01-10,2026-01-17,2152.7,Pago,202601
MEN00013034,ALU01087,2026-02-01,2026-02-10,,2123.92,Vencido,202602
MEN00013035,ALU01087,2026-03-01,2026-03-10,2026-03-18,2082.38,Pago,202603
MEN00013036,ALU01087,2026-04-01,2026-04-10,,2157.03,Em Aberto,202604
MEN00013037,ALU01087,2026-05-01,2026-05-10,2026-05-15,2058.64,Pago,202605
MEN00013038,ALU01087,2026-06-01,2026-06-10,2026-06-18,2126.55,Pago,202606
MEN00013039,ALU01087,2026-07-01,2026-07-10,2026-07-14,2105.05,Pago,202607
MEN00013040,ALU01087,2026-08-01,2026-08-10,2026-08-10,2120.49,Pago,202608
MEN00013041,ALU01087,2026-09-01,2026-09-10,2026-09-12,2159.99,Pago,202609
MEN00013042,ALU01087,2026-10-01,2026-10-10,2026-10-13,2037.39,Pago,202610
MEN00013043,ALU01087,2026-11-01,2026-11-10,2026-11-17,2105.14,Pago,202611
MEN00013044,ALU01087,2026-12-01,2026-12-10,2026-12-14,2045.18,Pago,202612
MEN00013045,ALU01088,2026-01-01,2026-01-10,2026-01-07,2057.29,Pago,202601
MEN00013046,ALU01088,2026-02-01,2026-02-10,2026-02-14,2135.68,Pago,202602
MEN00013047,ALU01088,2026-03-01,2026-03-10,2026-03-12,2084.37,Pago,202603
MEN00013048,ALU01088,2026-04-01,2026-04-10,2026-04-15,2121.23,Pago,202604
MEN00013049,ALU01088,2026-05-01,2026-05-10,2026-05-11,2090.32,Pago,202605
MEN00013050,ALU01088,2026-06-01,2026-06-10,2026-06-12,2111.23,Pago,202606
MEN00013051,ALU01088,2026-07-01,2026-07-10,2026-07-13,2137.82,Pago,202607
MEN00013052,ALU01088,2026-08-01,2026-08-10,2026-08-10,2040.98,Pago,202608
MEN00013053,ALU01088,2026-09-01,2026-09-10,2026-09-07,2106.17,Pago,202609
MEN00013054,ALU01088,2026-10-01,2026-10-10,2026-10-11,2093.61,Pago,202610
MEN00013055,ALU01088,2026-11-01,2026-11-10,2026-11-07,2089.08,Pago,202611
MEN00013056,ALU01088,2026-12-01,2026-12-10,2026-12-09,2039.52,Pago,202612
MEN00013057,ALU01089,2026-01-01,2026-01-10,2026-01-13,2157.45,Pago,202601
MEN00013058,ALU01089,2026-02-01,2026-02-10,2026-02-14,2062.45,Pago,202602
MEN00013059,ALU01089,2026-03-01,2026-03-10,2026-03-12,2065.87,Pago,202603
MEN00013060,ALU01089,2026-04-01,2026-04-10,2026-04-18,2093.06,Pago,202604
MEN00013061,ALU01089,2026-05-01,2026-05-10,,2097.02,Vencido,202605
MEN00013062,ALU01089,2026-06-01,2026-06-10,2026-06-07,2096.1,Pago,202606
MEN00013063,ALU01089,2026-07-01,2026-07-10,2026-07-12,2149.03,Pago,202607
MEN00013064,ALU01089,2026-08-01,2026-08-10,2026-08-14,2053.36,Pago,202608
MEN00013065,ALU01089,2026-09-01,2026-09-10,2026-09-08,2158.57,Pago,202609
MEN00013066,ALU01089,2026-10-01,2026-10-10,2026-10-18,2121.46,Pago,202610
MEN00013067,ALU01089,2026-11-01,2026-11-10,2026-11-09,2096.73,Pago,202611
MEN00013068,ALU01089,2026-12-01,2026-12-10,2026-12-11,2078.93,Pago,202612
MEN00013069,ALU01090,2026-01-01,2026-01-10,,2066.23,Em Aberto,202601
MEN00013070,ALU01090,2026-02-01,2026-02-10,2026-02-09,2110.38,Pago,202602
MEN00013071,ALU01090,2026-03-01,2026-03-10,2026-03-09,2047.18,Pago,202603
MEN00013072,ALU01090,2026-04-01,2026-04-10,2026-04-12,2101.58,Pago,202604
MEN00013073,ALU01090,2026-05-01,2026-05-10,2026-05-07,2056.8,Pago,202605
MEN00013074,ALU01090,2026-06-01,2026-06-10,,2147.07,Vencido,202606
MEN00013075,ALU01090,2026-07-01,2026-07-10,,2062.33,Vencido,202607
MEN00013076,ALU01090,2026-08-01,2026-08-10,2026-08-16,2049.96,Pago,202608
MEN00013077,ALU01090,2026-09-01,2026-09-10,2026-09-15,2154.51,Pago,202609
MEN00013078,ALU01090,2026-10-01,2026-10-10,2026-10-08,2148.69,Pago,202610
MEN00013079,ALU01090,2026-11-01,2026-11-10,2026-11-07,2127.45,Pago,202611
MEN00013080,ALU01090,2026-12-01,2026-12-10,2026-12-11,2082.58,Pago,202612
MEN00013081,ALU01091,2026-01-01,2026-01-10,,2037.95,Vencido,202601
MEN00013082,ALU01091,2026-02-01,2026-02-10,,2045.15,Vencido,202602
MEN00013083,ALU01091,2026-03-01,2026-03-10,,2091.72,Em Aberto,202603
MEN00013084,ALU01091,2026-04-01,2026-04-10,,2117.46,Em Aberto,202604
MEN00013085,ALU01091,2026-05-01,2026-05-10,2026-05-14,2037.27,Pago,202605
MEN00013086,ALU01091,2026-06-01,2026-06-10,,2120.06,Vencido,202606
MEN00013087,ALU01091,2026-07-01,2026-07-10,,2080.96,Vencido,202607
MEN00013088,ALU01091,2026-08-01,2026-08-10,2026-08-14,2137.29,Pago,202608
MEN00013089,ALU01091,2026-09-01,2026-09-10,2026-09-16,2091.42,Pago,202609
MEN00013090,ALU01091,2026-10-01,2026-10-10,2026-10-18,2157.77,Pago,202610
MEN00013091,ALU01091,2026-11-01,2026-11-10,,2093.86,Vencido,202611
MEN00013092,ALU01091,2026-12-01,2026-12-10,2026-12-18,2108.91,Pago,202612
MEN00013093,ALU01092,2026-01-01,2026-01-10,2026-01-11,2053.51,Pago,202601
MEN00013094,ALU01092,2026-02-01,2026-02-10,2026-02-12,2044.46,Pago,202602
MEN00013095,ALU01092,2026-03-01,2026-03-10,,2056.55,Em Aberto,202603
MEN00013096,ALU01092,2026-04-01,2026-04-10,,2135.41,Em Aberto,202604
MEN00013097,ALU01092,2026-05-01,2026-05-10,2026-05-11,2155.85,Pago,202605
MEN00013098,ALU01092,2026-06-01,2026-06-10,2026-06-17,2067.76,Pago,202606
MEN00013099,ALU01092,2026-07-01,2026-07-10,2026-07-18,2141.56,Pago,202607
MEN00013100,ALU01092,2026-08-01,2026-08-10,2026-08-07,2071.87,Pago,202608
MEN00013101,ALU01092,2026-09-01,2026-09-10,2026-09-09,2043.97,Pago,202609
MEN00013102,ALU01092,2026-10-01,2026-10-10,2026-10-08,2074.06,Pago,202610
MEN00013103,ALU01092,2026-11-01,2026-11-10,2026-11-16,2151.72,Pago,202611
MEN00013104,ALU01092,2026-12-01,2026-12-10,,2064.53,Vencido,202612
MEN00013105,ALU01093,2026-01-01,2026-01-10,2026-01-10,2120.14,Pago,202601
MEN00013106,ALU01093,2026-02-01,2026-02-10,2026-02-18,2100.34,Pago,202602
MEN00013107,ALU01093,2026-03-01,2026-03-10,2026-03-12,2070.16,Pago,202603
MEN00013108,ALU01093,2026-04-01,2026-04-10,,2041.53,Em Aberto,202604
MEN00013109,ALU01093,2026-05-01,2026-05-10,2026-05-16,2159.78,Pago,202605
MEN00013110,ALU01093,2026-06-01,2026-06-10,2026-06-14,2038.46,Pago,202606
MEN00013111,ALU01093,2026-07-01,2026-07-10,,2148.96,Em Aberto,202607
MEN00013112,ALU01093,2026-08-01,2026-08-10,,2084.07,Em Aberto,202608
MEN00013113,ALU01093,2026-09-01,2026-09-10,2026-09-18,2100.74,Pago,202609
MEN00013114,ALU01093,2026-10-01,2026-10-10,2026-10-17,2096.14,Pago,202610
MEN00013115,ALU01093,2026-11-01,2026-11-10,,2141.23,Em Aberto,202611
MEN00013116,ALU01093,2026-12-01,2026-12-10,2026-12-17,2115.99,Pago,202612
MEN00013117,ALU01094,2026-01-01,2026-01-10,2026-01-11,2038.09,Pago,202601
MEN00013118,ALU01094,2026-02-01,2026-02-10,2026-02-09,2114.87,Pago,202602
MEN00013119,ALU01094,2026-03-01,2026-03-10,,2094.69,Em Aberto,202603
MEN00013120,ALU01094,2026-04-01,2026-04-10,2026-04-08,2050.91,Pago,202604
MEN00013121,ALU01094,2026-05-01,2026-05-10,,2060.64,Em Aberto,202605
MEN00013122,ALU01094,2026-06-01,2026-06-10,,2109.78,Vencido,202606
MEN00013123,ALU01094,2026-07-01,2026-07-10,2026-07-08,2043.69,Pago,202607
MEN00013124,ALU01094,2026-08-01,2026-08-10,2026-08-09,2065.64,Pago,202608
MEN00013125,ALU01094,2026-09-01,2026-09-10,2026-09-14,2103.12,Pago,202609
MEN00013126,ALU01094,2026-10-01,2026-10-10,2026-10-18,2044.54,Pago,202610
MEN00013127,ALU01094,2026-11-01,2026-11-10,2026-11-07,2056.85,Pago,202611
MEN00013128,ALU01094,2026-12-01,2026-12-10,2026-12-07,2067.66,Pago,202612
MEN00013129,ALU01095,2026-01-01,2026-01-10,2026-01-14,2161.69,Pago,202601
MEN00013130,ALU01095,2026-02-01,2026-02-10,2026-02-11,2076.75,Pago,202602
MEN00013131,ALU01095,2026-03-01,2026-03-10,,2132.73,Em Aberto,202603
MEN00013132,ALU01095,2026-04-01,2026-04-10,2026-04-10,2096.73,Pago,202604
MEN00013133,ALU01095,2026-05-01,2026-05-10,2026-05-12,2117.01,Pago,202605
MEN00013134,ALU01095,2026-06-01,2026-06-10,2026-06-18,2061.27,Pago,202606
MEN00013135,ALU01095,2026-07-01,2026-07-10,2026-07-09,2120.84,Pago,202607
MEN00013136,ALU01095,2026-08-01,2026-08-10,2026-08-18,2127.41,Pago,202608
MEN00013137,ALU01095,2026-09-01,2026-09-10,2026-09-15,2062.38,Pago,202609
MEN00013138,ALU01095,2026-10-01,2026-10-10,2026-10-16,2111.52,Pago,202610
MEN00013139,ALU01095,2026-11-01,2026-11-10,2026-11-14,2065.55,Pago,202611
MEN00013140,ALU01095,2026-12-01,2026-12-10,2026-12-17,2127.97,Pago,202612
MEN00013141,ALU01096,2026-01-01,2026-01-10,2026-01-15,2052.99,Pago,202601
MEN00013142,ALU01096,2026-02-01,2026-02-10,2026-02-08,2073.61,Pago,202602
MEN00013143,ALU01096,2026-03-01,2026-03-10,,2065.85,Vencido,202603
MEN00013144,ALU01096,2026-04-01,2026-04-10,2026-04-08,2142.73,Pago,202604
MEN00013145,ALU01096,2026-05-01,2026-05-10,2026-05-15,2125.26,Pago,202605
MEN00013146,ALU01096,2026-06-01,2026-06-10,2026-06-09,2085.82,Pago,202606
MEN00013147,ALU01096,2026-07-01,2026-07-10,2026-07-14,2141.19,Pago,202607
MEN00013148,ALU01096,2026-08-01,2026-08-10,2026-08-18,2106.19,Pago,202608
MEN00013149,ALU01096,2026-09-01,2026-09-10,,2037.17,Em Aberto,202609
MEN00013150,ALU01096,2026-10-01,2026-10-10,2026-10-18,2147.1,Pago,202610
MEN00013151,ALU01096,2026-11-01,2026-11-10,2026-11-10,2145.03,Pago,202611
MEN00013152,ALU01096,2026-12-01,2026-12-10,2026-12-08,2048.2,Pago,202612
MEN00013153,ALU01097,2026-01-01,2026-01-10,2026-01-15,2082.45,Pago,202601
MEN00013154,ALU01097,2026-02-01,2026-02-10,2026-02-17,2076.67,Pago,202602
MEN00013155,ALU01097,2026-03-01,2026-03-10,2026-03-13,2050.63,Pago,202603
MEN00013156,ALU01097,2026-04-01,2026-04-10,2026-04-14,2118.28,Pago,202604
MEN00013157,ALU01097,2026-05-01,2026-05-10,2026-05-10,2096.96,Pago,202605
MEN00013158,ALU01097,2026-06-01,2026-06-10,2026-06-10,2074.22,Pago,202606
MEN00013159,ALU01097,2026-07-01,2026-07-10,2026-07-18,2039.23,Pago,202607
MEN00013160,ALU01097,2026-08-01,2026-08-10,,2058.84,Vencido,202608
MEN00013161,ALU01097,2026-09-01,2026-09-10,2026-09-10,2121.34,Pago,202609
MEN00013162,ALU01097,2026-10-01,2026-10-10,2026-10-12,2135.11,Pago,202610
MEN00013163,ALU01097,2026-11-01,2026-11-10,2026-11-14,2050.22,Pago,202611
MEN00013164,ALU01097,2026-12-01,2026-12-10,,2054.86,Em Aberto,202612
MEN00013165,ALU01098,2026-01-01,2026-01-10,2026-01-08,2097.98,Pago,202601
MEN00013166,ALU01098,2026-02-01,2026-02-10,2026-02-13,2043.37,Pago,202602
MEN00013167,ALU01098,2026-03-01,2026-03-10,,2052.91,Vencido,202603
MEN00013168,ALU01098,2026-04-01,2026-04-10,2026-04-07,2063.78,Pago,202604
MEN00013169,ALU01098,2026-05-01,2026-05-10,2026-05-16,2050.71,Pago,202605
MEN00013170,ALU01098,2026-06-01,2026-06-10,2026-06-15,2098.31,Pago,202606
MEN00013171,ALU01098,2026-07-01,2026-07-10,,2126.14,Em Aberto,202607
MEN00013172,ALU01098,2026-08-01,2026-08-10,2026-08-12,2090.49,Pago,202608
MEN00013173,ALU01098,2026-09-01,2026-09-10,2026-09-10,2131.62,Pago,202609
MEN00013174,ALU01098,2026-10-01,2026-10-10,2026-10-08,2132.77,Pago,202610
MEN00013175,ALU01098,2026-11-01,2026-11-10,,2138.97,Vencido,202611
MEN00013176,ALU01098,2026-12-01,2026-12-10,,2073.13,Em Aberto,202612
MEN00013177,ALU01099,2026-01-01,2026-01-10,2026-01-07,2093.11,Pago,202601
MEN00013178,ALU01099,2026-02-01,2026-02-10,2026-02-07,2043.67,Pago,202602
MEN00013179,ALU01099,2026-03-01,2026-03-10,2026-03-08,2111.48,Pago,202603
MEN00013180,ALU01099,2026-04-01,2026-04-10,2026-04-13,2059.66,Pago,202604
MEN00013181,ALU01099,2026-05-01,2026-05-10,2026-05-10,2151.31,Pago,202605
MEN00013182,ALU01099,2026-06-01,2026-06-10,2026-06-17,2151.66,Pago,202606
MEN00013183,ALU01099,2026-07-01,2026-07-10,2026-07-13,2099.31,Pago,202607
MEN00013184,ALU01099,2026-08-01,2026-08-10,2026-08-17,2127.12,Pago,202608
MEN00013185,ALU01099,2026-09-01,2026-09-10,2026-09-15,2052.39,Pago,202609
MEN00013186,ALU01099,2026-10-01,2026-10-10,2026-10-15,2063.51,Pago,202610
MEN00013187,ALU01099,2026-11-01,2026-11-10,2026-11-07,2062.89,Pago,202611
MEN00013188,ALU01099,2026-12-01,2026-12-10,,2147.4,Em Aberto,202612
MEN00013189,ALU01100,2026-01-01,2026-01-10,2026-01-12,2100.17,Pago,202601
MEN00013190,ALU01100,2026-02-01,2026-02-10,2026-02-14,2082.2,Pago,202602
MEN00013191,ALU01100,2026-03-01,2026-03-10,2026-03-15,2038.29,Pago,202603
MEN00013192,ALU01100,2026-04-01,2026-04-10,2026-04-12,2059.17,Pago,202604
MEN00013193,ALU01100,2026-05-01,2026-05-10,2026-05-14,2149.55,Pago,202605
MEN00013194,ALU01100,2026-06-01,2026-06-10,2026-06-15,2131.87,Pago,202606
MEN00013195,ALU01100,2026-07-01,2026-07-10,2026-07-18,2092.27,Pago,202607
MEN00013196,ALU01100,2026-08-01,2026-08-10,,2117.53,Vencido,202608
MEN00013197,ALU01100,2026-09-01,2026-09-10,2026-09-11,2147.07,Pago,202609
MEN00013198,ALU01100,2026-10-01,2026-10-10,2026-10-12,2039.72,Pago,202610
MEN00013199,ALU01100,2026-11-01,2026-11-10,2026-11-14,2061.46,Pago,202611
MEN00013200,ALU01100,2026-12-01,2026-12-10,2026-12-08,2115.6,Pago,202612
MEN00013201,ALU01101,2026-01-01,2026-01-10,2026-01-14,2048.97,Pago,202601
MEN00013202,ALU01101,2026-02-01,2026-02-10,2026-02-16,2090.7,Pago,202602
MEN00013203,ALU01101,2026-03-01,2026-03-10,2026-03-12,2101.82,Pago,202603
MEN00013204,ALU01101,2026-04-01,2026-04-10,,2104.69,Vencido,202604
MEN00013205,ALU01101,2026-05-01,2026-05-10,2026-05-08,2160.05,Pago,202605
MEN00013206,ALU01101,2026-06-01,2026-06-10,2026-06-16,2072.66,Pago,202606
MEN00013207,ALU01101,2026-07-01,2026-07-10,2026-07-15,2149.89,Pago,202607
MEN00013208,ALU01101,2026-08-01,2026-08-10,,2121.06,Vencido,202608
MEN00013209,ALU01101,2026-09-01,2026-09-10,,2143.82,Vencido,202609
MEN00013210,ALU01101,2026-10-01,2026-10-10,2026-10-11,2094.29,Pago,202610
MEN00013211,ALU01101,2026-11-01,2026-11-10,2026-11-18,2147.6,Pago,202611
MEN00013212,ALU01101,2026-12-01,2026-12-10,2026-12-13,2102.75,Pago,202612
MEN00013213,ALU01102,2026-01-01,2026-01-10,2026-01-07,2038.99,Pago,202601
MEN00013214,ALU01102,2026-02-01,2026-02-10,2026-02-11,2131.56,Pago,202602
MEN00013215,ALU01102,2026-03-01,2026-03-10,2026-03-12,2127.82,Pago,202603
MEN00013216,ALU01102,2026-04-01,2026-04-10,,2129.06,Em Aberto,202604
MEN00013217,ALU01102,2026-05-01,2026-05-10,2026-05-13,2127.5,Pago,202605
MEN00013218,ALU01102,2026-06-01,2026-06-10,2026-06-12,2117.2,Pago,202606
MEN00013219,ALU01102,2026-07-01,2026-07-10,2026-07-14,2055.75,Pago,202607
MEN00013220,ALU01102,2026-08-01,2026-08-10,2026-08-10,2038.92,Pago,202608
MEN00013221,ALU01102,2026-09-01,2026-09-10,2026-09-11,2119.17,Pago,202609
MEN00013222,ALU01102,2026-10-01,2026-10-10,2026-10-09,2049.64,Pago,202610
MEN00013223,ALU01102,2026-11-01,2026-11-10,2026-11-11,2124.77,Pago,202611
MEN00013224,ALU01102,2026-12-01,2026-12-10,2026-12-12,2081.96,Pago,202612
MEN00013225,ALU01103,2026-01-01,2026-01-10,2026-01-08,2109.79,Pago,202601
MEN00013226,ALU01103,2026-02-01,2026-02-10,2026-02-18,2037.6,Pago,202602
MEN00013227,ALU01103,2026-03-01,2026-03-10,2026-03-08,2054.33,Pago,202603
MEN00013228,ALU01103,2026-04-01,2026-04-10,2026-04-15,2133.26,Pago,202604
MEN00013229,ALU01103,2026-05-01,2026-05-10,2026-05-11,2125.2,Pago,202605
MEN00013230,ALU01103,2026-06-01,2026-06-10,2026-06-16,2109.93,Pago,202606
MEN00013231,ALU01103,2026-07-01,2026-07-10,2026-07-13,2126.95,Pago,202607
MEN00013232,ALU01103,2026-08-01,2026-08-10,2026-08-16,2080.04,Pago,202608
MEN00013233,ALU01103,2026-09-01,2026-09-10,,2162.44,Em Aberto,202609
MEN00013234,ALU01103,2026-10-01,2026-10-10,2026-10-16,2061.09,Pago,202610
MEN00013235,ALU01103,2026-11-01,2026-11-10,2026-11-18,2107.04,Pago,202611
MEN00013236,ALU01103,2026-12-01,2026-12-10,2026-12-10,2044.84,Pago,202612
MEN00013237,ALU01104,2026-01-01,2026-01-10,2026-01-18,2132.75,Pago,202601
MEN00013238,ALU01104,2026-02-01,2026-02-10,2026-02-08,2126.23,Pago,202602
MEN00013239,ALU01104,2026-03-01,2026-03-10,2026-03-15,2087.96,Pago,202603
MEN00013240,ALU01104,2026-04-01,2026-04-10,2026-04-11,2059.62,Pago,202604
MEN00013241,ALU01104,2026-05-01,2026-05-10,2026-05-12,2154.5,Pago,202605
MEN00013242,ALU01104,2026-06-01,2026-06-10,2026-06-14,2152.3,Pago,202606
MEN00013243,ALU01104,2026-07-01,2026-07-10,2026-07-12,2053.11,Pago,202607
MEN00013244,ALU01104,2026-08-01,2026-08-10,2026-08-14,2066.86,Pago,202608
MEN00013245,ALU01104,2026-09-01,2026-09-10,2026-09-16,2094.67,Pago,202609
MEN00013246,ALU01104,2026-10-01,2026-10-10,2026-10-14,2123.1,Pago,202610
MEN00013247,ALU01104,2026-11-01,2026-11-10,,2106.07,Vencido,202611
MEN00013248,ALU01104,2026-12-01,2026-12-10,2026-12-17,2050.67,Pago,202612
MEN00013249,ALU01105,2026-01-01,2026-01-10,2026-01-07,2133.53,Pago,202601
MEN00013250,ALU01105,2026-02-01,2026-02-10,2026-02-10,2130.35,Pago,202602
MEN00013251,ALU01105,2026-03-01,2026-03-10,2026-03-11,2045.28,Pago,202603
MEN00013252,ALU01105,2026-04-01,2026-04-10,2026-04-16,2089.33,Pago,202604
MEN00013253,ALU01105,2026-05-01,2026-05-10,,2155.07,Em Aberto,202605
MEN00013254,ALU01105,2026-06-01,2026-06-10,,2083.25,Em Aberto,202606
MEN00013255,ALU01105,2026-07-01,2026-07-10,2026-07-18,2085.44,Pago,202607
MEN00013256,ALU01105,2026-08-01,2026-08-10,2026-08-09,2040.14,Pago,202608
MEN00013257,ALU01105,2026-09-01,2026-09-10,2026-09-18,2041.54,Pago,202609
MEN00013258,ALU01105,2026-10-01,2026-10-10,2026-10-15,2129.44,Pago,202610
MEN00013259,ALU01105,2026-11-01,2026-11-10,2026-11-08,2095.98,Pago,202611
MEN00013260,ALU01105,2026-12-01,2026-12-10,2026-12-11,2118.26,Pago,202612
MEN00013261,ALU01106,2026-01-01,2026-01-10,,2153.25,Em Aberto,202601
MEN00013262,ALU01106,2026-02-01,2026-02-10,2026-02-17,2076.88,Pago,202602
MEN00013263,ALU01106,2026-03-01,2026-03-10,2026-03-17,2156.59,Pago,202603
MEN00013264,ALU01106,2026-04-01,2026-04-10,2026-04-18,2104.87,Pago,202604
MEN00013265,ALU01106,2026-05-01,2026-05-10,2026-05-07,2095.58,Pago,202605
MEN00013266,ALU01106,2026-06-01,2026-06-10,2026-06-09,2125.4,Pago,202606
MEN00013267,ALU01106,2026-07-01,2026-07-10,2026-07-11,2112.46,Pago,202607
MEN00013268,ALU01106,2026-08-01,2026-08-10,,2101.82,Em Aberto,202608
MEN00013269,ALU01106,2026-09-01,2026-09-10,2026-09-13,2158.55,Pago,202609
MEN00013270,ALU01106,2026-10-01,2026-10-10,2026-10-10,2160.04,Pago,202610
MEN00013271,ALU01106,2026-11-01,2026-11-10,2026-11-17,2090.71,Pago,202611
MEN00013272,ALU01106,2026-12-01,2026-12-10,2026-12-09,2135.18,Pago,202612
MEN00013273,ALU01107,2026-01-01,2026-01-10,,2130.4,Vencido,202601
MEN00013274,ALU01107,2026-02-01,2026-02-10,2026-02-17,2158.21,Pago,202602
MEN00013275,ALU01107,2026-03-01,2026-03-10,,2043.89,Vencido,202603
MEN00013276,ALU01107,2026-04-01,2026-04-10,2026-04-13,2066.03,Pago,202604
MEN00013277,ALU01107,2026-05-01,2026-05-10,,2072.03,Em Aberto,202605
MEN00013278,ALU01107,2026-06-01,2026-06-10,2026-06-08,2141.39,Pago,202606
MEN00013279,ALU01107,2026-07-01,2026-07-10,2026-07-12,2149.49,Pago,202607
MEN00013280,ALU01107,2026-08-01,2026-08-10,2026-08-17,2150.28,Pago,202608
MEN00013281,ALU01107,2026-09-01,2026-09-10,,2045.77,Em Aberto,202609
MEN00013282,ALU01107,2026-10-01,2026-10-10,2026-10-07,2088.76,Pago,202610
MEN00013283,ALU01107,2026-11-01,2026-11-10,2026-11-11,2055.46,Pago,202611
MEN00013284,ALU01107,2026-12-01,2026-12-10,2026-12-14,2044.65,Pago,202612
MEN00013285,ALU01108,2026-01-01,2026-01-10,2026-01-15,2143.95,Pago,202601
MEN00013286,ALU01108,2026-02-01,2026-02-10,,2148.77,Vencido,202602
MEN00013287,ALU01108,2026-03-01,2026-03-10,2026-03-15,2107.41,Pago,202603
MEN00013288,ALU01108,2026-04-01,2026-04-10,2026-04-15,2072.58,Pago,202604
MEN00013289,ALU01108,2026-05-01,2026-05-10,2026-05-14,2104.97,Pago,202605
MEN00013290,ALU01108,2026-06-01,2026-06-10,2026-06-09,2138.66,Pago,202606
MEN00013291,ALU01108,2026-07-01,2026-07-10,,2127.77,Em Aberto,202607
MEN00013292,ALU01108,2026-08-01,2026-08-10,,2085.23,Vencido,202608
MEN00013293,ALU01108,2026-09-01,2026-09-10,2026-09-16,2102.08,Pago,202609
MEN00013294,ALU01108,2026-10-01,2026-10-10,2026-10-14,2056.39,Pago,202610
MEN00013295,ALU01108,2026-11-01,2026-11-10,,2039.89,Em Aberto,202611
MEN00013296,ALU01108,2026-12-01,2026-12-10,2026-12-18,2090.39,Pago,202612
MEN00013297,ALU01109,2026-01-01,2026-01-10,2026-01-14,2115.54,Pago,202601
MEN00013298,ALU01109,2026-02-01,2026-02-10,2026-02-15,2152.47,Pago,202602
MEN00013299,ALU01109,2026-03-01,2026-03-10,2026-03-18,2110.43,Pago,202603
MEN00013300,ALU01109,2026-04-01,2026-04-10,,2140.13,Vencido,202604
MEN00013301,ALU01109,2026-05-01,2026-05-10,2026-05-18,2149.25,Pago,202605
MEN00013302,ALU01109,2026-06-01,2026-06-10,,2149.32,Vencido,202606
MEN00013303,ALU01109,2026-07-01,2026-07-10,2026-07-10,2112.87,Pago,202607
MEN00013304,ALU01109,2026-08-01,2026-08-10,2026-08-15,2045.21,Pago,202608
MEN00013305,ALU01109,2026-09-01,2026-09-10,2026-09-18,2083.94,Pago,202609
MEN00013306,ALU01109,2026-10-01,2026-10-10,,2108.73,Em Aberto,202610
MEN00013307,ALU01109,2026-11-01,2026-11-10,2026-11-16,2063.52,Pago,202611
MEN00013308,ALU01109,2026-12-01,2026-12-10,2026-12-16,2091.57,Pago,202612
MEN00013309,ALU01110,2026-01-01,2026-01-10,2026-01-12,2116.95,Pago,202601
MEN00013310,ALU01110,2026-02-01,2026-02-10,2026-02-11,2121.67,Pago,202602
MEN00013311,ALU01110,2026-03-01,2026-03-10,2026-03-16,2108.2,Pago,202603
MEN00013312,ALU01110,2026-04-01,2026-04-10,2026-04-18,2094.58,Pago,202604
MEN00013313,ALU01110,2026-05-01,2026-05-10,2026-05-18,2098.04,Pago,202605
MEN00013314,ALU01110,2026-06-01,2026-06-10,2026-06-14,2060.68,Pago,202606
MEN00013315,ALU01110,2026-07-01,2026-07-10,2026-07-11,2135.2,Pago,202607
MEN00013316,ALU01110,2026-08-01,2026-08-10,2026-08-16,2123.85,Pago,202608
MEN00013317,ALU01110,2026-09-01,2026-09-10,2026-09-08,2105.42,Pago,202609
MEN00013318,ALU01110,2026-10-01,2026-10-10,2026-10-07,2063.85,Pago,202610
MEN00013319,ALU01110,2026-11-01,2026-11-10,2026-11-18,2137.79,Pago,202611
MEN00013320,ALU01110,2026-12-01,2026-12-10,2026-12-11,2148.38,Pago,202612
MEN00013321,ALU01111,2026-01-01,2026-01-10,,2058.73,Vencido,202601
MEN00013322,ALU01111,2026-02-01,2026-02-10,,2098.67,Vencido,202602
MEN00013323,ALU01111,2026-03-01,2026-03-10,,2142.41,Em Aberto,202603
MEN00013324,ALU01111,2026-04-01,2026-04-10,2026-04-10,2132.16,Pago,202604
MEN00013325,ALU01111,2026-05-01,2026-05-10,2026-05-15,2056.73,Pago,202605
MEN00013326,ALU01111,2026-06-01,2026-06-10,2026-06-11,2161.55,Pago,202606
MEN00013327,ALU01111,2026-07-01,2026-07-10,2026-07-18,2128.94,Pago,202607
MEN00013328,ALU01111,2026-08-01,2026-08-10,2026-08-13,2140.14,Pago,202608
MEN00013329,ALU01111,2026-09-01,2026-09-10,2026-09-18,2131.8,Pago,202609
MEN00013330,ALU01111,2026-10-01,2026-10-10,2026-10-07,2059.32,Pago,202610
MEN00013331,ALU01111,2026-11-01,2026-11-10,,2096.61,Em Aberto,202611
MEN00013332,ALU01111,2026-12-01,2026-12-10,2026-12-08,2048.21,Pago,202612
MEN00013333,ALU01112,2026-01-01,2026-01-10,2026-01-15,2059.79,Pago,202601
MEN00013334,ALU01112,2026-02-01,2026-02-10,2026-02-09,2129.2,Pago,202602
MEN00013335,ALU01112,2026-03-01,2026-03-10,2026-03-07,2142.25,Pago,202603
MEN00013336,ALU01112,2026-04-01,2026-04-10,2026-04-14,2072.79,Pago,202604
MEN00013337,ALU01112,2026-05-01,2026-05-10,2026-05-13,2156.14,Pago,202605
MEN00013338,ALU01112,2026-06-01,2026-06-10,,2143.81,Em Aberto,202606
MEN00013339,ALU01112,2026-07-01,2026-07-10,2026-07-18,2094.11,Pago,202607
MEN00013340,ALU01112,2026-08-01,2026-08-10,2026-08-10,2052.13,Pago,202608
MEN00013341,ALU01112,2026-09-01,2026-09-10,2026-09-14,2148.81,Pago,202609
MEN00013342,ALU01112,2026-10-01,2026-10-10,2026-10-17,2155.97,Pago,202610
MEN00013343,ALU01112,2026-11-01,2026-11-10,2026-11-10,2105.15,Pago,202611
MEN00013344,ALU01112,2026-12-01,2026-12-10,2026-12-17,2056.43,Pago,202612
MEN00013345,ALU01113,2026-01-01,2026-01-10,2026-01-14,2071.29,Pago,202601
MEN00013346,ALU01113,2026-02-01,2026-02-10,2026-02-10,2148.55,Pago,202602
MEN00013347,ALU01113,2026-03-01,2026-03-10,2026-03-07,2106.35,Pago,202603
MEN00013348,ALU01113,2026-04-01,2026-04-10,2026-04-14,2155.36,Pago,202604
MEN00013349,ALU01113,2026-05-01,2026-05-10,,2159.93,Vencido,202605
MEN00013350,ALU01113,2026-06-01,2026-06-10,,2121.35,Em Aberto,202606
MEN00013351,ALU01113,2026-07-01,2026-07-10,,2086.78,Vencido,202607
MEN00013352,ALU01113,2026-08-01,2026-08-10,2026-08-14,2146.64,Pago,202608
MEN00013353,ALU01113,2026-09-01,2026-09-10,2026-09-11,2079.95,Pago,202609
MEN00013354,ALU01113,2026-10-01,2026-10-10,,2131.48,Vencido,202610
MEN00013355,ALU01113,2026-11-01,2026-11-10,2026-11-07,2055.49,Pago,202611
MEN00013356,ALU01113,2026-12-01,2026-12-10,2026-12-08,2124.11,Pago,202612
MEN00013357,ALU01114,2026-01-01,2026-01-10,2026-01-09,2161.46,Pago,202601
MEN00013358,ALU01114,2026-02-01,2026-02-10,2026-02-17,2139.53,Pago,202602
MEN00013359,ALU01114,2026-03-01,2026-03-10,2026-03-18,2065.53,Pago,202603
MEN00013360,ALU01114,2026-04-01,2026-04-10,2026-04-10,2054.01,Pago,202604
MEN00013361,ALU01114,2026-05-01,2026-05-10,2026-05-16,2113.76,Pago,202605
MEN00013362,ALU01114,2026-06-01,2026-06-10,2026-06-14,2092.36,Pago,202606
MEN00013363,ALU01114,2026-07-01,2026-07-10,2026-07-07,2086.64,Pago,202607
MEN00013364,ALU01114,2026-08-01,2026-08-10,2026-08-07,2061.27,Pago,202608
MEN00013365,ALU01114,2026-09-01,2026-09-10,2026-09-07,2161.57,Pago,202609
MEN00013366,ALU01114,2026-10-01,2026-10-10,2026-10-11,2133.53,Pago,202610
MEN00013367,ALU01114,2026-11-01,2026-11-10,2026-11-11,2104.63,Pago,202611
MEN00013368,ALU01114,2026-12-01,2026-12-10,2026-12-08,2128.12,Pago,202612
MEN00013369,ALU01115,2026-01-01,2026-01-10,2026-01-18,2116.66,Pago,202601
MEN00013370,ALU01115,2026-02-01,2026-02-10,2026-02-11,2082.33,Pago,202602
MEN00013371,ALU01115,2026-03-01,2026-03-10,2026-03-09,2080.57,Pago,202603
MEN00013372,ALU01115,2026-04-01,2026-04-10,,2109.15,Vencido,202604
MEN00013373,ALU01115,2026-05-01,2026-05-10,2026-05-07,2110.64,Pago,202605
MEN00013374,ALU01115,2026-06-01,2026-06-10,2026-06-11,2062.22,Pago,202606
MEN00013375,ALU01115,2026-07-01,2026-07-10,2026-07-15,2130.52,Pago,202607
MEN00013376,ALU01115,2026-08-01,2026-08-10,,2038.84,Em Aberto,202608
MEN00013377,ALU01115,2026-09-01,2026-09-10,2026-09-18,2157.05,Pago,202609
MEN00013378,ALU01115,2026-10-01,2026-10-10,2026-10-10,2062.16,Pago,202610
MEN00013379,ALU01115,2026-11-01,2026-11-10,2026-11-13,2040.91,Pago,202611
MEN00013380,ALU01115,2026-12-01,2026-12-10,2026-12-17,2133.09,Pago,202612
MEN00013381,ALU01116,2026-01-01,2026-01-10,2026-01-11,2070.71,Pago,202601
MEN00013382,ALU01116,2026-02-01,2026-02-10,2026-02-17,2159.3,Pago,202602
MEN00013383,ALU01116,2026-03-01,2026-03-10,2026-03-14,2156.07,Pago,202603
MEN00013384,ALU01116,2026-04-01,2026-04-10,2026-04-11,2047.17,Pago,202604
MEN00013385,ALU01116,2026-05-01,2026-05-10,2026-05-16,2048.51,Pago,202605
MEN00013386,ALU01116,2026-06-01,2026-06-10,2026-06-08,2108.55,Pago,202606
MEN00013387,ALU01116,2026-07-01,2026-07-10,,2117.81,Em Aberto,202607
MEN00013388,ALU01116,2026-08-01,2026-08-10,2026-08-13,2060.12,Pago,202608
MEN00013389,ALU01116,2026-09-01,2026-09-10,2026-09-09,2105.52,Pago,202609
MEN00013390,ALU01116,2026-10-01,2026-10-10,2026-10-07,2082.56,Pago,202610
MEN00013391,ALU01116,2026-11-01,2026-11-10,2026-11-08,2155.54,Pago,202611
MEN00013392,ALU01116,2026-12-01,2026-12-10,2026-12-15,2135.49,Pago,202612
MEN00013393,ALU01117,2026-01-01,2026-01-10,2026-01-15,2061.75,Pago,202601
MEN00013394,ALU01117,2026-02-01,2026-02-10,2026-02-18,2079.69,Pago,202602
MEN00013395,ALU01117,2026-03-01,2026-03-10,2026-03-09,2108.67,Pago,202603
MEN00013396,ALU01117,2026-04-01,2026-04-10,2026-04-07,2151.9,Pago,202604
MEN00013397,ALU01117,2026-05-01,2026-05-10,2026-05-18,2086.92,Pago,202605
MEN00013398,ALU01117,2026-06-01,2026-06-10,2026-06-10,2057.57,Pago,202606
MEN00013399,ALU01117,2026-07-01,2026-07-10,,2095.24,Em Aberto,202607
MEN00013400,ALU01117,2026-08-01,2026-08-10,2026-08-15,2158.01,Pago,202608
MEN00013401,ALU01117,2026-09-01,2026-09-10,2026-09-09,2106.09,Pago,202609
MEN00013402,ALU01117,2026-10-01,2026-10-10,2026-10-10,2141.13,Pago,202610
MEN00013403,ALU01117,2026-11-01,2026-11-10,2026-11-17,2043.43,Pago,202611
MEN00013404,ALU01117,2026-12-01,2026-12-10,2026-12-10,2121.55,Pago,202612
MEN00013405,ALU01118,2026-01-01,2026-01-10,2026-01-09,2133.43,Pago,202601
MEN00013406,ALU01118,2026-02-01,2026-02-10,2026-02-08,2059.72,Pago,202602
MEN00013407,ALU01118,2026-03-01,2026-03-10,2026-03-11,2081.1,Pago,202603
MEN00013408,ALU01118,2026-04-01,2026-04-10,,2081.52,Em Aberto,202604
MEN00013409,ALU01118,2026-05-01,2026-05-10,2026-05-15,2109.9,Pago,202605
MEN00013410,ALU01118,2026-06-01,2026-06-10,2026-06-12,2072.47,Pago,202606
MEN00013411,ALU01118,2026-07-01,2026-07-10,2026-07-13,2159.99,Pago,202607
MEN00013412,ALU01118,2026-08-01,2026-08-10,2026-08-12,2136.65,Pago,202608
MEN00013413,ALU01118,2026-09-01,2026-09-10,2026-09-08,2085.11,Pago,202609
MEN00013414,ALU01118,2026-10-01,2026-10-10,,2047.38,Em Aberto,202610
MEN00013415,ALU01118,2026-11-01,2026-11-10,2026-11-16,2045.27,Pago,202611
MEN00013416,ALU01118,2026-12-01,2026-12-10,,2090.64,Em Aberto,202612
MEN00013417,ALU01119,2026-01-01,2026-01-10,2026-01-16,2077.57,Pago,202601
MEN00013418,ALU01119,2026-02-01,2026-02-10,2026-02-14,2093.43,Pago,202602
MEN00013419,ALU01119,2026-03-01,2026-03-10,2026-03-07,2161.16,Pago,202603
MEN00013420,ALU01119,2026-04-01,2026-04-10,2026-04-08,2124.54,Pago,202604
MEN00013421,ALU01119,2026-05-01,2026-05-10,2026-05-10,2122.8,Pago,202605
MEN00013422,ALU01119,2026-06-01,2026-06-10,2026-06-09,2092.67,Pago,202606
MEN00013423,ALU01119,2026-07-01,2026-07-10,2026-07-09,2054.41,Pago,202607
MEN00013424,ALU01119,2026-08-01,2026-08-10,2026-08-10,2138.4,Pago,202608
MEN00013425,ALU01119,2026-09-01,2026-09-10,,2159.55,Em Aberto,202609
MEN00013426,ALU01119,2026-10-01,2026-10-10,2026-10-08,2053.4,Pago,202610
MEN00013427,ALU01119,2026-11-01,2026-11-10,2026-11-15,2047.66,Pago,202611
MEN00013428,ALU01119,2026-12-01,2026-12-10,2026-12-14,2144.81,Pago,202612
MEN00013429,ALU01120,2026-01-01,2026-01-10,2026-01-07,2047.14,Pago,202601
MEN00013430,ALU01120,2026-02-01,2026-02-10,,2142.66,Em Aberto,202602
MEN00013431,ALU01120,2026-03-01,2026-03-10,,2142.1,Vencido,202603
MEN00013432,ALU01120,2026-04-01,2026-04-10,2026-04-12,2100.79,Pago,202604
MEN00013433,ALU01120,2026-05-01,2026-05-10,2026-05-11,2077.85,Pago,202605
MEN00013434,ALU01120,2026-06-01,2026-06-10,2026-06-18,2140.54,Pago,202606
MEN00013435,ALU01120,2026-07-01,2026-07-10,2026-07-12,2053.17,Pago,202607
MEN00013436,ALU01120,2026-08-01,2026-08-10,2026-08-11,2065.4,Pago,202608
MEN00013437,ALU01120,2026-09-01,2026-09-10,2026-09-09,2112.21,Pago,202609
MEN00013438,ALU01120,2026-10-01,2026-10-10,,2093.93,Em Aberto,202610
MEN00013439,ALU01120,2026-11-01,2026-11-10,2026-11-11,2128.77,Pago,202611
MEN00013440,ALU01120,2026-12-01,2026-12-10,2026-12-16,2133.52,Pago,202612
MEN00013441,ALU01121,2026-01-01,2026-01-10,2026-01-16,2114.37,Pago,202601
MEN00013442,ALU01121,2026-02-01,2026-02-10,,2041.22,Vencido,202602
MEN00013443,ALU01121,2026-03-01,2026-03-10,2026-03-14,2103.47,Pago,202603
MEN00013444,ALU01121,2026-04-01,2026-04-10,2026-04-07,2097.14,Pago,202604
MEN00013445,ALU01121,2026-05-01,2026-05-10,2026-05-07,2090.81,Pago,202605
MEN00013446,ALU01121,2026-06-01,2026-06-10,,2099.37,Vencido,202606
MEN00013447,ALU01121,2026-07-01,2026-07-10,2026-07-12,2125.1,Pago,202607
MEN00013448,ALU01121,2026-08-01,2026-08-10,2026-08-15,2140.41,Pago,202608
MEN00013449,ALU01121,2026-09-01,2026-09-10,2026-09-18,2092.13,Pago,202609
MEN00013450,ALU01121,2026-10-01,2026-10-10,2026-10-13,2155.52,Pago,202610
MEN00013451,ALU01121,2026-11-01,2026-11-10,2026-11-17,2136.69,Pago,202611
MEN00013452,ALU01121,2026-12-01,2026-12-10,2026-12-11,2126.42,Pago,202612
MEN00013453,ALU01122,2026-01-01,2026-01-10,,2103.82,Em Aberto,202601
MEN00013454,ALU01122,2026-02-01,2026-02-10,2026-02-18,2120.28,Pago,202602
MEN00013455,ALU01122,2026-03-01,2026-03-10,,2057.42,Em Aberto,202603
MEN00013456,ALU01122,2026-04-01,2026-04-10,2026-04-07,2156.28,Pago,202604
MEN00013457,ALU01122,2026-05-01,2026-05-10,,2135.45,Em Aberto,202605
MEN00013458,ALU01122,2026-06-01,2026-06-10,2026-06-17,2125.96,Pago,202606
MEN00013459,ALU01122,2026-07-01,2026-07-10,,2153.48,Em Aberto,202607
MEN00013460,ALU01122,2026-08-01,2026-08-10,2026-08-08,2141.88,Pago,202608
MEN00013461,ALU01122,2026-09-01,2026-09-10,2026-09-10,2070.41,Pago,202609
MEN00013462,ALU01122,2026-10-01,2026-10-10,2026-10-18,2068.97,Pago,202610
MEN00013463,ALU01122,2026-11-01,2026-11-10,2026-11-11,2086.13,Pago,202611
MEN00013464,ALU01122,2026-12-01,2026-12-10,2026-12-15,2068.9,Pago,202612
MEN00013465,ALU01123,2026-01-01,2026-01-10,2026-01-15,2039.19,Pago,202601
MEN00013466,ALU01123,2026-02-01,2026-02-10,2026-02-14,2075.86,Pago,202602
MEN00013467,ALU01123,2026-03-01,2026-03-10,2026-03-16,2068.09,Pago,202603
MEN00013468,ALU01123,2026-04-01,2026-04-10,,2039.33,Em Aberto,202604
MEN00013469,ALU01123,2026-05-01,2026-05-10,2026-05-08,2105.26,Pago,202605
MEN00013470,ALU01123,2026-06-01,2026-06-10,,2074.6,Em Aberto,202606
MEN00013471,ALU01123,2026-07-01,2026-07-10,2026-07-10,2053.91,Pago,202607
MEN00013472,ALU01123,2026-08-01,2026-08-10,2026-08-09,2080.78,Pago,202608
MEN00013473,ALU01123,2026-09-01,2026-09-10,2026-09-16,2054.28,Pago,202609
MEN00013474,ALU01123,2026-10-01,2026-10-10,2026-10-15,2054.79,Pago,202610
MEN00013475,ALU01123,2026-11-01,2026-11-10,2026-11-10,2136.56,Pago,202611
MEN00013476,ALU01123,2026-12-01,2026-12-10,2026-12-14,2037.66,Pago,202612
MEN00013477,ALU01124,2026-01-01,2026-01-10,2026-01-11,2067.49,Pago,202601
MEN00013478,ALU01124,2026-02-01,2026-02-10,2026-02-17,2081.45,Pago,202602
MEN00013479,ALU01124,2026-03-01,2026-03-10,2026-03-17,2095.65,Pago,202603
MEN00013480,ALU01124,2026-04-01,2026-04-10,2026-04-08,2085.03,Pago,202604
MEN00013481,ALU01124,2026-05-01,2026-05-10,,2107.14,Vencido,202605
MEN00013482,ALU01124,2026-06-01,2026-06-10,2026-06-13,2134.8,Pago,202606
MEN00013483,ALU01124,2026-07-01,2026-07-10,2026-07-18,2085.07,Pago,202607
MEN00013484,ALU01124,2026-08-01,2026-08-10,2026-08-07,2154.14,Pago,202608
MEN00013485,ALU01124,2026-09-01,2026-09-10,2026-09-09,2121.95,Pago,202609
MEN00013486,ALU01124,2026-10-01,2026-10-10,2026-10-08,2114.15,Pago,202610
MEN00013487,ALU01124,2026-11-01,2026-11-10,2026-11-16,2094.48,Pago,202611
MEN00013488,ALU01124,2026-12-01,2026-12-10,,2128.13,Vencido,202612
MEN00013489,ALU01125,2026-01-01,2026-01-10,2026-01-16,2052.99,Pago,202601
MEN00013490,ALU01125,2026-02-01,2026-02-10,2026-02-18,2069.87,Pago,202602
MEN00013491,ALU01125,2026-03-01,2026-03-10,2026-03-08,2111.15,Pago,202603
MEN00013492,ALU01125,2026-04-01,2026-04-10,2026-04-12,2121.99,Pago,202604
MEN00013493,ALU01125,2026-05-01,2026-05-10,,2120.19,Vencido,202605
MEN00013494,ALU01125,2026-06-01,2026-06-10,,2086.1,Em Aberto,202606
MEN00013495,ALU01125,2026-07-01,2026-07-10,2026-07-18,2066.51,Pago,202607
MEN00013496,ALU01125,2026-08-01,2026-08-10,2026-08-07,2040.97,Pago,202608
MEN00013497,ALU01125,2026-09-01,2026-09-10,,2083.67,Vencido,202609
MEN00013498,ALU01125,2026-10-01,2026-10-10,2026-10-12,2065.16,Pago,202610
MEN00013499,ALU01125,2026-11-01,2026-11-10,2026-11-07,2053.79,Pago,202611
MEN00013500,ALU01125,2026-12-01,2026-12-10,2026-12-17,2125.69,Pago,202612
MEN00013501,ALU01126,2026-01-01,2026-01-10,2026-01-18,2131.39,Pago,202601
MEN00013502,ALU01126,2026-02-01,2026-02-10,2026-02-12,2088.82,Pago,202602
MEN00013503,ALU01126,2026-03-01,2026-03-10,2026-03-11,2161.64,Pago,202603
MEN00013504,ALU01126,2026-04-01,2026-04-10,,2093.19,Em Aberto,202604
MEN00013505,ALU01126,2026-05-01,2026-05-10,2026-05-10,2103.47,Pago,202605
MEN00013506,ALU01126,2026-06-01,2026-06-10,2026-06-07,2056.45,Pago,202606
MEN00013507,ALU01126,2026-07-01,2026-07-10,2026-07-10,2075.66,Pago,202607
MEN00013508,ALU01126,2026-08-01,2026-08-10,2026-08-11,2122.85,Pago,202608
MEN00013509,ALU01126,2026-09-01,2026-09-10,,2042.79,Em Aberto,202609
MEN00013510,ALU01126,2026-10-01,2026-10-10,2026-10-16,2046.29,Pago,202610
MEN00013511,ALU01126,2026-11-01,2026-11-10,2026-11-18,2039.65,Pago,202611
MEN00013512,ALU01126,2026-12-01,2026-12-10,,2065.37,Em Aberto,202612
MEN00013513,ALU01127,2026-01-01,2026-01-10,2026-01-08,2109.73,Pago,202601
MEN00013514,ALU01127,2026-02-01,2026-02-10,2026-02-08,2091.04,Pago,202602
MEN00013515,ALU01127,2026-03-01,2026-03-10,2026-03-10,2157.99,Pago,202603
MEN00013516,ALU01127,2026-04-01,2026-04-10,,2058.55,Vencido,202604
MEN00013517,ALU01127,2026-05-01,2026-05-10,2026-05-11,2144.18,Pago,202605
MEN00013518,ALU01127,2026-06-01,2026-06-10,2026-06-12,2091.28,Pago,202606
MEN00013519,ALU01127,2026-07-01,2026-07-10,,2091.95,Em Aberto,202607
MEN00013520,ALU01127,2026-08-01,2026-08-10,2026-08-08,2039.12,Pago,202608
MEN00013521,ALU01127,2026-09-01,2026-09-10,2026-09-10,2144.6,Pago,202609
MEN00013522,ALU01127,2026-10-01,2026-10-10,2026-10-09,2079.17,Pago,202610
MEN00013523,ALU01127,2026-11-01,2026-11-10,,2126.23,Em Aberto,202611
MEN00013524,ALU01127,2026-12-01,2026-12-10,2026-12-18,2038.92,Pago,202612
MEN00013525,ALU01128,2026-01-01,2026-01-10,2026-01-14,2053.13,Pago,202601
MEN00013526,ALU01128,2026-02-01,2026-02-10,2026-02-15,2051.89,Pago,202602
MEN00013527,ALU01128,2026-03-01,2026-03-10,2026-03-14,2074.01,Pago,202603
MEN00013528,ALU01128,2026-04-01,2026-04-10,2026-04-15,2091.02,Pago,202604
MEN00013529,ALU01128,2026-05-01,2026-05-10,2026-05-11,2085.59,Pago,202605
MEN00013530,ALU01128,2026-06-01,2026-06-10,2026-06-13,2142.11,Pago,202606
MEN00013531,ALU01128,2026-07-01,2026-07-10,,2081.38,Em Aberto,202607
MEN00013532,ALU01128,2026-08-01,2026-08-10,2026-08-17,2112.31,Pago,202608
MEN00013533,ALU01128,2026-09-01,2026-09-10,2026-09-07,2136.42,Pago,202609
MEN00013534,ALU01128,2026-10-01,2026-10-10,2026-10-10,2048.39,Pago,202610
MEN00013535,ALU01128,2026-11-01,2026-11-10,2026-11-10,2102.62,Pago,202611
MEN00013536,ALU01128,2026-12-01,2026-12-10,2026-12-09,2115.73,Pago,202612
MEN00013537,ALU01129,2026-01-01,2026-01-10,2026-01-12,2119.77,Pago,202601
MEN00013538,ALU01129,2026-02-01,2026-02-10,,2151.17,Em Aberto,202602
MEN00013539,ALU01129,2026-03-01,2026-03-10,2026-03-08,2162.15,Pago,202603
MEN00013540,ALU01129,2026-04-01,2026-04-10,2026-04-12,2044.37,Pago,202604
MEN00013541,ALU01129,2026-05-01,2026-05-10,2026-05-10,2099.6,Pago,202605
MEN00013542,ALU01129,2026-06-01,2026-06-10,2026-06-16,2120.77,Pago,202606
MEN00013543,ALU01129,2026-07-01,2026-07-10,2026-07-16,2146.51,Pago,202607
MEN00013544,ALU01129,2026-08-01,2026-08-10,2026-08-07,2048.17,Pago,202608
MEN00013545,ALU01129,2026-09-01,2026-09-10,2026-09-10,2158.16,Pago,202609
MEN00013546,ALU01129,2026-10-01,2026-10-10,2026-10-18,2091.85,Pago,202610
MEN00013547,ALU01129,2026-11-01,2026-11-10,2026-11-11,2106.84,Pago,202611
MEN00013548,ALU01129,2026-12-01,2026-12-10,2026-12-13,2113.08,Pago,202612
MEN00013549,ALU01130,2026-01-01,2026-01-10,2026-01-18,2125.03,Pago,202601
MEN00013550,ALU01130,2026-02-01,2026-02-10,2026-02-11,2055.27,Pago,202602
MEN00013551,ALU01130,2026-03-01,2026-03-10,,2093.45,Vencido,202603
MEN00013552,ALU01130,2026-04-01,2026-04-10,2026-04-18,2116.81,Pago,202604
MEN00013553,ALU01130,2026-05-01,2026-05-10,2026-05-12,2057.6,Pago,202605
MEN00013554,ALU01130,2026-06-01,2026-06-10,2026-06-14,2082.95,Pago,202606
MEN00013555,ALU01130,2026-07-01,2026-07-10,2026-07-15,2118.54,Pago,202607
MEN00013556,ALU01130,2026-08-01,2026-08-10,2026-08-17,2149.09,Pago,202608
MEN00013557,ALU01130,2026-09-01,2026-09-10,2026-09-16,2086.96,Pago,202609
MEN00013558,ALU01130,2026-10-01,2026-10-10,2026-10-12,2102.03,Pago,202610
MEN00013559,ALU01130,2026-11-01,2026-11-10,2026-11-13,2136.76,Pago,202611
MEN00013560,ALU01130,2026-12-01,2026-12-10,2026-12-07,2076.72,Pago,202612
MEN00013561,ALU01131,2026-01-01,2026-01-10,2026-01-08,2115.43,Pago,202601
MEN00013562,ALU01131,2026-02-01,2026-02-10,2026-02-10,2109.78,Pago,202602
MEN00013563,ALU01131,2026-03-01,2026-03-10,,2156.26,Em Aberto,202603
MEN00013564,ALU01131,2026-04-01,2026-04-10,2026-04-17,2080.33,Pago,202604
MEN00013565,ALU01131,2026-05-01,2026-05-10,2026-05-08,2072.3,Pago,202605
MEN00013566,ALU01131,2026-06-01,2026-06-10,2026-06-16,2118.06,Pago,202606
MEN00013567,ALU01131,2026-07-01,2026-07-10,,2072.7,Em Aberto,202607
MEN00013568,ALU01131,2026-08-01,2026-08-10,2026-08-18,2113.57,Pago,202608
MEN00013569,ALU01131,2026-09-01,2026-09-10,2026-09-09,2158.65,Pago,202609
MEN00013570,ALU01131,2026-10-01,2026-10-10,2026-10-11,2113.68,Pago,202610
MEN00013571,ALU01131,2026-11-01,2026-11-10,2026-11-15,2099.29,Pago,202611
MEN00013572,ALU01131,2026-12-01,2026-12-10,,2126.18,Em Aberto,202612
